review_id,steam_app_id,game_key,game_name,language,review_text_raw,review_text_clean,recommended,created_at,updated_at,playtime_forever_minutes,playtime_at_review_minutes,playtime_last_two_weeks_minutes,votes_up,votes_funny,weighted_vote_score,steam_purchase,received_for_free,written_during_early_access,refunded,author_steam_id,author_num_games_owned,author_num_reviews,is_empty,is_very_short,review_length_chars,review_length_words,playtime_forever_hours,playtime_at_review_hours,playtime_segment,overall_sentiment
31957760,491950,orwell,Orwell: Keeping an Eye On You,english,"If there were a ""maybe"" option for recommending this game I would have given it that, but with only a ""yes"" or ""no"" choice unfortunately I have to just come down on the side of the latter.

This game is essentially a ""choose your own adventure"" detective novel wherein your decisions are all made by choosing which information to share with - or conceal from - the authorities. The concept is an interesting one and the game does throw up some nice surprises in both the gameplay and the plot, and there are occasional moments of humour.

However, the limitations in using conflicting information are rather annoying. For example sometimes the game will let you choose only one of two (or more) different pieces of information even when both are true and could be vital to successfully completing your objectives. (I get that this is a key game mechanic, but I think it could be explained or handled better to make the game feel less forced.) In particular there is one key decision which just comes down to a 50/50 guess with no supporting information to help the player make the correct choice. (I am talking about the part where the player must determine the third location - If I missed any clues as to which is the correct answer, somebody please tell me!)

Another major concern is the quality of the writing; whilst for the most part the writing is capable and there are some memorable moments, the writing is never compelling - I gave up reading about halfway through my first playthrough, instead just scanning text for the (conveniently highlighted) choices. Whilst I can forgive bad writing in some games, for a game that is all about the writing the standard really needs to be higher. Some of the text simply drags on too long, especially any form of dialogue (phone calls, chat text, etc.) - this is doubly annoying for dialogue as there is no way to skip it. (Usually you can just let it run in the background whilst you read other in-game documents, but be careful with this as some actions are time-critical.)

Replay value may depend how willing you are to work through the text again. Whilst it is nice to see the different outcomes your actions can have, it feels like 90% or more of the game remains identical so it becomes a slog to see the few changes or pick up achievements. Some of the achievements are so ambiguously described that the only way to complete them seems to be relying on lots of replays and blind luck, or of course walkthroughs.

It is a shame to see such a nice idea and plot wasted without sufficient polish, but if the devs learn from this I do look forward to seeing what else they can produce.","If there were a ""maybe"" option for recommending this game I would have given it that, but with only a ""yes"" or ""no"" choice unfortunately I have to just come down on the side of the latter. This game is essentially a ""choose your own adventure"" detective novel wherein your decisions are all made by choosing which information to share with - or conceal from - the authorities. The concept is an interesting one and the game does throw up some nice surprises in both the gameplay and the plot, and there are occasional moments of humour. However, the limitations in using conflicting information are rather annoying. For example sometimes the game will let you choose only one of two (or more) different pieces of information even when both are true and could be vital to successfully completing your objectives. (I get that this is a key game mechanic, but I think it could be explained or handled better to make the game feel less forced.) In particular there is one key decision which just comes down to a 50/50 guess with no supporting information to help the player make the correct choice. (I am talking about the part where the player must determine the third location - If I missed any clues as to which is the correct answer, somebody please tell me!) Another major concern is the quality of the writing; whilst for the most part the writing is capable and there are some memorable moments, the writing is never compelling - I gave up reading about halfway through my first playthrough, instead just scanning text for the (conveniently highlighted) choices. Whilst I can forgive bad writing in some games, for a game that is all about the writing the standard really needs to be higher. Some of the text simply drags on too long, especially any form of dialogue (phone calls, chat text, etc.) - this is doubly annoying for dialogue as there is no way to skip it. (Usually you can just let it run in the background whilst you read other in-game documents, but be careful with this as some actions are time-critical.) Replay value may depend how willing you are to work through the text again. Whilst it is nice to see the different outcomes your actions can have, it feels like 90% or more of the game remains identical so it becomes a slog to see the few changes or pick up achievements. Some of the achievements are so ambiguously described that the only way to complete them seems to be relying on lots of replays and blind luck, or of course walkthroughs. It is a shame to see such a nice idea and plot wasted without sufficient polish, but if the devs learn from this I do look forward to seeing what else they can produce.",False,2017-05-25T19:03:36+00:00,2017-05-25T19:03:36+00:00,916.0,916.0,0.0,173.0,5.0,0.8217658400535583,False,False,False,False,76561198024654167,,22.0,False,False,2635,474,15.266666666666667,15.266666666666667,10h+,negative
65374878,491950,orwell,Orwell: Keeping an Eye On You,english,"I think Orwell as a game is a great concept, but could have been executed far better. The game highlights important information, and railroads you into making choices that aren't backed by evidence. It doesn't provide enough detail for you to make judgement calls, but leaves you between two equally plausible answers, and forces you to make a choice. A better way of doing this would have been to present more information than necessary, and let players sort out what's important, and take their own notes. I would have preferred the game to involve less bias - letting players make their own choices, and come to their own conclusion on the benefits - or invasions - of government surveillance. I also feel the ending was robbed from me. I simply couldn't figure out how to support the cause of Thought, and wanted to have to face the ethical dilemma of doing so. Instead, I had to give them in as the only way to move forward. I really wanted to like this game, but I ultimately can't recommend it.","I think Orwell as a game is a great concept, but could have been executed far better. The game highlights important information, and railroads you into making choices that aren't backed by evidence. It doesn't provide enough detail for you to make judgement calls, but leaves you between two equally plausible answers, and forces you to make a choice. A better way of doing this would have been to present more information than necessary, and let players sort out what's important, and take their own notes. I would have preferred the game to involve less bias - letting players make their own choices, and come to their own conclusion on the benefits - or invasions - of government surveillance. I also feel the ending was robbed from me. I simply couldn't figure out how to support the cause of Thought, and wanted to have to face the ethical dilemma of doing so. Instead, I had to give them in as the only way to move forward. I really wanted to like this game, but I ultimately can't recommend it.",False,2020-03-20T05:27:19+00:00,2020-03-20T05:27:19+00:00,485.0,485.0,0.0,165.0,4.0,0.8465827107429504,True,False,False,False,76561198255479377,,15.0,False,False,1001,179,8.083333333333334,8.083333333333334,3-10h,negative
51417150,491950,orwell,Orwell: Keeping an Eye On You,english,"This review won't matter much in the long run, but [i]Orwell[/i] just seems way over-rated to me. I'll try to explain why.

The story is needlessly convoluted, but let's set that aside.

The core gameplay mechanic (if you want to call it that) is dragging text from the right side of the screen to the left side of the screen. [b][u]That is all[/u][/b]: click to open windows to find text, then click and drag some portions of text that have been pre-selected and pre-highlighted as potentially relevant. When you drag text to the left side of the screen, it gets uploaded to the Orwell database as one of the results of your investigations. The Steam Trailer involves a bit of role-playing that doesn't quite represent gameplay accurately in this regard.

What really frustrated me was just how clumsy some of the most thematically important mechanics are. Sometimes, you find 2 ""datachunks"" of text (let's call them A and B) that conflict with each other, and you have to decide which one to upload. Your choice makes a difference to how the story unfolds, and affects people's lives. People can be arrested or die based on what you upload. The choices you make in situations like this constitute 100% of the moral complexity that [i]Orwell[/i] intends to confront you with. These decisions are central to the narrative, and to the player's experience.

Here's what's super lame: sometimes, when you find text A, and [i][u]before you could even possibly have an opportunity to see B[/u][/i]. the game says ""A conflicts with [u]an unknown datachunk[/u]."" This clumsy mechanic is in tension with the most basic plot-point of the game. The whole plot of the game is that The Nation needs [u]you[/u] to track down information and to decide what information goes into Orwell's databases. But what gameplay tells you is that [i]before you do anything[/i], Orwell already knows all the information that's out there, and knows when a conflict will arise, even when you (as the Investigator who is supposed to be influencing the story) have no idea yourself that B exists, and have done no detective work to suggest to Orwell that B exists. The whole thing is on (branching) rails, and your decisions amount to nothing more than selecting A vs. B, when Orwell can predict the conflict between A and B in advance. This means your detective work is essentially irrelevant; Orwell has done it all in advance, but won't share it with you. All that's left to matter is the choice between A and B.

One solution would've been to just let you resolve conflicts later: suppose that first you find and upload A, then later you find B, and you make a decision about whether to keep A in the database or replace it with B. But that would disrupt the game's ability to proceed with the narrative in a way that approximates a real-time unfolding of events. What the game wants to do is unfold the story as soon as you upload info to Orwell's database, irreversibly. If you upload A (whether or not you've seen B) then the A-chain of events begins. As a result, the game [b]has[/b] to tell you in advance that there's a conflict, so that you can ""choose"" which on-rails narrative will unfold.

So, my conclusion is that this is a game that is, fundamentally, poorly built. The core gameplay mechanics are kludges, patched together to facilitate the unfolding of the (branching) on-rails narrative. There are some choices to make, but the bulk of ""investigative"" gameplay is meaningless: this is a slideshow in games' clothing.","This review won't matter much in the long run, but [i]Orwell[/i] just seems way over-rated to me. I'll try to explain why. The story is needlessly convoluted, but let's set that aside. The core gameplay mechanic (if you want to call it that) is dragging text from the right side of the screen to the left side of the screen. [b][u]That is all[/u][/b]: click to open windows to find text, then click and drag some portions of text that have been pre-selected and pre-highlighted as potentially relevant. When you drag text to the left side of the screen, it gets uploaded to the Orwell database as one of the results of your investigations. The Steam Trailer involves a bit of role-playing that doesn't quite represent gameplay accurately in this regard. What really frustrated me was just how clumsy some of the most thematically important mechanics are. Sometimes, you find 2 ""datachunks"" of text (let's call them A and B) that conflict with each other, and you have to decide which one to upload. Your choice makes a difference to how the story unfolds, and affects people's lives. People can be arrested or die based on what you upload. The choices you make in situations like this constitute 100% of the moral complexity that [i]Orwell[/i] intends to confront you with. These decisions are central to the narrative, and to the player's experience. Here's what's super lame: sometimes, when you find text A, and [i][u]before you could even possibly have an opportunity to see B[/u][/i]. the game says ""A conflicts with [u]an unknown datachunk[/u]."" This clumsy mechanic is in tension with the most basic plot-point of the game. The whole plot of the game is that The Nation needs [u]you[/u] to track down information and to decide what information goes into Orwell's databases. But what gameplay tells you is that [i]before you do anything[/i], Orwell already knows all the information that's out there, and knows when a conflict will arise, even when you (as the Investigator who is supposed to be influencing the story) have no idea yourself that B exists, and have done no detective work to suggest to Orwell that B exists. The whole thing is on (branching) rails, and your decisions amount to nothing more than selecting A vs. B, when Orwell can predict the conflict between A and B in advance. This means your detective work is essentially irrelevant; Orwell has done it all in advance, but won't share it with you. All that's left to matter is the choice between A and B. One solution would've been to just let you resolve conflicts later: suppose that first you find and upload A, then later you find B, and you make a decision about whether to keep A in the database or replace it with B. But that would disrupt the game's ability to proceed with the narrative in a way that approximates a real-time unfolding of events. What the game wants to do is unfold the story as soon as you upload info to Orwell's database, irreversibly. If you upload A (whether or not you've seen B) then the A-chain of events begins. As a result, the game [b]has[/b] to tell you in advance that there's a conflict, so that you can ""choose"" which on-rails narrative will unfold. So, my conclusion is that this is a game that is, fundamentally, poorly built. The core gameplay mechanics are kludges, patched together to facilitate the unfolding of the (branching) on-rails narrative. There are some choices to make, but the bulk of ""investigative"" gameplay is meaningless: this is a slideshow in games' clothing.",False,2019-06-24T05:56:34+00:00,2019-06-24T06:20:38+00:00,505.0,505.0,0.0,113.0,4.0,0.8049724698066711,False,False,False,False,76561198014473461,,152.0,False,False,3499,603,8.416666666666666,8.416666666666666,3-10h,negative
26327418,491950,orwell,Orwell: Keeping an Eye On You,english,"I really wanted to give this a positive review, as someone who loves games like this ( Papers Please! being a personal favorite)

However, I'm very indifferent due to the lack of content and the seemingly linear focus of the story and the severe lack of challenge ( all your options are highlighted for you)

It had a TON of potential and did give a very 1984ish vibe, and I enjoyed the small amounts of content it offered ( 30 minutes an episode?). However if you, like me, go into this expecting a Papers Please! experience you will be severely disappointed.

5/10 ( don't buy unless it is on sale is my reccomendation -- or until all episodes have been unlocked for one continuous playthrough)
","I really wanted to give this a positive review, as someone who loves games like this ( Papers Please! being a personal favorite) However, I'm very indifferent due to the lack of content and the seemingly linear focus of the story and the severe lack of challenge ( all your options are highlighted for you) It had a TON of potential and did give a very 1984ish vibe, and I enjoyed the small amounts of content it offered ( 30 minutes an episode?). However if you, like me, go into this expecting a Papers Please! experience you will be severely disappointed. 5/10 ( don't buy unless it is on sale is my reccomendation -- or until all episodes have been unlocked for one continuous playthrough)",False,2016-10-31T00:52:07+00:00,2016-10-31T00:52:07+00:00,74.0,74.0,0.0,93.0,2.0,0.6357542276382446,True,False,False,True,76561198027789341,,9.0,False,False,693,125,1.2333333333333334,1.2333333333333334,1-3h,negative
28593793,491950,orwell,Orwell: Keeping an Eye On You,english,"Pros:
- Art style is interesting and engaging
- Story is well crafted and immersive
- Exposition isn't forced on you, but it is there if you wish to learn more about the world or certain characters
- Creators clearly spent a lot of time and effort on the setting 
- The game tackles some pretty engaging ethical dilemas that are applicable to the world we live in

Cons:
- Click and drag simulator 2016
- Uninspired gameplay mechanics 
- Constant handholding (I kept thinking I was in a long tutorial but that's just how the game is)
- Very binary choices (he did it vs she did it/ she did the right thing vs she is bad)
- No real detective work the game just tells you everything
- The game treats you like an idiot by having a sidekick tell you what each piece of info means


Other things that bothered me:

-      Chat/phone calls move too fast to keep up with uploading the 'chunks' that appear and you're forced to either ignore the dialogue progression and try to click on a certain chuck as the screen constantly shifts or wait until the exchange is  done to upload anything (or maybe I was just too slow).

-      Music shifts in tone dramtically whenever 'shocking info' is revealed which makes the game feel very linear (which it is) instead of just letting you stumble upon the info yourself and make your own conclusions as to what is important. The music changes give the feeling of ""This was a scripted event that I experienced at a designated time.""

-      Your partner/boss just tells you things so you don't really have to do any investigation yourself which is kind the whole point of the game. 

-      You are fed information in a pretty constant chronological stream instead being given all the info at once and having to sort through it with your brain. The game treats you like a baby and doesn't give you your next treat until you click and drag the things on the page it just gave you. 

-      The game established this rhythm really early of scrolling through a page, clicking on stuff, listening to your buddy pal guy tell you stuff, being given a new page, then repeating.

-      The fact that the chats/calls don't start until you actively bring them up is quite harmful to immersion (why would the people wait to start talking on the phone for 5 seconds until I'm monitoring them? Just have them act like normal humans and not wait for the player).

-      The gameplay would be a lot better if the events driving the characters weren't so close to the present. If we as players were given this new technology to help solve a crime in the past (several months at least) it would eliminate the need to have these awfully convenient text conversations and phone calls every 5 seconds that always have important info. What I'm saying is put the event in the past so that the player can be given a bunch of call transcripts and chat logs to sift through instead of being handed the info.

-      The very nature of how the game highlights all of the important info for you makes you question what your job really is and why anyone would need you to do it. If they already have a system that determines what is important and human operators who interpret the data (your boss/partner guy), why the hell do they need you???

-      The info highlighting eventually has you just scrolling through pages until something lights up or you get an update instead of actually reading the page and deciding what is important and what is irrelevant.




This is not a bad game by any means. It's just always frustrating when I see one of these ""choices matter"" games where there's clearly a certain path you're encouraged to take and you really aren't free to do things your own way.

While I had pretty high expectations for this game after coming off a Hacknet binge, I just feel as though the game is trying to pretend to be something it's not. Just market the game for what it is, a linear narrative experience.

I'm very aware that since I did not finish the game my perspective is limited to what I played, but what I played I did not enjoy, so I cannot reccomend this game.

TL;DR: This game is a very and hand-holdy linear story based experience while it is advertised to be a sort of detective","Pros: - Art style is interesting and engaging - Story is well crafted and immersive - Exposition isn't forced on you, but it is there if you wish to learn more about the world or certain characters - Creators clearly spent a lot of time and effort on the setting - The game tackles some pretty engaging ethical dilemas that are applicable to the world we live in Cons: - Click and drag simulator 2016 - Uninspired gameplay mechanics - Constant handholding (I kept thinking I was in a long tutorial but that's just how the game is) - Very binary choices (he did it vs she did it/ she did the right thing vs she is bad) - No real detective work the game just tells you everything - The game treats you like an idiot by having a sidekick tell you what each piece of info means Other things that bothered me: - Chat/phone calls move too fast to keep up with uploading the 'chunks' that appear and you're forced to either ignore the dialogue progression and try to click on a certain chuck as the screen constantly shifts or wait until the exchange is done to upload anything (or maybe I was just too slow). - Music shifts in tone dramtically whenever 'shocking info' is revealed which makes the game feel very linear (which it is) instead of just letting you stumble upon the info yourself and make your own conclusions as to what is important. The music changes give the feeling of ""This was a scripted event that I experienced at a designated time."" - Your partner/boss just tells you things so you don't really have to do any investigation yourself which is kind the whole point of the game. - You are fed information in a pretty constant chronological stream instead being given all the info at once and having to sort through it with your brain. The game treats you like a baby and doesn't give you your next treat until you click and drag the things on the page it just gave you. - The game established this rhythm really early of scrolling through a page, clicking on stuff, listening to your buddy pal guy tell you stuff, being given a new page, then repeating. - The fact that the chats/calls don't start until you actively bring them up is quite harmful to immersion (why would the people wait to start talking on the phone for 5 seconds until I'm monitoring them? Just have them act like normal humans and not wait for the player). - The gameplay would be a lot better if the events driving the characters weren't so close to the present. If we as players were given this new technology to help solve a crime in the past (several months at least) it would eliminate the need to have these awfully convenient text conversations and phone calls every 5 seconds that always have important info. What I'm saying is put the event in the past so that the player can be given a bunch of call transcripts and chat logs to sift through instead of being handed the info. - The very nature of how the game highlights all of the important info for you makes you question what your job really is and why anyone would need you to do it. If they already have a system that determines what is important and human operators who interpret the data (your boss/partner guy), why the hell do they need you??? - The info highlighting eventually has you just scrolling through pages until something lights up or you get an update instead of actually reading the page and deciding what is important and what is irrelevant. This is not a bad game by any means. It's just always frustrating when I see one of these ""choices matter"" games where there's clearly a certain path you're encouraged to take and you really aren't free to do things your own way. While I had pretty high expectations for this game after coming off a Hacknet binge, I just feel as though the game is trying to pretend to be something it's not. Just market the game for what it is, a linear narrative experience. I'm very aware that since I did not finish the game my perspective is limited to what I played, but what I played I did not enjoy, so I cannot reccomend this game. TL;DR: This game is a very and hand-holdy linear story based experience while it is advertised to be a sort of detective",False,2016-12-24T12:53:33+00:00,2016-12-24T12:53:33+00:00,62.0,62.0,0.0,53.0,5.0,0.6171338558197021,True,False,False,True,76561198203998952,,11.0,False,False,4151,767,1.0333333333333334,1.0333333333333334,1-3h,negative
49400143,491950,orwell,Orwell: Keeping an Eye On You,english,"10/10 Drag and drop simulator.

The game sounded really interesting but after 2 hours of playtime I refunded it. The idea that you hunt for information and decide what to pass on and what to keep private is a nice way of turning a game into a subtle reference to personal bias. A clever idea that could have been great. The problem is that, certainly for the 2 hours I played, that simply wasn't the case. There is no hunting for information. It is handed to you on a plate. The basic routine is this:

A page of information is loaded and appears on the right of the screen. Important parts of the text are highlighted. Click the highlighted text and drag it to the Orwell upload facility on the left of the screen. Drag enough pieces of text and a new page of information is presented to you with highlighted parts. Drag and drop. New page. Drag and drop. New page.

You will discover social media handles. Great, now you can hunt the person down and..oh wait, no their feed just gets presented to you with highlighted text. Drag and drop.

You manage to get the telephone number of a suspect. Now you can tap their line and listen in on their conversations. Oh wait, it just gets presented to you, no action required. Never mind, look, there's the symbol to say they are about to have a conversation. QUICK, check in and listen to them before they...oh wait, no. You can simply ignore the symbol for half an hour and then check it, because the messages only start when you open up the screen. If these really are terrorists, they are the most considerate ones on the planet as they refuse to start their conversation until you are listening in. Try to keep up? No need, go make a drink, come back and find the page of text. Ignore the drivel, the important bits are highlighted.  Drag and drop.

Still, your decisions about what to upload is really what the game is about. Except that even in those first 2 hours there were a few occasions where I decided not to upload something because it appeared to be out of context. A message displaying agressiveness or hatred of the state, but in the context of the document it seemed to be just social media waffle and not really genuine terrorist. So I didn't upload it. Result? Nothing. The game simply wouldn't progress until I uploaded it. The choice was removed. So after a while of hunting and finding no new clues I reluctantly uploaded the info and lo and behold a new page of information was presented to me. Drag and drop. Rinse and repeat.

Clearly a lot of people have found something great in this game and I truly love the concept but I cannot recommend it for what it claims to be.  If you are looking for the perfect Drag and Drop Simulator to spend your evenings on though, you can't go wrong here.","10/10 Drag and drop simulator. The game sounded really interesting but after 2 hours of playtime I refunded it. The idea that you hunt for information and decide what to pass on and what to keep private is a nice way of turning a game into a subtle reference to personal bias. A clever idea that could have been great. The problem is that, certainly for the 2 hours I played, that simply wasn't the case. There is no hunting for information. It is handed to you on a plate. The basic routine is this: A page of information is loaded and appears on the right of the screen. Important parts of the text are highlighted. Click the highlighted text and drag it to the Orwell upload facility on the left of the screen. Drag enough pieces of text and a new page of information is presented to you with highlighted parts. Drag and drop. New page. Drag and drop. New page. You will discover social media handles. Great, now you can hunt the person down and..oh wait, no their feed just gets presented to you with highlighted text. Drag and drop. You manage to get the telephone number of a suspect. Now you can tap their line and listen in on their conversations. Oh wait, it just gets presented to you, no action required. Never mind, look, there's the symbol to say they are about to have a conversation. QUICK, check in and listen to them before they...oh wait, no. You can simply ignore the symbol for half an hour and then check it, because the messages only start when you open up the screen. If these really are terrorists, they are the most considerate ones on the planet as they refuse to start their conversation until you are listening in. Try to keep up? No need, go make a drink, come back and find the page of text. Ignore the drivel, the important bits are highlighted. Drag and drop. Still, your decisions about what to upload is really what the game is about. Except that even in those first 2 hours there were a few occasions where I decided not to upload something because it appeared to be out of context. A message displaying agressiveness or hatred of the state, but in the context of the document it seemed to be just social media waffle and not really genuine terrorist. So I didn't upload it. Result? Nothing. The game simply wouldn't progress until I uploaded it. The choice was removed. So after a while of hunting and finding no new clues I reluctantly uploaded the info and lo and behold a new page of information was presented to me. Drag and drop. Rinse and repeat. Clearly a lot of people have found something great in this game and I truly love the concept but I cannot recommend it for what it claims to be. If you are looking for the perfect Drag and Drop Simulator to spend your evenings on though, you can't go wrong here.",False,2019-03-06T19:09:55+00:00,2019-03-06T19:09:55+00:00,124.0,124.0,0.0,50.0,1.0,0.7239988446235657,True,False,False,True,76561198131199068,,7.0,False,False,2751,508,2.066666666666667,2.066666666666667,1-3h,negative
41804342,491950,orwell,Orwell: Keeping an Eye On You,english,"The concept of this game is really interesting; however, what you realistically do all game is search for highlighted text and drag it to the right. Rinse and repeat... extremely force fed. This game does not require any real analysis and does not give you any real choices. Really disappointed.","The concept of this game is really interesting; however, what you realistically do all game is search for highlighted text and drag it to the right. Rinse and repeat... extremely force fed. This game does not require any real analysis and does not give you any real choices. Really disappointed.",False,2018-05-02T00:29:58+00:00,2018-05-02T00:29:58+00:00,228.0,228.0,0.0,50.0,0.0,0.6842118501663208,True,False,False,False,76561198037782402,,11.0,False,False,295,50,3.8,3.8,3-10h,negative
30581008,491950,orwell,Orwell: Keeping an Eye On You,english,"I expected to have to do more ""detective work"", but this is just a choices-don't-make-sense-but-they-matter experience.  Especially in the final chapter, I had little clue what I was supposed to accomplish, and then suddenly I accomplished something and the game was over.

If I could give this a Thumbs-Sideways, I would.  There are a few interesting ""scenes"" and moments that were surprising, but as it stands, I didn't feel like I was enjoying myself.  Just uploading ""datachunks"" and waiting for the game to find more datachunks to be uploaded.  Occasionally I had to decide between two conflicting pieces of data, but those choices were less-than-half of the game.  Maybe one-third of the game is ""decisions"" like that, and the rest is just dragging datachunks from one side of the screen to the other.  Or in some cases, deciding NOT to drag a datachunk from one side of the screen to the other, because it might be misunderstood by your superiors. For example, one comment on a website in-game says ""oh no! the torture! ;)"" in a playful manner about being bribed with muffins, but if you upload it your boss takes it to mean LITERAL TORTURE and freaks out about it.  So you're told to upload ""all the relevant data"" but then have no say in how it gets interpreted or used, which impacts upon the relevance of said data.

If you like games that try to make political-statements about things, this is probably up your alley.  I just wanted to solve puzzles, connect clues, etc.  The game highlights all the relevant information, and then connects it to things for you.  Not TERRIBLE, but not what I expected or hoped for. :(","I expected to have to do more ""detective work"", but this is just a choices-don't-make-sense-but-they-matter experience. Especially in the final chapter, I had little clue what I was supposed to accomplish, and then suddenly I accomplished something and the game was over. If I could give this a Thumbs-Sideways, I would. There are a few interesting ""scenes"" and moments that were surprising, but as it stands, I didn't feel like I was enjoying myself. Just uploading ""datachunks"" and waiting for the game to find more datachunks to be uploaded. Occasionally I had to decide between two conflicting pieces of data, but those choices were less-than-half of the game. Maybe one-third of the game is ""decisions"" like that, and the rest is just dragging datachunks from one side of the screen to the other. Or in some cases, deciding NOT to drag a datachunk from one side of the screen to the other, because it might be misunderstood by your superiors. For example, one comment on a website in-game says ""oh no! the torture! ;)"" in a playful manner about being bribed with muffins, but if you upload it your boss takes it to mean LITERAL TORTURE and freaks out about it. So you're told to upload ""all the relevant data"" but then have no say in how it gets interpreted or used, which impacts upon the relevance of said data. If you like games that try to make political-statements about things, this is probably up your alley. I just wanted to solve puzzles, connect clues, etc. The game highlights all the relevant information, and then connects it to things for you. Not TERRIBLE, but not what I expected or hoped for. :(",False,2017-03-18T01:32:08+00:00,2017-03-18T05:53:49+00:00,645.0,645.0,0.0,43.0,1.0,0.7345063090324402,True,False,False,False,76561198009812763,,18.0,False,False,1617,282,10.75,10.75,10h+,negative
29616776,491950,orwell,Orwell: Keeping an Eye On You,english,"Drag-and-Drop Simulator. Interactive story at best - not much for a point-and-click adventure.

Owell isn't the first ""surveillance sim"", and certainly isn't the best. It does plenty of things right, but far more wrong. Because of that, while I enjoyed the game and didn't feel the gameplay bad - I can't recommend it. 

The game holds your hand literally the entire way. It highlights information. It tells you when you've looked over a document and missed something. It repeats the obvious to you via your ""advisor"", Symes. It doesn't encourage reading whatsoever despite it only having pros as an interactive story.

One of the most irritating things of the game was Symes. Symes is your advisor through the game, commenting on evidence you find. The problem is that he comments on Ever. Little. Piece. of evidence. If you add someone's favorite color - Symes chimes in. If you add a new profile picture for a person - he has something SO IMPORTANT to say that it stops gameplay until you click continue. Again and again and again. 

Other elements of the game leave you wishing you were more in control of the program. For example, I wanted the ability to create profiles on people but you aren't given that permission. Symes gives you permission when you reach a certain point in the story, and that's that. I wanted to add a profile picture for someone I had a profile on..... NOPE couldn't do it until the game gives you permission to.

The game really gives you the illusion of control while the entire time you are limited to dragging and dropping story elements. The conflicts in data are VERY minor and ultimately the story wraps up in a similar way either way. It's the feeling of diverse while being completely linear. In the instances where there WERE conflicts in data, you really have to take a shot in the dark sometimes. 

So what did I expect? I wanted to be in charge of the note taking! I wanted to be able to create profiles on my own. I didn't want information to get highlighted for me UNLESS there was a problem. I wanted to be able to figure things out the entire time without some doofus interrupting gameplay the entire time with his commentary (Symes). 

Still, there are certainly pros to give this game. The story is interesting, the graphics are BEAUTIFUL for the genre, and the point-and-click adventure feel is definitely there, even if the game leads you where you need to go. Browse websites and news articles as though you were in your very own web browser! Now that I say that in writing, it doesn't seem all that impressive, but it's still enjoyable. The ""accessing computer"" elements and phone conversation elements I enjoy so much more than the web browsing.

All in all, it's an interesting point-and-click interactive story with multiple outcomes. It's not a difficult one, and there are no puzzles to solve, so just sit back and enjoy it. I still can't recommend it to anyone who is a fan of hacksims, surveillance sims, or information gathering sims though.... this is an interactive story - nothing more. It's no more ""investigatory"" than any of the TellTale games.","Drag-and-Drop Simulator. Interactive story at best - not much for a point-and-click adventure. Owell isn't the first ""surveillance sim"", and certainly isn't the best. It does plenty of things right, but far more wrong. Because of that, while I enjoyed the game and didn't feel the gameplay bad - I can't recommend it. The game holds your hand literally the entire way. It highlights information. It tells you when you've looked over a document and missed something. It repeats the obvious to you via your ""advisor"", Symes. It doesn't encourage reading whatsoever despite it only having pros as an interactive story. One of the most irritating things of the game was Symes. Symes is your advisor through the game, commenting on evidence you find. The problem is that he comments on Ever. Little. Piece. of evidence. If you add someone's favorite color - Symes chimes in. If you add a new profile picture for a person - he has something SO IMPORTANT to say that it stops gameplay until you click continue. Again and again and again. Other elements of the game leave you wishing you were more in control of the program. For example, I wanted the ability to create profiles on people but you aren't given that permission. Symes gives you permission when you reach a certain point in the story, and that's that. I wanted to add a profile picture for someone I had a profile on..... NOPE couldn't do it until the game gives you permission to. The game really gives you the illusion of control while the entire time you are limited to dragging and dropping story elements. The conflicts in data are VERY minor and ultimately the story wraps up in a similar way either way. It's the feeling of diverse while being completely linear. In the instances where there WERE conflicts in data, you really have to take a shot in the dark sometimes. So what did I expect? I wanted to be in charge of the note taking! I wanted to be able to create profiles on my own. I didn't want information to get highlighted for me UNLESS there was a problem. I wanted to be able to figure things out the entire time without some doofus interrupting gameplay the entire time with his commentary (Symes). Still, there are certainly pros to give this game. The story is interesting, the graphics are BEAUTIFUL for the genre, and the point-and-click adventure feel is definitely there, even if the game leads you where you need to go. Browse websites and news articles as though you were in your very own web browser! Now that I say that in writing, it doesn't seem all that impressive, but it's still enjoyable. The ""accessing computer"" elements and phone conversation elements I enjoy so much more than the web browsing. All in all, it's an interesting point-and-click interactive story with multiple outcomes. It's not a difficult one, and there are no puzzles to solve, so just sit back and enjoy it. I still can't recommend it to anyone who is a fan of hacksims, surveillance sims, or information gathering sims though.... this is an interactive story - nothing more. It's no more ""investigatory"" than any of the TellTale games.",False,2017-01-31T23:40:40+00:00,2017-01-31T23:40:40+00:00,196.0,196.0,0.0,35.0,0.0,0.6274075508117676,True,False,False,False,76561197991759803,,23.0,False,False,3099,542,3.2666666666666666,3.2666666666666666,3-10h,negative
50661923,491950,orwell,Orwell: Keeping an Eye On You,english,"Didn't work for me. Not as a game.
It was an okay-interesting story, but the game played itself. I never had to think, just drag some highlighted text from the right to the left. And when the game actually put me in a situation where I had to think, by giving me the choice between two hypotheses, it did so with too little information. It felt especially bad because the game is fake-real-time, meaning things happen ""as time goes by"", but really only the game progresses as you take actions. So what would almost always happen was that (literally) immediately after submitted your hypothesis - your guess - as a FACT, the game goes ""oh, this just in! Here's the information you could have used to make a sound judgement, if you'd just waited to click send for 5 seconds!"". You continuously felt like an absolute impatient amateur switching between doing monkey work gathering information and then posting your guesses as facts to a board. And why can't I then write them and say ""Hey, I just got this information! You know that thing I said earlier? Yeah, something has come up, and that is now completely wrong!"" Absolutely destroyed my immersion.
All in all, the game just made me more and more annoyed, as the focus was more on ""gut-feeling"" than ""deduction"" (and maybe there's some social commentary on that. I never got it). In the end, the game feels more like a visual novel with tacked on interactive elements - more than it feels like an immersive story where you feel like an Orwellian observer and manipulator.","Didn't work for me. Not as a game. It was an okay-interesting story, but the game played itself. I never had to think, just drag some highlighted text from the right to the left. And when the game actually put me in a situation where I had to think, by giving me the choice between two hypotheses, it did so with too little information. It felt especially bad because the game is fake-real-time, meaning things happen ""as time goes by"", but really only the game progresses as you take actions. So what would almost always happen was that (literally) immediately after submitted your hypothesis - your guess - as a FACT, the game goes ""oh, this just in! Here's the information you could have used to make a sound judgement, if you'd just waited to click send for 5 seconds!"". You continuously felt like an absolute impatient amateur switching between doing monkey work gathering information and then posting your guesses as facts to a board. And why can't I then write them and say ""Hey, I just got this information! You know that thing I said earlier? Yeah, something has come up, and that is now completely wrong!"" Absolutely destroyed my immersion. All in all, the game just made me more and more annoyed, as the focus was more on ""gut-feeling"" than ""deduction"" (and maybe there's some social commentary on that. I never got it). In the end, the game feels more like a visual novel with tacked on interactive elements - more than it feels like an immersive story where you feel like an Orwellian observer and manipulator.",False,2019-05-15T20:23:21+00:00,2019-05-15T20:23:21+00:00,187.0,187.0,0.0,32.0,0.0,0.6642833948135376,False,False,False,False,76561197972269783,,160.0,False,False,1523,269,3.1166666666666667,3.1166666666666667,3-10h,negative
26334264,491950,orwell,Orwell: Keeping an Eye On You,english,"I can't recommend this title unless you like short visual novels.

The idea behind the game is excellent and intriguing, but the game holds the player hand too much and unfolds the story on its own. There is no true challenge for the player who gathers clearly highlighted clues and can complete the two chapters published until now in a very short time (going slowly was 3 hours for me).
The worst part is that i did not had any sense of satisfaction for ""a good job"" at the end and I really can't see where the ""choices matter"" in any way or where the cliche ""story is rich""...

The video on the store page is absolutely misleading, there's nothing in the game that gives that kind of feeling you may expect after watching it.","I can't recommend this title unless you like short visual novels. The idea behind the game is excellent and intriguing, but the game holds the player hand too much and unfolds the story on its own. There is no true challenge for the player who gathers clearly highlighted clues and can complete the two chapters published until now in a very short time (going slowly was 3 hours for me). The worst part is that i did not had any sense of satisfaction for ""a good job"" at the end and I really can't see where the ""choices matter"" in any way or where the cliche ""story is rich""... The video on the store page is absolutely misleading, there's nothing in the game that gives that kind of feeling you may expect after watching it.",False,2016-10-31T11:35:13+00:00,2016-10-31T11:35:13+00:00,190.0,190.0,0.0,31.0,1.0,0.6137174367904663,True,False,False,False,76561198002588892,,3.0,False,False,726,135,3.1666666666666665,3.1666666666666665,3-10h,negative
42668426,491950,orwell,Orwell: Keeping an Eye On You,english,"[h1]TL;DR[/h1]
Much less a game than an interactive story. It's a slim game with few objectives and a lot of fluff around it. The game tends to cram exposition into everything, and doesn't allow you to skip or fast-forward any of it. Utimately, while the plot is about making a god of machines, it doesn't justify its deus ex machina storytelling.

[h1]Show, Don't Tell[/h1]
I do not know who's idea it was to not allow the player to fast-forward or skip dialogue, but it was a [b]terrible[/b] decision. The sheer amount of exposition and meaningless chatter in the game is astounding. And this isn't a once or twice occurance, it's a regularly reoccuring situation where key bits of info required to advance the plot sit behind a 4 or 5 minute long unskippable dialogue sequence. And that 10+ minute bit right before the end of the game, who thought that was a good idea? And does the ""administrator"" need to say something every time I upload a piece of relevant info? It's like having Clippy from MS Word permanently built into the game.

Furthermore, the level of hand-holding is ridiculous. First off, for a game about parsing and collecting information, there's very little you actually have to read. The game essentially takes a big neon highlighter and highlights every single thing that might be of importance. Then, they go ahead and show you exactly where you might've missed a clue or hint. Secondly, the game has these ""pivotal"" moments where you have to decide which one of multiple conflicting statements is true, except that the system highlights conflicts before you even discover them. It's such a self-defeating mechanism. Imagine if the Sherlock novels had Watson discover a false clue and Sherlock responding ""But Watson, that can't be the real clue cause I'm going to find the real clue on page 86!""

And if the story was entralling, and the world-building was coherent, maybe those bad gameplay elements could be overlooked. But they aren't. The plot is cheesy and the writing is lazy. How many times do you plan on having a random character with no background conveniently appear to tie-up some loose ends and then disappear forever? It's honestly kind of amazing how a game where everything you do is character building manages to have some of the most one-dimensional characters I've ever seen.

[h1]Breakdown[/h1]
[b]Pros[/b]
[olist]
    [*][b]Chapter Select:[/b] Thanks for at least not making me have to replay the whole game to get an achievement.
[/olist]
[b]Cons[/b]
[olist]
    [*][b]Don't stop users from fast-forwarding text.[/b]
    [*][b]Narrative, not Narrate:[/b] I should be able to tell when I come across an important piece of dialogue. I don't need the game to highlight it a bright color, the music to change to be all dramatic, and Clippy at the top exclaiming, ""Wow! That piece of dialogue sure seems important!"" *wink* *wink* *nudge* *nudge*
[/olist]
[b]Score[/b]: 2/10","[h1]TL;DR[/h1] Much less a game than an interactive story. It's a slim game with few objectives and a lot of fluff around it. The game tends to cram exposition into everything, and doesn't allow you to skip or fast-forward any of it. Utimately, while the plot is about making a god of machines, it doesn't justify its deus ex machina storytelling. [h1]Show, Don't Tell[/h1] I do not know who's idea it was to not allow the player to fast-forward or skip dialogue, but it was a [b]terrible[/b] decision. The sheer amount of exposition and meaningless chatter in the game is astounding. And this isn't a once or twice occurance, it's a regularly reoccuring situation where key bits of info required to advance the plot sit behind a 4 or 5 minute long unskippable dialogue sequence. And that 10+ minute bit right before the end of the game, who thought that was a good idea? And does the ""administrator"" need to say something every time I upload a piece of relevant info? It's like having Clippy from MS Word permanently built into the game. Furthermore, the level of hand-holding is ridiculous. First off, for a game about parsing and collecting information, there's very little you actually have to read. The game essentially takes a big neon highlighter and highlights every single thing that might be of importance. Then, they go ahead and show you exactly where you might've missed a clue or hint. Secondly, the game has these ""pivotal"" moments where you have to decide which one of multiple conflicting statements is true, except that the system highlights conflicts before you even discover them. It's such a self-defeating mechanism. Imagine if the Sherlock novels had Watson discover a false clue and Sherlock responding ""But Watson, that can't be the real clue cause I'm going to find the real clue on page 86!"" And if the story was entralling, and the world-building was coherent, maybe those bad gameplay elements could be overlooked. But they aren't. The plot is cheesy and the writing is lazy. How many times do you plan on having a random character with no background conveniently appear to tie-up some loose ends and then disappear forever? It's honestly kind of amazing how a game where everything you do is character building manages to have some of the most one-dimensional characters I've ever seen. [h1]Breakdown[/h1] [b]Pros[/b] [olist] [*][b]Chapter Select:[/b] Thanks for at least not making me have to replay the whole game to get an achievement. [/olist] [b]Cons[/b] [olist] [*][b]Don't stop users from fast-forwarding text.[/b] [*][b]Narrative, not Narrate:[/b] I should be able to tell when I come across an important piece of dialogue. I don't need the game to highlight it a bright color, the music to change to be all dramatic, and Clippy at the top exclaiming, ""Wow! That piece of dialogue sure seems important!"" *wink* *wink* *nudge* *nudge* [/olist] [b]Score[/b]: 2/10",False,2018-06-12T05:30:20+00:00,2018-06-12T05:30:20+00:00,382.0,382.0,0.0,30.0,2.0,0.612864077091217,False,False,False,False,76561198038701561,,108.0,False,False,2899,483,6.366666666666666,6.366666666666666,3-10h,negative
187576587,491950,orwell,Orwell: Keeping an Eye On You,english,"I am a huge computer sim detective game fan. I love games like Cyber Manhunt 1/2, Simulacra 1/2, Greyhat, etc. Orwell is one I have tried a couple times to get into... but it's just so boring to me.

Most importantly, the gameplay. I never feel like I am actually solving a puzzle, but instead just reading and deciding on a handful of choose your own adventure type choices. Nothing you do seems to matter, and ever answer is already highlighted for you, It just feels like a visual novel.

But also - the story is so boring. The 1984 sureveillance angle has been done to death, and this just feels like nothing new. I genuinely am surprised so many people seem to enjoy this game. To me, it just has nothing to offer.","I am a huge computer sim detective game fan. I love games like Cyber Manhunt 1/2, Simulacra 1/2, Greyhat, etc. Orwell is one I have tried a couple times to get into... but it's just so boring to me. Most importantly, the gameplay. I never feel like I am actually solving a puzzle, but instead just reading and deciding on a handful of choose your own adventure type choices. Nothing you do seems to matter, and ever answer is already highlighted for you, It just feels like a visual novel. But also - the story is so boring. The 1984 sureveillance angle has been done to death, and this just feels like nothing new. I genuinely am surprised so many people seem to enjoy this game. To me, it just has nothing to offer.",False,2025-02-09T18:34:53+00:00,2025-02-09T18:34:53+00:00,201.0,201.0,0.0,28.0,1.0,0.6571760773658752,False,True,False,False,76561198165358029,,111.0,False,False,717,134,3.35,3.35,3-10h,negative
204291385,491950,orwell,Orwell: Keeping an Eye On You,english,"[b]English:[/b]
The idea of playing an investigator using a dystopian surveillance system is genuinely intriguing, and it did pull me in at first. But in my case, a few elements caught me off guard, and I ultimately landed on the feeling of, “Damn, this could have been great.”

You're heavily railroaded. A handler constantly directs you, and you're only allowed to submit pre-highlighted data. So even if you spot something meaningful, if it hasn’t been highlighted, it’s off-limits… unless the system decides to highlight it later. In other words, it's Orwell—not your judgment—deciding what's relevant and when.
Also, can’t look into unimportant connections, people connected to the main people you’re already watching. That undermines immersion. Information and connections that should enrich the world instead feel like empty filler, like walking through a map where only the area around your destination actually exists. It undercuts the immersion hard, and it really starts to highlight how little control the player has over the investigation. The joy of organizing fragmented data and piecing together insight, the detective puzzle vibe you’d expect, is barely there.

Even the surveillance state itself feels oddly toothless. Orwell is supposedly a powerful system, yet the most basic info must be found manually. I get that the in-game incident is Orwell's first mission, but if the game is trying to sell a functioning surveillance state, it comes off half-baked.
Starting the investigation from scratch, with no basic personal data preloaded, makes the process resemble ordinary police work more than the operation of a dystopian digital panopticon.

The system’s invasive abilities (like tapping calls or accessing private devices without consent) do hint at Orwell’s dystopian cruelty. But from the player’s point of view, Orwell never allows unrestricted monitoring. Only designated “persons of interest” can be investigated, and since the events revolve around terrorism with real casualties, even the more questionable actions can be framed as emergency measures. This waters down the ethical tension; Orwell’s moral horror feels too easy to rationalize.
Even when one character challenges the legitimacy of Orwell’s power, their argument rings hollow—coming from someone involved in a bombing, it’s hard to see them as anything other than a villain delivering a monologue.

And when the second half of the game shows [spoiler]people casually messing stuff up[/spoiler], it makes you wonder: maybe the surveillance wasn’t that tight to begin with? How effective is this Orwell network if [spoiler]people willing to say ""f*ck the system"" and can still go full riot mode[/spoiler]? If the system’s that fragile, then what was the point of its supposed success in lowering crime in the first place?
I couldn’t quite tell whether this game was trying to criticize the dystopia built around Orwell or somehow justify it.

Also, you can’t skip or fast-forward dialogue, which I get is supposed to simulate “real-time surveillance,” but it just kills the pacing. This took me about four hours to get through the all chapters, and the lack of any way to redo choices just makes the idea of replaying for achievements or alternate paths a hard no.

[hr][/hr]
[b]日本語:[/b]
ディストピアの監視システムを用いる調査官という導入は凄く面白いし実際に惹き込まれましたが、幾つかの要素が引っ掛かって最終的に「惜しいな」という感想に着地しました。

有り体に言うと意外と(?)自由度が低い。プレイヤーが進行の主導権を握っていないというのが率直な感想です。
まずアドバイザーが就くので情報の海に放り出されて手探りで進むのではなく自然と一本道になるので未知の間を自走する楽しみが希薄です。
更に、二次的な関係者(直接の監視対象ではない人々)の情報には触れられず、例えば誰かの両親や友人等が相関図に載っても飽くまで賑やかしで、RPGで言うなら「目的地周辺だけ作ってあるマップ」みたいな印象を受けるので没入感を削がれます。
そしてOrwellでは“ハイライトされている情報だけ”が利用可能なのですが、例えば関係者の画像を見付けたから登録したいと思ってもハイライトされていないなら使えない――と思いきや後になって急にハイライトされるという事も。つまりシステム(進行度等)の都合で意味の有無が一転してしまうので「役に立つか分からないが留めておきたい」みたいな遊び方は全く想定されておらず、“調査官”という言葉から連想して捜査・整理・推理というパズル的な喜びを期待すると肩透かしを食らいます。

物語や世界観についても引っ掛かります。国民の情報がOrwellに登録されておらず、住所も電話番号も全てプレイヤーが探し出す事になるのは、ゲーム内での事案がOrwellの初陣であるにせよ監視社会のディストピアを念頭に置くなら中途半端な気がしますし、基本的な個人情報から調査となると手順に警察の捜査との差異も感じられません。
Orwellを通じた通話や情報端末への無許可でのアクセスは人権や倫理への一種の加害性というディストピアがディストピアたる所以を描写してはいますが、プレイヤーの視点では上記の通り(=重要人物以外には触れられない) 犯罪や危機の捜査にしか使われておらず、しかも問題となる事件が死傷者を伴うテロなので、倫理観を脇に置くのは超法規的措置だと補完する事も出来てしまう。
その犯人がOrwellを非難したところで犠牲者を生んだテロリストの言説として空虚に響くだけでしょう。
また[spoiler]後半での展開も炎上からの破壊行動が容易く起きるのなら[/spoiler]“監視”の程度も大した事はないのでは？と感じます。監視なんぞ知るかという人が[spoiler]暴徒化したのだとしたら[/spoiler]、そもそも犯罪率の低下とは何だったんでしょうか。
正直なところ、この作品がOrwellに在る社会構造を否定的に描いているのか肯定的に描いているのか判然としませんでした。

実績や細かい分岐の確認に改めてプレイしていたら印象も変わるのかもしれませんが、ここでシステム面が障害に。というのも、だいぶのんびりしたプレイで全5章終わらせるのに約4時間掛かったのですが、Orwellには台詞送りやスキップ機能がなく、更には選択に修正が効かない仕様なのでリプレイへの精神的なハードルが高いです。
台詞送りやスキップが無いのはリアルタイムの盗聴という表現であるにしても快適性を損ないますし、こういった部分も作品の魅力を自ら削いでいる様な感じがしてなりません。","[b]English:[/b] The idea of playing an investigator using a dystopian surveillance system is genuinely intriguing, and it did pull me in at first. But in my case, a few elements caught me off guard, and I ultimately landed on the feeling of, “Damn, this could have been great.” You're heavily railroaded. A handler constantly directs you, and you're only allowed to submit pre-highlighted data. So even if you spot something meaningful, if it hasn’t been highlighted, it’s off-limits… unless the system decides to highlight it later. In other words, it's Orwell—not your judgment—deciding what's relevant and when. Also, can’t look into unimportant connections, people connected to the main people you’re already watching. That undermines immersion. Information and connections that should enrich the world instead feel like empty filler, like walking through a map where only the area around your destination actually exists. It undercuts the immersion hard, and it really starts to highlight how little control the player has over the investigation. The joy of organizing fragmented data and piecing together insight, the detective puzzle vibe you’d expect, is barely there. Even the surveillance state itself feels oddly toothless. Orwell is supposedly a powerful system, yet the most basic info must be found manually. I get that the in-game incident is Orwell's first mission, but if the game is trying to sell a functioning surveillance state, it comes off half-baked. Starting the investigation from scratch, with no basic personal data preloaded, makes the process resemble ordinary police work more than the operation of a dystopian digital panopticon. The system’s invasive abilities (like tapping calls or accessing private devices without consent) do hint at Orwell’s dystopian cruelty. But from the player’s point of view, Orwell never allows unrestricted monitoring. Only designated “persons of interest” can be investigated, and since the events revolve around terrorism with real casualties, even the more questionable actions can be framed as emergency measures. This waters down the ethical tension; Orwell’s moral horror feels too easy to rationalize. Even when one character challenges the legitimacy of Orwell’s power, their argument rings hollow—coming from someone involved in a bombing, it’s hard to see them as anything other than a villain delivering a monologue. And when the second half of the game shows [spoiler]people casually messing stuff up[/spoiler], it makes you wonder: maybe the surveillance wasn’t that tight to begin with? How effective is this Orwell network if [spoiler]people willing to say ""f*ck the system"" and can still go full riot mode[/spoiler]? If the system’s that fragile, then what was the point of its supposed success in lowering crime in the first place? I couldn’t quite tell whether this game was trying to criticize the dystopia built around Orwell or somehow justify it. Also, you can’t skip or fast-forward dialogue, which I get is supposed to simulate “real-time surveillance,” but it just kills the pacing. This took me about four hours to get through the all chapters, and the lack of any way to redo choices just makes the idea of replaying for achievements or alternate paths a hard no. [hr][/hr] [b]日本語:[/b] ディストピアの監視システムを用いる調査官という導入は凄く面白いし実際に惹き込まれましたが、幾つかの要素が引っ掛かって最終的に「惜しいな」という感想に着地しました。 有り体に言うと意外と(?)自由度が低い。プレイヤーが進行の主導権を握っていないというのが率直な感想です。 まずアドバイザーが就くので情報の海に放り出されて手探りで進むのではなく自然と一本道になるので未知の間を自走する楽しみが希薄です。 更に、二次的な関係者(直接の監視対象ではない人々)の情報には触れられず、例えば誰かの両親や友人等が相関図に載っても飽くまで賑やかしで、RPGで言うなら「目的地周辺だけ作ってあるマップ」みたいな印象を受けるので没入感を削がれます。 そしてOrwellでは“ハイライトされている情報だけ”が利用可能なのですが、例えば関係者の画像を見付けたから登録したいと思ってもハイライトされていないなら使えない――と思いきや後になって急にハイライトされるという事も。つまりシステム(進行度等)の都合で意味の有無が一転してしまうので「役に立つか分からないが留めておきたい」みたいな遊び方は全く想定されておらず、“調査官”という言葉から連想して捜査・整理・推理というパズル的な喜びを期待すると肩透かしを食らいます。 物語や世界観についても引っ掛かります。国民の情報がOrwellに登録されておらず、住所も電話番号も全てプレイヤーが探し出す事になるのは、ゲーム内での事案がOrwellの初陣であるにせよ監視社会のディストピアを念頭に置くなら中途半端な気がしますし、基本的な個人情報から調査となると手順に警察の捜査との差異も感じられません。 Orwellを通じた通話や情報端末への無許可でのアクセスは人権や倫理への一種の加害性というディストピアがディストピアたる所以を描写してはいますが、プレイヤーの視点では上記の通り(=重要人物以外には触れられない) 犯罪や危機の捜査にしか使われておらず、しかも問題となる事件が死傷者を伴うテロなので、倫理観を脇に置くのは超法規的措置だと補完する事も出来てしまう。 その犯人がOrwellを非難したところで犠牲者を生んだテロリストの言説として空虚に響くだけでしょう。 また[spoiler]後半での展開も炎上からの破壊行動が容易く起きるのなら[/spoiler]“監視”の程度も大した事はないのでは？と感じます。監視なんぞ知るかという人が[spoiler]暴徒化したのだとしたら[/spoiler]、そもそも犯罪率の低下とは何だったんでしょうか。 正直なところ、この作品がOrwellに在る社会構造を否定的に描いているのか肯定的に描いているのか判然としませんでした。 実績や細かい分岐の確認に改めてプレイしていたら印象も変わるのかもしれませんが、ここでシステム面が障害に。というのも、だいぶのんびりしたプレイで全5章終わらせるのに約4時間掛かったのですが、Orwellには台詞送りやスキップ機能がなく、更には選択に修正が効かない仕様なのでリプレイへの精神的なハードルが高いです。 台詞送りやスキップが無いのはリアルタイムの盗聴という表現であるにしても快適性を損ないますし、こういった部分も作品の魅力を自ら削いでいる様な感じがしてなりません。",False,2025-09-14T03:54:50+00:00,2025-12-12T01:42:44+00:00,235.0,235.0,0.0,23.0,0.0,0.7273497581481934,False,False,False,False,76561198026105507,,45.0,False,False,4650,526,3.9166666666666665,3.9166666666666665,3-10h,negative
26378903,491950,orwell,Orwell: Keeping an Eye On You,english,"A lot of people are praising this game, but it's really simple. There are very few choices with usually obvious consiquences.

Most of the game feels like work. You click and drag the things that are highlighted and then the guy reveals more plot points and gives you more documents to read while you click and drag more stuff. It's made all the more painful by false ""upload"" times (really? Uploading text to the most complex security system ever takes 3+ seconds each time!? Uploading that to Google Docs takes less time than that!) and phone and text conversations that play out in real time without any voice acting, so it mostly just feels like sitting and waiting for things to get done.

I understand people are interested in the story, or the greater point about surveillance, but as a game, this is just too simple. For a far better experience with a similar concept, I would highly suggest the ARG ""This House Has People In It""","A lot of people are praising this game, but it's really simple. There are very few choices with usually obvious consiquences. Most of the game feels like work. You click and drag the things that are highlighted and then the guy reveals more plot points and gives you more documents to read while you click and drag more stuff. It's made all the more painful by false ""upload"" times (really? Uploading text to the most complex security system ever takes 3+ seconds each time!? Uploading that to Google Docs takes less time than that!) and phone and text conversations that play out in real time without any voice acting, so it mostly just feels like sitting and waiting for things to get done. I understand people are interested in the story, or the greater point about surveillance, but as a game, this is just too simple. For a far better experience with a similar concept, I would highly suggest the ARG ""This House Has People In It""",False,2016-11-02T19:53:18+00:00,2016-11-02T19:53:18+00:00,72.0,72.0,0.0,23.0,1.0,0.5206111669540405,True,False,False,True,76561198006405451,,62.0,False,False,935,167,1.2,1.2,1-3h,negative
45232031,491950,orwell,Orwell: Keeping an Eye On You,english,"I feel a bit bad about giving a poor review for a game I received for free, especially since the game is doing a lot of things right. Even so, at the end of the day, I just didn't find the motivation to continue playing this game. It has a distinctive art style, is tackling pressing societal issues, and isn't expensive. Gameplay-wise, however, I'm being force-fed documents with the important parts already highlighted. I move these things to a profile, and continue my journey. As I learn more about the person I'm investigating, I'm nevertheless unable to take things back that proved false or misleading. Conclusions based on my findings are left with the NPCs, so in the end, I'm just finding and selecting pieces of information. Maybe that's a solid dystopian view of surveillance in the future, but it wasn't too much fun as a game, at least not for me.

I would compare it to Black Mirror's ""The Waldo Moment"" episode. I appreciate what it's trying to say, but it isn't said in a compelling way.","I feel a bit bad about giving a poor review for a game I received for free, especially since the game is doing a lot of things right. Even so, at the end of the day, I just didn't find the motivation to continue playing this game. It has a distinctive art style, is tackling pressing societal issues, and isn't expensive. Gameplay-wise, however, I'm being force-fed documents with the important parts already highlighted. I move these things to a profile, and continue my journey. As I learn more about the person I'm investigating, I'm nevertheless unable to take things back that proved false or misleading. Conclusions based on my findings are left with the NPCs, so in the end, I'm just finding and selecting pieces of information. Maybe that's a solid dystopian view of surveillance in the future, but it wasn't too much fun as a game, at least not for me. I would compare it to Black Mirror's ""The Waldo Moment"" episode. I appreciate what it's trying to say, but it isn't said in a compelling way.",False,2018-10-12T14:08:11+00:00,2018-10-12T14:10:01+00:00,65.0,65.0,0.0,21.0,0.0,0.5991226434707642,False,True,False,False,76561197987107176,,14.0,False,False,1003,178,1.0833333333333333,1.0833333333333333,1-3h,negative
122772170,491950,orwell,Orwell: Keeping an Eye On You,english,"While the story is interesting and I can see replayability in knowing you've made the wrong move, then creating a new profile and trying to avoid that scenario... I haven't done that. I probably won't either, because I have to agree with other players: the game guides you too much.

You're basically told where to click and when, which completely defeats the point of having all of these fun tools at your disposal--they might as well have dumped all data pieces in a list and had you click on them one by one, all after the other.

The auto-highlighting spoils the point of reading anything. The game warns you that potential choices conflict instead of letting the player decide on how thoroughly they want to investigate before submitting information. Some pieces of info feel completely useless, but your supervisor somehow decides they have more value than they should and the supervisor's decision often feels like a complete whim. And vice-versa: bits of info you feel should be important are locked away or not even meant to be accessible because the game decided ""Nope, I won't even let you go into that dead-end for fun"".

I guess this was worth what I paid for it... $2! and no more. This had a lot of promise but it doesn't have enough depth or freedom of choice for my tastes.","While the story is interesting and I can see replayability in knowing you've made the wrong move, then creating a new profile and trying to avoid that scenario... I haven't done that. I probably won't either, because I have to agree with other players: the game guides you too much. You're basically told where to click and when, which completely defeats the point of having all of these fun tools at your disposal--they might as well have dumped all data pieces in a list and had you click on them one by one, all after the other. The auto-highlighting spoils the point of reading anything. The game warns you that potential choices conflict instead of letting the player decide on how thoroughly they want to investigate before submitting information. Some pieces of info feel completely useless, but your supervisor somehow decides they have more value than they should and the supervisor's decision often feels like a complete whim. And vice-versa: bits of info you feel should be important are locked away or not even meant to be accessible because the game decided ""Nope, I won't even let you go into that dead-end for fun"". I guess this was worth what I paid for it... $2! and no more. This had a lot of promise but it doesn't have enough depth or freedom of choice for my tastes.",False,2022-09-24T22:42:03+00:00,2022-09-24T22:42:03+00:00,420.0,420.0,0.0,17.0,0.0,0.6766191720962524,True,False,False,False,76561198011360381,,9.0,False,False,1287,227,7.0,7.0,3-10h,negative
26261438,491950,orwell,Orwell: Keeping an Eye On You,english,"I wanted to like this game i realy did, however this game is just so hollow. I not aginst games being split into episodes but not only was this first episode short it was dull and boring. 

And as for the game play I say this.....WHAT GAMEPLAY?????

Ive seen tell tale games with more gameplay than this. Literaly all you do is just read fake files and news articles and drag and drop important info into the suspects profile, now that sound fun untill you realize the game highlights everything that you need to put into the profile handing everything to you and presenting no gameplay AT ALL let alone any kind of difficulty. 

Its a cheap game and I can see what they where trying to do with it, but to be honest this game is more hollow than a basketball. If you can get it for 75% off go for it but other than that dont waist your money.","I wanted to like this game i realy did, however this game is just so hollow. I not aginst games being split into episodes but not only was this first episode short it was dull and boring. And as for the game play I say this.....WHAT GAMEPLAY????? Ive seen tell tale games with more gameplay than this. Literaly all you do is just read fake files and news articles and drag and drop important info into the suspects profile, now that sound fun untill you realize the game highlights everything that you need to put into the profile handing everything to you and presenting no gameplay AT ALL let alone any kind of difficulty. Its a cheap game and I can see what they where trying to do with it, but to be honest this game is more hollow than a basketball. If you can get it for 75% off go for it but other than that dont waist your money.",False,2016-10-28T07:54:47+00:00,2016-10-28T07:54:47+00:00,34.0,34.0,0.0,17.0,1.0,0.38839343190193176,True,False,False,True,76561197968328735,,87.0,False,False,837,161,0.5666666666666667,0.5666666666666667,0-1h,negative
155664448,491950,orwell,Orwell: Keeping an Eye On You,english,"I liked the premise of Orwell much more than the actual game. Sadly, the promise of snooping into other people's lives is undermined by the fact that the game holds your hand by highlighting important pieces of text for you, so you aren't actually uncovering anything and you don't much need to worry about the non-highlighted parts.","I liked the premise of Orwell much more than the actual game. Sadly, the promise of snooping into other people's lives is undermined by the fact that the game holds your hand by highlighting important pieces of text for you, so you aren't actually uncovering anything and you don't much need to worry about the non-highlighted parts.",False,2024-01-10T03:13:31+00:00,2024-01-10T03:13:31+00:00,357.0,357.0,0.0,16.0,0.0,0.6636858582496643,False,False,False,False,76561198025224112,,109.0,False,False,333,57,5.95,5.95,3-10h,negative
30084659,491950,orwell,Orwell: Keeping an Eye On You,english,"Short and simple.
It has a very enjoyible narrative where you play as a sort of detective.
Gameplay is limited by rules that are stated in the begining. 

Some more information?
The game is designed for the curious and detective types to search through forums, profiles, live text channels, and police reports to figure out who and why the cause of horrible events happen.
However you can also just as effectively ""play"" the game by scrolling through the pages only looking for the light-blue highlighted words to which you click and drag to the left on the profiles. For live chat rooms, you can just wait for information to show up that is able to be clicked on. The only time where you make a true decision is if you find yellow-highlighted text that contridicts information located somewhere else.

As a narrative experience for those who want to relax back and feel part of the story, this game is fantastic for you.
 For those who thought this would be a Challenging experience will be dissatisfied by simplistic gameplay of clicking and dragging.","Short and simple. It has a very enjoyible narrative where you play as a sort of detective. Gameplay is limited by rules that are stated in the begining. Some more information? The game is designed for the curious and detective types to search through forums, profiles, live text channels, and police reports to figure out who and why the cause of horrible events happen. However you can also just as effectively ""play"" the game by scrolling through the pages only looking for the light-blue highlighted words to which you click and drag to the left on the profiles. For live chat rooms, you can just wait for information to show up that is able to be clicked on. The only time where you make a true decision is if you find yellow-highlighted text that contridicts information located somewhere else. As a narrative experience for those who want to relax back and feel part of the story, this game is fantastic for you. For those who thought this would be a Challenging experience will be dissatisfied by simplistic gameplay of clicking and dragging.",False,2017-02-21T18:47:21+00:00,2017-03-01T20:45:05+00:00,57.0,57.0,0.0,16.0,0.0,0.6393505334854126,True,False,False,False,76561198049966706,,98.0,False,False,1049,182,0.95,0.95,0-1h,negative
35996669,491950,orwell,Orwell: Keeping an Eye On You,english,"Orwell holds your hand so firmly throughout the entirety of the experience that it is almost hard to call it a game. The 1st mission you are given gives you hope of a grand experience of cyber sleuthing where you trawl through the lives of unaware citizens of the nation flagged up by your partner.  Then, you get to the rest of the game and realise that everything is still gloriously highlighted for you and that your only real task is ignoring irrelevant data and every now and then making a decision on certain conflicting datapoints.  It is the height of tedium and only the slow reveal the various charachters and their lives gives this any meaning.
This game tries to do the slow curtain pull that Horizon Zero Dawn did with absolutely none of the charm or charisma of that game.  2hrs in and along with my chances of a refund circling the drain is my level of interest in the conclusion of the story.  I will not come back to finish this none game, this thing that cannot even be described as a jigsaw given that not only are all the pieces highlighted for you, they are then put in place for you.  What is the point?
Orwell is yet another title that has all the potential in the world and delivers on none of it.","Orwell holds your hand so firmly throughout the entirety of the experience that it is almost hard to call it a game. The 1st mission you are given gives you hope of a grand experience of cyber sleuthing where you trawl through the lives of unaware citizens of the nation flagged up by your partner. Then, you get to the rest of the game and realise that everything is still gloriously highlighted for you and that your only real task is ignoring irrelevant data and every now and then making a decision on certain conflicting datapoints. It is the height of tedium and only the slow reveal the various charachters and their lives gives this any meaning. This game tries to do the slow curtain pull that Horizon Zero Dawn did with absolutely none of the charm or charisma of that game. 2hrs in and along with my chances of a refund circling the drain is my level of interest in the conclusion of the story. I will not come back to finish this none game, this thing that cannot even be described as a jigsaw given that not only are all the pieces highlighted for you, they are then put in place for you. What is the point? Orwell is yet another title that has all the potential in the world and delivers on none of it.",False,2017-10-25T20:04:33+00:00,2017-10-25T20:04:33+00:00,155.0,155.0,0.0,16.0,0.0,0.587360680103302,True,False,False,True,76561198006243808,,28.0,False,False,1216,228,2.5833333333333335,2.5833333333333335,1-3h,negative
45139076,491950,orwell,Orwell: Keeping an Eye On You,english,"A boring game with a good idea of gameplay!

https://steamcommunity.com/sharedfiles/filedetails/?id=1531896887
You are an investigator in the world of now/future. There were an terrorist act. You have 1 suspect. You need to gather information from the web and read his chats to prove his involvement.

So, you need to find documents, find important things (they are usually highlighted, so you don't to read whole document, just find them). These things unlock new documents and etc.
So, you do what the game wanted from you to do. It's absolutely linear simulator of investigator.
I found this game extremely monotonous and boring.

https://steamcommunity.com/sharedfiles/filedetails/?id=1531896753
Pros
- A good idea of the gameplay

Cons
- Gameplay is monotonous. Open new documents, drag text boxes, open another document and etc.
- No choices
- Art style is not my cup of tea
- Story and texts are not interesting

https://steamcommunity.com/sharedfiles/filedetails/?id=1531896849
[h1]Resume[/h1]
The game has a good idea of the gameplay, but it is boring. You just need to drag text boxes from time to time and open new documents. You choose nothing, just click, click, click... The story is not engaging. I didn't want to keep playing after a half of hour. I can't recommend this game!","A boring game with a good idea of gameplay! https://steamcommunity.com/sharedfiles/filedetails/?id=1531896887 You are an investigator in the world of now/future. There were an terrorist act. You have 1 suspect. You need to gather information from the web and read his chats to prove his involvement. So, you need to find documents, find important things (they are usually highlighted, so you don't to read whole document, just find them). These things unlock new documents and etc. So, you do what the game wanted from you to do. It's absolutely linear simulator of investigator. I found this game extremely monotonous and boring. https://steamcommunity.com/sharedfiles/filedetails/?id=1531896753 Pros - A good idea of the gameplay Cons - Gameplay is monotonous. Open new documents, drag text boxes, open another document and etc. - No choices - Art style is not my cup of tea - Story and texts are not interesting https://steamcommunity.com/sharedfiles/filedetails/?id=1531896849 [h1]Resume[/h1] The game has a good idea of the gameplay, but it is boring. You just need to drag text boxes from time to time and open new documents. You choose nothing, just click, click, click... The story is not engaging. I didn't want to keep playing after a half of hour. I can't recommend this game!",False,2018-10-06T14:35:52+00:00,2018-10-06T14:41:35+00:00,655.0,655.0,0.0,16.0,0.0,0.5717470049858093,False,False,False,False,76561198263427469,,247.0,False,False,1287,201,10.916666666666666,10.916666666666666,10h+,negative
44201302,491950,orwell,Orwell: Keeping an Eye On You,english,"I thought this game is gonna be challenging, but no! It is just another Dora The Explorer but with terrorism scenario, where your advisor has done all the work and all you have just to do is to drag and drop the highlighted text WITHOUT EVEN reading the articles at all, then bam HOORAY WE DID IT! THANKS TO YOU WE SOLVED THE CASE!...

I know the developer tries to make this game as simple as possible with catching story, but the gameplay just ended up defeating the purpose of this game: to tell a story. Why write such news, biography, timeline when you just straight up highlight the important text to players in no time telling them nonverbally to press that shit so the story can progress.

The story was intriguing while the gameplay was insulting.","I thought this game is gonna be challenging, but no! It is just another Dora The Explorer but with terrorism scenario, where your advisor has done all the work and all you have just to do is to drag and drop the highlighted text WITHOUT EVEN reading the articles at all, then bam HOORAY WE DID IT! THANKS TO YOU WE SOLVED THE CASE!... I know the developer tries to make this game as simple as possible with catching story, but the gameplay just ended up defeating the purpose of this game: to tell a story. Why write such news, biography, timeline when you just straight up highlight the important text to players in no time telling them nonverbally to press that shit so the story can progress. The story was intriguing while the gameplay was insulting.",False,2018-08-17T05:05:04+00:00,2018-08-17T05:05:04+00:00,115.0,115.0,0.0,14.0,0.0,0.5153705477714539,False,True,False,False,76561198088192145,,26.0,False,False,754,137,1.9166666666666667,1.9166666666666667,1-3h,negative
228243130,491950,orwell,Orwell: Keeping an Eye On You,english,"I really wish I liked it because on the paper it's 100% a game for me but I'm forced to admit I just don't.

First of all it's not detective work, you just drop pieces of information in a database hoping it makes the story progress.

Because you're not technically forced to drop all the information in the database, you quickly try to have an impact on the story's progression by keeping some info to yourself, but the story only progresses when specific info is used and you never know which info is necessary or not so you can't really make informed choices on what to give Orwell and what to not.

I quickly find myself stuck with the story not progressing because I've decided to keep a piece of information that's mandatory for the story to continue and so I have to start from the top and review everything which is tedious and drop random bits of information I've kept until I find the one that was necessary for the story to continue which means I really can't choose what I keep or don't keep,

or I straight up give all the info away from the start to not have to review everything later once I'm stuck which again means I can't choose what I keep or don't keep.

There seems to be a system of highlighting the files where there still is relevant information but I don't understand how it works. Sometimes files are highlighted and there's nothing left on them and sometimes they aren't highlighted and there's still important things on them. It's very confusing.

I also suspect the political messaging of the game is really not so subtle and just ""violence is bad"" with no nuance but I can't tell you for sure because I'm too frustrated with the gameplay to go to the end of the story at this point. My other issue with the writing that I just can't seem to get over is that it makes zero sense that people who are fighting surveillance would post on the internet about it with their full name and photo or extremely basic aliases. Not posting about your actions on the internet is activism 101.","I really wish I liked it because on the paper it's 100% a game for me but I'm forced to admit I just don't. First of all it's not detective work, you just drop pieces of information in a database hoping it makes the story progress. Because you're not technically forced to drop all the information in the database, you quickly try to have an impact on the story's progression by keeping some info to yourself, but the story only progresses when specific info is used and you never know which info is necessary or not so you can't really make informed choices on what to give Orwell and what to not. I quickly find myself stuck with the story not progressing because I've decided to keep a piece of information that's mandatory for the story to continue and so I have to start from the top and review everything which is tedious and drop random bits of information I've kept until I find the one that was necessary for the story to continue which means I really can't choose what I keep or don't keep, or I straight up give all the info away from the start to not have to review everything later once I'm stuck which again means I can't choose what I keep or don't keep. There seems to be a system of highlighting the files where there still is relevant information but I don't understand how it works. Sometimes files are highlighted and there's nothing left on them and sometimes they aren't highlighted and there's still important things on them. It's very confusing. I also suspect the political messaging of the game is really not so subtle and just ""violence is bad"" with no nuance but I can't tell you for sure because I'm too frustrated with the gameplay to go to the end of the story at this point. My other issue with the writing that I just can't seem to get over is that it makes zero sense that people who are fighting surveillance would post on the internet about it with their full name and photo or extremely basic aliases. Not posting about your actions on the internet is activism 101.",False,2026-06-18T10:03:27+00:00,2026-06-18T10:07:06+00:00,270.0,254.0,0.0,13.0,0.0,0.6637755036354065,True,False,False,False,76561198981547824,,3.0,False,False,2002,369,4.5,4.233333333333333,3-10h,negative
40958318,491950,orwell,Orwell: Keeping an Eye On You,english,"Good idea but the gameplay is very dull and it highlights everything for you, so I found myself mindlessly clicking to progress the storyline.","Good idea but the gameplay is very dull and it highlights everything for you, so I found myself mindlessly clicking to progress the storyline.",False,2018-03-21T15:30:42+00:00,2018-03-21T15:30:42+00:00,55.0,55.0,0.0,12.0,1.0,0.5362921357154846,False,False,False,False,76561198086274705,,16.0,False,False,142,24,0.9166666666666666,0.9166666666666666,0-1h,negative
79192196,491950,orwell,Orwell: Keeping an Eye On You,english,"Oh man this was bad..
If you came here like me, looking for a modern kudos for the dire dystopian worlds of Animal Farm, 1984 etc., don't.

So in the game you basically just comb through whole lot of material and all the relevant parts pop out highlighted and then you drag them into files. You don't even need to read any of it; it's all chewed up for you. You have no say on the content of the data you feed into the system, nor how it is interpreted. You cannot correct wrong conclusions nor any way communicate with the low IQ bully guy making anemic remarks on every data bit you collect. There's hardly any choice for you at all.

Your start the game by researching a woman named Cassandra, and the first thing you get to read is her social media feed. Apparently Cassandra here went to a punk concert and got so excited of it she dyed her hair blue and posted about it online. Her shocked ""nice and normal"" best friend scolds her for going to a stylist alone and ""ruining her beautiful hair"", other people cheer on her ""becoming punk"" and a pierced rocker dude with spiked hair comments ""good, now I can finally invite you to our (activist) group"". ...Wait, what??

The writing is extremely naive, dumb and ridden with awkward narrow minded stereotypes. I'm dying in agony. It seems like written by very young inexperienced people with not a whole lot of grasp of the world. The game is about you simply chasing down actual criminals from suspects and there is no moral dilemma, no underlying unjust conflict, weird scary social constructs with thought policing nor anything of the likes. It doesn't make you think.

Considering this game is blatantly riding on the great name of Orwell, of all things, it is particularly disastrous. 
It should not have been made. I'm sorry, Mr. George Orwell.","Oh man this was bad.. If you came here like me, looking for a modern kudos for the dire dystopian worlds of Animal Farm, 1984 etc., don't. So in the game you basically just comb through whole lot of material and all the relevant parts pop out highlighted and then you drag them into files. You don't even need to read any of it; it's all chewed up for you. You have no say on the content of the data you feed into the system, nor how it is interpreted. You cannot correct wrong conclusions nor any way communicate with the low IQ bully guy making anemic remarks on every data bit you collect. There's hardly any choice for you at all. Your start the game by researching a woman named Cassandra, and the first thing you get to read is her social media feed. Apparently Cassandra here went to a punk concert and got so excited of it she dyed her hair blue and posted about it online. Her shocked ""nice and normal"" best friend scolds her for going to a stylist alone and ""ruining her beautiful hair"", other people cheer on her ""becoming punk"" and a pierced rocker dude with spiked hair comments ""good, now I can finally invite you to our (activist) group"". ...Wait, what?? The writing is extremely naive, dumb and ridden with awkward narrow minded stereotypes. I'm dying in agony. It seems like written by very young inexperienced people with not a whole lot of grasp of the world. The game is about you simply chasing down actual criminals from suspects and there is no moral dilemma, no underlying unjust conflict, weird scary social constructs with thought policing nor anything of the likes. It doesn't make you think. Considering this game is blatantly riding on the great name of Orwell, of all things, it is particularly disastrous. It should not have been made. I'm sorry, Mr. George Orwell.",False,2020-11-13T11:10:10+00:00,2020-11-13T11:10:10+00:00,301.0,301.0,0.0,11.0,0.0,0.5689617991447449,True,False,False,False,76561198090554256,,27.0,False,False,1796,323,5.016666666666667,5.016666666666667,3-10h,negative
97120597,491950,orwell,Orwell: Keeping an Eye On You,english,"An amazing concept, but the result is disappointing.
1) You do not investigate. You search documents for highlighted clues that you may upload into an investigation database. And you cannot delete them when they turn out to be misleading. Naturally i was careful not to upload dubious claims. Wrong. That gets you stuck. Orwel thrives on rumours, you have to upload these to get new related documents.

2) The writing is boring. The rudimentary gameplay wouldn't matter if the writing was fresh, but the documents you have to go through are as boring as real corporate websites and random people's blogs. Add an annoying coworker and you start regretting you have got that job.

3) The game only pretends to tackle complex issues of privacy and security. The Government is a classical dystopian government that can and will prosecute on ""suggestive evidence"" which can easily be an off-hand remark of a third party taken out-of-context. If you do not like that, you can side with bomb-throwing anarchists. No third option though, so either way there will be bad outcomes. And that is why surveillance is bad, or so the logic goes.","An amazing concept, but the result is disappointing. 1) You do not investigate. You search documents for highlighted clues that you may upload into an investigation database. And you cannot delete them when they turn out to be misleading. Naturally i was careful not to upload dubious claims. Wrong. That gets you stuck. Orwel thrives on rumours, you have to upload these to get new related documents. 2) The writing is boring. The rudimentary gameplay wouldn't matter if the writing was fresh, but the documents you have to go through are as boring as real corporate websites and random people's blogs. Add an annoying coworker and you start regretting you have got that job. 3) The game only pretends to tackle complex issues of privacy and security. The Government is a classical dystopian government that can and will prosecute on ""suggestive evidence"" which can easily be an off-hand remark of a third party taken out-of-context. If you do not like that, you can side with bomb-throwing anarchists. No third option though, so either way there will be bad outcomes. And that is why surveillance is bad, or so the logic goes.",False,2021-08-07T17:18:08+00:00,2021-08-07T17:18:08+00:00,695.0,695.0,0.0,11.0,0.0,0.5477563738822937,True,False,False,False,76561198857666282,,60.0,False,False,1128,191,11.583333333333334,11.583333333333334,10h+,negative
217162393,491950,orwell,Orwell: Keeping an Eye On You,english,"Advertising this as a detective game is a bit misleading. I don't think there is much to 'detect' or deduce in this game at all.
Most of the gameplay is just clicking on a highlighted text chunk (because your progress is tied to collecting those) and then reading a new dialogue/article and clicking highlighted chunks in those.

There are maybe 5-10 places where there are ""conflicting datachunks"" where you have an option to choose (and only a couple of those are of any particular meaning to the story). You can also sometimes choose to withhold the information, but that sometimes proves hard as you do not really know which 'datachunk' is needed to activate the progression.

All in all the story is ok and the gameplay is chill, but as it is this game might as well have been a visual novel.","Advertising this as a detective game is a bit misleading. I don't think there is much to 'detect' or deduce in this game at all. Most of the gameplay is just clicking on a highlighted text chunk (because your progress is tied to collecting those) and then reading a new dialogue/article and clicking highlighted chunks in those. There are maybe 5-10 places where there are ""conflicting datachunks"" where you have an option to choose (and only a couple of those are of any particular meaning to the story). You can also sometimes choose to withhold the information, but that sometimes proves hard as you do not really know which 'datachunk' is needed to activate the progression. All in all the story is ok and the gameplay is chill, but as it is this game might as well have been a visual novel.",False,2026-01-30T13:09:27+00:00,2026-01-30T13:09:27+00:00,389.0,389.0,0.0,10.0,0.0,0.6025038957595825,True,False,False,False,76561197987624828,,79.0,False,False,795,142,6.483333333333333,6.483333333333333,3-10h,negative
69963992,491950,orwell,Orwell: Keeping an Eye On You,english,The game essentially holds your hand all the way through. You literally drag and drop random bits of information from one side of the screen to another which is all pre-highlighted for you - no skill needed. it's essentially just a slightly more interactive story and you have to follow the linear pre-set structure of the story anyways so its hardly a game. Genuinely unsure how people enjoy this.,The game essentially holds your hand all the way through. You literally drag and drop random bits of information from one side of the screen to another which is all pre-highlighted for you - no skill needed. it's essentially just a slightly more interactive story and you have to follow the linear pre-set structure of the story anyways so its hardly a game. Genuinely unsure how people enjoy this.,False,2020-05-28T22:26:49+00:00,2020-05-28T22:26:49+00:00,116.0,116.0,0.0,9.0,0.0,0.610802173614502,True,False,False,False,76561199040437077,,4.0,False,False,398,69,1.9333333333333333,1.9333333333333333,1-3h,negative
199896226,491950,orwell,Orwell: Keeping an Eye On You,english,"pretty disappointed at how limited the game is. it doesn't seem like it really wants you to read and make choices. you just open documents and select pre-highlighted phrases. i thought this would go away after doing the first day/tutorial but it didn't. i wanted to add stuff i was finding while reading different pages of websites, identifying patterns, etc. but it wasn't interact-able. i couldn't move photos to certain profiles when identified photos of them on the schools website or add info about their jobs. it really only let me pick out what it wanted me to, the game didn't really let me think for myself. obviously haven't completed it fully but given that a lot of the other reviews mention the game is centered on this first case and fairly short i'm really not interested after the first couple of days.","pretty disappointed at how limited the game is. it doesn't seem like it really wants you to read and make choices. you just open documents and select pre-highlighted phrases. i thought this would go away after doing the first day/tutorial but it didn't. i wanted to add stuff i was finding while reading different pages of websites, identifying patterns, etc. but it wasn't interact-able. i couldn't move photos to certain profiles when identified photos of them on the schools website or add info about their jobs. it really only let me pick out what it wanted me to, the game didn't really let me think for myself. obviously haven't completed it fully but given that a lot of the other reviews mention the game is centered on this first case and fairly short i'm really not interested after the first couple of days.",False,2025-07-15T23:14:31+00:00,2025-07-15T23:14:31+00:00,55.0,55.0,0.0,9.0,0.0,0.5733788013458252,True,False,False,False,76561198213948784,,10.0,False,False,818,143,0.9166666666666666,0.9166666666666666,0-1h,negative
182628327,491950,orwell,Orwell: Keeping an Eye On You,english,"Bought it cause I'm into Orwell and dystopian stories and such. Was very disappointed. You click on a page and either look for the clickable blue text or waste your time and read it and get immersed like I did. To put it simply, boring. But I stuck with it and gave it a shot. What really grinds my gears is the yellow text. It is supposed to be ""contradictory"" statements, but is anything but.

For example, the first woman you investigate has two posts that ""contradict"" each other where in one post she calls another woman her best friend and in the other she gets mad at said woman. THAT. IS. NOT. CONTRADICTORY. IF ANYTHING, getting frustrated and having strained relationships with friends is extremely common. But you can only pick one making the story that she either ""hates the woman"" or ""is her best friend"" instead of the simple truth that she is her best friend AND they get into fights as can be explained later by the woman being off of her meds.

If you're someone who doesn't like this type of game, you won't enjoy it so don't buy it. If you do enjoy this type of game, you'll likely be disappointed like I was and won't enjoy it, so don't buy it. Not worth even at a sale.","Bought it cause I'm into Orwell and dystopian stories and such. Was very disappointed. You click on a page and either look for the clickable blue text or waste your time and read it and get immersed like I did. To put it simply, boring. But I stuck with it and gave it a shot. What really grinds my gears is the yellow text. It is supposed to be ""contradictory"" statements, but is anything but. For example, the first woman you investigate has two posts that ""contradict"" each other where in one post she calls another woman her best friend and in the other she gets mad at said woman. THAT. IS. NOT. CONTRADICTORY. IF ANYTHING, getting frustrated and having strained relationships with friends is extremely common. But you can only pick one making the story that she either ""hates the woman"" or ""is her best friend"" instead of the simple truth that she is her best friend AND they get into fights as can be explained later by the woman being off of her meds. If you're someone who doesn't like this type of game, you won't enjoy it so don't buy it. If you do enjoy this type of game, you'll likely be disappointed like I was and won't enjoy it, so don't buy it. Not worth even at a sale.",False,2024-12-13T08:53:46+00:00,2024-12-13T08:53:46+00:00,58.0,58.0,0.0,8.0,2.0,0.5820983052253723,True,False,False,False,76561198432162802,,44.0,False,False,1188,223,0.9666666666666667,0.9666666666666667,0-1h,negative
65667389,491950,orwell,Orwell: Keeping an Eye On You,english,"[h1][i]Orwell: Keeping an Eye One You’s[/i] centrism recklessly justifies surveillance[/h1]

[i]Orwell: Keeping an Eye On You[/i] (Osmotic Studios, 2016) should not have to prove that mass surveillance is a public danger. Lifting the name of one of the 20th century’s most enduring authors, [i]Orwell[/i] reverses the traditional dystopian power dynamic by casting the player as an investigator utilizing government software to snoop on anyone deemed potentially dangerous to the state. The setup is almost too clean to be proper satire, too on the nose to spark the outrage necessary to criticize what is fast becoming a common aspect of life.

Across the globe, [url=https://www.amnesty.org.uk/north-korea-surveillance-state-prison-camp-internet-phone-technology]authoritarian[/url] and [url=https://www.washingtonpost.com/graphics/2020/world/national-security/cia-crypto-encryption-machines-espionage/]democratic governments[/url] alike have begun [url=https://www.vice.com/en_us/article/9kx4z8/revealed-this-is-palantirs-top-secret-user-manual-for-cops?utm_source=pocket&utm_medium=email&utm_campaign=pockethits]adopting surveillance technology[/url] under the [url=https://www.vice.com/en_us/article/k7exem/banjo-ai-company-utah-surveillance-panopticon?utm_source=pocket&utm_medium=email&utm_campaign=pockethits]premise of reducing crime[/url]. Few of these programs have detailed exactly what data is being collected and how it is being used, but journalists have exposed many of the ways surveillance programs are only [url=https://www.nytimes.com/2020/03/05/technology/clearview-investors.html?utm_source=pocket&utm_medium=email&utm_campaign=pockethits]further stratifying power along class[/url] and [url=https://www.technologyreview.com/s/612876/this-is-how-ai-bias-really-happensand-why-its-so-hard-to-fix/]racial lines[/url]. The dystopia is already here. The role of fiction is no longer to provide warnings and speculation, it’s to interrogate our current reality.

[i]Orwell[/i] released less than five years ago, but it is shocking how tame its surveillance state looks compared to how corporations and governments are currently operating (and in all likelihood, how they were spying in years prior). For starters, its system is structured to rely on human intuition rather than artificial intelligence. Data points are only considered after they’ve been entered by the investigator, after which supervisors are required to act upon them even to the point of self-incrimination.

Orwell, the program, is portrayed as an equalizing arbiter of justice. Only late in the game is the idea floated that the investigators are being watched too. But by that time the system has already been a resounding success. Lives have been saved and poorly coordinating terrorists are behind bars. If [i]Orwell[/i] intended to question the merit of a nationwide police state, it accidentally proved the other side’s point. In this reality, the only reason to oppose surveillance is that it feels icky to have your phones tapped and your computers bugged.

But this isn’t how surveillance functions, or how these systems are run. Almost universally, modern surveillance technology is autonomous, relying on millions of data points to infer what the system believes a crime to be. This has enormous ramifications when the criminal justice [url=http://inthesetimes.com/working/entry/17505/police_and_poor_people]system disproportionally targets people of color and the poor[/url]. Facial recognition has already been proven to possess the same biases as the system utilizing it, which is to say nothing of the exceptions granted to the wealthy and other members of power.

In [i]Orwell*, the terrorists are strictly ideological. They are educated, wealthy, white, heterosexual philosophers waging a war of ideas that almost by accident turns violent. These people exist, sure, but they are not the ones targeted by surveillance systems. That *Orwell[/i] utterly ignores any possibility of racial and ethnic biases or the role history plays in policing, renders the whole game hollow and borderline optimistic. None of the characters the player investigates are innocent. Orwell is infallible, even if its implementation is unnerving.

The final bizarre and revealing element [i]Orwell[/i] is how little it allows the player to deviate from what the system believes to be relevant. Play involves parsing documents and dragging relevant information over to profiles, but the only pieces of data which can be included are ones the game has highlighted in advance.

This begs the question as to why the player is there. Is it to catch the extremely rare instance of irrelevant data being entered into the system (ie. a person’s favorite color)? If so, why does the supervisor ultimately decide what is and isn’t relevant? Are they meant to be an impartial judge of the people being investigated? Why, then, does the system decide what information can be considered in a case?

[i]Orwell[/i] tries to introduce safeguards into the surveillance operation but in doing so further highlights how futile these measures are in protecting from false imprisonment and machine bias. If we are beginning the conversation at “how do we ethically implement a mass surveillance system” we have already lost. It is not a question of how it can be done, it is a question of how we could allow it to happen. These systems exist. They are being used. Hell, even [url=https://www.nytimes.com/2018/03/19/opinion/facebook-cambridge-analytica.html]Facebook operates in ways indistinguishable from police surveillance[/url] and might be more successful for it.

Games like [i]Orwell[/i] recklessly attempt to work backward from the lies used to justify surveillance, rather than recognizing that we have to fight the concept itself. It is a game decades too late to matter and does more to legitimize its target than it does to take them down.

///

[b]This review appeared on [url=https://kritiqal.com]Kritiqal[/url].[/b]","[h1][i]Orwell: Keeping an Eye One You’s[/i] centrism recklessly justifies surveillance[/h1] [i]Orwell: Keeping an Eye On You[/i] (Osmotic Studios, 2016) should not have to prove that mass surveillance is a public danger. Lifting the name of one of the 20th century’s most enduring authors, [i]Orwell[/i] reverses the traditional dystopian power dynamic by casting the player as an investigator utilizing government software to snoop on anyone deemed potentially dangerous to the state. The setup is almost too clean to be proper satire, too on the nose to spark the outrage necessary to criticize what is fast becoming a common aspect of life. Across the globe, [url=https://www.amnesty.org.uk/north-korea-surveillance-state-prison-camp-internet-phone-technology]authoritarian[/url] and [url=https://www.washingtonpost.com/graphics/2020/world/national-security/cia-crypto-encryption-machines-espionage/]democratic governments[/url] alike have begun [url=https://www.vice.com/en_us/article/9kx4z8/revealed-this-is-palantirs-top-secret-user-manual-for-cops?utm_source=pocket&utm_medium=email&utm_campaign=pockethits]adopting surveillance technology[/url] under the [url=https://www.vice.com/en_us/article/k7exem/banjo-ai-company-utah-surveillance-panopticon?utm_source=pocket&utm_medium=email&utm_campaign=pockethits]premise of reducing crime[/url]. Few of these programs have detailed exactly what data is being collected and how it is being used, but journalists have exposed many of the ways surveillance programs are only [url=https://www.nytimes.com/2020/03/05/technology/clearview-investors.html?utm_source=pocket&utm_medium=email&utm_campaign=pockethits]further stratifying power along class[/url] and [url=https://www.technologyreview.com/s/612876/this-is-how-ai-bias-really-happensand-why-its-so-hard-to-fix/]racial lines[/url]. The dystopia is already here. The role of fiction is no longer to provide warnings and speculation, it’s to interrogate our current reality. [i]Orwell[/i] released less than five years ago, but it is shocking how tame its surveillance state looks compared to how corporations and governments are currently operating (and in all likelihood, how they were spying in years prior). For starters, its system is structured to rely on human intuition rather than artificial intelligence. Data points are only considered after they’ve been entered by the investigator, after which supervisors are required to act upon them even to the point of self-incrimination. Orwell, the program, is portrayed as an equalizing arbiter of justice. Only late in the game is the idea floated that the investigators are being watched too. But by that time the system has already been a resounding success. Lives have been saved and poorly coordinating terrorists are behind bars. If [i]Orwell[/i] intended to question the merit of a nationwide police state, it accidentally proved the other side’s point. In this reality, the only reason to oppose surveillance is that it feels icky to have your phones tapped and your computers bugged. But this isn’t how surveillance functions, or how these systems are run. Almost universally, modern surveillance technology is autonomous, relying on millions of data points to infer what the system believes a crime to be. This has enormous ramifications when the criminal justice [url=http://inthesetimes.com/working/entry/17505/police_and_poor_people]system disproportionally targets people of color and the poor[/url]. Facial recognition has already been proven to possess the same biases as the system utilizing it, which is to say nothing of the exceptions granted to the wealthy and other members of power. In [i]Orwell*, the terrorists are strictly ideological. They are educated, wealthy, white, heterosexual philosophers waging a war of ideas that almost by accident turns violent. These people exist, sure, but they are not the ones targeted by surveillance systems. That *Orwell[/i] utterly ignores any possibility of racial and ethnic biases or the role history plays in policing, renders the whole game hollow and borderline optimistic. None of the characters the player investigates are innocent. Orwell is infallible, even if its implementation is unnerving. The final bizarre and revealing element [i]Orwell[/i] is how little it allows the player to deviate from what the system believes to be relevant. Play involves parsing documents and dragging relevant information over to profiles, but the only pieces of data which can be included are ones the game has highlighted in advance. This begs the question as to why the player is there. Is it to catch the extremely rare instance of irrelevant data being entered into the system (ie. a person’s favorite color)? If so, why does the supervisor ultimately decide what is and isn’t relevant? Are they meant to be an impartial judge of the people being investigated? Why, then, does the system decide what information can be considered in a case? [i]Orwell[/i] tries to introduce safeguards into the surveillance operation but in doing so further highlights how futile these measures are in protecting from false imprisonment and machine bias. If we are beginning the conversation at “how do we ethically implement a mass surveillance system” we have already lost. It is not a question of how it can be done, it is a question of how we could allow it to happen. These systems exist. They are being used. Hell, even [url=https://www.nytimes.com/2018/03/19/opinion/facebook-cambridge-analytica.html]Facebook operates in ways indistinguishable from police surveillance[/url] and might be more successful for it. Games like [i]Orwell[/i] recklessly attempt to work backward from the lies used to justify surveillance, rather than recognizing that we have to fight the concept itself. It is a game decades too late to matter and does more to legitimize its target than it does to take them down. /// [b]This review appeared on [url=https://kritiqal.com]Kritiqal[/url].[/b]",False,2020-03-24T00:08:30+00:00,2020-03-24T00:08:30+00:00,549.0,549.0,0.0,8.0,2.0,0.5650344491004944,False,False,False,False,76561198022997080,,388.0,False,False,5979,794,9.15,9.15,3-10h,negative
44710309,491950,orwell,Orwell: Keeping an Eye On You,english,"[h1]TL:DR[/h1]

If you expect the real CONSEQUENCES of YOUR actions - do not buy this game.
If you're ok with a tell-tale game with mostly textual narrative and poor amount of player choices - it's actually a good one and you really should try it. I only gave it thumb down because I'm personally not okay with the whole thing.

[h1]Now, the long review[/h1]

At first glance the game looks like a game about consequences. And it really tries to look like one. But in fact, it’s not. In the description they say ""the information you supply will have consequences"", but most of the game scriptwriters just lead you by the hand. It’s like playing a visual novel with dialogue options, but most of them have only one option (ridiculous, right?). Or two, both leading to the same branch but having different lines as reactions to them.
You see a chunk of info that will certainly make Symes do the wrong thing, because it's out of context, so you decide to omit it. BUT for the further story development it either won't affect a thing, or will be required for the script to go on.
You see the connection between two personages, it’s drawn at the relationships net after you add the corresponding datachunk. But you cannot fill the profile of that new guy, until he’s not a “target”, even tho you have tonns of info right before your eyes. Given there’s often no police records on the suspects, sometimes you’d really have done better with just google, no orwell system needed. So basically in Orwell you just search for the highlighted text in docs or chats and click on it.
And since there were no crucial info in all the unhighlighted text walls (and even if there were, you couldn't do anything about it if it's not highlighted as a data chunk) I've just begun to skip most of the text. The datachunks you see will lead you to the goal, and if there's a script branch, you won't miss it in most cases. But, again, it's hard to tell whether there's a branch (even for the ""conflicting chunks"") since there's like one real branch per day, and everything else doesn't really affect the day's outcome and seem to differ only in Symes' comments (and sometimes you can even notice mismatches in chains of his comments if you do something not in the order devs predicted ([spoiler]On the third day that Symes guy says ""WOW, Harrison and Juliet were together! How interesting"", while it's only UPDATE on the notion you make during the second day, Again, from 2nd day's start you get that they were together, but only at the end of the day you finally have a chance to add this to their files, therefore Symes only knows it at the end of the day, because he's out of context, which is FUKKEN STUPID AT THE FIRST PLACE[/spoiler]). 

The story is cool though. If we omit the poor gameplay and irrational investigator-symes thing, the story itself is really thrilling. I don’t think I’d last till the end of the first episode f it wasn’t for the story. 
 
But the story is not enough to recommend this piece of art as a game. Its gameplay and theme seem to be about choices, but in fact it’s just a point-and-click with prescripted everything.
Yet it’d be a great BOOK, if the player and Symes were united into single main character. Or it could be a good game with more VN-like gameplay (and again, division into invest and Symes-thing is YET WOULD BE ridiculous). But when you have a whole spy system at your control, you expect much more freedom.
Or, perhaps, that’s exactly the point - there’s no freedom in this game?","[h1]TL:DR[/h1] If you expect the real CONSEQUENCES of YOUR actions - do not buy this game. If you're ok with a tell-tale game with mostly textual narrative and poor amount of player choices - it's actually a good one and you really should try it. I only gave it thumb down because I'm personally not okay with the whole thing. [h1]Now, the long review[/h1] At first glance the game looks like a game about consequences. And it really tries to look like one. But in fact, it’s not. In the description they say ""the information you supply will have consequences"", but most of the game scriptwriters just lead you by the hand. It’s like playing a visual novel with dialogue options, but most of them have only one option (ridiculous, right?). Or two, both leading to the same branch but having different lines as reactions to them. You see a chunk of info that will certainly make Symes do the wrong thing, because it's out of context, so you decide to omit it. BUT for the further story development it either won't affect a thing, or will be required for the script to go on. You see the connection between two personages, it’s drawn at the relationships net after you add the corresponding datachunk. But you cannot fill the profile of that new guy, until he’s not a “target”, even tho you have tonns of info right before your eyes. Given there’s often no police records on the suspects, sometimes you’d really have done better with just google, no orwell system needed. So basically in Orwell you just search for the highlighted text in docs or chats and click on it. And since there were no crucial info in all the unhighlighted text walls (and even if there were, you couldn't do anything about it if it's not highlighted as a data chunk) I've just begun to skip most of the text. The datachunks you see will lead you to the goal, and if there's a script branch, you won't miss it in most cases. But, again, it's hard to tell whether there's a branch (even for the ""conflicting chunks"") since there's like one real branch per day, and everything else doesn't really affect the day's outcome and seem to differ only in Symes' comments (and sometimes you can even notice mismatches in chains of his comments if you do something not in the order devs predicted ([spoiler]On the third day that Symes guy says ""WOW, Harrison and Juliet were together! How interesting"", while it's only UPDATE on the notion you make during the second day, Again, from 2nd day's start you get that they were together, but only at the end of the day you finally have a chance to add this to their files, therefore Symes only knows it at the end of the day, because he's out of context, which is FUKKEN STUPID AT THE FIRST PLACE[/spoiler]). The story is cool though. If we omit the poor gameplay and irrational investigator-symes thing, the story itself is really thrilling. I don’t think I’d last till the end of the first episode f it wasn’t for the story. But the story is not enough to recommend this piece of art as a game. Its gameplay and theme seem to be about choices, but in fact it’s just a point-and-click with prescripted everything. Yet it’d be a great BOOK, if the player and Symes were united into single main character. Or it could be a good game with more VN-like gameplay (and again, division into invest and Symes-thing is YET WOULD BE ridiculous). But when you have a whole spy system at your control, you expect much more freedom. Or, perhaps, that’s exactly the point - there’s no freedom in this game?",False,2018-09-13T10:25:51+00:00,2018-09-20T22:59:22+00:00,484.0,484.0,0.0,8.0,1.0,0.5259267687797546,False,True,False,False,76561198029211673,,37.0,False,False,3501,632,8.066666666666666,8.066666666666666,3-10h,negative
26302478,491950,orwell,Orwell: Keeping an Eye On You,english,"At first I was intrigeud by the concept of the game but after 30 minutes of gameplay it felt more like a guided tour than an interactive experience. 

The game starts with CCTV footage of a bombing at a plaza. In that footage a woman who has a criminal record is identified. From her you will start your investigation. The game presents you with newspaper articles, web pages as well as personal communication logs in which you will find marked passages of text or pictures, so called data junks, which you can upload to an agency to complete a person profile as well as finding connections to other people. 

Unfortunately you can't upload information which the game itself deems unrelevent. Some information which is rather useless needs to be uploaded to progress. Some information will even be taken out of context and there is nothing you can do than upload it and watch your handler making the wrong asumptions.

In one instance you have the profile of a person without the picture. You will find that persons picture very soon but will be unable to upload it. In another instance a data junk you can upload will be totally out of context from the conversation it can be taken. The worst was that on time where I could not upload proof of a direct connection beween a persons statement and the letter of intent which was sent to a ploice department prior to the bombing. Ironicly, at the very beginning, the game warns you to make sure not to upload anything that might be misleading or irellevant.

If you are looking for a story in wich you just press highlighted pieces of text to progress this might be the game for you. If you where hoping for a game in wich you are asked to find out what happened using online surveilance you might want to look somewhere else.
","At first I was intrigeud by the concept of the game but after 30 minutes of gameplay it felt more like a guided tour than an interactive experience. The game starts with CCTV footage of a bombing at a plaza. In that footage a woman who has a criminal record is identified. From her you will start your investigation. The game presents you with newspaper articles, web pages as well as personal communication logs in which you will find marked passages of text or pictures, so called data junks, which you can upload to an agency to complete a person profile as well as finding connections to other people. Unfortunately you can't upload information which the game itself deems unrelevent. Some information which is rather useless needs to be uploaded to progress. Some information will even be taken out of context and there is nothing you can do than upload it and watch your handler making the wrong asumptions. In one instance you have the profile of a person without the picture. You will find that persons picture very soon but will be unable to upload it. In another instance a data junk you can upload will be totally out of context from the conversation it can be taken. The worst was that on time where I could not upload proof of a direct connection beween a persons statement and the letter of intent which was sent to a ploice department prior to the bombing. Ironicly, at the very beginning, the game warns you to make sure not to upload anything that might be misleading or irellevant. If you are looking for a story in wich you just press highlighted pieces of text to progress this might be the game for you. If you where hoping for a game in wich you are asked to find out what happened using online surveilance you might want to look somewhere else.",False,2016-10-29T22:38:34+00:00,2016-10-29T22:38:34+00:00,35.0,35.0,0.0,8.0,0.0,0.4594694972038269,True,False,False,False,76561198007201669,,4.0,False,False,1767,319,0.5833333333333334,0.5833333333333334,0-1h,negative
37441129,491950,orwell,Orwell: Keeping an Eye On You,english,"Here's what happens: You get told to look up this woman who may have commited a crime. You don't actually look up anything, you just click on the page it gives you. It highlights what in that page you are supposed to save. It tells you when you have collected all of the information from that page and moves on to the next one. The entire game is just looking at these pages, or conversations, and dragging highlighted text or photos to a folder. That's it.
This game doesn't require thinking, not really. I thought the fact that you could choose what text you send over meant you could omit anything you wanted, but then it won't move on to the next series of pages. You have to send it something, and it pretty much all leads to the same outcomes.
It could have been a lot better. If it wasn't so linear, if you were left to search and find things on your own, if you could pick out which people to build a dossier on, anything like that would have made this awesome.","Here's what happens: You get told to look up this woman who may have commited a crime. You don't actually look up anything, you just click on the page it gives you. It highlights what in that page you are supposed to save. It tells you when you have collected all of the information from that page and moves on to the next one. The entire game is just looking at these pages, or conversations, and dragging highlighted text or photos to a folder. That's it. This game doesn't require thinking, not really. I thought the fact that you could choose what text you send over meant you could omit anything you wanted, but then it won't move on to the next series of pages. You have to send it something, and it pretty much all leads to the same outcomes. It could have been a lot better. If it wasn't so linear, if you were left to search and find things on your own, if you could pick out which people to build a dossier on, anything like that would have made this awesome.",False,2017-11-25T00:43:48+00:00,2017-11-25T00:43:48+00:00,147.0,79.0,0.0,7.0,0.0,0.560874879360199,True,False,False,True,76561198020740602,,128.0,False,False,969,185,2.45,1.3166666666666667,1-3h,negative
133731855,491950,orwell,Orwell: Keeping an Eye On You,english,Skim documents for highlighted text; click enough highlights and the story progresses. It's stunningly shallow for a game about investigations.,Skim documents for highlighted text; click enough highlights and the story progresses. It's stunningly shallow for a game about investigations.,False,2023-02-27T10:32:45+00:00,2023-02-27T10:32:45+00:00,87.0,87.0,0.0,7.0,0.0,0.5604395270347595,True,False,False,False,76561198091943654,,60.0,False,False,143,20,1.45,1.45,1-3h,negative
72917130,491950,orwell,Orwell: Keeping an Eye On You,english,"It's really hard for me to determine whether I do or don't recommend this, as I'm right on the line. I think overall, though, I have to lean into not recommending it.

The game starts off really well, with a really balanced juxtaposition of people being concerned about privacy versus the very real result of what you're able to accomplish through spying, really highlighting the blurred line between privacy and security. Further, the fact that there are rules in place - such as you can't hack someone without what is essentially a warrant from higher up in the system - makes it feel more grounded, and honestly like a more fair system. 

However, as you reach the end of the game, this completely falls apart. In the closing act, you get beaten around the head with the game designers' opinion, which is a very black-and-white ""spying bad, privacy good"", which entirely undermines the nuance the entire game up until that point had executed so well. I'll save the spoiler-filled rant for the end.

In addition to this, the gameplay has some glaring flaws. There are certain pieces of information that you absolutely [i]must[/i] collect to move forward, which is sometimes information that seems completely irrelevant (and you're outright told not to submit irrelevant information), forcing you to comb through every possible source with a fine-toothed comb, and sometimes just guess what they want you to submit.

Also, you can only extract verbatim phrases to submit, devoid of any context or clarification. Often, this leads to bizarre interpretations from the game. Like, apparently the game makers think [spoiler]that Depression or PTSD are things that make someone dangerous, rather than being a potentially debilitating disability[/spoiler]. Or perhaps you want to flag one piece of information because of it's context, but because that context isn't part of the auto-selected snippet, the game completely misinterprets it. For example, [spoiler]one girl is in a relationship with a guy, and helps herself to his wallet to make a couple purchases. Any reasonable person would have enough context to say, ""Oh, she's borrowing his wallet, and he's only mildly annoyed that she's spending a lot? Clearly they are in a very serious relationship."" How about the game? ""She took his wallet? She has a history of theft! She's clearly a criminal!""[/spoiler] Like, wtf?

So that's why I just can't recommend this game. Despite the promise it shows, it really undermines itself, especially in the final stretch.

Now, about that endgame rant... Endgame spoilers follow: [spoiler]You reach the end of the game, and basically get lectured at by someone who (1) organized multiple bombings that killed dozens of people, (2) lied to and manipulated multiple friends to do her dirty work, ruining their lives, and (3) is completely unrepentant (going with the ""can't make an omelet without breaking a few eggs"" excuse). What's worse, is that she did all this to protest the whole mass-spying thing, but the only reason you're even spying on anyone in that community is because of the bombings! Literally, she created the problem that she's complaining about.[/spoiler]

[spoiler]Meanwhile, you (potentially) used [i]your[/i] minor sin of spying to save dozens or even hundreds of lives at the mall [i]she[/i] tried to bomb - targeting civilians to make people care more about her message. She also blames you for sending police in who end up killing her friend, just because, you know, they actually [i]were[/i] guilty of setting bombs to kill people, and opened fire on the police. How dare those cops return fire on a known bomber who is armed and dangerous just because she shot first![/spoiler]

[spoiler]And what's worse, is that all the other people involved in the plot-device-conference-call at the end [i]take her side![/i] Like, [i]really?[/i] In the end, you're basically pushed to take down the entire system you've been a part of, despite the fact that the game shows it doing an objectively good job of keeping people safe and bringing conspiracies to justice, because spying is bad, just, end of story, just take our word for that.[/spoiler]","It's really hard for me to determine whether I do or don't recommend this, as I'm right on the line. I think overall, though, I have to lean into not recommending it. The game starts off really well, with a really balanced juxtaposition of people being concerned about privacy versus the very real result of what you're able to accomplish through spying, really highlighting the blurred line between privacy and security. Further, the fact that there are rules in place - such as you can't hack someone without what is essentially a warrant from higher up in the system - makes it feel more grounded, and honestly like a more fair system. However, as you reach the end of the game, this completely falls apart. In the closing act, you get beaten around the head with the game designers' opinion, which is a very black-and-white ""spying bad, privacy good"", which entirely undermines the nuance the entire game up until that point had executed so well. I'll save the spoiler-filled rant for the end. In addition to this, the gameplay has some glaring flaws. There are certain pieces of information that you absolutely [i]must[/i] collect to move forward, which is sometimes information that seems completely irrelevant (and you're outright told not to submit irrelevant information), forcing you to comb through every possible source with a fine-toothed comb, and sometimes just guess what they want you to submit. Also, you can only extract verbatim phrases to submit, devoid of any context or clarification. Often, this leads to bizarre interpretations from the game. Like, apparently the game makers think [spoiler]that Depression or PTSD are things that make someone dangerous, rather than being a potentially debilitating disability[/spoiler]. Or perhaps you want to flag one piece of information because of it's context, but because that context isn't part of the auto-selected snippet, the game completely misinterprets it. For example, [spoiler]one girl is in a relationship with a guy, and helps herself to his wallet to make a couple purchases. Any reasonable person would have enough context to say, ""Oh, she's borrowing his wallet, and he's only mildly annoyed that she's spending a lot? Clearly they are in a very serious relationship."" How about the game? ""She took his wallet? She has a history of theft! She's clearly a criminal!""[/spoiler] Like, wtf? So that's why I just can't recommend this game. Despite the promise it shows, it really undermines itself, especially in the final stretch. Now, about that endgame rant... Endgame spoilers follow: [spoiler]You reach the end of the game, and basically get lectured at by someone who (1) organized multiple bombings that killed dozens of people, (2) lied to and manipulated multiple friends to do her dirty work, ruining their lives, and (3) is completely unrepentant (going with the ""can't make an omelet without breaking a few eggs"" excuse). What's worse, is that she did all this to protest the whole mass-spying thing, but the only reason you're even spying on anyone in that community is because of the bombings! Literally, she created the problem that she's complaining about.[/spoiler] [spoiler]Meanwhile, you (potentially) used [i]your[/i] minor sin of spying to save dozens or even hundreds of lives at the mall [i]she[/i] tried to bomb - targeting civilians to make people care more about her message. She also blames you for sending police in who end up killing her friend, just because, you know, they actually [i]were[/i] guilty of setting bombs to kill people, and opened fire on the police. How dare those cops return fire on a known bomber who is armed and dangerous just because she shot first![/spoiler] [spoiler]And what's worse, is that all the other people involved in the plot-device-conference-call at the end [i]take her side![/i] Like, [i]really?[/i] In the end, you're basically pushed to take down the entire system you've been a part of, despite the fact that the game shows it doing an objectively good job of keeping people safe and bringing conspiracies to justice, because spying is bad, just, end of story, just take our word for that.[/spoiler]",False,2020-07-18T21:57:37+00:00,2020-07-18T21:57:37+00:00,397.0,397.0,0.0,6.0,0.0,0.5758354663848877,False,False,False,False,76561198059140487,,179.0,False,False,4142,677,6.616666666666666,6.616666666666666,3-10h,negative
50844041,491950,orwell,Orwell: Keeping an Eye On You,english,"It seems there is a great message behind this ""game"", but its not a game really, its just virtual web browser, chat simulator. The game is on topic, but its not ""gamey"" at all. Its devoid of any real gameplay. Basically, your read web articles, select text from web pages, soc networks or people chat rooms, and just clicks on already highlighted text elements with rudimentary choice whether to take info into consideration or not.

As I said, there is a message to be delivered and fraction of that NSA spying atmosphere, and very little real simulation but that's it. Game devs took the bare elements of the idea, simplified them to the maximum, and in the end you are ended just reading web articles and peoples soc net posts and private chats, based on which you decide whether to arrest them or not! Too much simplified, but visually slick representation of some kind of spying tool of which you are an operator.","It seems there is a great message behind this ""game"", but its not a game really, its just virtual web browser, chat simulator. The game is on topic, but its not ""gamey"" at all. Its devoid of any real gameplay. Basically, your read web articles, select text from web pages, soc networks or people chat rooms, and just clicks on already highlighted text elements with rudimentary choice whether to take info into consideration or not. As I said, there is a message to be delivered and fraction of that NSA spying atmosphere, and very little real simulation but that's it. Game devs took the bare elements of the idea, simplified them to the maximum, and in the end you are ended just reading web articles and peoples soc net posts and private chats, based on which you decide whether to arrest them or not! Too much simplified, but visually slick representation of some kind of spying tool of which you are an operator.",False,2019-05-25T20:36:57+00:00,2019-05-25T20:36:57+00:00,170.0,170.0,0.0,6.0,0.0,0.5091343522071838,False,False,False,False,76561198019429305,,39.0,False,False,917,163,2.8333333333333335,2.8333333333333335,1-3h,negative
40947582,491950,orwell,Orwell: Keeping an Eye On You,english,Terribly boring story with gameplay that highlights literally everything for you so you don't even need to pay attention in a game about investigation and conspiracy. Save your money.,Terribly boring story with gameplay that highlights literally everything for you so you don't even need to pay attention in a game about investigation and conspiracy. Save your money.,False,2018-03-20T23:05:57+00:00,2018-03-20T23:05:57+00:00,334.0,27.0,0.0,5.0,0.0,0.4913176894187927,False,False,False,False,76561198067313338,,17.0,False,False,183,29,5.566666666666666,0.45,0-1h,negative
40386799,491950,orwell,Orwell: Keeping an Eye On You,english,"Let me preface by saying the game premise is, in itself, good. The game itself is good. It's just that it has a few flaws that make me hesitant to recommend it. The main two are:

- The game is short; easily completable in an hour or so.
- The game requires no concentration, as it literally highlights everything you need to read.","Let me preface by saying the game premise is, in itself, good. The game itself is good. It's just that it has a few flaws that make me hesitant to recommend it. The main two are: - The game is short; easily completable in an hour or so. - The game requires no concentration, as it literally highlights everything you need to read.",False,2018-02-25T12:33:47+00:00,2018-02-25T12:33:47+00:00,211.0,178.0,0.0,5.0,0.0,0.4731546938419342,True,False,False,False,76561198064356872,,17.0,False,False,330,63,3.5166666666666666,2.966666666666667,1-3h,negative
36564583,491950,orwell,Orwell: Keeping an Eye On You,english,"There really should be a ""maybe"" option for steam reviews... Orwell is a decent game, just not the kind of game that is engaging for me.

Orwell is more a graphic adventure game rather than the espionage game it was advertised as. If you like Life is Strange, you'd probably like Orwell. 
Sadly this is not my cup of tea. I want to actually think and *play* a game. If I want a story I'd watch a movie or a let's play... The story had to be deeper than this for me to be interested.

The good:
Orwell did a good job at designing the user interface. It's beautiful, functional, and believable. The artstyle is unique and pleasing to the eye.
You'd find that despite the handholding, you will have to make choices that will have separate story outcomes. Some choices are more ""right"" than others, There're be hints in the game to help you make the right choice, so the choices are at least not just random.

The bad:
However, just like the other reviewers had pointed out, the articles and character profiles are too simplistic, it doesn't feel ""real"" enough. This design choice is understandable since adding fluff and pointless information just for the sake of making the sites ""real"" doesn't help with immersion either. What would help with immersion is the compelling content; which I find sadly lacking here... I find myself just skimming through for highlights. It's too much hand-holding for my taste. Really, they could have made it so much better by just making the relevant text unhighlighted so we have to actually spend effort reading and playing the game as ""intended"".","There really should be a ""maybe"" option for steam reviews... Orwell is a decent game, just not the kind of game that is engaging for me. Orwell is more a graphic adventure game rather than the espionage game it was advertised as. If you like Life is Strange, you'd probably like Orwell. Sadly this is not my cup of tea. I want to actually think and *play* a game. If I want a story I'd watch a movie or a let's play... The story had to be deeper than this for me to be interested. The good: Orwell did a good job at designing the user interface. It's beautiful, functional, and believable. The artstyle is unique and pleasing to the eye. You'd find that despite the handholding, you will have to make choices that will have separate story outcomes. Some choices are more ""right"" than others, There're be hints in the game to help you make the right choice, so the choices are at least not just random. The bad: However, just like the other reviewers had pointed out, the articles and character profiles are too simplistic, it doesn't feel ""real"" enough. This design choice is understandable since adding fluff and pointless information just for the sake of making the sites ""real"" doesn't help with immersion either. What would help with immersion is the compelling content; which I find sadly lacking here... I find myself just skimming through for highlights. It's too much hand-holding for my taste. Really, they could have made it so much better by just making the relevant text unhighlighted so we have to actually spend effort reading and playing the game as ""intended"".",False,2017-11-17T05:15:00+00:00,2017-11-17T05:15:00+00:00,482.0,42.0,0.0,4.0,0.0,0.5747643709182739,True,False,False,False,76561198041733993,,3.0,False,False,1576,277,8.033333333333333,0.7,0-1h,negative
33136404,491950,orwell,Orwell: Keeping an Eye On You,english,"I played this game through once, and am surprised to read so many positive reviews, especially about the witing and characterisation which was weak, cliched and overall, spoilt my sense of immersion. 


I felt railroaded by this game- especially by your ""advisor"" who is constantly interrupting with inane nonsense. I rarely felt as though my choices seemed to matter. More so at the end, but by then I'd already resigned myself to the fact that this was an experience, not a game. 


The story itself was fine, and I like the general idea and premise of the game- putting you in the role of the investigator, making decisions which would cause the lives or deaths of the people you were investigating in, what must be seen as, a morally dubious way. 

The problem is, I never really did feel as though I was investigating, because for at least the first two days the game completely spoon feeds you, and feels as though nothing you do matters- the course of the story is inevitable. I don't mind being railroaded, but the game should at least have the illusion of choice. Every ""data chunk"" you upload causes something else to beep, leading you to the next. There is very little true decision making till the last day. 

Another problem is the extremely weak cast of characters who are all based on familiar and unimaginative stereotypes: the rebellious rich girl, the arrogant rockboy agintant, the foriegn professor with a mysterious past. The stereotypes might have been passable if it were not for the atociously written dialogue, which felt more like a high school drama conducted entiely by people with sub-par IQs. I found myself disliking all the characters and being irritated by the dialogue which so clearly served an agenda to ilucidate parts of the plot, instead of giving any sense of them being real people with real motivations. 

I also found the constant interruptions, the slow type speed of the conversations to be obnoxiously aggravating. The ""assistant"" rarely says anything of actual worth, and when taking data chunks in mid-conversation I really wish I could have switched him off, or the developers had limited his appearence. I also found the way that all new or unread data pinged up and highlighted in red meant that I almost never needed to think. I am sure that you could complete this game in a foriegn language just by clicking where the game told you, without understanding a single word of what's written. 

Now, having said all of this, I bought the game on sale and it's cheap. 5 hours of play time for £3.50- I guess there is a limit to what you can expect a studio to produce for that sort of budget. I'm pleased I didn't pay £7 for it though. 


Overall I think it's a poor handling of a great concept, and thus a wasted opportunity.","I played this game through once, and am surprised to read so many positive reviews, especially about the witing and characterisation which was weak, cliched and overall, spoilt my sense of immersion. I felt railroaded by this game- especially by your ""advisor"" who is constantly interrupting with inane nonsense. I rarely felt as though my choices seemed to matter. More so at the end, but by then I'd already resigned myself to the fact that this was an experience, not a game. The story itself was fine, and I like the general idea and premise of the game- putting you in the role of the investigator, making decisions which would cause the lives or deaths of the people you were investigating in, what must be seen as, a morally dubious way. The problem is, I never really did feel as though I was investigating, because for at least the first two days the game completely spoon feeds you, and feels as though nothing you do matters- the course of the story is inevitable. I don't mind being railroaded, but the game should at least have the illusion of choice. Every ""data chunk"" you upload causes something else to beep, leading you to the next. There is very little true decision making till the last day. Another problem is the extremely weak cast of characters who are all based on familiar and unimaginative stereotypes: the rebellious rich girl, the arrogant rockboy agintant, the foriegn professor with a mysterious past. The stereotypes might have been passable if it were not for the atociously written dialogue, which felt more like a high school drama conducted entiely by people with sub-par IQs. I found myself disliking all the characters and being irritated by the dialogue which so clearly served an agenda to ilucidate parts of the plot, instead of giving any sense of them being real people with real motivations. I also found the constant interruptions, the slow type speed of the conversations to be obnoxiously aggravating. The ""assistant"" rarely says anything of actual worth, and when taking data chunks in mid-conversation I really wish I could have switched him off, or the developers had limited his appearence. I also found the way that all new or unread data pinged up and highlighted in red meant that I almost never needed to think. I am sure that you could complete this game in a foriegn language just by clicking where the game told you, without understanding a single word of what's written. Now, having said all of this, I bought the game on sale and it's cheap. 5 hours of play time for £3.50- I guess there is a limit to what you can expect a studio to produce for that sort of budget. I'm pleased I didn't pay £7 for it though. Overall I think it's a poor handling of a great concept, and thus a wasted opportunity.",False,2017-07-02T15:21:33+00:00,2017-07-02T15:21:33+00:00,286.0,286.0,0.0,4.0,0.0,0.5528455376625061,True,False,False,False,76561198068077007,,1.0,False,False,2757,485,4.766666666666667,4.766666666666667,3-10h,negative
130002384,491950,orwell,Orwell: Keeping an Eye On You,english,"I bought this game with the surveillance pack while it was on sale, and boy do I regret it. This game has a fun idea, but that's about it.

First, the gameplay is very disappointing and tiring. You don't have to look for anything, as everything is highlighted. There are few choices, and you only need to click and drag on the side. Every time you put a clue into the ""database,"" you get interrupted by a guy either mocking you for adding an ""useless"" piece of information or explaining what you just added and how it helps in the story line. You can never be wrong putting a clue because you get corrected or the guy confirms that the clue is correct and explains it, it just feels like you're on a tutorial mode the entire game. Also, the fact that you can't change the clues you added or erase them is a pain. You can prevent that by hovering over a clue to see what it will add, but I didn't know that because this game bugged so much that the information didn't appear until mid-game.

The story is simple and I found it okay. It has some plot twists, etc., but it is very long for its worth. There are multiple endings, and just to get one is very confusing because it feels like every possible ending is being thrown at you and you have to pick one. I already forced myself to finish one, and I don't think I will launch this game again.

Overall, if you're looking for a small investigation game or want to feel like a detective, pass on this game. It would have been a great mobile game, but is tedious on PC.

To show you how bad I felt playing this, this is my first review I have ever made. It's not that I didn't like the game; I really [u][i]disliked[/i][/u] it and forced my way until the end.","I bought this game with the surveillance pack while it was on sale, and boy do I regret it. This game has a fun idea, but that's about it. First, the gameplay is very disappointing and tiring. You don't have to look for anything, as everything is highlighted. There are few choices, and you only need to click and drag on the side. Every time you put a clue into the ""database,"" you get interrupted by a guy either mocking you for adding an ""useless"" piece of information or explaining what you just added and how it helps in the story line. You can never be wrong putting a clue because you get corrected or the guy confirms that the clue is correct and explains it, it just feels like you're on a tutorial mode the entire game. Also, the fact that you can't change the clues you added or erase them is a pain. You can prevent that by hovering over a clue to see what it will add, but I didn't know that because this game bugged so much that the information didn't appear until mid-game. The story is simple and I found it okay. It has some plot twists, etc., but it is very long for its worth. There are multiple endings, and just to get one is very confusing because it feels like every possible ending is being thrown at you and you have to pick one. I already forced myself to finish one, and I don't think I will launch this game again. Overall, if you're looking for a small investigation game or want to feel like a detective, pass on this game. It would have been a great mobile game, but is tedious on PC. To show you how bad I felt playing this, this is my first review I have ever made. It's not that I didn't like the game; I really [u][i]disliked[/i][/u] it and forced my way until the end.",False,2023-01-03T05:23:59+00:00,2023-01-03T05:23:59+00:00,293.0,293.0,0.0,4.0,0.0,0.5519999861717224,True,False,False,False,76561198179431543,,1.0,False,False,1704,328,4.883333333333334,4.883333333333334,3-10h,negative
109653879,491950,orwell,Orwell: Keeping an Eye On You,english,This game could've been better if the creators had made it even the slightest bit challenging. Everything you need to find is highlighted and spelled out for you. Ultimately this feels more like reading a story than playing a game.,This game could've been better if the creators had made it even the slightest bit challenging. Everything you need to find is highlighted and spelled out for you. Ultimately this feels more like reading a story than playing a game.,False,2022-02-06T15:58:54+00:00,2022-02-06T15:58:54+00:00,475.0,475.0,0.0,4.0,0.0,0.5443575382232666,True,False,False,False,76561199117941376,,38.0,False,False,231,40,7.916666666666667,7.916666666666667,3-10h,negative
53949567,491950,orwell,Orwell: Keeping an Eye On You,english,"Not a super convincing introduction. Gameplay is basically ""click this highlighted bit of text so that new highlighted bits of text appear.""","Not a super convincing introduction. Gameplay is basically ""click this highlighted bit of text so that new highlighted bits of text appear.""",False,2019-07-07T23:34:38+00:00,2019-07-07T23:34:38+00:00,63.0,63.0,0.0,4.0,1.0,0.5357833504676819,True,False,False,False,76561198046578736,,76.0,False,False,140,22,1.05,1.05,1-3h,negative
41929867,491950,orwell,Orwell: Keeping an Eye On You,english,I simply don't get it. This does not meet my defintion of a game. You do not do anything other than move highlighted information when prompted. You do not make any choices nor take any action. There is nothing here but a slow story.,I simply don't get it. This does not meet my defintion of a game. You do not do anything other than move highlighted information when prompted. You do not make any choices nor take any action. There is nothing here but a slow story.,False,2018-05-09T03:34:58+00:00,2018-05-09T03:34:58+00:00,121.0,121.0,0.0,4.0,0.0,0.5070881247520447,False,False,False,False,76561198013482957,,5.0,False,False,232,44,2.0166666666666666,2.0166666666666666,1-3h,negative
35526783,491950,orwell,Orwell: Keeping an Eye On You,english,"Incredibly dull. An interesting concept that is ruined by poor mechanics. You soon realize that you have extremely limeted choice in this world. You will also there is no puzzle or strategy component to it. At all. Instead just wave your pointer over a page of text until the yellow highlight appears, then click it. That is all the game is. Granted, games like the stanly parable have even less interactivity. But at least TSP had atmosphere, comedy, and an engaging naritive. This has none of that charm, with the player looking at documents for hours. And is not like Papers please either. Even though you also stare at documents, it had atmosphere, a goal, charisma, failure conditions, etc, etc. This game was absolute tedium, but a good strory could have saved it. But is the story any good? Well, if it where in a minor element of a large game, this would probably be suficant, maybe evan engaging. However, with this game basicly being an interactive movie, but without the terrible (but hillarous) FMV, or any real video, for that matter, it has a story that absolutly can not carry the entire production. If you looking for a good, narative heavy game, try Thimbleweed Park, Day of the Tentacle, Grimm Fandango, or The Stanley Parable. Just not this.","Incredibly dull. An interesting concept that is ruined by poor mechanics. You soon realize that you have extremely limeted choice in this world. You will also there is no puzzle or strategy component to it. At all. Instead just wave your pointer over a page of text until the yellow highlight appears, then click it. That is all the game is. Granted, games like the stanly parable have even less interactivity. But at least TSP had atmosphere, comedy, and an engaging naritive. This has none of that charm, with the player looking at documents for hours. And is not like Papers please either. Even though you also stare at documents, it had atmosphere, a goal, charisma, failure conditions, etc, etc. This game was absolute tedium, but a good strory could have saved it. But is the story any good? Well, if it where in a minor element of a large game, this would probably be suficant, maybe evan engaging. However, with this game basicly being an interactive movie, but without the terrible (but hillarous) FMV, or any real video, for that matter, it has a story that absolutly can not carry the entire production. If you looking for a good, narative heavy game, try Thimbleweed Park, Day of the Tentacle, Grimm Fandango, or The Stanley Parable. Just not this.",False,2017-10-06T20:14:30+00:00,2017-10-06T20:14:30+00:00,84.0,84.0,0.0,4.0,0.0,0.49601659178733826,True,False,False,False,76561198092999363,,27.0,False,False,1260,219,1.4,1.4,1-3h,negative
206149264,491950,orwell,Orwell: Keeping an Eye On You,english,"The idea of this game is great but it lacks substance and freedom. I was reading all the text at the beginning of the game but i came to realise that it you can only interact with pre-highlighted chunks of text so there isn't much point in reading the rest. The narrator also disrupts game play often. 

I do like how it is clearly marked on certain pages that you should interact with it if you get stuck o what  to do and the game does make you feel important until it gets a little boring.",The idea of this game is great but it lacks substance and freedom. I was reading all the text at the beginning of the game but i came to realise that it you can only interact with pre-highlighted chunks of text so there isn't much point in reading the rest. The narrator also disrupts game play often. I do like how it is clearly marked on certain pages that you should interact with it if you get stuck o what to do and the game does make you feel important until it gets a little boring.,False,2025-10-07T22:04:52+00:00,2025-10-07T22:04:52+00:00,363.0,306.0,0.0,3.0,0.0,0.544513463973999,False,False,False,False,76561198269460159,,6.0,False,False,489,96,6.05,5.1,3-10h,negative
41349539,491950,orwell,Orwell: Keeping an Eye On You,english,"If you like having information spelled out for you instead of actually deciphering the clues for yourself, you'd love this game. It really holds your hand and not only (literally) highlights the exact clues you need to progress the game, it also has a character commenting on every single clue you put into the system. All you do in this game is drag and drop highlighted information from one side of the screen to the other. 
And as for the characters that you have under investigation, they're insanely obvious and their last names spell out who they are instead of the player actually investigating. Its references to Orwell's novel are so blatant and lazy that it's pretty cringe-worthy. 

Overall, I don't reccommend buying this game unless you like games that baby you througout your playtime.","If you like having information spelled out for you instead of actually deciphering the clues for yourself, you'd love this game. It really holds your hand and not only (literally) highlights the exact clues you need to progress the game, it also has a character commenting on every single clue you put into the system. All you do in this game is drag and drop highlighted information from one side of the screen to the other. And as for the characters that you have under investigation, they're insanely obvious and their last names spell out who they are instead of the player actually investigating. Its references to Orwell's novel are so blatant and lazy that it's pretty cringe-worthy. Overall, I don't reccommend buying this game unless you like games that baby you througout your playtime.",False,2018-04-07T21:23:43+00:00,2018-04-07T21:23:43+00:00,35.0,35.0,0.0,3.0,0.0,0.5416666865348816,False,False,False,False,76561198430124736,,3.0,False,False,796,135,0.5833333333333334,0.5833333333333334,0-1h,negative
41542270,491950,orwell,Orwell: Keeping an Eye On You,english,"Orwell fails on a lot of levels. A lot of very fundamental writing levels. First and foremost it gives you a set of tools that allow you to see what people do on the internet and tasks you with finding the perpetrator of a bombing. You're given one prime suspect and as you progress your web of people of interest grows and grows. The principle gameplay mechanic involves choosing which specific pieces of information you choose to report to your orwellian system. Which will change how the game plays out. The first failure comes that it is often very obvious what information is going to affect what, as it is all highlighted in blue, or yellow if it conflicts with another piece of information. This is another problem. The conflict system makes very little sense most of the time. One of the first examples of the system in use involves a personal blog ran by a Person of Interest and an editorial they wrote for a newspaper. They both detail the same concept but with completely differeing opinions on the matter, and these pieces of information are considered a conflict and therefore cannot both be reported. While this specific instance makes very little gameplay difference either way it still makes no sense. Being able to report both pieces of information would have shown (at least to me) his willingness to play whatever side of an issue would get him paid, and could've sowed him as a much stronger suspect later on. Instead you have instances where you handler is confused by information you weren't able to provide them due to it being a conflict, when both pieces of information were true. This creates a very frustrating experience in trying to influence the story and with trying to keep information that is relevant to the story seperate from information that isnt. Another fundamental failing of the story telling is its ending, which if I'm perfectly honest; is godawful. To my knowledge, your choices throughout the game have no impact on the ending. There's just three buttons at the end. Push one for your ending. None of them making  a bit of sense. Right before your ending the perpetrator of the bombings reveals themselves, showing that the previous three chapters had all just been misdirection to make sure no player could possibly guess the real one and they basically say to you the player ""And this is why your system doesn't work! You couldn't even figure out I was the perpetrator"" When it was the game mechanics and information that was provided to you by the game that made it impossible to determine the perpetrator. They then ask you to take down the system, since you can now see it doesnt work. your other two options are to get a politician associated with your orwell system arrested, or to claim the group the perpetrator belongs to are all terrorists using out of context IMs. If you're thinking that this seems to be lacking a very obvious fourth option then I agree. My first instinct was simply to use the perpetrator admitting to instigating the bombings to get her arrested. As that would make sense, she admitted it to our face and yet there's no option present. Just the three arbitrary ones presented. In the end it was three chapters of intriguing build up for one chapter of letdowns and unguessable twists that completely kill the narrative, suspension of disbelief, and immersion. 4/10","Orwell fails on a lot of levels. A lot of very fundamental writing levels. First and foremost it gives you a set of tools that allow you to see what people do on the internet and tasks you with finding the perpetrator of a bombing. You're given one prime suspect and as you progress your web of people of interest grows and grows. The principle gameplay mechanic involves choosing which specific pieces of information you choose to report to your orwellian system. Which will change how the game plays out. The first failure comes that it is often very obvious what information is going to affect what, as it is all highlighted in blue, or yellow if it conflicts with another piece of information. This is another problem. The conflict system makes very little sense most of the time. One of the first examples of the system in use involves a personal blog ran by a Person of Interest and an editorial they wrote for a newspaper. They both detail the same concept but with completely differeing opinions on the matter, and these pieces of information are considered a conflict and therefore cannot both be reported. While this specific instance makes very little gameplay difference either way it still makes no sense. Being able to report both pieces of information would have shown (at least to me) his willingness to play whatever side of an issue would get him paid, and could've sowed him as a much stronger suspect later on. Instead you have instances where you handler is confused by information you weren't able to provide them due to it being a conflict, when both pieces of information were true. This creates a very frustrating experience in trying to influence the story and with trying to keep information that is relevant to the story seperate from information that isnt. Another fundamental failing of the story telling is its ending, which if I'm perfectly honest; is godawful. To my knowledge, your choices throughout the game have no impact on the ending. There's just three buttons at the end. Push one for your ending. None of them making a bit of sense. Right before your ending the perpetrator of the bombings reveals themselves, showing that the previous three chapters had all just been misdirection to make sure no player could possibly guess the real one and they basically say to you the player ""And this is why your system doesn't work! You couldn't even figure out I was the perpetrator"" When it was the game mechanics and information that was provided to you by the game that made it impossible to determine the perpetrator. They then ask you to take down the system, since you can now see it doesnt work. your other two options are to get a politician associated with your orwell system arrested, or to claim the group the perpetrator belongs to are all terrorists using out of context IMs. If you're thinking that this seems to be lacking a very obvious fourth option then I agree. My first instinct was simply to use the perpetrator admitting to instigating the bombings to get her arrested. As that would make sense, she admitted it to our face and yet there's no option present. Just the three arbitrary ones presented. In the end it was three chapters of intriguing build up for one chapter of letdowns and unguessable twists that completely kill the narrative, suspension of disbelief, and immersion. 4/10",False,2018-04-17T17:03:46+00:00,2018-04-17T17:03:46+00:00,317.0,317.0,0.0,3.0,0.0,0.5180412530899048,False,False,False,False,76561198026554573,,7.0,False,False,3342,580,5.283333333333333,5.283333333333333,3-10h,negative
