review_id,steam_app_id,game_key,game_name,language,review_text_raw,review_text_clean,recommended,created_at,updated_at,playtime_forever_minutes,playtime_at_review_minutes,playtime_last_two_weeks_minutes,votes_up,votes_funny,weighted_vote_score,steam_purchase,received_for_free,written_during_early_access,refunded,author_steam_id,author_num_games_owned,author_num_reviews,is_empty,is_very_short,review_length_chars,review_length_words,playtime_forever_hours,playtime_at_review_hours,playtime_segment,overall_sentiment
69717510,491950,orwell,Orwell: Keeping an Eye On You,english,"[b]My playtime:[/b] 10h (based on steam, 100% achievement; 2.5x playthrough)
[b]Grindy Achievement(s):[/b] No.
[b]Optional Achievement(s):[/b] Yes (17 achievements).
[b]Difficult Achievement(s):[/b] No.

[h1]Intro[/h1]
[i]Orwell: Keeping an Eye On You[/i] is a massive information gathering system where you, an investigator, is taking a role in sorting the relevant data and fix conflicting data that the system gathered to assist a crime. The game has story branching that persists over 5 chapters.

[b]Pros:[/b]
- 5 chapters
- Multiple endings and story branching that persists over the chapters
- Clean and fresh-looking interface
- You can restart a chapter after you finished the game

[b]Cons:[/b]
- Phone calls and chat animations take a very long time to finish
- Some clues are too hard to deduce unless if you know the full story
- You can't press the button to show conflicting data sometimes

[h1]Should you buy this game?[/h1]
[b]Yes.[/b]
[i]If you like to read or stalk people, you should buy this game. You also can buy it at a discount if you think that the playtime isn't worth the full price.[/i]

------------------------------------------------------------------------------------------
[h1]In-Depth Review[/h1]

[h1]Graphics[/h1]
The interface is clean and fresh-looking. I like how the summary that is shown at the end of the chapter is introduced; it looks like the workboard in my office except that it's way cleaner.

As someone who likes to try something by doing it firsthand, I don't find the design to be confusing. The portal section looks like your regular website, the message section looks like your regular chat app, and the device section looks like the simpler version of your device.

I'm also impressed by how the dev showed the photos; it looks like a fragmented version of our faces and it looks so detailed even though it's not. The important facial like eyes and hair is shown although most details are blurred and fragmented.

The cutscene at the prologue skipped a few frames to me though, although I don't have any trouble in understanding the story because of that.

[h1]Story[/h1]
The story is being told by several conversations of your ""adviser"", someone who deduce things based on your findings, and whatever you read when you try to find clues, which are mostly from chat and phone calls.

Even though most conversations are held this way, I didn't find the main story to be confusing. Even if you couldn't understand the story, the ""adviser"" will give you some sort of info as to what is happening so you should be fine as long as you don't skip it. There's also a summary at the end of the chapter if you want to keep track of things.

There are several branchings in the game, either minor or major. I find the conversation between the branches to be smooth although some parts confused me since I didn't know the whole story at that moment. You need to play several playthroughs throughout the game to get all the major story branches and understand the whole story.

The thing is, there is no good or bad ending in this game; it's all about your opinion. You think what you think is good and bad. You also can deduce the whole story if you want or you can just understand the main story and be done with it.

[h1]The game[/h1]
[b]Features[/b]
There are 3 sections where you do most of your work: portal, message, and device. The in-game name is different, but I can't seem to recall the actual name since you don't need to know about the name to use it.

The portal consists of several web pages that you can access. The pages that you can access are limited to the system and more will show up as you unlock more clues.

The message, on the other hand, is a bit different. A message, either chat, email, or phone, will show up at certain times and you're allowed to wire-tap their chat and calls in real-time. The thing is, the chat speed is very slow. You can speed up the phone chat speed a bit although I still want it to be faster. It's taking too much time to listen to it especially when you're replaying your playthrough.

The device can be activated after you obtain a serial number of the target's device. You can access all files in the device, whether it's from a desktop or phone.

[b]Investigation[/b]
The suspect will have a profile page that you can fill with data. These data can be obtained by browsing through the 3 sections I mentioned. The data that you can take will be highlighted, either in blue or yellow.

Blue-colored means that there is no conflict with the data and yellow means that the data contradicts with other data. The game also has an option to show the conflicting data although I find that it's not working sometimes.

The thing is, you have freedom in choosing whatever you submit. I thought that I should fill all of the highlighted data in blue for complete profiling, but it's actually the opposite. All the data that you fill will be useful for the advisor's judgment and other people's fate, so you should decide carefully on what you submit.

Some data that you submit will change the story greatly, some are not. However, there are times where you have to make a major guess in determining the conflicting data that you must submit because you didn't know much and the clues are too vague at that point. Luckily, as I said before, there are no good and bad endings, so you can proceed as you please.

[b]Replayability and Length[/b]
As I said before, there are multiple endings. There are 5 chapters in total and each chapter except the last one lasts around 1 hour. I played the game fully twice and played one last playthrough from chapter 3 to unlock all of the major branching and achievement. It took me around 4 hours to finish all chapters at once.

Each chapter has a minimum of 2 endings that will affect the subsequent chapter. You can restart the whole story from the beginning or replay the chapter if you want after you finish the game once. Restarting the game from a specific chapter will delete all of the subsequent chapter data though.

[h1]Conclusion[/h1]
It's a nice game where you have to browse through things and wiretap people's communication to find out whatever is going on. The game has a lot of story branching and replayability.

[quote][url=https://store.steampowered.com/curator/23741321]Follow our curator page[b] Alexander's Club Curations[/b], if you like and want to see more reviews like this one.[/url][/quote]","[b]My playtime:[/b] 10h (based on steam, 100% achievement; 2.5x playthrough) [b]Grindy Achievement(s):[/b] No. [b]Optional Achievement(s):[/b] Yes (17 achievements). [b]Difficult Achievement(s):[/b] No. [h1]Intro[/h1] [i]Orwell: Keeping an Eye On You[/i] is a massive information gathering system where you, an investigator, is taking a role in sorting the relevant data and fix conflicting data that the system gathered to assist a crime. The game has story branching that persists over 5 chapters. [b]Pros:[/b] - 5 chapters - Multiple endings and story branching that persists over the chapters - Clean and fresh-looking interface - You can restart a chapter after you finished the game [b]Cons:[/b] - Phone calls and chat animations take a very long time to finish - Some clues are too hard to deduce unless if you know the full story - You can't press the button to show conflicting data sometimes [h1]Should you buy this game?[/h1] [b]Yes.[/b] [i]If you like to read or stalk people, you should buy this game. You also can buy it at a discount if you think that the playtime isn't worth the full price.[/i] ------------------------------------------------------------------------------------------ [h1]In-Depth Review[/h1] [h1]Graphics[/h1] The interface is clean and fresh-looking. I like how the summary that is shown at the end of the chapter is introduced; it looks like the workboard in my office except that it's way cleaner. As someone who likes to try something by doing it firsthand, I don't find the design to be confusing. The portal section looks like your regular website, the message section looks like your regular chat app, and the device section looks like the simpler version of your device. I'm also impressed by how the dev showed the photos; it looks like a fragmented version of our faces and it looks so detailed even though it's not. The important facial like eyes and hair is shown although most details are blurred and fragmented. The cutscene at the prologue skipped a few frames to me though, although I don't have any trouble in understanding the story because of that. [h1]Story[/h1] The story is being told by several conversations of your ""adviser"", someone who deduce things based on your findings, and whatever you read when you try to find clues, which are mostly from chat and phone calls. Even though most conversations are held this way, I didn't find the main story to be confusing. Even if you couldn't understand the story, the ""adviser"" will give you some sort of info as to what is happening so you should be fine as long as you don't skip it. There's also a summary at the end of the chapter if you want to keep track of things. There are several branchings in the game, either minor or major. I find the conversation between the branches to be smooth although some parts confused me since I didn't know the whole story at that moment. You need to play several playthroughs throughout the game to get all the major story branches and understand the whole story. The thing is, there is no good or bad ending in this game; it's all about your opinion. You think what you think is good and bad. You also can deduce the whole story if you want or you can just understand the main story and be done with it. [h1]The game[/h1] [b]Features[/b] There are 3 sections where you do most of your work: portal, message, and device. The in-game name is different, but I can't seem to recall the actual name since you don't need to know about the name to use it. The portal consists of several web pages that you can access. The pages that you can access are limited to the system and more will show up as you unlock more clues. The message, on the other hand, is a bit different. A message, either chat, email, or phone, will show up at certain times and you're allowed to wire-tap their chat and calls in real-time. The thing is, the chat speed is very slow. You can speed up the phone chat speed a bit although I still want it to be faster. It's taking too much time to listen to it especially when you're replaying your playthrough. The device can be activated after you obtain a serial number of the target's device. You can access all files in the device, whether it's from a desktop or phone. [b]Investigation[/b] The suspect will have a profile page that you can fill with data. These data can be obtained by browsing through the 3 sections I mentioned. The data that you can take will be highlighted, either in blue or yellow. Blue-colored means that there is no conflict with the data and yellow means that the data contradicts with other data. The game also has an option to show the conflicting data although I find that it's not working sometimes. The thing is, you have freedom in choosing whatever you submit. I thought that I should fill all of the highlighted data in blue for complete profiling, but it's actually the opposite. All the data that you fill will be useful for the advisor's judgment and other people's fate, so you should decide carefully on what you submit. Some data that you submit will change the story greatly, some are not. However, there are times where you have to make a major guess in determining the conflicting data that you must submit because you didn't know much and the clues are too vague at that point. Luckily, as I said before, there are no good and bad endings, so you can proceed as you please. [b]Replayability and Length[/b] As I said before, there are multiple endings. There are 5 chapters in total and each chapter except the last one lasts around 1 hour. I played the game fully twice and played one last playthrough from chapter 3 to unlock all of the major branching and achievement. It took me around 4 hours to finish all chapters at once. Each chapter has a minimum of 2 endings that will affect the subsequent chapter. You can restart the whole story from the beginning or replay the chapter if you want after you finish the game once. Restarting the game from a specific chapter will delete all of the subsequent chapter data though. [h1]Conclusion[/h1] It's a nice game where you have to browse through things and wiretap people's communication to find out whatever is going on. The game has a lot of story branching and replayability. [quote][url=https://store.steampowered.com/curator/23741321]Follow our curator page[b] Alexander's Club Curations[/b], if you like and want to see more reviews like this one.[/url][/quote]",True,2020-05-24T10:19:28+00:00,2020-05-24T10:20:18+00:00,628.0,628.0,0.0,86.0,1.0,0.8527447581291199,False,True,False,False,76561198132503739,,806.0,False,False,6426,1101,10.466666666666667,10.466666666666667,10h+,positive
29751469,491950,orwell,Orwell: Keeping an Eye On You,english,"[h1]Description[/h1]

Orwell is a visual novel that puts you in the shoes of a Big Brother employee: you are tasked with spying on people and uploading to the system anything suspicious. Unlike most visual novels, you are not presented here with walls of text followed by lists of choices. Rather, your interaction with the game and its unfolding story goes solely through the gimmick of uploading the data chunks you find (or not). By picking among conflicting data chunks or by choosing not to upload some sensitive information, you impact the story in small and big ways.

[h1]Pros[/h1]
[list]
[*] Fresh interaction gimmick that goes very well with the theme
[*] Credible writing with many characters each having their own style of speech
[*] Interesting choices going WAY beyond the good/bad dichotomy
[*] Decent art style
[*] Fair amount of consequences to choices made, though the game remains linear
[/list]

[h1]Cons[/h1]
[list]
[*] Notification system takes some getting used to ([spoiler]the system will sometimes find old information suddenly relevant, requiring you to regularly browse through the lists of documents to make sure no red star has popped[/spoiler])
[*] Because all chats and phone calls are delivered sloooooowly (and I found no way to speed them up), replaying the game to get the achievements or test other choices is a bit of a chore
[*] Political messages are (very) thinly veiled and might annoy (or even anger?) some players
[/list]

[h1]Verdict[/h1]

Do you hate it when someone tries to convey a political message artistically and ends up as subtle as a bull in a china shop? If so, stay away from this game. You're going to hate it.

Still here? OK, here's an idea: put yourself in the shoes of an orwellian enforcer and imagine the consequences of government trampling all over freedom, privacy and presumption of innocence.

Interested? Then try Orwell. Go in expecting a fresh visual novel and a politically charged (to the point of being heavy-handed at times) thought experiment. There is much to like.","[h1]Description[/h1] Orwell is a visual novel that puts you in the shoes of a Big Brother employee: you are tasked with spying on people and uploading to the system anything suspicious. Unlike most visual novels, you are not presented here with walls of text followed by lists of choices. Rather, your interaction with the game and its unfolding story goes solely through the gimmick of uploading the data chunks you find (or not). By picking among conflicting data chunks or by choosing not to upload some sensitive information, you impact the story in small and big ways. [h1]Pros[/h1] [list] [*] Fresh interaction gimmick that goes very well with the theme [*] Credible writing with many characters each having their own style of speech [*] Interesting choices going WAY beyond the good/bad dichotomy [*] Decent art style [*] Fair amount of consequences to choices made, though the game remains linear [/list] [h1]Cons[/h1] [list] [*] Notification system takes some getting used to ([spoiler]the system will sometimes find old information suddenly relevant, requiring you to regularly browse through the lists of documents to make sure no red star has popped[/spoiler]) [*] Because all chats and phone calls are delivered sloooooowly (and I found no way to speed them up), replaying the game to get the achievements or test other choices is a bit of a chore [*] Political messages are (very) thinly veiled and might annoy (or even anger?) some players [/list] [h1]Verdict[/h1] Do you hate it when someone tries to convey a political message artistically and ends up as subtle as a bull in a china shop? If so, stay away from this game. You're going to hate it. Still here? OK, here's an idea: put yourself in the shoes of an orwellian enforcer and imagine the consequences of government trampling all over freedom, privacy and presumption of innocence. Interested? Then try Orwell. Go in expecting a fresh visual novel and a politically charged (to the point of being heavy-handed at times) thought experiment. There is much to like.",True,2017-02-06T23:34:56+00:00,2017-02-06T23:39:51+00:00,601.0,601.0,0.0,70.0,0.0,0.8680554032325745,True,False,False,False,76561198004842665,,59.0,False,False,2036,337,10.016666666666667,10.016666666666667,10h+,positive
28974077,491950,orwell,Orwell: Keeping an Eye On You,english,"""The thoughts are free"" ... or are they?

Orwell is a pretty neat little game about the potential dangers of openly accessible (or even not so openly accessible) data and the connections and conclusions you can draw from them.

You start out as an investigator for the project ""Orwell"", a surveillance system meant to protect the people and prevent crimes. 
After a bombing attack you are tasked, together with your supervisor, to find out who was behind the bombings and to prevent further ones.
As you dig deeper through websites and files, desktops and other material, you'll uncover more and more of the story, the motivations of the people responsible for the bombings and uncover some twists and turns throughout your investigations.

The gameplay is pretty simplistic. It's pretty much like surfing through a browser. You can access (predefined) websites and read through articles, blogs and also social media. Throughout the text you find some marked passages, which will help you with your investigation. You can connect these infos with a person and send these infos to Orwell. You can also decide to withhold some informations, letting events turn out differently in the process.

The story and events really sucked me in and were pretty thrilling. Slowly finding out more about the people, their connections to each other, and also be suprised by some twists, made the game very entertaining.

So if you don't mind simplistic gameplay and reading quite a lot and and the topic of data security doesn't turn you down, this is a little gem to keep an eye on.

I'd definitely recommend it.","""The thoughts are free"" ... or are they? Orwell is a pretty neat little game about the potential dangers of openly accessible (or even not so openly accessible) data and the connections and conclusions you can draw from them. You start out as an investigator for the project ""Orwell"", a surveillance system meant to protect the people and prevent crimes. After a bombing attack you are tasked, together with your supervisor, to find out who was behind the bombings and to prevent further ones. As you dig deeper through websites and files, desktops and other material, you'll uncover more and more of the story, the motivations of the people responsible for the bombings and uncover some twists and turns throughout your investigations. The gameplay is pretty simplistic. It's pretty much like surfing through a browser. You can access (predefined) websites and read through articles, blogs and also social media. Throughout the text you find some marked passages, which will help you with your investigation. You can connect these infos with a person and send these infos to Orwell. You can also decide to withhold some informations, letting events turn out differently in the process. The story and events really sucked me in and were pretty thrilling. Slowly finding out more about the people, their connections to each other, and also be suprised by some twists, made the game very entertaining. So if you don't mind simplistic gameplay and reading quite a lot and and the topic of data security doesn't turn you down, this is a little gem to keep an eye on. I'd definitely recommend it.",True,2017-01-03T12:17:40+00:00,2017-07-03T07:50:19+00:00,757.0,295.0,0.0,54.0,3.0,0.7491434216499329,False,False,False,False,76561198021985302,,79.0,False,False,1591,267,12.616666666666667,4.916666666666667,3-10h,positive
44170112,491950,orwell,Orwell: Keeping an Eye On You,english,"Works without any problems on Linux.

Wish there was more games about searching through documents for relevant information. It's such an underappreciated genre.",Works without any problems on Linux. Wish there was more games about searching through documents for relevant information. It's such an underappreciated genre.,True,2018-08-15T16:45:59+00:00,2018-08-15T16:45:59+00:00,285.0,285.0,0.0,51.0,1.0,0.7784289717674255,True,False,False,False,76561197996067981,,10.0,False,False,159,23,4.75,4.75,3-10h,positive
30627690,491950,orwell,Orwell: Keeping an Eye On You,english,"ohh this is really, really well-done. To a large extent, this is what I've always wanted from a mystery game: being able to/having to think and reason for yourself, draw conclusions, then have them reflect in the game - rather than being taken through a sequence of 'revelations' by the game plot. Partially reminds me of old-school RPGs that didn't write down all the relevant information in the quest log for you and/or spell out the revelations and point you in the right direction - you had to put two and two together yourself. I actually took notes playing this game!

Things that made it a good mystery-like experience: Having to make judgement calls based on incomplete information. Occasional moments of adrenaline rush as you make genuinely (as far as I can tell as a player, anyway) time-sensitive calls. Real consequences that you can retroactively attribute to your actions (and adjust your strategy).

Story and gameplay integrate together very neatly. The Datachunk mechanic feels a bit hokey at first, until you realize that the system really does require your human judgement, and research beyond the highlighted datachunks, to work well.

Technically, this game is probably very easy to ""complete"", but I don't know if I would call any completion ""beating"" it.  I really felt clever when I figured out (part of) the mystery myself, and that actually affected the outcome.

Could probably write a whole paper on this game and questions like ""what is winning/losing in a game?"" ""what is or is not gameplay?"" ""who is a villain and who is a hero?""  if one were inclined to write papers about new-media-like subjects.
","ohh this is really, really well-done. To a large extent, this is what I've always wanted from a mystery game: being able to/having to think and reason for yourself, draw conclusions, then have them reflect in the game - rather than being taken through a sequence of 'revelations' by the game plot. Partially reminds me of old-school RPGs that didn't write down all the relevant information in the quest log for you and/or spell out the revelations and point you in the right direction - you had to put two and two together yourself. I actually took notes playing this game! Things that made it a good mystery-like experience: Having to make judgement calls based on incomplete information. Occasional moments of adrenaline rush as you make genuinely (as far as I can tell as a player, anyway) time-sensitive calls. Real consequences that you can retroactively attribute to your actions (and adjust your strategy). Story and gameplay integrate together very neatly. The Datachunk mechanic feels a bit hokey at first, until you realize that the system really does require your human judgement, and research beyond the highlighted datachunks, to work well. Technically, this game is probably very easy to ""complete"", but I don't know if I would call any completion ""beating"" it. I really felt clever when I figured out (part of) the mystery myself, and that actually affected the outcome. Could probably write a whole paper on this game and questions like ""what is winning/losing in a game?"" ""what is or is not gameplay?"" ""who is a villain and who is a hero?"" if one were inclined to write papers about new-media-like subjects.",True,2017-03-20T01:26:24+00:00,2017-03-20T01:26:24+00:00,617.0,617.0,0.0,36.0,2.0,0.8051433563232422,True,False,False,False,76561197994805642,,15.0,False,False,1624,273,10.283333333333333,10.283333333333333,10h+,positive
26428034,491950,orwell,Orwell: Keeping an Eye On You,english,"[h1] How far are you willing to go to protect the populace? [/h1]

[i]Orwell[/i] is a “visual novel” style game in which you have the ability to follow cyber-breadcrumbs in order to slowly uncover suspect’s online lives. Your goal? Stop a terrorist organization (?) from bombing public spaces. Your tools? As an agent, you are privy to the entirety of your target’s posts, articles, phone calls, emails, etc. Use this information to reveal more and more relevant webpages and conversations. The catch? You’re overlooked by a supervisor and you must choose what information to upload. This supervisor can only see the bits of information you feed him, so choose wisely or risk ruining an innocent’s life. The challenge? Upload only enough information to gain new leads, but not jump to conclusions. 

Are you really helping the greater good by invading the privacy of the few? Or have you caused more harm than good, muddling in affairs you should have never been in? Are the internet spies of today, really the superheroes of tomorrow? Find out by stepping into these large, cyber shoes. Act quickly and stop a harmful event in its tracks, or wait it out and discover it was a false alarm. Big brother is watching you. You are watching the people. Lives are on the line. Decide. 

Then watch as you say, [b]“I never meant for this to happen.”[/b]

Let me start off this review by saying I’m one who really enjoys a story-based game. I particularly enjoy consequence based story games (like [i]Telltale[/i]). If that’s not your cup of tea, this game is not for you. If you’re still interested, here’s the pros and cons for the game so far.

[h1]Pros:[/h1] [b]Interesting social commentary.[/b] There’s no denying that this is the age of technology, and with that comes a whole new slew of problems that our forefathers never could have foresaw when drafting the constitution. [i]Orwell[/i] heavily and obviously alludes to the current hot topics of freedom of internet access, government access to our personal files and correspondences, and general cyber security we see crop up in the news time and time again. 

[b]Easy interface.[/b] There’s not much to learn but drag and drop. Your un-uploaded data chunks are marked so you don’t lose track of what you’ve read, need to read, and are saving for later.

[b]More unique game flow.[/b] Events don’t happen unless you upload data chucks, leaving you to explore the branches of plot in whatever order feels natural to you. It does still feel a bit restricted, though, (see “A bit linear, limited” in cons) a perhaps more of a pseudo-free-directional choice. (But isn’t the concept of freedom what this game is all about?) 

[b]Intriguing artwork.[/b] The geometric artistic style lends itself to unconsciously nod its head towards the cyber-oriented world of the game. It ties in beautifully to the theme of the game—from the logo to the interface—without being too aggressive.

[h1]Cons:[/h1] [strike][b]A better save system!![/b][/strike] Update has added a rewind system, but I have not played since [strike]I cannot stress this enough. Since this is a consequence-based game, I’d like to be able to start from the end episode one, or so, with my decisions staying the same, and only make changes to my decisions from there out, with my profiles branching out from my first play through plot line. Starting over from the beginning is too much of a grind. Even a way to speed up messaging/call text on the second (and beyond) playthrough would be better for acheivement hunters or people just curious about the other endings. Examples of games with a good save system for this style of gameplay include [i]A Wolf Among Us[/i] and [i]Papers, Please.[/i][/strike]

[b]A bit linear, limited.[/b] There were some moments I wish some bit of text was highlighted (you may only drag and upload highlighted data chunks) since I wanted to explore that avenue of inquiry, but [i]Orwell[/i] had other plans. This gave the game a restricted feeling. It does not leave the game open to a world of naturally-occurring red herrings (only game-constructed ones, not user constructed), which I think would have added much more depth to the game. Also, it’s glaringly obvious which pieces of text carry great significance. (Those will be the ones with conflicting evidence) so sometimes the challenge of deciding to report information right away or wait was quite discernible, offering no challenge. Although, I will say that there are a few nuggets of data I uploaded without believing they would have as large of a consequence as they did. 

[b]Short.[/b] There’s only a little over forty minutes of game play per episode, and with five episodes, this leads to roughly four hours of gameplay (assuming you don’t replay events). I follow a rule of thumb of at least $1 to 1 hour of gameplay, so in that regard, it’s a bit pricey. Just wait for a sale. 

[h1]Remark:[/h1] [b]Play in one sitting[/b] (or as close to that as possible, if you don't have a full 4-5 hours to dedicate to one game) The flow and length of the game lends itself to be optimally played in one sitting. Taking a break and not have a comprehensive refresher (like the cinematic playbacks of key choices in [i]Telltale[/i] games) of your choices and actions is jarring to the enjoyment of the storyline in my opinion.

[h1]Conclusion:[/h1]
[b]I’d recommend buying [i]Orwell[/i] when on sale.[/b] It has an interesting and captivating storyline, despite some need of polishing. The interface, flow, and artwork lend itself to be an immersive experience into the lives of the people you are spying on to protect. Also, the current social commentary gives a real-world depth to the game. It does feel a bit restricting at times, and the story is short. The save system leaves much to be desired, since I would like to more easily explore all possibilities of my choices. But, despite these factors it was still enjoyable and fun to play.","[h1] How far are you willing to go to protect the populace? [/h1] [i]Orwell[/i] is a “visual novel” style game in which you have the ability to follow cyber-breadcrumbs in order to slowly uncover suspect’s online lives. Your goal? Stop a terrorist organization (?) from bombing public spaces. Your tools? As an agent, you are privy to the entirety of your target’s posts, articles, phone calls, emails, etc. Use this information to reveal more and more relevant webpages and conversations. The catch? You’re overlooked by a supervisor and you must choose what information to upload. This supervisor can only see the bits of information you feed him, so choose wisely or risk ruining an innocent’s life. The challenge? Upload only enough information to gain new leads, but not jump to conclusions. Are you really helping the greater good by invading the privacy of the few? Or have you caused more harm than good, muddling in affairs you should have never been in? Are the internet spies of today, really the superheroes of tomorrow? Find out by stepping into these large, cyber shoes. Act quickly and stop a harmful event in its tracks, or wait it out and discover it was a false alarm. Big brother is watching you. You are watching the people. Lives are on the line. Decide. Then watch as you say, [b]“I never meant for this to happen.”[/b] Let me start off this review by saying I’m one who really enjoys a story-based game. I particularly enjoy consequence based story games (like [i]Telltale[/i]). If that’s not your cup of tea, this game is not for you. If you’re still interested, here’s the pros and cons for the game so far. [h1]Pros:[/h1] [b]Interesting social commentary.[/b] There’s no denying that this is the age of technology, and with that comes a whole new slew of problems that our forefathers never could have foresaw when drafting the constitution. [i]Orwell[/i] heavily and obviously alludes to the current hot topics of freedom of internet access, government access to our personal files and correspondences, and general cyber security we see crop up in the news time and time again. [b]Easy interface.[/b] There’s not much to learn but drag and drop. Your un-uploaded data chunks are marked so you don’t lose track of what you’ve read, need to read, and are saving for later. [b]More unique game flow.[/b] Events don’t happen unless you upload data chucks, leaving you to explore the branches of plot in whatever order feels natural to you. It does still feel a bit restricted, though, (see “A bit linear, limited” in cons) a perhaps more of a pseudo-free-directional choice. (But isn’t the concept of freedom what this game is all about?) [b]Intriguing artwork.[/b] The geometric artistic style lends itself to unconsciously nod its head towards the cyber-oriented world of the game. It ties in beautifully to the theme of the game—from the logo to the interface—without being too aggressive. [h1]Cons:[/h1] [strike][b]A better save system!![/b][/strike] Update has added a rewind system, but I have not played since [strike]I cannot stress this enough. Since this is a consequence-based game, I’d like to be able to start from the end episode one, or so, with my decisions staying the same, and only make changes to my decisions from there out, with my profiles branching out from my first play through plot line. Starting over from the beginning is too much of a grind. Even a way to speed up messaging/call text on the second (and beyond) playthrough would be better for acheivement hunters or people just curious about the other endings. Examples of games with a good save system for this style of gameplay include [i]A Wolf Among Us[/i] and [i]Papers, Please.[/i][/strike] [b]A bit linear, limited.[/b] There were some moments I wish some bit of text was highlighted (you may only drag and upload highlighted data chunks) since I wanted to explore that avenue of inquiry, but [i]Orwell[/i] had other plans. This gave the game a restricted feeling. It does not leave the game open to a world of naturally-occurring red herrings (only game-constructed ones, not user constructed), which I think would have added much more depth to the game. Also, it’s glaringly obvious which pieces of text carry great significance. (Those will be the ones with conflicting evidence) so sometimes the challenge of deciding to report information right away or wait was quite discernible, offering no challenge. Although, I will say that there are a few nuggets of data I uploaded without believing they would have as large of a consequence as they did. [b]Short.[/b] There’s only a little over forty minutes of game play per episode, and with five episodes, this leads to roughly four hours of gameplay (assuming you don’t replay events). I follow a rule of thumb of at least $1 to 1 hour of gameplay, so in that regard, it’s a bit pricey. Just wait for a sale. [h1]Remark:[/h1] [b]Play in one sitting[/b] (or as close to that as possible, if you don't have a full 4-5 hours to dedicate to one game) The flow and length of the game lends itself to be optimally played in one sitting. Taking a break and not have a comprehensive refresher (like the cinematic playbacks of key choices in [i]Telltale[/i] games) of your choices and actions is jarring to the enjoyment of the storyline in my opinion. [h1]Conclusion:[/h1] [b]I’d recommend buying [i]Orwell[/i] when on sale.[/b] It has an interesting and captivating storyline, despite some need of polishing. The interface, flow, and artwork lend itself to be an immersive experience into the lives of the people you are spying on to protect. Also, the current social commentary gives a real-world depth to the game. It does feel a bit restricting at times, and the story is short. The save system leaves much to be desired, since I would like to more easily explore all possibilities of my choices. But, despite these factors it was still enjoyable and fun to play.",True,2016-11-05T03:39:10+00:00,2017-03-01T03:08:56+00:00,590.0,590.0,0.0,27.0,2.0,0.7233176231384277,True,False,False,False,76561198160548088,,6.0,False,False,5921,998,9.833333333333334,9.833333333333334,3-10h,positive
35894634,491950,orwell,Orwell: Keeping an Eye On You,english,"Lately I've been finding myself bored with many games. I got through the motions without any real investment in what I've been playing... So, I decided to play something different. In comes Orwell. It's unlike any of the games I've toiled mundane hours hacking and slashing away in any random RPGs that I have on rotation. I've been engrossed in it for the past day getting familiar with the intricacies.

This is a different kind of spy game. One that might hit on reality a little closer than I'd like to think. Even more so if I was prone to ideas of the government watching our every move, which is why I'm an active VPN user. But I digress, Orwell is still just a game. A game where you play a data miner looking into the lives of who you might consider dangerous terrorists to a fictitious nation. I should mention there's quite a bit of reading. This isn't your mindless run and shoot game, or hide from the enemies and kill in secret game. It's not even graphically inspiring but the ideas and execution is solid. 

As you're uncovering terrorists and their plots you get deeper into the lives of those you think are involved and have to feed information into the Orwell system to determine their threat level. The game has you scouring through newspapers, blogs, and social media feeds to gain as much information as possible. It would be overwhelming if the interface wasn't so simple to navigate. 

While progression in the game is pretty linear you do have the ability to impact significant events based on what you choose to feed into the system. There is also an abundance of conflicting information that you will have to make judgement calls on what you want to submit. Orwell do a good job highlighting these inconsistencies. The only thing I might have qualms with is there's no ""undo"" feature. So if you do happen to make a mistake and upload something you'd rather not you don't have a second chance to fix or update your mistakes. The system for all it's abilities has a permanent function. Like most things once it's out there it's there for good. 

In all Orwell is an engaging game where you play big brother and stop terrorists a different way. It's got a solid story and characters and an easy to use interface. It may or may not resemble some truth to life but in the immortal words of Harold Finch ""It's not paranoia if they really are out to get you"" and in this game you're out to get everyone.","Lately I've been finding myself bored with many games. I got through the motions without any real investment in what I've been playing... So, I decided to play something different. In comes Orwell. It's unlike any of the games I've toiled mundane hours hacking and slashing away in any random RPGs that I have on rotation. I've been engrossed in it for the past day getting familiar with the intricacies. This is a different kind of spy game. One that might hit on reality a little closer than I'd like to think. Even more so if I was prone to ideas of the government watching our every move, which is why I'm an active VPN user. But I digress, Orwell is still just a game. A game where you play a data miner looking into the lives of who you might consider dangerous terrorists to a fictitious nation. I should mention there's quite a bit of reading. This isn't your mindless run and shoot game, or hide from the enemies and kill in secret game. It's not even graphically inspiring but the ideas and execution is solid. As you're uncovering terrorists and their plots you get deeper into the lives of those you think are involved and have to feed information into the Orwell system to determine their threat level. The game has you scouring through newspapers, blogs, and social media feeds to gain as much information as possible. It would be overwhelming if the interface wasn't so simple to navigate. While progression in the game is pretty linear you do have the ability to impact significant events based on what you choose to feed into the system. There is also an abundance of conflicting information that you will have to make judgement calls on what you want to submit. Orwell do a good job highlighting these inconsistencies. The only thing I might have qualms with is there's no ""undo"" feature. So if you do happen to make a mistake and upload something you'd rather not you don't have a second chance to fix or update your mistakes. The system for all it's abilities has a permanent function. Like most things once it's out there it's there for good. In all Orwell is an engaging game where you play big brother and stop terrorists a different way. It's got a solid story and characters and an easy to use interface. It may or may not resemble some truth to life but in the immortal words of Harold Finch ""It's not paranoia if they really are out to get you"" and in this game you're out to get everyone.",True,2017-10-21T15:35:07+00:00,2017-10-21T15:47:50+00:00,1006.0,398.0,0.0,16.0,0.0,0.7067410349845886,False,False,False,False,76561198058695291,,123.0,False,False,2416,438,16.766666666666666,6.633333333333334,3-10h,positive
45815664,491950,orwell,Orwell: Keeping an Eye On You,english,"[h1] Final Verdict: Buy [/h1]

Game took me 4 hours to complete 1 playthrough, although you can do multiple playthroughs, depending on what information you find and what connections you make. This game is reading intensive, as you will be sifting through web pages, call logs, chat logs, browser histories, etc. There's also quite a bit of filler information, which is to be expected in this kind of job where you are aggregating huge amounts of data and your job is to sift through that information and find the relevant information.

Not every piece of date is true. There are dead ends and outright lies. Your job will be to try to paint an accurate portrait for your agency to do its job correctly. This game does a great job of putting you in the center of the action as you feel as though you are a real investigator. As the story progresses, you become an even bigger part of the action.

This game isn't for everyone. The gameplay mechanic itself can get tedious at varying times. You really don't stray from what you're doing from the start of Chapter 1 all the way to the conclusion in Chapter 5. So if you don't like parsing information, you will be bored. However, the story keeps it all together and gives purpose to your actions. 

[b]Rate 7/10. Really solid game, interesting story, great ending(s), but the gameplay could have used more variety.[/b]","[h1] Final Verdict: Buy [/h1] Game took me 4 hours to complete 1 playthrough, although you can do multiple playthroughs, depending on what information you find and what connections you make. This game is reading intensive, as you will be sifting through web pages, call logs, chat logs, browser histories, etc. There's also quite a bit of filler information, which is to be expected in this kind of job where you are aggregating huge amounts of data and your job is to sift through that information and find the relevant information. Not every piece of date is true. There are dead ends and outright lies. Your job will be to try to paint an accurate portrait for your agency to do its job correctly. This game does a great job of putting you in the center of the action as you feel as though you are a real investigator. As the story progresses, you become an even bigger part of the action. This game isn't for everyone. The gameplay mechanic itself can get tedious at varying times. You really don't stray from what you're doing from the start of Chapter 1 all the way to the conclusion in Chapter 5. So if you don't like parsing information, you will be bored. However, the story keeps it all together and gives purpose to your actions. [b]Rate 7/10. Really solid game, interesting story, great ending(s), but the gameplay could have used more variety.[/b]",True,2018-11-14T20:17:55+00:00,2018-11-14T20:17:55+00:00,254.0,240.0,0.0,11.0,0.0,0.6635251045227051,True,False,False,False,76561198066590240,,3358.0,False,False,1360,241,4.233333333333333,4.0,3-10h,positive
49157734,491950,orwell,Orwell: Keeping an Eye On You,english,"My playthrough of Orwell took 3.5 hours. Most of that time was spent in complete fascination and immersion into this surveillance sim. 

The game is literally just reading and clicking. But at points you'll need to decide what to tell the gov and what to leave out. This usually works but the game doesn't run in realtime. You may be withholding information only to be FORCED to upload it to continue the plot. This meant I had to consult guides several times to check that what the game was making me do wouldn't go against what I wanted to do.

Gripe aside, this is a solid title!","My playthrough of Orwell took 3.5 hours. Most of that time was spent in complete fascination and immersion into this surveillance sim. The game is literally just reading and clicking. But at points you'll need to decide what to tell the gov and what to leave out. This usually works but the game doesn't run in realtime. You may be withholding information only to be FORCED to upload it to continue the plot. This meant I had to consult guides several times to check that what the game was making me do wouldn't go against what I wanted to do. Gripe aside, this is a solid title!",True,2019-02-22T16:04:20+00:00,2019-02-22T16:04:20+00:00,209.0,209.0,0.0,9.0,1.0,0.617347002029419,False,False,False,False,76561197968826307,,60.0,False,False,579,107,3.4833333333333334,3.4833333333333334,3-10h,positive
44267550,491950,orwell,Orwell: Keeping an Eye On You,english,"While playing the game, ""investigating"" people of interest and gathering every piece of information there ever were about them, i started to think of myself.. Of my data that is thrown all the way around the internet.. What if i'm, someday, become a person of interest?
This game really delivers its message in a powerful way.. You play as an investigator.. Part of a project called ""Orwell"". This project uses a mass surveillance system to track any person of interest.
As an investigator, your only job is to dig into this mine of data called internet, look for any information regarding this person you deem as relevant.. And just add it to this person's profile. An advisor, someone who's not you, will be the one to judge and conclude based on the very information that were provided by you.. So you kind of have a saying into the final verdict by withholding any related information or misleading the advisors with non-related information WHICH is something that greatly influences the shape of the game.. Your decisions do make a huge difference in this game!

The story is amazing with a lot of twists to it.. You start on a relatively easy-to-figure way.. Every decision at the beginning will only look as either black or white.. But a grey area starts to form in later stages.. Much more difficult decisions will be forced against you to make.. And that were your journey will take a great shift... But all in all, the story is truly amazing and powerful.
The general settings of the game are fairly good as well.. The newspapers, the unique characters, the soundtrack.. Everything contributes to the general atmosphere in a decent way!

I would recommend this game to those who are looking for story-driven games and who would love for a game that seriously takes their decisions into account.","While playing the game, ""investigating"" people of interest and gathering every piece of information there ever were about them, i started to think of myself.. Of my data that is thrown all the way around the internet.. What if i'm, someday, become a person of interest? This game really delivers its message in a powerful way.. You play as an investigator.. Part of a project called ""Orwell"". This project uses a mass surveillance system to track any person of interest. As an investigator, your only job is to dig into this mine of data called internet, look for any information regarding this person you deem as relevant.. And just add it to this person's profile. An advisor, someone who's not you, will be the one to judge and conclude based on the very information that were provided by you.. So you kind of have a saying into the final verdict by withholding any related information or misleading the advisors with non-related information WHICH is something that greatly influences the shape of the game.. Your decisions do make a huge difference in this game! The story is amazing with a lot of twists to it.. You start on a relatively easy-to-figure way.. Every decision at the beginning will only look as either black or white.. But a grey area starts to form in later stages.. Much more difficult decisions will be forced against you to make.. And that were your journey will take a great shift... But all in all, the story is truly amazing and powerful. The general settings of the game are fairly good as well.. The newspapers, the unique characters, the soundtrack.. Everything contributes to the general atmosphere in a decent way! I would recommend this game to those who are looking for story-driven games and who would love for a game that seriously takes their decisions into account.",True,2018-08-20T05:46:34+00:00,2018-08-20T05:50:54+00:00,535.0,535.0,0.0,7.0,0.0,0.6170719861984253,False,False,False,False,76561198117501009,,85.0,False,False,1802,311,8.916666666666666,8.916666666666666,3-10h,positive
39343696,491950,orwell,Orwell: Keeping an Eye On You,english,"A decent game but can't help but feel the game is a little bit TOO much on rails, what with highlighting all the relevant info. Had they given more conflicting info opportunities, or included an option to not highlight all vital info, and instead leaving it up to you to decide, that would have been a great inclusion.

Having said all that, the storyline is quite enjoyable, and sometimes depending on the info you upload and what you think is the truth, could skew your vision on what is right and what is wrong.

Some people have said that one side is hard to side with due to their characters being unlikeable for most of the storyline, but I think this might come down to how you feel about ""Big Brother"" and affiliated limitations to privacy and control.

As a game, there is not much to it. All clicking and dragging accross to the relevant file, so if you have a rubbish PC, you'll be fine, just leave your keyboard in the cupboard, because aside from entering your name at the beginning, you won't be needing it.","A decent game but can't help but feel the game is a little bit TOO much on rails, what with highlighting all the relevant info. Had they given more conflicting info opportunities, or included an option to not highlight all vital info, and instead leaving it up to you to decide, that would have been a great inclusion. Having said all that, the storyline is quite enjoyable, and sometimes depending on the info you upload and what you think is the truth, could skew your vision on what is right and what is wrong. Some people have said that one side is hard to side with due to their characters being unlikeable for most of the storyline, but I think this might come down to how you feel about ""Big Brother"" and affiliated limitations to privacy and control. As a game, there is not much to it. All clicking and dragging accross to the relevant file, so if you have a rubbish PC, you'll be fine, just leave your keyboard in the cupboard, because aside from entering your name at the beginning, you won't be needing it.",True,2018-01-14T17:13:18+00:00,2018-01-14T17:13:18+00:00,637.0,637.0,0.0,7.0,0.0,0.6077448129653931,False,False,False,False,76561197970711212,,78.0,False,False,1018,187,10.616666666666667,10.616666666666667,10h+,positive
29412976,491950,orwell,Orwell: Keeping an Eye On You,english,"What would you do if you really wanted to imprison some people that irked you? Obviously, you would scour their Facebook, Twitter, and eHarmony profiles to gather evidence of corroboration between them and terrorist activist cells. Atleast that’s how Osmotic Studios would do it. Although it may be a bit of a crude hyperbole, that is essentially what you will be doing in Orwell, the fascinating game where you play as Big Brother in an effort to keep The Nation safe and discover the culprits behind the recent bombing events in the capital city.

[h1]Privacy vs Security[/h1]

Other than being the author of 1984, the story where this game gets many of its motifs from, Orwell is rebirthed as a new governmental security program created to maintain order and reduce crime in a totalitarian country called, The Nation. Being an all-encompassing program with no bounds in breaking personal privacy, Orwell has the ability to retrieve: medical records, user submitted online information, bank statements, school records, mobile device data, telephone calls, chat room conversations, and pc device data. Your role in ensuring the safety of The Nation is in the capacity of an investigator, one who has authority to utilize the Orwell mainframe as an unbiased outsider to The Nation. As an investigator, you must sift through all of the information Orwell retrieves to discover and submit “relevant” datachunks to your immediate supervisor. What you deem relevant will shape the futures of the suspects under investigation, so take great care in deciding what to submit to Orwell.

Gameplay-wise, Orwell’s UI behaves much like an internet browser with three major utilities: the Reader, Listener, and Insider. These utilities allow you to pull up internet-related articles, tap into phone calls or chat conversations, or remote control mobile/PC devices respectively. Throughout the countless scripts of text provided by the articles or conversations, datachunks are automatically highlighted, and notifications beside specific entries where datachunks are present help guide the player towards progression. Some datachunks will be relatively useless, such as a person’s favorite color, but others will be extremely relevant to the case. Chunk by chunk, you will eventually develop fully-fleshed profiles to aid you in determining who the next person of interest is until the final culprit is found.

[h1]License to Know[/h1]

Using Orwell's features is the crux of the game, letting you slowly form your own opinion on who may be innocent or an accomplice, all while unraveling deeper motivations about the suspects and influential figures around you and Orwell. When you think you've cleanly profiled someone, post-incident reports will reveal multiple perspectives with conflicting beliefs that you may have never even thought of. As each episode focuses on a different character, everyone feels really well developed and sharply defined by disparate personalities and lifestyles. In addition, the more you learn about one thing, the less confident you will feel about another. 

Although the detective aspect of the game begins off strong, it unfortunately slowly undermines itself due to the fact that every clue is essentially hand-fed to the player. Since notifications of datachunks are provided, what ended up seeming to be a neat and helpful feature to ensure that I can progress without too much trouble began to feel like a massive crutch. This created an extremely casual playstyle where I was really just along for the ride. Don't get me wrong, it is still one great journey, but the immersiveness could have been kicked up a notch by providing players a serious investigative challenge. For example, if all notifications and highlighted entries were removed, it would definitely force me to care much more about the seemingly mundane or extraneous text for fear of relevancy. Finding the clues could be as ""simple"" as manually highlighting useful data. The supervisor continued to nag me about looking for X, finding X, learning more about X, but eventually the clues led me there without trying anyways. I felt like I might as well just speed-read anything without highlighted text in it to quickly move on. 

In addition, certain clues must be fed to Orwell to proceed, even if I wanted to exclude it. The game seems to make a big deal about being careful what to upload to the mainframe, so why force me to make choices like that. Maybe I'm inclined to believe X is innocent, but to proceed, I must upload information that X has a military background in order to create clearance for investigation. Having this feature further supports the casual mindset of submitting anything that is highlighted and diminishes the need to read everything or even care. Don’t get me wrong, the game still provides the players with a fair amount of control, since the endings are vastly different and minor paths will affect the outcome of certain suspects, but I definitely did not welcome the need to have milestone/checkpoint datachunks for progression.

The datachunk system still has some pretty neat features though, most notably in regards to data conflicts. At these moments, two conflicting statements are uncovered and only one can be submitted. You will essentially provide info that you want your supervisor to act upon. Ex. ""I heard X was home last night....[phone conversation]"" vs ""Me and X had a blast at the concert last night [social networking site]."" What you choose will relatively dictate what will happen to X. These conflicts returned a little bit of control taken away with the abovementioned checkpoint chunks.

[h1]Complete Walkthrough Playlist[/h1]

https://www.youtube.com/watch?v=s6Q75R9yWtU&list=PLeavCsRFiP55ATTks7hLjJY84dnSIXY3y&index=1

[h1]Verdict[/h1]

At first, Orwell seemed to have been just a more interactive visual novel or point & click game, but certain scripted scenes suddenly thrust me into Orwell's world, making me experience the exact same feelings a tech-savvy security investigator would be facing. Times where I would suddenly lose access to Orwell's mainframe, experience a cyber-attack, discover life-threatening secrets or aid Orwell during an active escape attempt. I found myself making motions and exasperations my virtual counterpart would most likely make, and the intense emotions I felt during these moments are something that would be highly difficult to forget as I walk away from the game. I can't recall any visual novels or point & clicks that have made me feel so involved in its world, seemingly shaping the final conclusion to the story.

Even though I have some gripes with Orwell’s progression and datachunk systems, the game is a far cry from being a failure at its attempt to tell a captivating story with novel methods. It isn’t easy for a game to present information in such a way to draw strong opinions from the players, yet manage to continually make their beliefs sway back and forth. The developers, however, knew how to create false trails, dead ends, probable causes and multiple motivations yet skew them towards a believable conclusion. Furthermore, scripted moments that nearly broke the fourth wall created a unique sense of immersion and relatability. This makes it very easy for me to recommend Orwell to any fan of story-centric narratives or spy games. If you’re still on the fence about this game, try the demo. It is free and contains the entire first episode - and it only gets better from there.

[table][tr][td]Press copy provided by Surprise Attack[/td][/tr][/table]

[table][tr][td][url=http://steamcommunity.com/groups/BeforeYouBuy]Before You Buy[/url] – analyses of newly released indie games[/td][/tr][/table]","What would you do if you really wanted to imprison some people that irked you? Obviously, you would scour their Facebook, Twitter, and eHarmony profiles to gather evidence of corroboration between them and terrorist activist cells. Atleast that’s how Osmotic Studios would do it. Although it may be a bit of a crude hyperbole, that is essentially what you will be doing in Orwell, the fascinating game where you play as Big Brother in an effort to keep The Nation safe and discover the culprits behind the recent bombing events in the capital city. [h1]Privacy vs Security[/h1] Other than being the author of 1984, the story where this game gets many of its motifs from, Orwell is rebirthed as a new governmental security program created to maintain order and reduce crime in a totalitarian country called, The Nation. Being an all-encompassing program with no bounds in breaking personal privacy, Orwell has the ability to retrieve: medical records, user submitted online information, bank statements, school records, mobile device data, telephone calls, chat room conversations, and pc device data. Your role in ensuring the safety of The Nation is in the capacity of an investigator, one who has authority to utilize the Orwell mainframe as an unbiased outsider to The Nation. As an investigator, you must sift through all of the information Orwell retrieves to discover and submit “relevant” datachunks to your immediate supervisor. What you deem relevant will shape the futures of the suspects under investigation, so take great care in deciding what to submit to Orwell. Gameplay-wise, Orwell’s UI behaves much like an internet browser with three major utilities: the Reader, Listener, and Insider. These utilities allow you to pull up internet-related articles, tap into phone calls or chat conversations, or remote control mobile/PC devices respectively. Throughout the countless scripts of text provided by the articles or conversations, datachunks are automatically highlighted, and notifications beside specific entries where datachunks are present help guide the player towards progression. Some datachunks will be relatively useless, such as a person’s favorite color, but others will be extremely relevant to the case. Chunk by chunk, you will eventually develop fully-fleshed profiles to aid you in determining who the next person of interest is until the final culprit is found. [h1]License to Know[/h1] Using Orwell's features is the crux of the game, letting you slowly form your own opinion on who may be innocent or an accomplice, all while unraveling deeper motivations about the suspects and influential figures around you and Orwell. When you think you've cleanly profiled someone, post-incident reports will reveal multiple perspectives with conflicting beliefs that you may have never even thought of. As each episode focuses on a different character, everyone feels really well developed and sharply defined by disparate personalities and lifestyles. In addition, the more you learn about one thing, the less confident you will feel about another. Although the detective aspect of the game begins off strong, it unfortunately slowly undermines itself due to the fact that every clue is essentially hand-fed to the player. Since notifications of datachunks are provided, what ended up seeming to be a neat and helpful feature to ensure that I can progress without too much trouble began to feel like a massive crutch. This created an extremely casual playstyle where I was really just along for the ride. Don't get me wrong, it is still one great journey, but the immersiveness could have been kicked up a notch by providing players a serious investigative challenge. For example, if all notifications and highlighted entries were removed, it would definitely force me to care much more about the seemingly mundane or extraneous text for fear of relevancy. Finding the clues could be as ""simple"" as manually highlighting useful data. The supervisor continued to nag me about looking for X, finding X, learning more about X, but eventually the clues led me there without trying anyways. I felt like I might as well just speed-read anything without highlighted text in it to quickly move on. In addition, certain clues must be fed to Orwell to proceed, even if I wanted to exclude it. The game seems to make a big deal about being careful what to upload to the mainframe, so why force me to make choices like that. Maybe I'm inclined to believe X is innocent, but to proceed, I must upload information that X has a military background in order to create clearance for investigation. Having this feature further supports the casual mindset of submitting anything that is highlighted and diminishes the need to read everything or even care. Don’t get me wrong, the game still provides the players with a fair amount of control, since the endings are vastly different and minor paths will affect the outcome of certain suspects, but I definitely did not welcome the need to have milestone/checkpoint datachunks for progression. The datachunk system still has some pretty neat features though, most notably in regards to data conflicts. At these moments, two conflicting statements are uncovered and only one can be submitted. You will essentially provide info that you want your supervisor to act upon. Ex. ""I heard X was home last night....[phone conversation]"" vs ""Me and X had a blast at the concert last night [social networking site]."" What you choose will relatively dictate what will happen to X. These conflicts returned a little bit of control taken away with the abovementioned checkpoint chunks. [h1]Complete Walkthrough Playlist[/h1] https://www.youtube.com/watch?v=s6Q75R9yWtU&list=PLeavCsRFiP55ATTks7hLjJY84dnSIXY3y&index=1 [h1]Verdict[/h1] At first, Orwell seemed to have been just a more interactive visual novel or point & click game, but certain scripted scenes suddenly thrust me into Orwell's world, making me experience the exact same feelings a tech-savvy security investigator would be facing. Times where I would suddenly lose access to Orwell's mainframe, experience a cyber-attack, discover life-threatening secrets or aid Orwell during an active escape attempt. I found myself making motions and exasperations my virtual counterpart would most likely make, and the intense emotions I felt during these moments are something that would be highly difficult to forget as I walk away from the game. I can't recall any visual novels or point & clicks that have made me feel so involved in its world, seemingly shaping the final conclusion to the story. Even though I have some gripes with Orwell’s progression and datachunk systems, the game is a far cry from being a failure at its attempt to tell a captivating story with novel methods. It isn’t easy for a game to present information in such a way to draw strong opinions from the players, yet manage to continually make their beliefs sway back and forth. The developers, however, knew how to create false trails, dead ends, probable causes and multiple motivations yet skew them towards a believable conclusion. Furthermore, scripted moments that nearly broke the fourth wall created a unique sense of immersion and relatability. This makes it very easy for me to recommend Orwell to any fan of story-centric narratives or spy games. If you’re still on the fence about this game, try the demo. It is free and contains the entire first episode - and it only gets better from there. [table][tr][td]Press copy provided by Surprise Attack[/td][/tr][/table] [table][tr][td][url=http://steamcommunity.com/groups/BeforeYouBuy]Before You Buy[/url] – analyses of newly released indie games[/td][/tr][/table]",True,2017-01-22T03:37:38+00:00,2017-01-23T19:34:53+00:00,291.0,291.0,0.0,7.0,0.0,0.568023681640625,False,True,False,False,76561198048980407,,149.0,False,False,7694,1212,4.85,4.85,3-10h,positive
35567896,491950,orwell,Orwell: Keeping an Eye On You,english,"The game involves searching various (in-game) webpages to find information about suspected terrorists.  You get to decide what information to share with authorities and what to withhold, which affects the outcome.

It's decently fun.  There's about 4-5 hours of content.  If you enjoy Uplink you'll probably enjoy this.","The game involves searching various (in-game) webpages to find information about suspected terrorists. You get to decide what information to share with authorities and what to withhold, which affects the outcome. It's decently fun. There's about 4-5 hours of content. If you enjoy Uplink you'll probably enjoy this.",True,2017-10-08T09:51:09+00:00,2017-10-08T09:53:21+00:00,261.0,261.0,0.0,6.0,0.0,0.5891324281692505,False,False,False,False,76561197961768818,,541.0,False,False,315,48,4.35,4.35,3-10h,positive
214192544,491950,orwell,Orwell: Keeping an Eye On You,english,"Orwell: Keeping an Eye On You is a thought-provoking narrative simulation developed by Osmotic Studios and published by Daedalic Entertainment that places the player in the uncomfortable role of a government surveillance operative. Rather than offering power fantasies or conventional heroism, the game asks you to sit behind a screen, analyze fragments of people’s digital lives, and decide which pieces of information deserve official attention. Set in the fictional state known simply as The Nation, the story unfolds in the aftermath of a violent terrorist attack, where fear, public pressure, and political urgency justify the rapid expansion of a system capable of monitoring nearly every aspect of a citizen’s existence.

The central mechanic revolves around the Orwell surveillance system itself, a sleek but unsettling interface through which you access emails, chat logs, social media profiles, news articles, phone records, and private files. Gameplay consists of identifying relevant “datachunks” and uploading them into official investigation dossiers. What makes this process compelling is that not all information is equally meaningful, nor is it always truthful when stripped of context. A casual message, a sarcastic comment, or an old association can become damning evidence once formalized inside the system. The act of choosing what to submit becomes the game’s primary decision-making tool, transforming seemingly mundane interactions into high-stakes moral choices.

Narratively, Orwell unfolds across multiple in-game days, each representing a new phase of the investigation and introducing fresh characters, revelations, and complications. The pacing is deliberate, allowing tension to build gradually as threads intertwine and suspects emerge. Rather than presenting clear villains and heroes, the story thrives on ambiguity. Individuals under scrutiny are complex, flawed, and often sympathetic, and the more you learn about them, the more uncomfortable the process of surveillance becomes. The game excels at showing how partial truths can snowball into irreversible consequences, especially when filtered through institutional authority.

A defining strength of Orwell is its ethical focus. The game consistently challenges the player to reflect on the power they wield and the ease with which that power can be misused. Uploading information feels procedural and routine, yet the consequences are often deeply personal for the people affected. Careers are ruined, relationships collapse, and lives spiral based on decisions made in silence behind a terminal. The game does not present clear “right” answers; instead, it forces players to confront the reality that surveillance systems are shaped as much by human judgment and bias as by data itself.

Visually, Orwell adopts a minimalist, utilitarian aesthetic that reinforces its themes. Interfaces resemble real-world operating systems and investigative software, grounding the experience in plausibility rather than spectacle. This stripped-down presentation keeps attention focused on text, decisions, and implications rather than visual distraction. Sound design is similarly restrained, using subtle cues rather than dramatic music to maintain an atmosphere of quiet tension and bureaucratic detachment. The result is an experience that feels unsettling precisely because of how ordinary and believable it is.

Player agency is a key component of the experience, though it is intentionally constrained. While the overarching investigation follows a structured path, the specific outcomes depend heavily on what information you choose to reveal or withhold. Multiple endings and branching consequences encourage replayability, as players can explore how different ethical approaches alter the narrative. Some may approach the game as a dutiful analyst focused solely on public safety, while others may attempt to protect individual privacy whenever possible. Each approach reveals different facets of the story and reinforces the game’s central question: who decides what is justified when security and freedom collide?

Reception to Orwell has been consistently positive, particularly among players who value narrative depth and social commentary. Many praise its relevance, especially in an era defined by data collection, algorithmic profiling, and online identity. While some may find the gameplay slow or limited due to its text-heavy nature, those willing to engage with its pacing often find it deeply immersive and emotionally resonant. The lack of traditional action is not a weakness but a deliberate design choice that underscores the quiet, insidious nature of surveillance.

Ultimately, Orwell: Keeping an Eye On You stands as a powerful example of how games can explore modern societal issues with nuance and restraint. It transforms data analysis into a dramatic and morally charged experience, reminding players that information is never neutral and that those who control it shape reality itself. For players interested in narrative-driven games that challenge assumptions and provoke reflection rather than offer escapism, Orwell delivers a memorable and unsettling journey that lingers long after the screen goes dark.

Rating: 8/10","Orwell: Keeping an Eye On You is a thought-provoking narrative simulation developed by Osmotic Studios and published by Daedalic Entertainment that places the player in the uncomfortable role of a government surveillance operative. Rather than offering power fantasies or conventional heroism, the game asks you to sit behind a screen, analyze fragments of people’s digital lives, and decide which pieces of information deserve official attention. Set in the fictional state known simply as The Nation, the story unfolds in the aftermath of a violent terrorist attack, where fear, public pressure, and political urgency justify the rapid expansion of a system capable of monitoring nearly every aspect of a citizen’s existence. The central mechanic revolves around the Orwell surveillance system itself, a sleek but unsettling interface through which you access emails, chat logs, social media profiles, news articles, phone records, and private files. Gameplay consists of identifying relevant “datachunks” and uploading them into official investigation dossiers. What makes this process compelling is that not all information is equally meaningful, nor is it always truthful when stripped of context. A casual message, a sarcastic comment, or an old association can become damning evidence once formalized inside the system. The act of choosing what to submit becomes the game’s primary decision-making tool, transforming seemingly mundane interactions into high-stakes moral choices. Narratively, Orwell unfolds across multiple in-game days, each representing a new phase of the investigation and introducing fresh characters, revelations, and complications. The pacing is deliberate, allowing tension to build gradually as threads intertwine and suspects emerge. Rather than presenting clear villains and heroes, the story thrives on ambiguity. Individuals under scrutiny are complex, flawed, and often sympathetic, and the more you learn about them, the more uncomfortable the process of surveillance becomes. The game excels at showing how partial truths can snowball into irreversible consequences, especially when filtered through institutional authority. A defining strength of Orwell is its ethical focus. The game consistently challenges the player to reflect on the power they wield and the ease with which that power can be misused. Uploading information feels procedural and routine, yet the consequences are often deeply personal for the people affected. Careers are ruined, relationships collapse, and lives spiral based on decisions made in silence behind a terminal. The game does not present clear “right” answers; instead, it forces players to confront the reality that surveillance systems are shaped as much by human judgment and bias as by data itself. Visually, Orwell adopts a minimalist, utilitarian aesthetic that reinforces its themes. Interfaces resemble real-world operating systems and investigative software, grounding the experience in plausibility rather than spectacle. This stripped-down presentation keeps attention focused on text, decisions, and implications rather than visual distraction. Sound design is similarly restrained, using subtle cues rather than dramatic music to maintain an atmosphere of quiet tension and bureaucratic detachment. The result is an experience that feels unsettling precisely because of how ordinary and believable it is. Player agency is a key component of the experience, though it is intentionally constrained. While the overarching investigation follows a structured path, the specific outcomes depend heavily on what information you choose to reveal or withhold. Multiple endings and branching consequences encourage replayability, as players can explore how different ethical approaches alter the narrative. Some may approach the game as a dutiful analyst focused solely on public safety, while others may attempt to protect individual privacy whenever possible. Each approach reveals different facets of the story and reinforces the game’s central question: who decides what is justified when security and freedom collide? Reception to Orwell has been consistently positive, particularly among players who value narrative depth and social commentary. Many praise its relevance, especially in an era defined by data collection, algorithmic profiling, and online identity. While some may find the gameplay slow or limited due to its text-heavy nature, those willing to engage with its pacing often find it deeply immersive and emotionally resonant. The lack of traditional action is not a weakness but a deliberate design choice that underscores the quiet, insidious nature of surveillance. Ultimately, Orwell: Keeping an Eye On You stands as a powerful example of how games can explore modern societal issues with nuance and restraint. It transforms data analysis into a dramatic and morally charged experience, reminding players that information is never neutral and that those who control it shape reality itself. For players interested in narrative-driven games that challenge assumptions and provoke reflection rather than offer escapism, Orwell delivers a memorable and unsettling journey that lingers long after the screen goes dark. Rating: 8/10",True,2025-12-25T23:00:10+00:00,2025-12-25T23:00:10+00:00,914.0,914.0,0.0,6.0,0.0,0.5692771077156067,False,False,False,False,76561198367471798,,27587.0,False,False,5227,759,15.233333333333333,15.233333333333333,10h+,positive
124462899,491950,orwell,Orwell: Keeping an Eye On You,english,"If you look past all the ""monitor and snoop in"" on people aspect of the game its a really enjoyable ride with a great story and your choices actually do influence the outcomes of big events. Wish there were more pages you could access in each chapter and maybe some of them not even hold relevant information just to make it a bit more challenging, but otherwise this is a great game","If you look past all the ""monitor and snoop in"" on people aspect of the game its a really enjoyable ride with a great story and your choices actually do influence the outcomes of big events. Wish there were more pages you could access in each chapter and maybe some of them not even hold relevant information just to make it a bit more challenging, but otherwise this is a great game",True,2022-10-27T11:16:54+00:00,2022-10-27T11:16:54+00:00,696.0,533.0,0.0,5.0,0.0,0.5998430848121643,False,False,False,False,76561198083544945,,25.0,False,False,383,72,11.6,8.883333333333333,3-10h,positive
55734186,491950,orwell,Orwell: Keeping an Eye On You,english,"Intro:

 Eric Arthur Blair (famously known under the pen name of George Orwell) was a essayist (someone who writes essays for a living), novelist, critic and journalist.  He lived between 25th of June 1903 to 21th of January 1950 and was most famous for two books.  Namely Animal Farm (17 August 1945) and 1984 (8 June 1949).  Animal Farm is considered to be a classic of allegorical story-telling and political satire. 1984 on the other hand is a book where endless parallels can be drawn to in real life. 

Where the grim (sometimes terrifying) warnings of totalitarianism, twisting of words, meaning and history appear to become more of an reality.  1984 is considered to be one of the best books ever written (an opinion that I share myself).  Its influence on narrative art, politics and language cannot be understated.  Today’s game: Orwell owes a lot to 1984, right down to naming itself after Blair’s pen surname.  

Story:

One of the game’s themes and commentary is how people present themselves online and “offline”.  This is no more evident than with the various interactions the small groups of characters have with each other.  Cassandra Watergate (get it?!) is on one hand,  an emotionally unstable, childish woman who  does not care about adult responsibility.  However on the other hand she is apparently a activist who might have been responsible for a series of bombings and assaults on police. 

Which character is the real thing? That is what helps make the story compelling, Orwell sets up characters that behave in unique ways, behaviour patterns that often conflict with your perception and then ask you to decide who they are.  People are very different online and in the presence of other people (could this man be impersonating another man who might not even be alive?!).  Orwell uses limited perception and distorted character presentation to compel the player to continue playing. 

Gameplay:

Gameplay is rather easy and straightforward.  You use Orwell to find data on various persons supposedly involved in terrorist activities. In order to uncover who was responsible and who was not. Relevant information is highlighted in blue.  At worst you have to decide which information is relevant to which character.  You would also have to decide what information is important or valid (someone saying that they are from wonderland is not valid for obvious reasons).  However there is not much of a failure (at least for me )  as all I got was a scolding from Symes.  However I did find myself debating on the various behaviour patterns and deciding which behaviour fits with the character’s overall personality. Orwell might be easy but that does not mean it is not compelling.  Simple but straightforward and very polished. 

Conclusion:

Orwell’s relevance is undeniable, the balance between private and public with the invention of Social media has become.  The encroachment of government surveillance for safety from a threat that might not exist is a legitimate possibility.  The erasure of privacy encouraged by the likes of Facebook and Twitter. Where everything you say and do is recorded to be sold to the highest bidder.  Orwell’s importance as a game will always be relevant while Britain and China’s surveillance states continue to become more of a reality.","Intro: Eric Arthur Blair (famously known under the pen name of George Orwell) was a essayist (someone who writes essays for a living), novelist, critic and journalist. He lived between 25th of June 1903 to 21th of January 1950 and was most famous for two books. Namely Animal Farm (17 August 1945) and 1984 (8 June 1949). Animal Farm is considered to be a classic of allegorical story-telling and political satire. 1984 on the other hand is a book where endless parallels can be drawn to in real life. Where the grim (sometimes terrifying) warnings of totalitarianism, twisting of words, meaning and history appear to become more of an reality. 1984 is considered to be one of the best books ever written (an opinion that I share myself). Its influence on narrative art, politics and language cannot be understated. Today’s game: Orwell owes a lot to 1984, right down to naming itself after Blair’s pen surname. Story: One of the game’s themes and commentary is how people present themselves online and “offline”. This is no more evident than with the various interactions the small groups of characters have with each other. Cassandra Watergate (get it?!) is on one hand, an emotionally unstable, childish woman who does not care about adult responsibility. However on the other hand she is apparently a activist who might have been responsible for a series of bombings and assaults on police. Which character is the real thing? That is what helps make the story compelling, Orwell sets up characters that behave in unique ways, behaviour patterns that often conflict with your perception and then ask you to decide who they are. People are very different online and in the presence of other people (could this man be impersonating another man who might not even be alive?!). Orwell uses limited perception and distorted character presentation to compel the player to continue playing. Gameplay: Gameplay is rather easy and straightforward. You use Orwell to find data on various persons supposedly involved in terrorist activities. In order to uncover who was responsible and who was not. Relevant information is highlighted in blue. At worst you have to decide which information is relevant to which character. You would also have to decide what information is important or valid (someone saying that they are from wonderland is not valid for obvious reasons). However there is not much of a failure (at least for me ) as all I got was a scolding from Symes. However I did find myself debating on the various behaviour patterns and deciding which behaviour fits with the character’s overall personality. Orwell might be easy but that does not mean it is not compelling. Simple but straightforward and very polished. Conclusion: Orwell’s relevance is undeniable, the balance between private and public with the invention of Social media has become. The encroachment of government surveillance for safety from a threat that might not exist is a legitimate possibility. The erasure of privacy encouraged by the likes of Facebook and Twitter. Where everything you say and do is recorded to be sold to the highest bidder. Orwell’s importance as a game will always be relevant while Britain and China’s surveillance states continue to become more of a reality.",True,2019-10-23T18:06:38+00:00,2021-02-25T20:38:24+00:00,315.0,315.0,0.0,4.0,0.0,0.5817197561264038,False,False,False,False,76561198060262647,,67.0,False,False,3257,539,5.25,5.25,3-10h,positive
175726569,491950,orwell,Orwell: Keeping an Eye On You,english,"This game is a crazy for the fact that the game play is you literally clicking through articles and websites to upload data to the in-universe skynet, yet the story and themes are so relevant and gripping. You play as an out of state contractor for a national government to spy on a set of the citizens who are suspected to be terrorists, but does the end really justify the means?

Orwell is an 8 year old game and social media at the time is even as ingrained as it was before, this game's theme ages better and gets more uncanny as time go by.","This game is a crazy for the fact that the game play is you literally clicking through articles and websites to upload data to the in-universe skynet, yet the story and themes are so relevant and gripping. You play as an out of state contractor for a national government to spy on a set of the citizens who are suspected to be terrorists, but does the end really justify the means? Orwell is an 8 year old game and social media at the time is even as ingrained as it was before, this game's theme ages better and gets more uncanny as time go by.",True,2024-09-25T05:10:47+00:00,2024-09-25T05:10:47+00:00,207.0,207.0,0.0,4.0,0.0,0.5642632246017456,True,False,False,False,76561198853520260,,53.0,False,False,545,105,3.45,3.45,3-10h,positive
40338381,491950,orwell,Orwell: Keeping an Eye On You,english,"+Original gameplay
+Dynamic storytelling in a way games haven't done before
+Interesting plot and characters
+Unique artstyle works well
+Represents certain website types like social media, dating sites and so on without resorting to cheap parodies of real ones
+Original gameplay! Gets on here twice because it's so rare for a game to be original now
+Branching story

-Pretty short
-Music gets reeeeally repetitive, really fast
-A few times the story annoyed me, namely not letting me submit information that seemed very relevant

EDIT: After playing the final episode just want to say I'm very pleased with the ending and how the plot develops over the course of the game. Fantastic game, breaking new ground in using videogames as a medium to tell stories, in an interactive and original way.","+Original gameplay +Dynamic storytelling in a way games haven't done before +Interesting plot and characters +Unique artstyle works well +Represents certain website types like social media, dating sites and so on without resorting to cheap parodies of real ones +Original gameplay! Gets on here twice because it's so rare for a game to be original now +Branching story -Pretty short -Music gets reeeeally repetitive, really fast -A few times the story annoyed me, namely not letting me submit information that seemed very relevant EDIT: After playing the final episode just want to say I'm very pleased with the ending and how the plot develops over the course of the game. Fantastic game, breaking new ground in using videogames as a medium to tell stories, in an interactive and original way.",True,2018-02-23T21:15:00+00:00,2018-02-24T02:30:46+00:00,239.0,239.0,0.0,3.0,0.0,0.5272149443626404,False,False,False,False,76561198041717774,,165.0,False,False,794,130,3.9833333333333334,3.9833333333333334,3-10h,positive
41149356,491950,orwell,Orwell: Keeping an Eye On You,english,"You spy on people in order to figure out who was behind some recent bombings and ideally prevent more from happening.

The game can be played with mouse only; all you need to do is click and drag relevant information into the files of the people you are watching. It starts off a little bit on the slow side, but gets more interesting after about an hour or so as you find information on the supposed terrorists.
The music is quite nice and oddly relaxing most of the time. Also doesn't distract or annoy, which is important in a game like this.

There is [i]a lot[/i] of reading in this, so if you're not into that, you might want to stay away. Other than that though, it's a very nice game with an interesting story and some important decisions to make. Thanks to that and the relatively short playtime of 5-6 hours it might even be worth playing it at least twice to do things differently, [spoiler]like maybe not getting poor Benjamin fired[/spoiler].","You spy on people in order to figure out who was behind some recent bombings and ideally prevent more from happening. The game can be played with mouse only; all you need to do is click and drag relevant information into the files of the people you are watching. It starts off a little bit on the slow side, but gets more interesting after about an hour or so as you find information on the supposed terrorists. The music is quite nice and oddly relaxing most of the time. Also doesn't distract or annoy, which is important in a game like this. There is [i]a lot[/i] of reading in this, so if you're not into that, you might want to stay away. Other than that though, it's a very nice game with an interesting story and some important decisions to make. Thanks to that and the relatively short playtime of 5-6 hours it might even be worth playing it at least twice to do things differently, [spoiler]like maybe not getting poor Benjamin fired[/spoiler].",True,2018-03-30T10:17:48+00:00,2018-03-30T10:17:48+00:00,478.0,478.0,0.0,2.0,0.0,0.54356849193573,False,False,False,False,76561198102136663,,52.0,False,False,953,173,7.966666666666667,7.966666666666667,3-10h,positive
26252235,491950,orwell,Orwell: Keeping an Eye On You,english,"After playing through the first two episodes, I can't wait for future sory to be released. Gameplay is simple, sifting through documents and pulling out relevant information, but the game provides a compelling cast of characters to discover and places them in an interesting story. Looking forward to a mroe detailed review as more episodes are released in coming weeks.","After playing through the first two episodes, I can't wait for future sory to be released. Gameplay is simple, sifting through documents and pulling out relevant information, but the game provides a compelling cast of characters to discover and places them in an interesting story. Looking forward to a mroe detailed review as more episodes are released in coming weeks.",True,2016-10-27T22:19:15+00:00,2016-10-27T22:19:15+00:00,578.0,83.0,0.0,2.0,0.0,0.5183263421058655,False,False,False,False,76561198043286443,,7.0,False,False,370,60,9.633333333333333,1.3833333333333333,1-3h,positive
30379142,491950,orwell,Orwell: Keeping an Eye On You,english,"[h1]A memorable and engaging experience.[/h1]

Orwell puts you in the shoes of an investigator working for a police state. The goal is to identify and build a case against suspected terrorists using both publicly available and personal/confidential information. Information you upload enables access to further sources. Uploading mention of a notable injury will unlock access to the person's medical records; finding a phone number or email lets you spy in on their correspondence etc. 

But information you upload could be incorrect, or misinterpreted/twisted to suit the government's agenda. How far will you go? Who will you condemn?

[h1]How is it?[/h1]

This core is compelling and unique enough to carry the game through to its conclusion. The comparisons to Papers Please are obvious, but Orwell is far more expansive. Where Papers Please created tension by pitting you against a time limit, Orwell creates a complex, intriguing and politically relevant narrative where you never truly know who is or isn't guilty. It is hard to discuss in detail without spoiling, but the story is full of twists and turns and finds a way to successfully play out dramatic scenes that you experience from behind the safety of your computer screen and the shield of Orwell.

The soundtrack compliments the game nicely, and is used effectively to punctuate important revelations in the story.

It's entirely text-based, and game length depends entirely on your reading speed and habits. Speed-reading and scanning for pertinent information (which the game highlights for you) can shorten the game to 3-4 hours. A more thorough and careful reading, especially if read aloud, can extend your playtime to 8 hours. The game will be a one-time experience for most players, but the game lets you play each episode individually once cleared, and there's enough agency in what optional & conflicting information you upload that replayability is there for those that want it.

[h1]However[/h1]

The game has enough flaws to feel like it wasn't thoroughly tested.

Conflicting information is highlighted in yellow, rather than blue. You can only upload one of these, so the game highlights conflicting information before you've identified what it conflicts with. This is both a minor spoiler and very awkward, and could have easily been handled better.

It's easy to get overwhelmed with information. The game highlights sources with new information for you, but distinguishing between what is optional and mandatory to upload is not obvious. Perhaps this is intentional, but it is too easy to be stuck in a deadlock with 30 possible sources to go through trying to find the one piece of mandatory information you refrained from uploading the first time. An additional icon highlighting old sources with uploadable information would have made this much less tedious.

Spying in on peoples phone conversations happens in real time. This has a wonderful voyeuristic feel to it, but the conversations progress far too fast to read aloud at a comfortable speaking pace. This would be fine if they didn't contain time-sensitive information that needs to be uploaded during the conversation itself. Anyone streaming this or reading aloud to themselves will be caught in the awkward spot of either missing the window to upload information, or have to voice act far too fast for the conversation to sound natural.

Finally, the writing itself is simply poor. I wonder if it was written by a native English speaker or a trained writer. The grammar is awkward, misleading or just incorrect far too often, and this does detract from the otherwise believable world and engaging story the game creates. Simple proof-reading would have solved this.

None of these are game-breaking or significantly ruin the game, but all are so needless, so simply and easily solved that their inclusions are frustrating.

[h1]Verdict[/h1]

If you liked Papers Please, find the theme compelling or want a unique text-based game, you'll enjoy this. It comes with too many niggling issues to recommend at full price, but with a small discount this will be a worthwhile experience that will stay with you for years to come.","[h1]A memorable and engaging experience.[/h1] Orwell puts you in the shoes of an investigator working for a police state. The goal is to identify and build a case against suspected terrorists using both publicly available and personal/confidential information. Information you upload enables access to further sources. Uploading mention of a notable injury will unlock access to the person's medical records; finding a phone number or email lets you spy in on their correspondence etc. But information you upload could be incorrect, or misinterpreted/twisted to suit the government's agenda. How far will you go? Who will you condemn? [h1]How is it?[/h1] This core is compelling and unique enough to carry the game through to its conclusion. The comparisons to Papers Please are obvious, but Orwell is far more expansive. Where Papers Please created tension by pitting you against a time limit, Orwell creates a complex, intriguing and politically relevant narrative where you never truly know who is or isn't guilty. It is hard to discuss in detail without spoiling, but the story is full of twists and turns and finds a way to successfully play out dramatic scenes that you experience from behind the safety of your computer screen and the shield of Orwell. The soundtrack compliments the game nicely, and is used effectively to punctuate important revelations in the story. It's entirely text-based, and game length depends entirely on your reading speed and habits. Speed-reading and scanning for pertinent information (which the game highlights for you) can shorten the game to 3-4 hours. A more thorough and careful reading, especially if read aloud, can extend your playtime to 8 hours. The game will be a one-time experience for most players, but the game lets you play each episode individually once cleared, and there's enough agency in what optional & conflicting information you upload that replayability is there for those that want it. [h1]However[/h1] The game has enough flaws to feel like it wasn't thoroughly tested. Conflicting information is highlighted in yellow, rather than blue. You can only upload one of these, so the game highlights conflicting information before you've identified what it conflicts with. This is both a minor spoiler and very awkward, and could have easily been handled better. It's easy to get overwhelmed with information. The game highlights sources with new information for you, but distinguishing between what is optional and mandatory to upload is not obvious. Perhaps this is intentional, but it is too easy to be stuck in a deadlock with 30 possible sources to go through trying to find the one piece of mandatory information you refrained from uploading the first time. An additional icon highlighting old sources with uploadable information would have made this much less tedious. Spying in on peoples phone conversations happens in real time. This has a wonderful voyeuristic feel to it, but the conversations progress far too fast to read aloud at a comfortable speaking pace. This would be fine if they didn't contain time-sensitive information that needs to be uploaded during the conversation itself. Anyone streaming this or reading aloud to themselves will be caught in the awkward spot of either missing the window to upload information, or have to voice act far too fast for the conversation to sound natural. Finally, the writing itself is simply poor. I wonder if it was written by a native English speaker or a trained writer. The grammar is awkward, misleading or just incorrect far too often, and this does detract from the otherwise believable world and engaging story the game creates. Simple proof-reading would have solved this. None of these are game-breaking or significantly ruin the game, but all are so needless, so simply and easily solved that their inclusions are frustrating. [h1]Verdict[/h1] If you liked Papers Please, find the theme compelling or want a unique text-based game, you'll enjoy this. It comes with too many niggling issues to recommend at full price, but with a small discount this will be a worthwhile experience that will stay with you for years to come.",True,2017-03-07T20:20:25+00:00,2017-03-07T20:22:23+00:00,499.0,499.0,0.0,1.0,0.0,0.5424403548240662,True,False,False,False,76561197999363759,,7.0,False,False,4154,672,8.316666666666666,8.316666666666666,3-10h,positive
35620121,491950,orwell,Orwell: Keeping an Eye On You,english,"Finished in 3 hours, did not replay to look for alternate choices.

You play as a character who works for the government and has complete access to internet, phone calls, text messages, etc. Your job is to investigate people, collect evidence, and solve (and prevent) terrorist crimes. You're the man behind the camera in the all-seeing surveillance state. 

The way the surveillance system is set up is that you collect the information and pass it to an analyst. The analyst looks at the information and decides whether it is sufficient to arrest somebody, or enough to indicate another person is a person of interest that you're allowed to investigate. Over time the network of people you're investigating grows, and it's harder to keep track of their history and relationionships.

If you collect the correct information, you might be able to prevent terrorist attacks. It is possible to get enough evidence to arrest people who aren't actually dangerous or ringleaders.

Sometimes, you see conflicting information (such as when one person is lying) and you need to make a decision. You can't submit both pieces of evidence, you can't delete evidence once you've submitted it (silly, but a game mechanic to make your choices more meaningful), and sometimes it's not clear which one is correct. You sometimes can dig around and find out which piece is correct, but sometimes you need to go with your gut and what you think the people's motivations are. 

Other times, it's not clear that you're making a choice. You can always choose to submit or not submit information, and it could lead to different results. The only way to know this is to replay the game and deliberately not choose things that led to bad outcomes. At first I was just grabbing and submitting all the information I saw, but you're intended to put a bit more thought into it. Is this relevent information? Do you want the analyist making a decision based on this information? Is this quote being taken out of context? Are you encouraging your analyist to arrest a harmless person?

My only complaint about the game is [spoiler] there is only one case/group you get to investigate, and that investigation turns ""meta"" at the end -- having discovered the ORWELL system you're using to spy on them, they start interacting with you directly. I kind of wanted to see the system working as intended for a few cases before the ""finale"" case where your subjects figure out what's going on.[/spoiler] I know it's a smaller indie type of game, but a few more cases to establish what you're doing, how significant your choices are, and so on BEFORE it reached that point would have been appreciated.

I did enjoy this game. It involves a lot of reading, and a lot of thinking, in order to enjoy it properly. It's not a good game for people who want to click through the boring stuff to get to the exciting part. In a way, it's more akin to the visual novel genre than it is to more traditional games.
","Finished in 3 hours, did not replay to look for alternate choices. You play as a character who works for the government and has complete access to internet, phone calls, text messages, etc. Your job is to investigate people, collect evidence, and solve (and prevent) terrorist crimes. You're the man behind the camera in the all-seeing surveillance state. The way the surveillance system is set up is that you collect the information and pass it to an analyst. The analyst looks at the information and decides whether it is sufficient to arrest somebody, or enough to indicate another person is a person of interest that you're allowed to investigate. Over time the network of people you're investigating grows, and it's harder to keep track of their history and relationionships. If you collect the correct information, you might be able to prevent terrorist attacks. It is possible to get enough evidence to arrest people who aren't actually dangerous or ringleaders. Sometimes, you see conflicting information (such as when one person is lying) and you need to make a decision. You can't submit both pieces of evidence, you can't delete evidence once you've submitted it (silly, but a game mechanic to make your choices more meaningful), and sometimes it's not clear which one is correct. You sometimes can dig around and find out which piece is correct, but sometimes you need to go with your gut and what you think the people's motivations are. Other times, it's not clear that you're making a choice. You can always choose to submit or not submit information, and it could lead to different results. The only way to know this is to replay the game and deliberately not choose things that led to bad outcomes. At first I was just grabbing and submitting all the information I saw, but you're intended to put a bit more thought into it. Is this relevent information? Do you want the analyist making a decision based on this information? Is this quote being taken out of context? Are you encouraging your analyist to arrest a harmless person? My only complaint about the game is [spoiler] there is only one case/group you get to investigate, and that investigation turns ""meta"" at the end -- having discovered the ORWELL system you're using to spy on them, they start interacting with you directly. I kind of wanted to see the system working as intended for a few cases before the ""finale"" case where your subjects figure out what's going on.[/spoiler] I know it's a smaller indie type of game, but a few more cases to establish what you're doing, how significant your choices are, and so on BEFORE it reached that point would have been appreciated. I did enjoy this game. It involves a lot of reading, and a lot of thinking, in order to enjoy it properly. It's not a good game for people who want to click through the boring stuff to get to the exciting part. In a way, it's more akin to the visual novel genre than it is to more traditional games.",True,2017-10-10T15:42:01+00:00,2017-10-10T15:42:01+00:00,187.0,187.0,0.0,1.0,0.0,0.5400593280792236,False,False,False,False,76561198006358574,,50.0,False,False,2952,515,3.1166666666666667,3.1166666666666667,3-10h,positive
28552800,491950,orwell,Orwell: Keeping an Eye On You,english,"Orwell is a game that has motivated me to take the time to write a review again, something I have not done in a while.  I'll admit, the title using the name of the author of a favorite book of mine grabbed my attention, and the description of the gameplay was enough to get me to take the plunge during the winter sale.  What followed was several hours spent parsing through the personal data of a group of fictional persons to solve the mystery of a terror attack and to consider the tradeoffs between privacy and security.

Let me start by saying that Orwell is at no point pedantic.  On the very rare occassion a character has been preachy, it was entirley in character for an activist.  This game has you violating privacy in order to achieve a verifiable and practical good; if you are a successful investigator you can literally save lives.  I'd do a diservice to potential players though to say any more than the very vague and cliche question of ""At what cost?""

The gameplay is surprisingly interesting and reminded me is a lot of ways of the surprise hit ""Papers, Please.""  In the not-to-distant future The Party has enacted a new security measure that gathers every scrap of digital information a person could leave.  However, to address internal privacy concerns no one person sees everything and makes decisions.  You play an ""Investigator"" who has been hired to comb through relevant data as determined by the search algorythims of the Orwell system.  As you read people's emails, chatlogs, and visit their blogs and social media sites you decide what information to pass onto your Advisor.  His role is to determine who merits investigation and draw conclusions from the data you send.  That is to say, the only information the insider in law enforcement is allowed to see is what you deem relevant.  To do your job well you must avoid not only missing relevant data, but oversharing data that could be taken out of context or is irrelevant.  Of course, since it is completley up to you to decide what is relevant, this opens the door to different investigation outcomes I fully intend to explore in future playthroughs, even if I do know the answer to the mystery.

The mystery is also quite enthralling.  I write this review at 3AM, having completed the game in a single sitting of several hours, sucked in by the need to uncover ""just one more"" piece of the puzzle until suddenly I was furiously not only trying to solve the whole riddle, but making ethical considerations over what I should share or if I should continue to do my job ""properly.""  If you enjoy a good mystery or if you like very interactive VN-style games like Analogue: A Hate Story (which I also reccomend), then I can't tell you to buy this quickly enough, even if it isn't on sale.  This was a unique and wonderful gaming experience that I am glad I had.","Orwell is a game that has motivated me to take the time to write a review again, something I have not done in a while. I'll admit, the title using the name of the author of a favorite book of mine grabbed my attention, and the description of the gameplay was enough to get me to take the plunge during the winter sale. What followed was several hours spent parsing through the personal data of a group of fictional persons to solve the mystery of a terror attack and to consider the tradeoffs between privacy and security. Let me start by saying that Orwell is at no point pedantic. On the very rare occassion a character has been preachy, it was entirley in character for an activist. This game has you violating privacy in order to achieve a verifiable and practical good; if you are a successful investigator you can literally save lives. I'd do a diservice to potential players though to say any more than the very vague and cliche question of ""At what cost?"" The gameplay is surprisingly interesting and reminded me is a lot of ways of the surprise hit ""Papers, Please."" In the not-to-distant future The Party has enacted a new security measure that gathers every scrap of digital information a person could leave. However, to address internal privacy concerns no one person sees everything and makes decisions. You play an ""Investigator"" who has been hired to comb through relevant data as determined by the search algorythims of the Orwell system. As you read people's emails, chatlogs, and visit their blogs and social media sites you decide what information to pass onto your Advisor. His role is to determine who merits investigation and draw conclusions from the data you send. That is to say, the only information the insider in law enforcement is allowed to see is what you deem relevant. To do your job well you must avoid not only missing relevant data, but oversharing data that could be taken out of context or is irrelevant. Of course, since it is completley up to you to decide what is relevant, this opens the door to different investigation outcomes I fully intend to explore in future playthroughs, even if I do know the answer to the mystery. The mystery is also quite enthralling. I write this review at 3AM, having completed the game in a single sitting of several hours, sucked in by the need to uncover ""just one more"" piece of the puzzle until suddenly I was furiously not only trying to solve the whole riddle, but making ethical considerations over what I should share or if I should continue to do my job ""properly."" If you enjoy a good mystery or if you like very interactive VN-style games like Analogue: A Hate Story (which I also reccomend), then I can't tell you to buy this quickly enough, even if it isn't on sale. This was a unique and wonderful gaming experience that I am glad I had.",True,2016-12-23T08:05:37+00:00,2016-12-23T08:05:37+00:00,468.0,350.0,0.0,1.0,0.0,0.5289855003356934,True,False,False,False,76561198030762242,,38.0,False,False,2824,503,7.8,5.833333333333333,3-10h,positive
30134473,491950,orwell,Orwell: Keeping an Eye On You,english,"You've been selected to help the government of The Nation investigate and gather data on an activist group. You're to use their new mass surveillance software called Orwell.  Your job is to sift through all the data available to you, determine what is important, what is truth, and then submit this to the government.  If you do a good job, you could prevent future terrorism.

The gameplay is pretty basic, feels a lot like just browsing the internet and reading things.  You explore websites, chat logs, phone call transcripts, etc and you use the information within to create profiles on your subjects/targets.  The game tackles the opposing viewpoints on mass surveillance, asking questions like - is it ok to spy on citizens for their own safety even if it's at the expense of some civil rights?  And where does this end?

I really liked the characters in this game, they felt very real to me.  Each with their own personalities, motivations, realistic reactions to the events of the world around them.  The dialogue was interesting to read too, though I felt it sometimes moved along a bit too slow.  I enjoyed digging deep in each person's life, trying to determine their guilt or innocence.  I really liked that the game allowed me to impact events.  I could submit data that would lead to a person's arrest.  I could paint the portrait of events to wrongly accuse someone, or I could save lives by taking a terrorist off the streets.

The game has 5 chapters and took me a little over 5 hours to beat.  Once you've beaten it, a recent patch allows you to go back to any previous chapter to replay it and do things differently if you wish and see how things play out.

I do wish the game was longer.  I wish it allowed me to explore more narratives than simply one activist group's possible involvement in terrorism.  But for what it is, I still liked it immensely and fully recommend it.","You've been selected to help the government of The Nation investigate and gather data on an activist group. You're to use their new mass surveillance software called Orwell. Your job is to sift through all the data available to you, determine what is important, what is truth, and then submit this to the government. If you do a good job, you could prevent future terrorism. The gameplay is pretty basic, feels a lot like just browsing the internet and reading things. You explore websites, chat logs, phone call transcripts, etc and you use the information within to create profiles on your subjects/targets. The game tackles the opposing viewpoints on mass surveillance, asking questions like - is it ok to spy on citizens for their own safety even if it's at the expense of some civil rights? And where does this end? I really liked the characters in this game, they felt very real to me. Each with their own personalities, motivations, realistic reactions to the events of the world around them. The dialogue was interesting to read too, though I felt it sometimes moved along a bit too slow. I enjoyed digging deep in each person's life, trying to determine their guilt or innocence. I really liked that the game allowed me to impact events. I could submit data that would lead to a person's arrest. I could paint the portrait of events to wrongly accuse someone, or I could save lives by taking a terrorist off the streets. The game has 5 chapters and took me a little over 5 hours to beat. Once you've beaten it, a recent patch allows you to go back to any previous chapter to replay it and do things differently if you wish and see how things play out. I do wish the game was longer. I wish it allowed me to explore more narratives than simply one activist group's possible involvement in terrorism. But for what it is, I still liked it immensely and fully recommend it.",True,2017-02-24T05:49:01+00:00,2017-02-24T05:49:01+00:00,748.0,748.0,0.0,1.0,0.0,0.5275590419769287,True,False,False,False,76561197963897896,,9.0,False,False,1878,335,12.466666666666667,12.466666666666667,10h+,positive
40290247,491950,orwell,Orwell: Keeping an Eye On You,english,"A fun and interactive game.  Though I say interactive game, it's more like a simulation. Kinda like doing a research paper, as you have to choose which valuable information to put on the paper. There's some depth in choices, as you can choose to withhold or use misleading information, which is a very fun concept that I hope will be expanded upon in the sequel. Overal, it was a fun game, and well worth its price. Though the game length is around 3~ hours, theres some replayability, as theres alternate routes, but it was time well spent. :3","A fun and interactive game. Though I say interactive game, it's more like a simulation. Kinda like doing a research paper, as you have to choose which valuable information to put on the paper. There's some depth in choices, as you can choose to withhold or use misleading information, which is a very fun concept that I hope will be expanded upon in the sequel. Overal, it was a fun game, and well worth its price. Though the game length is around 3~ hours, theres some replayability, as theres alternate routes, but it was time well spent. :3",True,2018-02-22T02:50:51+00:00,2018-02-22T02:50:51+00:00,308.0,308.0,0.0,1.0,0.0,0.5258620381355286,True,False,False,False,76561198047146443,,18.0,False,False,543,98,5.133333333333334,5.133333333333334,3-10h,positive
29287578,491950,orwell,Orwell: Keeping an Eye On You,english,"About the game:
- You're an operator of a massive surveillance system named Orwell. 
- You spy on people's private life to investigate a bombing scene and prevent another disasters.
- Orwell is just a tool to find correlation between data fed on it. You're responsible for feeding it with correct and relevant data. GARBAGE IN GARBAGE OUT!
- You will often find many contradictive/conflicting data. That's your call to decide which one to fed on Orwell.
- Once it's in Orwell, you can't take it back.
- Orwell will only starts collecting more data source when there's enough evidence data provided by you.


Personal thoughts:
- The game is pretty short, but can be longer if you read everything. Mine was around 4hrs of gameplay, with a lot of skimming.
- The real thrill starts around chapter 3. [spoiler]When people start realizing they're being spied[/spoiler]
- It's basically a highly interactive visual novel. The deciding/branching factor is on the conflicting data. You decide which one is true.
","About the game: - You're an operator of a massive surveillance system named Orwell. - You spy on people's private life to investigate a bombing scene and prevent another disasters. - Orwell is just a tool to find correlation between data fed on it. You're responsible for feeding it with correct and relevant data. GARBAGE IN GARBAGE OUT! - You will often find many contradictive/conflicting data. That's your call to decide which one to fed on Orwell. - Once it's in Orwell, you can't take it back. - Orwell will only starts collecting more data source when there's enough evidence data provided by you. Personal thoughts: - The game is pretty short, but can be longer if you read everything. Mine was around 4hrs of gameplay, with a lot of skimming. - The real thrill starts around chapter 3. [spoiler]When people start realizing they're being spied[/spoiler] - It's basically a highly interactive visual novel. The deciding/branching factor is on the conflicting data. You decide which one is true.",True,2017-01-16T02:03:20+00:00,2017-01-16T02:03:20+00:00,254.0,254.0,0.0,1.0,0.0,0.5253164172172546,True,False,False,False,76561198122430595,,21.0,False,False,1001,168,4.233333333333333,4.233333333333333,3-10h,positive
44264590,491950,orwell,Orwell: Keeping an Eye On You,english,"Orwell is a game where you take control of a operator of a information gathering tool that your government has recently implemented to help collect data on suspects of crimes.You are pared together with another investigator that you submit data that they will use to draw a conclusion. The investigator you are pared with only has the information you submit and cannot see what you are currently browsing thus giving you freedom to determin what conclusion they draw. The game has different outcomes and your actions threwout the game influence future events. If you enjoy mystery games this is a must, if you are skepitical about governmental survailence I recommend this game. It presents a fair perspective on all angles of that argument and is very honest on that regard. I have attempted to keep this spoiler free and hope I have suceeded while giving useful information.

(1-5)
Length:                     3
Replay value:            3
Story:                        4
Value per dollar:       4
Ui/Interface:              5
Current Relevance:   5

Overall Rating:       4.5/5

I would recommend this game at full price as it is a good value for 10$. You are also likely able to find it for a cheaper price during sales and for 5$ sometimes, which I heavily recommend it at that price if you have a passing interest. A final thing to note, this game is more better then the second game and where you should start as their gameplay is very similar and though despite having not linked stories I still cannot recommend playing the second till the first. (For reference the second one is called Orwell: Ignorance is strength.)","Orwell is a game where you take control of a operator of a information gathering tool that your government has recently implemented to help collect data on suspects of crimes.You are pared together with another investigator that you submit data that they will use to draw a conclusion. The investigator you are pared with only has the information you submit and cannot see what you are currently browsing thus giving you freedom to determin what conclusion they draw. The game has different outcomes and your actions threwout the game influence future events. If you enjoy mystery games this is a must, if you are skepitical about governmental survailence I recommend this game. It presents a fair perspective on all angles of that argument and is very honest on that regard. I have attempted to keep this spoiler free and hope I have suceeded while giving useful information. (1-5) Length: 3 Replay value: 3 Story: 4 Value per dollar: 4 Ui/Interface: 5 Current Relevance: 5 Overall Rating: 4.5/5 I would recommend this game at full price as it is a good value for 10$. You are also likely able to find it for a cheaper price during sales and for 5$ sometimes, which I heavily recommend it at that price if you have a passing interest. A final thing to note, this game is more better then the second game and where you should start as their gameplay is very similar and though despite having not linked stories I still cannot recommend playing the second till the first. (For reference the second one is called Orwell: Ignorance is strength.)",True,2018-08-20T01:18:29+00:00,2018-08-20T01:18:29+00:00,1150.0,1072.0,0.0,1.0,0.0,0.523809552192688,False,True,False,False,76561198068703682,,21.0,False,False,1542,268,19.166666666666668,17.866666666666667,10h+,positive
44223349,491950,orwell,Orwell: Keeping an Eye On You,english,"Good game on what it's like to be big brother spying on citizens and trying to solve a terror plot. Has a lot of implications to our current situation.

Pros
Good story, believable characters.
The interface to spy and upload information on the various people you spy on was done well. It does feel like you're working for a big government entity.
Decisions you make on what information to report does matter.

Cons
Certain aspects of the story regarding a few of the character could be a little bit more flushed out.
Not a big fan of the art style but that's a personal perference

Buy it if you have a chance.","Good game on what it's like to be big brother spying on citizens and trying to solve a terror plot. Has a lot of implications to our current situation. Pros Good story, believable characters. The interface to spy and upload information on the various people you spy on was done well. It does feel like you're working for a big government entity. Decisions you make on what information to report does matter. Cons Certain aspects of the story regarding a few of the character could be a little bit more flushed out. Not a big fan of the art style but that's a personal perference Buy it if you have a chance.",True,2018-08-18T06:48:00+00:00,2018-08-18T06:48:00+00:00,702.0,702.0,0.0,1.0,0.0,0.523809552192688,True,False,False,False,76561198030043517,,45.0,False,False,607,112,11.7,11.7,10h+,positive
44029622,491950,orwell,Orwell: Keeping an Eye On You,english,"Orwell is a unique game based on mass surveillance, where you act as a government analyst tasked with stopping a terrorist attack. You comb through phone, email, and internet posts of suspects, and decide what information to pass along - or withhold. A seemingly innocent forum post can be manipulated into something nefarious if you provide the feds different context.

This game provides a window into mass surveillance culture - its strengths, weaknesses, and invasion of privacy. You won't find another game like this. Gameplay is about 5 hours single player. Highly recommended.","Orwell is a unique game based on mass surveillance, where you act as a government analyst tasked with stopping a terrorist attack. You comb through phone, email, and internet posts of suspects, and decide what information to pass along - or withhold. A seemingly innocent forum post can be manipulated into something nefarious if you provide the feds different context. This game provides a window into mass surveillance culture - its strengths, weaknesses, and invasion of privacy. You won't find another game like this. Gameplay is about 5 hours single player. Highly recommended.",True,2018-08-09T22:33:29+00:00,2018-08-09T22:33:29+00:00,278.0,278.0,0.0,1.0,0.0,0.523809552192688,True,False,False,False,76561198069678602,,29.0,False,False,582,93,4.633333333333334,4.633333333333334,3-10h,positive
87421415,491950,orwell,Orwell: Keeping an Eye On You,english,"It was a pretty fun story to read. I liked this interactive format, that makes you extract relevant info, but I'm not sure it was used to it's full potential.","It was a pretty fun story to read. I liked this interactive format, that makes you extract relevant info, but I'm not sure it was used to it's full potential.",True,2021-02-25T15:12:06+00:00,2021-02-25T15:12:06+00:00,251.0,251.0,0.0,1.0,0.0,0.523809552192688,False,False,False,False,76561198071461334,,455.0,False,False,158,30,4.183333333333334,4.183333333333334,3-10h,positive
26319784,491950,orwell,Orwell: Keeping an Eye On You,english,"This game proves that you dont need fancy graphics for an immersive gaming experience. 

Orwell forces you to rethink the ideas of government, control, surveilance and the right to go : FK YOU; all presented inside the framework of the paranoid dystopian world originally created by George Orwell back in 1948.

Orwell, however is a modern, slick version of Oceania, in which you play a state agent gathering information on citizens in a world that is under perpetual surveilance.  Your role is to select relevant data bites to pass onto a computer system  designed to identify potential threats to the Nation's status quo. 

Where 1984 is a distant dystopia that can likened to far off places like North Korea,  the world of Orwell is far more like the very one we live in. Where the state operatus of Oceania is something that is menacing, power hungry and paranoid, the shades of powerplay in this world is deceptively bright, fresh and friendly, yet equally suspicious and potentially sinister. 

As you gather information you become acutely aware of your own actions and how they potentially affect the lives of the citizens you scrutinize, as you decide which bytes of information will be passed on and which will be hidden.  There are occasions where you will find contradictory information, presenting opposing beliefs, yet easily accepting the vailidy of both in your mind simultaneously.  However, unlike reading Orwell, and having the answers written out for you, here you are  co-conspirator in Big Brother. You start to question the ideas around good and  evil and discover things that potentially, are both.

The concept of the game is as fascinating as the mind games you start playing with yourself as you potentially prosecute or persecute citizens in a world where freedom and control are at constant odds with one another. 

There are more episodes to come,  and the final verdict will not be out for a while, but so far it is a unique and intriguing experience. Possibly the most rewarding asect about the game, is not the game itself, but the things you start to question, even when not playing the game. Though the brilliance of 1984 is in a league all by itself, there is no doubt that this games manages to bring the message in a far more suble way, and succeed in making it relevant to the world we live in today.

That in itself makes for unique and rewarding gameplay, and it would not be outrageous to suggest that Orwell breaks new ground  in the story/novel game genre.

On the flipside, the game is a little too easy, too much handholding and very linear, and the excecution, though good, could have been a lot better. 

HIghly recommended if you are an Orwell fan, even more so if you know little or nothing about 1984.","This game proves that you dont need fancy graphics for an immersive gaming experience. Orwell forces you to rethink the ideas of government, control, surveilance and the right to go : FK YOU; all presented inside the framework of the paranoid dystopian world originally created by George Orwell back in 1948. Orwell, however is a modern, slick version of Oceania, in which you play a state agent gathering information on citizens in a world that is under perpetual surveilance. Your role is to select relevant data bites to pass onto a computer system designed to identify potential threats to the Nation's status quo. Where 1984 is a distant dystopia that can likened to far off places like North Korea, the world of Orwell is far more like the very one we live in. Where the state operatus of Oceania is something that is menacing, power hungry and paranoid, the shades of powerplay in this world is deceptively bright, fresh and friendly, yet equally suspicious and potentially sinister. As you gather information you become acutely aware of your own actions and how they potentially affect the lives of the citizens you scrutinize, as you decide which bytes of information will be passed on and which will be hidden. There are occasions where you will find contradictory information, presenting opposing beliefs, yet easily accepting the vailidy of both in your mind simultaneously. However, unlike reading Orwell, and having the answers written out for you, here you are co-conspirator in Big Brother. You start to question the ideas around good and evil and discover things that potentially, are both. The concept of the game is as fascinating as the mind games you start playing with yourself as you potentially prosecute or persecute citizens in a world where freedom and control are at constant odds with one another. There are more episodes to come, and the final verdict will not be out for a while, but so far it is a unique and intriguing experience. Possibly the most rewarding asect about the game, is not the game itself, but the things you start to question, even when not playing the game. Though the brilliance of 1984 is in a league all by itself, there is no doubt that this games manages to bring the message in a far more suble way, and succeed in making it relevant to the world we live in today. That in itself makes for unique and rewarding gameplay, and it would not be outrageous to suggest that Orwell breaks new ground in the story/novel game genre. On the flipside, the game is a little too easy, too much handholding and very linear, and the excecution, though good, could have been a lot better. HIghly recommended if you are an Orwell fan, even more so if you know little or nothing about 1984.",True,2016-10-30T16:49:30+00:00,2016-10-30T16:49:30+00:00,401.0,401.0,0.0,1.0,0.0,0.5192307829856873,True,False,False,False,76561198127572407,,62.0,False,False,2728,473,6.683333333333334,6.683333333333334,3-10h,positive
32326036,491950,orwell,Orwell: Keeping an Eye On You,english,"I don't know how I came across the game, I had never heard of it until last week. I'm very familiar with George Orwell's 1984 so when I saw this game randomly I thought hell ya.

The gameplay is a bit like the old hacker's game ""Uplink"". Simple GUI that you, the ""user"" sit's behind a virtual system to do your work. 

Gameplay: It may seem like you have to do a lot of reading but this ""Orwell"" system tends to pick out what it thinks is important and relevant information. It's up to you to deem it important. If it is important, it'll unlock new stuff for you to read and so forth. At times you'll get conflicting information, this is the best part of the game as you have to decide, based on the profile you built on the person, which piece of information fits the puzzle.

You can read deeper into emails if you want, it makes you feel more part of the story and the world but you can also skim quite a bit, you'll just miss out on feeling like you know these people, without actually meeting them, it's a little creepy.

Story: It's great. At first I was a little detached from it because I didn't know if a game like this was going to be able to have a deep story. It does. It's told through emails, text messages, phone calls etc.

Took me 6 hours to complete and I don't feel a single one of those minutes was a waste.

The art style was great. I loved the polygon look while still being detailed.

Interface is super easy to use, they did a really good job on this.","I don't know how I came across the game, I had never heard of it until last week. I'm very familiar with George Orwell's 1984 so when I saw this game randomly I thought hell ya. The gameplay is a bit like the old hacker's game ""Uplink"". Simple GUI that you, the ""user"" sit's behind a virtual system to do your work. Gameplay: It may seem like you have to do a lot of reading but this ""Orwell"" system tends to pick out what it thinks is important and relevant information. It's up to you to deem it important. If it is important, it'll unlock new stuff for you to read and so forth. At times you'll get conflicting information, this is the best part of the game as you have to decide, based on the profile you built on the person, which piece of information fits the puzzle. You can read deeper into emails if you want, it makes you feel more part of the story and the world but you can also skim quite a bit, you'll just miss out on feeling like you know these people, without actually meeting them, it's a little creepy. Story: It's great. At first I was a little detached from it because I didn't know if a game like this was going to be able to have a deep story. It does. It's told through emails, text messages, phone calls etc. Took me 6 hours to complete and I don't feel a single one of those minutes was a waste. The art style was great. I loved the polygon look while still being detailed. Interface is super easy to use, they did a really good job on this.",True,2017-06-10T19:47:47+00:00,2017-06-10T19:47:47+00:00,364.0,364.0,0.0,1.0,0.0,0.517766535282135,True,False,False,False,76561197965604763,,30.0,False,False,1467,286,6.066666666666666,6.066666666666666,3-10h,positive
29808626,491950,orwell,Orwell: Keeping an Eye On You,english,"A game in which you are collecting data to solve a crime. You aren't, however, an investigator, and any data you collect must be investigated, therefore you have limited power on the outcome of the investigation (you choose whether to submit of withhold evidence). 

Pros:
- interesting concept
- main theme raises thoughts/questions beyond the scope of the game (privacy, surveillance, and government role in both)
- low price, especially if you can get it on sale
- entertaining and easy to learn
Cons:
- very short single story (~3 hrs of gameplay) . would love to see an expansion with more stories
- more information should appear as datachunks
- would be more challenging if the database of information was much larger and included more irrelevant information
- the ending seemed a bit too dramatic and unrealistic
- some of the pictures are misleading -- there is no data pulled from camera feeds in the game

Overall, if you think solving crimes is fun, you will love this game.","A game in which you are collecting data to solve a crime. You aren't, however, an investigator, and any data you collect must be investigated, therefore you have limited power on the outcome of the investigation (you choose whether to submit of withhold evidence). Pros: - interesting concept - main theme raises thoughts/questions beyond the scope of the game (privacy, surveillance, and government role in both) - low price, especially if you can get it on sale - entertaining and easy to learn Cons: - very short single story (~3 hrs of gameplay) . would love to see an expansion with more stories - more information should appear as datachunks - would be more challenging if the database of information was much larger and included more irrelevant information - the ending seemed a bit too dramatic and unrealistic - some of the pictures are misleading -- there is no data pulled from camera feeds in the game Overall, if you think solving crimes is fun, you will love this game.",True,2017-02-09T19:38:18+00:00,2017-02-09T19:38:18+00:00,201.0,201.0,0.0,1.0,0.0,0.5077720284461975,True,False,False,False,76561197967345897,,16.0,False,False,983,170,3.35,3.35,3-10h,positive
96975373,491950,orwell,Orwell: Keeping an Eye On You,english,"I clocked in 6 hours total to complete the game. Alright not a lot of game play, but honestly, I’m okay with this because Orwell is a really high-quality game. The music wasn’t grating as some games tend to be, and the UI was very simple, polished, and intuitive. The filters used on the photos of people to give us our character avatars were a bit odd I will admit. (The fishing picture, bruh Josef, wtf are those teeth man?) It made me chuckle a few times, but it really didn’t take away from the quality of the game. As far as game play goes, think of this similar to Papers Please with the addition of choices and story impact. You play as an investigator of the surveillance program called Orwell. You listen to phone calls, read chats, and search the internet for relevant information. This information is then forwarded to your adviser who analyzes your data and acts accordingly. This is where the fun comes in. You can pick and choose what you send to be considered relevant, leaving out certain parts of information, or choosing to mislead the investigation with out of context statements etc. It’s interesting that your choice in data basically drives the story. There’s 5 chapters, so it’s not a lengthy game if you’re not reading through all of the material. The game is very throughout with providing all sorts of tidbits and lore to make it seem like a real program. This isn’t a high-impact gaming experience, more-so an enjoyable romp through the hypotheticals of excessive surveillance and its possible consequences.  This was an interesting as well as thought provoking game, and I appreciate all the thought and effort that was clearly put into it. I would surely recommend this to casual gamers. If you’re into shooting zombies on repeat and yelling jokes about sleeping with mothers, this probably isn’t for you. 8/10","I clocked in 6 hours total to complete the game. Alright not a lot of game play, but honestly, I’m okay with this because Orwell is a really high-quality game. The music wasn’t grating as some games tend to be, and the UI was very simple, polished, and intuitive. The filters used on the photos of people to give us our character avatars were a bit odd I will admit. (The fishing picture, bruh Josef, wtf are those teeth man?) It made me chuckle a few times, but it really didn’t take away from the quality of the game. As far as game play goes, think of this similar to Papers Please with the addition of choices and story impact. You play as an investigator of the surveillance program called Orwell. You listen to phone calls, read chats, and search the internet for relevant information. This information is then forwarded to your adviser who analyzes your data and acts accordingly. This is where the fun comes in. You can pick and choose what you send to be considered relevant, leaving out certain parts of information, or choosing to mislead the investigation with out of context statements etc. It’s interesting that your choice in data basically drives the story. There’s 5 chapters, so it’s not a lengthy game if you’re not reading through all of the material. The game is very throughout with providing all sorts of tidbits and lore to make it seem like a real program. This isn’t a high-impact gaming experience, more-so an enjoyable romp through the hypotheticals of excessive surveillance and its possible consequences. This was an interesting as well as thought provoking game, and I appreciate all the thought and effort that was clearly put into it. I would surely recommend this to casual gamers. If you’re into shooting zombies on repeat and yelling jokes about sleeping with mothers, this probably isn’t for you. 8/10",True,2021-08-05T08:40:08+00:00,2021-08-05T08:40:08+00:00,392.0,355.0,0.0,1.0,0.0,0.5070422291755676,True,False,False,False,76561198052109022,,83.0,False,False,1838,319,6.533333333333333,5.916666666666667,3-10h,positive
29347808,491950,orwell,Orwell: Keeping an Eye On You,english,"This was a very enjoyable little game, and pretty fairly priced at just £7. I found it in an article in PC Gamer magazine and decided to give it a go, being a big fan of George Orwell's strong writings myself. This game is surprisingly tense and fast paced at times, while at other times the story can be kind of slow. The thing is, this game shows the player the whole ""Big Brother State"" issue from the other side, you get to see reports of terrible events you could have stopped and it really hit me very hard.

This is a game that has obviously taken real events into consideration as much as Orwell. The undertones in The Nation and the leadership by The Party feels like it would work well as a prequel to one of Orwell's most famous works, Nineteen Eighty-Four, which was so influential it even got a big screen adaptation and starred a great cast for the time including a very young John Hurt. But I digress. The storyline is based around a crowd-surveilance computer interface called Orwell and is brought about in secret after The Party passes the Secrecy Bill. I won't spoil anything about the investigation, but the Bill is very reminiscent of British PM Theresa May's highly controversial Snooper's Charter.

The fact is, the game has this utopian near-future look while having tense feelings of underlying political risk to every act. The five chapters work pretty well to split them up, and the way the interface works is really nice. Every part of the investigation manages to have a consequence, but it leads to the same kind of point in the end. So, in Conclusion:

Pros:

1) Excellent storyline with strong characters and some really tense chapters, such as Nina's storyark (that was both intense and really threw me off, again one you'll have to see for yourself) and the antics of Initiate.

2) An interface that really makes you feel like the investigator.

3) Attention to detail - the game doesn't hold back with its attempts at realism.

4) A real feeling of influence and a concern that this game may be showing the future.

Cons

1) The lack of potential for follow-on sequels - The game ends on a sort-of final note, as you'll find out if you play it.

2) CCTV or Camera Footage actually plays very little part in the game, with text being very dominant. Would be nice have to access event footage, more access to records in the hands of actual authorities and the like to even out the fact it is a government project, not a bedroom-hacker.

3) The length of the game could be greater, If a longer sequel appeared I would certainly want to buy it!

4) Finally, the route taken is too narrow. This game is meant to show the full potential and range of issues a Big Brother style investigation would have, so more routes for different events would create greater depth and realism, as well as adding replayablity.

So, I thoroughly recommend this game to anybody who enjoys a good who-done-it with a political/ sci-fi twist. 100% a decent little game!","This was a very enjoyable little game, and pretty fairly priced at just £7. I found it in an article in PC Gamer magazine and decided to give it a go, being a big fan of George Orwell's strong writings myself. This game is surprisingly tense and fast paced at times, while at other times the story can be kind of slow. The thing is, this game shows the player the whole ""Big Brother State"" issue from the other side, you get to see reports of terrible events you could have stopped and it really hit me very hard. This is a game that has obviously taken real events into consideration as much as Orwell. The undertones in The Nation and the leadership by The Party feels like it would work well as a prequel to one of Orwell's most famous works, Nineteen Eighty-Four, which was so influential it even got a big screen adaptation and starred a great cast for the time including a very young John Hurt. But I digress. The storyline is based around a crowd-surveilance computer interface called Orwell and is brought about in secret after The Party passes the Secrecy Bill. I won't spoil anything about the investigation, but the Bill is very reminiscent of British PM Theresa May's highly controversial Snooper's Charter. The fact is, the game has this utopian near-future look while having tense feelings of underlying political risk to every act. The five chapters work pretty well to split them up, and the way the interface works is really nice. Every part of the investigation manages to have a consequence, but it leads to the same kind of point in the end. So, in Conclusion: Pros: 1) Excellent storyline with strong characters and some really tense chapters, such as Nina's storyark (that was both intense and really threw me off, again one you'll have to see for yourself) and the antics of Initiate. 2) An interface that really makes you feel like the investigator. 3) Attention to detail - the game doesn't hold back with its attempts at realism. 4) A real feeling of influence and a concern that this game may be showing the future. Cons 1) The lack of potential for follow-on sequels - The game ends on a sort-of final note, as you'll find out if you play it. 2) CCTV or Camera Footage actually plays very little part in the game, with text being very dominant. Would be nice have to access event footage, more access to records in the hands of actual authorities and the like to even out the fact it is a government project, not a bedroom-hacker. 3) The length of the game could be greater, If a longer sequel appeared I would certainly want to buy it! 4) Finally, the route taken is too narrow. This game is meant to show the full potential and range of issues a Big Brother style investigation would have, so more routes for different events would create greater depth and realism, as well as adding replayablity. So, I thoroughly recommend this game to anybody who enjoys a good who-done-it with a political/ sci-fi twist. 100% a decent little game!",True,2017-01-19T01:37:32+00:00,2017-01-19T01:37:32+00:00,529.0,474.0,0.0,1.0,0.0,0.5024875402450562,True,False,False,False,76561198083716681,,5.0,False,False,2964,531,8.816666666666666,7.9,3-10h,positive
31599135,491950,orwell,Orwell: Keeping an Eye On You,english,"So I just finished my second playthrough and I'm highly inclined to replay it again in order to get another ending. I find Orwell to be a fantasticly entertaining game that tested my attention and combination skills. I really liked the case and the parts of the story that turned out slightly different whenever I did or didn't upload certain data chunks. The endings were frustratingly unsatisfying but because of that all the more realistic and refreshing - so far there was no possible way to have an entirely 'good' ending because no matter what there was always something not sitting well with my conscience. I applaud the developers for daring to leave some kind of open ending to the game.

The only thing I found annoying was that whenever I didn't pay enough attention to what data I was uploading and uploaded information that was false or misleading, I couldn't revert the change and I had to replay the entire chapter to get to the same point again. Which sometimes led to me making the same mistake AGAIN because I clicked through all of it too fast without paying attention, so I had to repeat the same thing again. I know the game tells you to stay on your guard in order to avoid uploading bullshit data, but a simple 'delete data' or 'change data' button would have made this a lot easier.

Oh yeah, the topic of government surveillance as portrayed throughout the game was both intriguing and scaring. It makes you wonder how far governments in real life intend to go in order to guarantee for their respective nations' security. No matter what your opinion on this matter is, there's no saying in what the 'correct' procedure is - spying on every citizen and evaluating on that base is no solution, but neither is leaving people to their own devices and letting potential threats go unchecked.

To everyone interested in this topic, I would highly recommend this fantastic game.","So I just finished my second playthrough and I'm highly inclined to replay it again in order to get another ending. I find Orwell to be a fantasticly entertaining game that tested my attention and combination skills. I really liked the case and the parts of the story that turned out slightly different whenever I did or didn't upload certain data chunks. The endings were frustratingly unsatisfying but because of that all the more realistic and refreshing - so far there was no possible way to have an entirely 'good' ending because no matter what there was always something not sitting well with my conscience. I applaud the developers for daring to leave some kind of open ending to the game. The only thing I found annoying was that whenever I didn't pay enough attention to what data I was uploading and uploaded information that was false or misleading, I couldn't revert the change and I had to replay the entire chapter to get to the same point again. Which sometimes led to me making the same mistake AGAIN because I clicked through all of it too fast without paying attention, so I had to repeat the same thing again. I know the game tells you to stay on your guard in order to avoid uploading bullshit data, but a simple 'delete data' or 'change data' button would have made this a lot easier. Oh yeah, the topic of government surveillance as portrayed throughout the game was both intriguing and scaring. It makes you wonder how far governments in real life intend to go in order to guarantee for their respective nations' security. No matter what your opinion on this matter is, there's no saying in what the 'correct' procedure is - spying on every citizen and evaluating on that base is no solution, but neither is leaving people to their own devices and letting potential threats go unchecked. To everyone interested in this topic, I would highly recommend this fantastic game.",True,2017-05-07T08:31:47+00:00,2017-05-07T08:31:47+00:00,847.0,581.0,0.0,1.0,0.0,0.5024875402450562,True,False,False,False,76561198119281718,,10.0,False,False,1894,332,14.116666666666667,9.683333333333334,3-10h,positive
36385045,491950,orwell,Orwell: Keeping an Eye On You,english,I was surprised with how much I really enjoyed this game. It pulls you in to the story line making you feel as if you really are doing the 'investigative' work. There are choices within the game that either you can pick to upload the data link or not. My interest is peaked enough that I may give this another run through and see if anything alters in the story line from what I choose to upload or not. The story line is delivered amazingly and I do hope that more stories get introduced into the game. It's a nice and refreshing concept for a game and they did well at delievering it and keep you wanting more!,I was surprised with how much I really enjoyed this game. It pulls you in to the story line making you feel as if you really are doing the 'investigative' work. There are choices within the game that either you can pick to upload the data link or not. My interest is peaked enough that I may give this another run through and see if anything alters in the story line from what I choose to upload or not. The story line is delivered amazingly and I do hope that more stories get introduced into the game. It's a nice and refreshing concept for a game and they did well at delievering it and keep you wanting more!,True,2017-11-08T22:57:40+00:00,2017-11-08T22:57:40+00:00,268.0,268.0,0.0,1.0,0.0,0.5024875402450562,False,False,False,False,76561198115799676,,34.0,False,False,612,118,4.466666666666667,4.466666666666667,3-10h,positive
26462814,491950,orwell,Orwell: Keeping an Eye On You,english,"I don't normally write reviews, but I think I have to here. If you have any interest in narrative structure, or if you like detective novels, I strongly recommend this game.

The title may be somewhat misleading, as Orwell is not, in fact, set in a horrible dystopian nightmare future brought about by an overavundance of surveillance. In fact, The Nation seems like a pretty decent place to live.

You play an investigator operating the new ""Orwell"" surveillance system, the most advanced data trawler/compiler ever. It's your job to upload relevant information pertaining to a series of people who may be connected to a terrorist attack. Due to the Orwell Code of Ethics, only investigators are allowed to upload things to Orwell. As a result, based on what you upload, other characters will make some very important, potentially disastrous decisions.

The game plays at quite a sedate pace, allowing you plenty of time to mull over what would be the most accurate and relevant information to allow everyone to make the best decisions they can, which is nice. What's even better is that this really makes it incredibly tense when the game DOES put you on a (usually very short) timer and forces you to make a snap decision that could get people killed.

The narrative has pulled a few dick moves so far (mainly of the ""Well that would have been good to know 30 seconds ago"" variety), but none of them seem unfair, and they're entirely believable.

As a final big tick in my ""things that make a good narrative game"" box, the characters all act generally sensibly and behave as you would expect rational human beings in high stress situations to behave.

tl;dr - 10/10 would upload again.","I don't normally write reviews, but I think I have to here. If you have any interest in narrative structure, or if you like detective novels, I strongly recommend this game. The title may be somewhat misleading, as Orwell is not, in fact, set in a horrible dystopian nightmare future brought about by an overavundance of surveillance. In fact, The Nation seems like a pretty decent place to live. You play an investigator operating the new ""Orwell"" surveillance system, the most advanced data trawler/compiler ever. It's your job to upload relevant information pertaining to a series of people who may be connected to a terrorist attack. Due to the Orwell Code of Ethics, only investigators are allowed to upload things to Orwell. As a result, based on what you upload, other characters will make some very important, potentially disastrous decisions. The game plays at quite a sedate pace, allowing you plenty of time to mull over what would be the most accurate and relevant information to allow everyone to make the best decisions they can, which is nice. What's even better is that this really makes it incredibly tense when the game DOES put you on a (usually very short) timer and forces you to make a snap decision that could get people killed. The narrative has pulled a few dick moves so far (mainly of the ""Well that would have been good to know 30 seconds ago"" variety), but none of them seem unfair, and they're entirely believable. As a final big tick in my ""things that make a good narrative game"" box, the characters all act generally sensibly and behave as you would expect rational human beings in high stress situations to behave. tl;dr - 10/10 would upload again.",True,2016-11-06T19:28:17+00:00,2016-11-06T19:28:17+00:00,244.0,244.0,0.0,1.0,0.0,0.5,True,False,False,False,76561198005395476,,12.0,False,False,1682,291,4.066666666666666,4.066666666666666,3-10h,positive
133940285,491950,orwell,Orwell: Keeping an Eye On You,english,"An interesting visual novel with a fair amount of choice that doesn't make unfair judgments on you the player; siding with the police state is not [i]exactly[/i] the evil path, and neither is siding with the terrorists. There's a good level of nuance in the writing that is really well done. Perhaps the most interesting thing you can do in this game is [i]withhold[/i] information, as both action and inaction are choices and have consequences. Don't expect all of your choices to matter for the endings, but there are minor differences here and there based on your decisions.","An interesting visual novel with a fair amount of choice that doesn't make unfair judgments on you the player; siding with the police state is not [i]exactly[/i] the evil path, and neither is siding with the terrorists. There's a good level of nuance in the writing that is really well done. Perhaps the most interesting thing you can do in this game is [i]withhold[/i] information, as both action and inaction are choices and have consequences. Don't expect all of your choices to matter for the endings, but there are minor differences here and there based on your decisions.",True,2023-03-02T21:54:51+00:00,2023-03-02T21:54:51+00:00,424.0,424.0,0.0,1.0,0.0,0.5,True,False,False,False,76561198147861397,,188.0,False,False,577,98,7.066666666666666,7.066666666666666,3-10h,positive
42835474,491950,orwell,Orwell: Keeping an Eye On You,english,"short (so i don't feel like a $10 pricetag is warranted), and the only replayability to me requires...not playing the game right, i guess? the branching paths of the story require you to opt not to submit data. if you're down with that.

with my criticisms out of the way...man, this concept is REAL good. Social Media Papers Please is a damn fine game overall. setting, characters, and plot are all well done. overall this feels like a short story done in the video game medium. definitely recommended.","short (so i don't feel like a $10 pricetag is warranted), and the only replayability to me requires...not playing the game right, i guess? the branching paths of the story require you to opt not to submit data. if you're down with that. with my criticisms out of the way...man, this concept is REAL good. Social Media Papers Please is a damn fine game overall. setting, characters, and plot are all well done. overall this feels like a short story done in the video game medium. definitely recommended.",True,2018-06-19T07:14:15+00:00,2018-06-19T07:14:15+00:00,213.0,213.0,0.0,1.0,0.0,0.49470898509025574,False,True,False,False,76561197995233187,,176.0,False,False,502,88,3.55,3.55,3-10h,positive
40992534,491950,orwell,Orwell: Keeping an Eye On You,english,"[h1] Prelude:	[/h1]
For too long Telltale have had a vice grip on linear story-based games. Which is a shame considering only about 2 of their games were decent. So when I heard a new game had created enough favorable reviews and praise from people I trust, I decided to boot up: Orwell: Keeping an Eye On You, or rather, Orwell: generic subtitle. 

[h1] Gameplay:	[/h1]
The game consists of reading through text, selecting infomation to upload to Orwell, a huge data base supposedly allowing to keep endless amounts of infomation on people (more on this later) you select outlined text or images, and choose wether or not to upload the data. Most of the infomation is required, but the game does a fairly decent job of shaking things up, infomation conflicting and choosing which one is most significant, the worst choice being: An online commenter calls guy A 'homosexual' meanwhile in a newspaper, it is stated he has been happily married with children. You choose which source is reliable. There also ends up being a data mechanic, only alloweed to upload 20 data chunks. The game does a [u] really [/u] good job of rewarding the player to go further, for instance near the end of the second chapter ([b] SPOILERS [/b]): [spoiler] There is a bomb detonating soon, with two people potentially offering locations of the bomb, if you dig deep into the email or messages (I think) of the people, you can see him admitting that he let his idea be pushed down, then using dates and timestamps, you can figure out this was just after the two people offered the locations. 	[/spoiler] This not only makes the player feel great after solving this puzzle, but also affects the endgame too. However the endgame is EASILY the weakest part of the game.

It is the [u] exact [/u] game issue as telltale games, maybe even worse. On the nose the character's tell you what you did, so averty it feels stupid. Not to mention.. [spoiler] The secret ending is locked off depending on how you handled a situation in Chapter 3, where you have to actively fail at your job to reach the good ending telling the police that a woman is armed and has knowledge of military which is FACT, you have to actively NOT tell the police this info, and THEN tell them her correct location, despite the fact the character says: 'I am not going down without a fight.' And you can accidentally trigger endings randomly, with supposedly 3/4 choices layed down right at the end, then wanting to do extra research, it doesn't say 'Are you sure, this will end?' Or something like that.	[/spoiler]

[h1] Graphics:	[/h1]
These devs are smart, at least in this department. The game is extremely stylised, meaning it will age very well. There was one time where I wasn't sure who was in a picture due to this, and it came as a suprise to me. Otherwise a few issues, there is no voice acting, even on phone calls. This shouldn't be an issue, considering other MAJOR review sites can get away with subtracting points from a game for having good voice acting rather than nothing. (yeah im still angry) If you also have Dyslexia maybe give this one a miss, it is a LOT of reading, and if you dislike the font, it doesn't change often enough to merit trying with this one.

[h1] Other:	[/h1]
The soundtrack starts off great, being the perfect sort of tracks for reading, not distracting enough to take you out of the game, but enough to stand on it's own. There is a few 'sting tracks' where they are used for shock, and this works mostly, apart from near the end where you are simply scrolling down and then you see some text and DUNNN, which was suprising and took the shock out of what I was reading because I didn't have to read it in time. It also starts getting REALLY repetitive near the end.

The game REALLY tries to be replayable, with the ability to skip to chapters 1-5, but a big problem are the phone calls, they average around 4.5 minuites in real time. With the final one, Chapter 5, where you would WANT to go through again first, too see if it could have ended different lasts around 10 minuites, of non-interactable text, which you would have read already. The game also isn't too long, if you read every article and looked indepth for everything I can imagine it lasting at around 5 hours, if you skip text and just look at the highlighted text, around 3 hours. For me, my playthrough was around 4.7 hours. A decent time, not too long, not too short.

[h1] TL:DR:	[/h1]
If you enjoy linear story-based games and want to see a good attempt or just a LINEAR STORY GAME WITHOUT TELLTALE IN IT, and enjoy reading, then its a recommendation, if you don't fit all 3 of those criteria, wait until a Steam Sale, or a Humble Bundle like I did. It does hint at some cool political ideas and ideologies, but that's more in the sequal.

Nevertheless, I look forward for the next Orwell game to go on sale and be fully out, I am a cautious fan, please keep up the good work devs, nice to see some varation in the gaming scene. You seem like cool guys too, patching stuff in and so forth.

-Thanks for reading
-Cain","[h1] Prelude: [/h1] For too long Telltale have had a vice grip on linear story-based games. Which is a shame considering only about 2 of their games were decent. So when I heard a new game had created enough favorable reviews and praise from people I trust, I decided to boot up: Orwell: Keeping an Eye On You, or rather, Orwell: generic subtitle. [h1] Gameplay: [/h1] The game consists of reading through text, selecting infomation to upload to Orwell, a huge data base supposedly allowing to keep endless amounts of infomation on people (more on this later) you select outlined text or images, and choose wether or not to upload the data. Most of the infomation is required, but the game does a fairly decent job of shaking things up, infomation conflicting and choosing which one is most significant, the worst choice being: An online commenter calls guy A 'homosexual' meanwhile in a newspaper, it is stated he has been happily married with children. You choose which source is reliable. There also ends up being a data mechanic, only alloweed to upload 20 data chunks. The game does a [u] really [/u] good job of rewarding the player to go further, for instance near the end of the second chapter ([b] SPOILERS [/b]): [spoiler] There is a bomb detonating soon, with two people potentially offering locations of the bomb, if you dig deep into the email or messages (I think) of the people, you can see him admitting that he let his idea be pushed down, then using dates and timestamps, you can figure out this was just after the two people offered the locations. [/spoiler] This not only makes the player feel great after solving this puzzle, but also affects the endgame too. However the endgame is EASILY the weakest part of the game. It is the [u] exact [/u] game issue as telltale games, maybe even worse. On the nose the character's tell you what you did, so averty it feels stupid. Not to mention.. [spoiler] The secret ending is locked off depending on how you handled a situation in Chapter 3, where you have to actively fail at your job to reach the good ending telling the police that a woman is armed and has knowledge of military which is FACT, you have to actively NOT tell the police this info, and THEN tell them her correct location, despite the fact the character says: 'I am not going down without a fight.' And you can accidentally trigger endings randomly, with supposedly 3/4 choices layed down right at the end, then wanting to do extra research, it doesn't say 'Are you sure, this will end?' Or something like that. [/spoiler] [h1] Graphics: [/h1] These devs are smart, at least in this department. The game is extremely stylised, meaning it will age very well. There was one time where I wasn't sure who was in a picture due to this, and it came as a suprise to me. Otherwise a few issues, there is no voice acting, even on phone calls. This shouldn't be an issue, considering other MAJOR review sites can get away with subtracting points from a game for having good voice acting rather than nothing. (yeah im still angry) If you also have Dyslexia maybe give this one a miss, it is a LOT of reading, and if you dislike the font, it doesn't change often enough to merit trying with this one. [h1] Other: [/h1] The soundtrack starts off great, being the perfect sort of tracks for reading, not distracting enough to take you out of the game, but enough to stand on it's own. There is a few 'sting tracks' where they are used for shock, and this works mostly, apart from near the end where you are simply scrolling down and then you see some text and DUNNN, which was suprising and took the shock out of what I was reading because I didn't have to read it in time. It also starts getting REALLY repetitive near the end. The game REALLY tries to be replayable, with the ability to skip to chapters 1-5, but a big problem are the phone calls, they average around 4.5 minuites in real time. With the final one, Chapter 5, where you would WANT to go through again first, too see if it could have ended different lasts around 10 minuites, of non-interactable text, which you would have read already. The game also isn't too long, if you read every article and looked indepth for everything I can imagine it lasting at around 5 hours, if you skip text and just look at the highlighted text, around 3 hours. For me, my playthrough was around 4.7 hours. A decent time, not too long, not too short. [h1] TL:DR: [/h1] If you enjoy linear story-based games and want to see a good attempt or just a LINEAR STORY GAME WITHOUT TELLTALE IN IT, and enjoy reading, then its a recommendation, if you don't fit all 3 of those criteria, wait until a Steam Sale, or a Humble Bundle like I did. It does hint at some cool political ideas and ideologies, but that's more in the sequal. Nevertheless, I look forward for the next Orwell game to go on sale and be fully out, I am a cautious fan, please keep up the good work devs, nice to see some varation in the gaming scene. You seem like cool guys too, patching stuff in and so forth. -Thanks for reading -Cain",True,2018-03-23T12:27:17+00:00,2018-03-23T12:29:36+00:00,350.0,350.0,0.0,0.0,1.0,0.5,False,False,False,False,76561198146948077,,86.0,False,False,5063,923,5.833333333333333,5.833333333333333,3-10h,positive
84861134,491950,orwell,Orwell: Keeping an Eye On You,english,"https://youtu.be/-dAXOFIVEDw

The Orwell games are simply brilliant. No, seriously, there’s no hidden “but” here. If there ever was a series of games that I can recommend to literally everybody, it would be these two. Not because of their gameplay or their writing, though both of those are still good. No, the reason why I recommend you go out, buy and play these two games is because nothing I’ve seen elsewhere demonstrates the problems of government surveillance better than this.

In the first game, you’re put into the role of an agent tasked with finding the people responsible for a terrorist attack involving the detonation of an explosive at a public plaza. This all takes place in a fictional country called The Nation. The character you play as isn’t a citizen of The Nation though. Its government is outsourcing the surveillance of its people to external contractors who get paid to scour the internet and tap into phone conversations. Your job is to feed information back to a software called Orwell, which stores and processes all this data. You also have an advisor, who only gets to see the data that you feed into the software and they draw their own conclusions based on what information you feed them, which also determine certain future actions in the narrative. You can choose to omit information and sometimes you find conflicting or contradictory information where you have to choose, which of the two you want to pass along, since it doesn’t allow you to just collect both.

You get to violate the privacy of a number of citizens of the Nation and in the process have to figure out who’s behind the attacks. Naturally, everybody has a motive, since the government of the Nation isn’t too well regarded in certain spheres of its population. 

What fascinates me the most here is that both games obviously want to steer you into doing the right thing. And by “the right thing”, I mean to not simply rat out everybody and instead really take in the context of what people are saying. Every data chunk that you can collect in your database tells you what exactly is being extracted from it. So, if, say, a character is angry and says something metaphorically threatening or violent or if someone is generally impulsive, the data chunk reveals that Orwell and your advisor always take stuff like this 100% literally. There’s no room for nuanced interpretation or metaphor. It really makes you consider what information you’re willing to feed into the system and what’s better left where it is.

At first, I thought that this was fairly annoying, especially because it can also happen at times when you really have no other choice than to pick up that data chunk for the story to progress. But that too is part of the message that the game is sending. Government surveillance often lacks context and instead uses isolated details from which to conclude the bigger picture. Multiple times, your advisor draws conclusions and puts actions into motion against characters just as new information about them is coming to light, so the game constantly reminds you that these are supposed to be real people. They may lie to certain characters too and therefore lead you into the wrong direction. And forcing you to ignore that context at certain points even though you’re aware that it exists should tell you as a player something about government surveillance and maybe inform your opinion of it. The game also forces you to focus only on characters that the game lets you investigate. Now this is obviously a limitation of the game in and of itself because the developers can’t create tons of meaningless characters for you to investigate only for the lead to go nowhere. But it also once again comments on how government surveillance can sometimes turn a blind eye to the obvious by merely focusing on whatever is directly in front of it. 

The thing is though that at this point I have to mention that the actual gameplay is fairly simplistic and rudimentary. In essence it’s little more than a visual novel, since most of the time you’re just reading. There’s little in terms of flair going on, you’re literally just staring at a piece of software for most of it, browsing the web or reading along with phone calls and text messages. The second game thankfully features some voice acting for the phone conversations and podcasts, but you’re still mostly just reading stuff. I get that this isn’t everybody’s cup of tea and that many people don’t play games to simply sit there and read something, so the Orwell games won’t be for everybody. But I’d still urge you to try them out simply because of how effectively they convey their message. They’re also not that long, the first game takes around 5 hours to complete. Though there’s plenty of replay value to see how things might turn out otherwise if you made other decisions and maybe played as a blindly loyal character who doesn’t care whose lives he gets to ruin. So yeah, all in all, I definitely recommend the Orwell games.
","https://youtu.be/-dAXOFIVEDw The Orwell games are simply brilliant. No, seriously, there’s no hidden “but” here. If there ever was a series of games that I can recommend to literally everybody, it would be these two. Not because of their gameplay or their writing, though both of those are still good. No, the reason why I recommend you go out, buy and play these two games is because nothing I’ve seen elsewhere demonstrates the problems of government surveillance better than this. In the first game, you’re put into the role of an agent tasked with finding the people responsible for a terrorist attack involving the detonation of an explosive at a public plaza. This all takes place in a fictional country called The Nation. The character you play as isn’t a citizen of The Nation though. Its government is outsourcing the surveillance of its people to external contractors who get paid to scour the internet and tap into phone conversations. Your job is to feed information back to a software called Orwell, which stores and processes all this data. You also have an advisor, who only gets to see the data that you feed into the software and they draw their own conclusions based on what information you feed them, which also determine certain future actions in the narrative. You can choose to omit information and sometimes you find conflicting or contradictory information where you have to choose, which of the two you want to pass along, since it doesn’t allow you to just collect both. You get to violate the privacy of a number of citizens of the Nation and in the process have to figure out who’s behind the attacks. Naturally, everybody has a motive, since the government of the Nation isn’t too well regarded in certain spheres of its population. What fascinates me the most here is that both games obviously want to steer you into doing the right thing. And by “the right thing”, I mean to not simply rat out everybody and instead really take in the context of what people are saying. Every data chunk that you can collect in your database tells you what exactly is being extracted from it. So, if, say, a character is angry and says something metaphorically threatening or violent or if someone is generally impulsive, the data chunk reveals that Orwell and your advisor always take stuff like this 100% literally. There’s no room for nuanced interpretation or metaphor. It really makes you consider what information you’re willing to feed into the system and what’s better left where it is. At first, I thought that this was fairly annoying, especially because it can also happen at times when you really have no other choice than to pick up that data chunk for the story to progress. But that too is part of the message that the game is sending. Government surveillance often lacks context and instead uses isolated details from which to conclude the bigger picture. Multiple times, your advisor draws conclusions and puts actions into motion against characters just as new information about them is coming to light, so the game constantly reminds you that these are supposed to be real people. They may lie to certain characters too and therefore lead you into the wrong direction. And forcing you to ignore that context at certain points even though you’re aware that it exists should tell you as a player something about government surveillance and maybe inform your opinion of it. The game also forces you to focus only on characters that the game lets you investigate. Now this is obviously a limitation of the game in and of itself because the developers can’t create tons of meaningless characters for you to investigate only for the lead to go nowhere. But it also once again comments on how government surveillance can sometimes turn a blind eye to the obvious by merely focusing on whatever is directly in front of it. The thing is though that at this point I have to mention that the actual gameplay is fairly simplistic and rudimentary. In essence it’s little more than a visual novel, since most of the time you’re just reading. There’s little in terms of flair going on, you’re literally just staring at a piece of software for most of it, browsing the web or reading along with phone calls and text messages. The second game thankfully features some voice acting for the phone conversations and podcasts, but you’re still mostly just reading stuff. I get that this isn’t everybody’s cup of tea and that many people don’t play games to simply sit there and read something, so the Orwell games won’t be for everybody. But I’d still urge you to try them out simply because of how effectively they convey their message. They’re also not that long, the first game takes around 5 hours to complete. Though there’s plenty of replay value to see how things might turn out otherwise if you made other decisions and maybe played as a blindly loyal character who doesn’t care whose lives he gets to ruin. So yeah, all in all, I definitely recommend the Orwell games.",True,2021-01-17T16:43:09+00:00,2021-01-17T16:43:09+00:00,303.0,303.0,0.0,0.0,0.0,0.5,True,False,False,False,76561197975593715,,216.0,False,False,4989,863,5.05,5.05,3-10h,positive
117002330,491950,orwell,Orwell: Keeping an Eye On You,english,"Worth it? Yes. DLC? Yes. Get it on sale? Probably, but it's worth the price if you have disposable income.
I really enjoyed playing Orwell and its DLC. Here's a bullet point of stuff I think is worth knowing before you buy!

-Plot/characters are realistic in a way that would normally be mundane on their own, but this game makes it somehow feel exceptional enough to make the story worth investing in. I think this grounding to reality did a good service by this game's namesake to express the urgency and importance of privacy and compassion, IRL and online.

-Easy to navigate UI, text is usually easy to read. The news articles' text is a bit thin, but if you have a big monitory/screen it probably won't be a problem. And you typically don't need to read every word on each website and email anyway.

-Markers for unread/unused/new ""datachunks"" that make going back through old info much less tedious.

-Easy to immerse in because you don't have to pretend to be someone you're not to fit yourself into the world of the game. It does feel like a job, but one that has wild stuff happening and your only way to know about it is through the job. Making the player curious is really important for mystery/puzzle/investigative games, and this game did a 7/10 job with that.

-While it does take effort to make sure you're keeping up with all the info, and making sure you're not wasting resources on unimportant info; it's not overly difficult. it's not necessarily easy (the first time around), but it won't make you feel stupid if you do struggle.

-The general concept of this game is so cool to me, I wish there were a lot more games like this.

-This game is much more accessible to people who have little in-depth experience with technology. It does all the technical ""hacker"" type work for you, and just lets you dig through people's lives unburdened. I don't really care about all the technical stuff involved in hacking & the like, so this was a huge win for me. A game like this can flop because of poorly executed, insanely difficult to comprehend, or super unrealistic hacking mechanics; so Orwell pretty much bypassed that while still making you feel like you're putting the pieces together yourself. (As long as you don't think too hard about it, anyway.)

-It puts you in a position of being the bad guy in a situation that makes you think, ""This could literally be happening IRL and I wouldn't know."" This game will give you a lot to think about even after you're done playing. 

-There is an issue that happened to me twice, where I technically soft locked myself in the game, and was unable to find any answers through walkthroughs/watching others play the game. So be prepared to be very diligent when uploading info when you are not racing the clock, and don't log out for the day until you're absolutely certain you've nabbed all the important info you might need.

-This game is honestly a bit short for the sheer amount of story and world-building information available in it. I think the game should have given you more time to explore and given more options for gathering info before forcing the plot to continue, even if not all of the info is used. It holds your hand too much, but not outright.

-Overall, my biggest issues with this game have to be the fact that you can't skip or pause chats or phone calls you're observing, and it moves so fast at certain points that you don't have time to process the information you're gathering to learn about the world/characters/story. My favorite parts of this game are really just the overall experience of playing it, and the execution of concept being very clear and deliberate.","Worth it? Yes. DLC? Yes. Get it on sale? Probably, but it's worth the price if you have disposable income. I really enjoyed playing Orwell and its DLC. Here's a bullet point of stuff I think is worth knowing before you buy! -Plot/characters are realistic in a way that would normally be mundane on their own, but this game makes it somehow feel exceptional enough to make the story worth investing in. I think this grounding to reality did a good service by this game's namesake to express the urgency and importance of privacy and compassion, IRL and online. -Easy to navigate UI, text is usually easy to read. The news articles' text is a bit thin, but if you have a big monitory/screen it probably won't be a problem. And you typically don't need to read every word on each website and email anyway. -Markers for unread/unused/new ""datachunks"" that make going back through old info much less tedious. -Easy to immerse in because you don't have to pretend to be someone you're not to fit yourself into the world of the game. It does feel like a job, but one that has wild stuff happening and your only way to know about it is through the job. Making the player curious is really important for mystery/puzzle/investigative games, and this game did a 7/10 job with that. -While it does take effort to make sure you're keeping up with all the info, and making sure you're not wasting resources on unimportant info; it's not overly difficult. it's not necessarily easy (the first time around), but it won't make you feel stupid if you do struggle. -The general concept of this game is so cool to me, I wish there were a lot more games like this. -This game is much more accessible to people who have little in-depth experience with technology. It does all the technical ""hacker"" type work for you, and just lets you dig through people's lives unburdened. I don't really care about all the technical stuff involved in hacking & the like, so this was a huge win for me. A game like this can flop because of poorly executed, insanely difficult to comprehend, or super unrealistic hacking mechanics; so Orwell pretty much bypassed that while still making you feel like you're putting the pieces together yourself. (As long as you don't think too hard about it, anyway.) -It puts you in a position of being the bad guy in a situation that makes you think, ""This could literally be happening IRL and I wouldn't know."" This game will give you a lot to think about even after you're done playing. -There is an issue that happened to me twice, where I technically soft locked myself in the game, and was unable to find any answers through walkthroughs/watching others play the game. So be prepared to be very diligent when uploading info when you are not racing the clock, and don't log out for the day until you're absolutely certain you've nabbed all the important info you might need. -This game is honestly a bit short for the sheer amount of story and world-building information available in it. I think the game should have given you more time to explore and given more options for gathering info before forcing the plot to continue, even if not all of the info is used. It holds your hand too much, but not outright. -Overall, my biggest issues with this game have to be the fact that you can't skip or pause chats or phone calls you're observing, and it moves so fast at certain points that you don't have time to process the information you're gathering to learn about the world/characters/story. My favorite parts of this game are really just the overall experience of playing it, and the execution of concept being very clear and deliberate.",True,2022-06-15T02:13:22+00:00,2022-06-15T02:13:22+00:00,248.0,248.0,0.0,0.0,0.0,0.5,True,False,False,False,76561199121069848,,2.0,False,False,3641,647,4.133333333333334,4.133333333333334,3-10h,positive
28145008,491950,orwell,Orwell: Keeping an Eye On You,english,"I'll admit, I was skeptical, even with all the glowing reviews on Steam. However, bored with playing the same old games, I decided to give the game a try since it wasn't even 10$. As I started up the game, I asked myself - how this game could possibly keep me interested? It's a game where you're literally staring at a 'computer' screen in-game.. when you're already staring at a computer screen in real life. Not even 10 minutes in and I was hooked. I needed more information and I needed it NOW! I got really invested in the fictional characters stories, lives and background; why did she break up with him? How long were they dating? Why is 'X's relationship with her parents so strained? I looked through every single e-mail and chat message I could find. I listened to countless phone calls and actually cared what was said and listened intently. All the while snickering to myself because the fictional characters didn't know I was listening in on their conversations. 

This game proves that sometimes being innovative and creative pays off. The game was worth every last dollar. It's relatively short (6 hours) and  I played all the episodes straight through, but it still managed to keep me excited and interest throughout the whole game. I kept playing 'just 10 more minutes' to find new information. Although only 6 hours long, I felt like it's the perfect length. Any longer and I probably would have started getting annoyed (because I did want to find out the ending to the story). 

The only issues I had with the game was that it doesn't really explain how the 'upload information' works. It tells you very briefly what your job is - to upload information, but I didn't understand that I could literally choose what information to upload and what to withold. I thought I had to upload certain information to continue with the story - turns out that may not have necessarily been the case. I actually got an ending I didn't intend because even at the end of the game I wasn't really sure what I was supposed to be doing (how did I access information, not upload it but still continue with the story?). You would think 'upload information' would be an easy concept to understand and wouldn't really need a tutorial, but in my case I would have liked a proper 2-3 minute introduction to how Orwell 'works'. The fact that you can choose what you do and do not upload, and depending on that - there will be different concequences. 
The highlighting of relevant text kinda made the game too easy, but I do understand the necessity of the function. Any real-life program such as Orwell would probably have a similar feature that highlights relevant information. I felt like it made the game more realistic because occassionally while reading an on-going chat, I could quickly scan for relevant information that was highlighted - upload it - and then continue reading the conversation. 
I really idn't realize that my actions of uploading certain information would have concequences; I guess I thought the game was a lot more linear, not that I could actually influence what happened by what I did or did not upload. 

This was really unique, both in game-playstyle as well as story telling. I'll be playing it again, that's for sure.","I'll admit, I was skeptical, even with all the glowing reviews on Steam. However, bored with playing the same old games, I decided to give the game a try since it wasn't even 10$. As I started up the game, I asked myself - how this game could possibly keep me interested? It's a game where you're literally staring at a 'computer' screen in-game.. when you're already staring at a computer screen in real life. Not even 10 minutes in and I was hooked. I needed more information and I needed it NOW! I got really invested in the fictional characters stories, lives and background; why did she break up with him? How long were they dating? Why is 'X's relationship with her parents so strained? I looked through every single e-mail and chat message I could find. I listened to countless phone calls and actually cared what was said and listened intently. All the while snickering to myself because the fictional characters didn't know I was listening in on their conversations. This game proves that sometimes being innovative and creative pays off. The game was worth every last dollar. It's relatively short (6 hours) and I played all the episodes straight through, but it still managed to keep me excited and interest throughout the whole game. I kept playing 'just 10 more minutes' to find new information. Although only 6 hours long, I felt like it's the perfect length. Any longer and I probably would have started getting annoyed (because I did want to find out the ending to the story). The only issues I had with the game was that it doesn't really explain how the 'upload information' works. It tells you very briefly what your job is - to upload information, but I didn't understand that I could literally choose what information to upload and what to withold. I thought I had to upload certain information to continue with the story - turns out that may not have necessarily been the case. I actually got an ending I didn't intend because even at the end of the game I wasn't really sure what I was supposed to be doing (how did I access information, not upload it but still continue with the story?). You would think 'upload information' would be an easy concept to understand and wouldn't really need a tutorial, but in my case I would have liked a proper 2-3 minute introduction to how Orwell 'works'. The fact that you can choose what you do and do not upload, and depending on that - there will be different concequences. The highlighting of relevant text kinda made the game too easy, but I do understand the necessity of the function. Any real-life program such as Orwell would probably have a similar feature that highlights relevant information. I felt like it made the game more realistic because occassionally while reading an on-going chat, I could quickly scan for relevant information that was highlighted - upload it - and then continue reading the conversation. I really idn't realize that my actions of uploading certain information would have concequences; I guess I thought the game was a lot more linear, not that I could actually influence what happened by what I did or did not upload. This was really unique, both in game-playstyle as well as story telling. I'll be playing it again, that's for sure.",True,2016-12-02T19:21:41+00:00,2016-12-02T19:21:41+00:00,395.0,366.0,0.0,0.0,0.0,0.5,True,False,False,False,76561198021195439,,5.0,False,False,3233,567,6.583333333333333,6.1,3-10h,positive
106838821,491950,orwell,Orwell: Keeping an Eye On You,english,"GENERAL OVERVIEW
Awesome game and ""out-of-the-box"" genre. Gameplay is very interesting since you analyze the suspects from a digital device, without physically following them. You get to know every small aspects of their lives, but this is a factor that greatly complicates the developer's work. For the ones who love the detective genre, this one is a very good choice. But I can't give a fully positive opinion on this: let's start with the upsides.
PROS
1)Rich and deep story. Keeps the gamer interested.
2)Orwell system is very well structured, its display is simple and not effort-requiring.
3)Plot-twists excluded, the game is actually chill. It keeps you concentrated, but not nervous or stressed. The fact that you can sit down and think of your next move, gives the game the right pace.
CONS
1)Low graphic and audio impact. Although the story keeps the gamer focused, that is probably the only one factor. I dare to say the game has a poor multimedial content. Characters don't ""say"" a single word for all the story.. You just hear music and other minor sound effects.
2)Too often it remains unclear where ""the game finishes and the gamer starts"". Has it ever happened to you that you can't understand how heavy will your decision be on your remaining gameplay? It happens too many times in Orwell. It's not clear when your action will bring to irreversible consequences, and this is annoying. Sometimes it feels like the game is playing you, and this is boring because the plot does not prompt the player to take important actions.
3)Insufficiently exhaustive tutorial. Although Orwell is pretty much a game with a ""simple dynamic"", basically gathering relevant information, I think that the small tutorial in the beginning does not clarify enough what the Orwell system is about. Even though in the tutorial-phase of the game is explained how you should deal with Orwell, the gamer fully grasps the concept after some time, and this is not acceptable in a game where choices matter (especially in one where it's not clear where choices are supposed to be made!). I came from hundreds of detective-genre games but this one is different, the developer knows, so maybe they should have stressed the basic principle more.
4)Lack of languages. This is a text-adventure. There should be plenty of available languages! I understand that this would be an incredibly long job... But this is a noticeable downside. This is quite a problem for non-natives english speakers, and a barrier for non english speakers.
5) You gather information on this system called Orwell, but as you go on with the game, you may find out more precise details, or that the information you considered relevant are just circumstancial. This is a normal day in the life of an investigator. So, why can't the player modify the datachunks relating to characters' pages? this is a forcing. A super complex system like Orwell doesn't allow the investigator to cancel what he wrote?
OVERALL OPINION
Orwell: Keeping an Eye On You is a very nice game, that will be appreciated by most of the detective-games community. It's passionating, you would never desire it to end, it makes you feel a real investigator. Nevertheless, it has noteworthy downsides and there's a wide improvement margin under some aspects. Recommended.
Sorry for my incorrect english!
","GENERAL OVERVIEW Awesome game and ""out-of-the-box"" genre. Gameplay is very interesting since you analyze the suspects from a digital device, without physically following them. You get to know every small aspects of their lives, but this is a factor that greatly complicates the developer's work. For the ones who love the detective genre, this one is a very good choice. But I can't give a fully positive opinion on this: let's start with the upsides. PROS 1)Rich and deep story. Keeps the gamer interested. 2)Orwell system is very well structured, its display is simple and not effort-requiring. 3)Plot-twists excluded, the game is actually chill. It keeps you concentrated, but not nervous or stressed. The fact that you can sit down and think of your next move, gives the game the right pace. CONS 1)Low graphic and audio impact. Although the story keeps the gamer focused, that is probably the only one factor. I dare to say the game has a poor multimedial content. Characters don't ""say"" a single word for all the story.. You just hear music and other minor sound effects. 2)Too often it remains unclear where ""the game finishes and the gamer starts"". Has it ever happened to you that you can't understand how heavy will your decision be on your remaining gameplay? It happens too many times in Orwell. It's not clear when your action will bring to irreversible consequences, and this is annoying. Sometimes it feels like the game is playing you, and this is boring because the plot does not prompt the player to take important actions. 3)Insufficiently exhaustive tutorial. Although Orwell is pretty much a game with a ""simple dynamic"", basically gathering relevant information, I think that the small tutorial in the beginning does not clarify enough what the Orwell system is about. Even though in the tutorial-phase of the game is explained how you should deal with Orwell, the gamer fully grasps the concept after some time, and this is not acceptable in a game where choices matter (especially in one where it's not clear where choices are supposed to be made!). I came from hundreds of detective-genre games but this one is different, the developer knows, so maybe they should have stressed the basic principle more. 4)Lack of languages. This is a text-adventure. There should be plenty of available languages! I understand that this would be an incredibly long job... But this is a noticeable downside. This is quite a problem for non-natives english speakers, and a barrier for non english speakers. 5) You gather information on this system called Orwell, but as you go on with the game, you may find out more precise details, or that the information you considered relevant are just circumstancial. This is a normal day in the life of an investigator. So, why can't the player modify the datachunks relating to characters' pages? this is a forcing. A super complex system like Orwell doesn't allow the investigator to cancel what he wrote? OVERALL OPINION Orwell: Keeping an Eye On You is a very nice game, that will be appreciated by most of the detective-games community. It's passionating, you would never desire it to end, it makes you feel a real investigator. Nevertheless, it has noteworthy downsides and there's a wide improvement margin under some aspects. Recommended. Sorry for my incorrect english!",True,2021-12-29T17:39:40+00:00,2021-12-29T17:39:40+00:00,484.0,431.0,0.0,0.0,0.0,0.5,True,False,False,False,76561198052216644,,4.0,False,False,3325,555,8.066666666666666,7.183333333333334,3-10h,positive
26665498,491950,orwell,Orwell: Keeping an Eye On You,english,"Bottom line up front: <i>Orwell</i> comes highly recommended as a visual novel relevant in our connected, surveillance-state times.

<i>Orwell</i> is not a particularly difficult game. You merely act as the conscience for the eponymous automated evidence-gathering machine that potentially has access to <i>everything</i> in The Nation's network. You tell it what's relevant; it tells that to investigators responsible for actually acting as the long arm of the law. Of course, it's still basically in prototype so it's not necessarily that great at parsing relevant information. Drag and drop the relevant information.

Think of it as a mystery simulator where you're a few steps removed from the evidence, and to piece things together you have to gather quite a lot of information from quite a few sources... say, from the desktop computer of someone who may only be tangentially related to the case at hand, or phone conversations between people of interest and total strangers. I say ""total strangers"" but, hey, they were talking to a person of interest, so doesn't that make them people of interest too?

Let's get them introduced to Orwell, shall we?

In the modern world where conspiracy theories like ECHELON and PRISM have turned out to be very real things made lawful through either everyday foreign spying or antiterrorism bills that authorize domestic surveillance, <i>Orwell</i> is a game about the flaws--and benefits--to such thinking. Are you able to stop terrorism (or, perhaps more accurately, are you willing to make the sacrifices necessary to do so)? Can you keep investigations limited despite your best intentions? Or do you just hoover up <i>everything</i> because there is no such thing as innocence, only degrees of guilt? And... in the end, how can it go so horribly, horribly wrong?

Those in <i>favor</i> of a surveillance state will probably be somewhat annoyed with <i>Orwell</i>, but with a title like that they shouldn't be surprised. Those against surveillance states will appreciate it, though they may actually disapprove of the game's level-headed attitude towards such things: yes, it's a conspiracy, but it's a conspiracy of well-meaning people who are honestly(?) trying to make The Nation a better place by doing their jobs.

It's a visual novel, so replayability is limited except for completionism and once you get a feel for how the writers like surprises, you can start to see some twists coming--or at least expect twists to happen--but this is a negligible criticism. <i>Orwell</i> is, at its core, about both freedom of thought and the inherent problem with surveillance and preventative enforcement: even with universal surveillance, information is neither perfect nor complete and errors will be made. The game occasionally forces these errors, which can be frustrating, but if you approach it as a choose-your-own-adventure story with a clever user interface these are forgivable.","Bottom line up front: <i>Orwell</i> comes highly recommended as a visual novel relevant in our connected, surveillance-state times. <i>Orwell</i> is not a particularly difficult game. You merely act as the conscience for the eponymous automated evidence-gathering machine that potentially has access to <i>everything</i> in The Nation's network. You tell it what's relevant; it tells that to investigators responsible for actually acting as the long arm of the law. Of course, it's still basically in prototype so it's not necessarily that great at parsing relevant information. Drag and drop the relevant information. Think of it as a mystery simulator where you're a few steps removed from the evidence, and to piece things together you have to gather quite a lot of information from quite a few sources... say, from the desktop computer of someone who may only be tangentially related to the case at hand, or phone conversations between people of interest and total strangers. I say ""total strangers"" but, hey, they were talking to a person of interest, so doesn't that make them people of interest too? Let's get them introduced to Orwell, shall we? In the modern world where conspiracy theories like ECHELON and PRISM have turned out to be very real things made lawful through either everyday foreign spying or antiterrorism bills that authorize domestic surveillance, <i>Orwell</i> is a game about the flaws--and benefits--to such thinking. Are you able to stop terrorism (or, perhaps more accurately, are you willing to make the sacrifices necessary to do so)? Can you keep investigations limited despite your best intentions? Or do you just hoover up <i>everything</i> because there is no such thing as innocence, only degrees of guilt? And... in the end, how can it go so horribly, horribly wrong? Those in <i>favor</i> of a surveillance state will probably be somewhat annoyed with <i>Orwell</i>, but with a title like that they shouldn't be surprised. Those against surveillance states will appreciate it, though they may actually disapprove of the game's level-headed attitude towards such things: yes, it's a conspiracy, but it's a conspiracy of well-meaning people who are honestly(?) trying to make The Nation a better place by doing their jobs. It's a visual novel, so replayability is limited except for completionism and once you get a feel for how the writers like surprises, you can start to see some twists coming--or at least expect twists to happen--but this is a negligible criticism. <i>Orwell</i> is, at its core, about both freedom of thought and the inherent problem with surveillance and preventative enforcement: even with universal surveillance, information is neither perfect nor complete and errors will be made. The game occasionally forces these errors, which can be frustrating, but if you approach it as a choose-your-own-adventure story with a clever user interface these are forgivable.",True,2016-11-18T03:26:50+00:00,2016-11-18T03:26:50+00:00,266.0,266.0,0.0,0.0,0.0,0.5,True,False,False,False,76561197996206648,,50.0,False,False,2925,462,4.433333333333334,4.433333333333334,3-10h,positive
67737430,491950,orwell,Orwell: Keeping an Eye On You,english,"This game honestly fucked me up a bit by the end of it.

At first it kinda comes off as a Death and Taxes kind of game, but no. It is one long single story arch that is honestly wonderfully crafted. My investment and intrigue in the game honestly just grew more and more as the game went on and went in turns I didn't expect. I often found myself expecting one culprit only to move on to another and another and another as I found and submitted more evidence.

I played the whole game in 5 hours, but honestly I will go back for more. I have more achievements to get and I want to see what else I can find. I still have a bunch of questions and I want to find the answers!

Game play wise the choice mechanics here are really interesting. Rather than just swipping information away like you do in most games like this, you are given loads of info and can pick and chose information that you submit based on what the system deems relevant for you to possibly submit. Then there are some bits of info that are game changing. You also can't go back and take back previously submitted information, previous info you have supplied can only be updated.

All the info is presented to you in a way that you can just select the highlighted sentences and submit the info. You can submit evidence without actually reading the whole articles or chats or what ever it is that highlighted sentence is in. However, that is because the system only selects what it finds relevant. Sometimes the context surrounding that sentence can drastically change it's implications. Which is an amazing way of proving one of many points in this game. If you look at the small picture and just submit the evidence based on what the system shows you, you will get a lot more things wrong. I know because at first I didn't read statements completely. Then I realized a few times I messed up, I wished I could take something back but I couldn't and slowly I became more cautious of what I submitted. This also applied to times that I submitted fishy or questionable evidence only to realize a few web pages or convos later that the info was inaccurate.

If you like thought provoking story lines. The kind of game that afterwards you question of you did the right things, this is a great game for you. It's slightly slow pacing at first, but if you can get passed that the game will have you hooked. Another good comparison would be that if you are into Black Mirrors on Netflix, this is a game you are sure to enjoy.","This game honestly fucked me up a bit by the end of it. At first it kinda comes off as a Death and Taxes kind of game, but no. It is one long single story arch that is honestly wonderfully crafted. My investment and intrigue in the game honestly just grew more and more as the game went on and went in turns I didn't expect. I often found myself expecting one culprit only to move on to another and another and another as I found and submitted more evidence. I played the whole game in 5 hours, but honestly I will go back for more. I have more achievements to get and I want to see what else I can find. I still have a bunch of questions and I want to find the answers! Game play wise the choice mechanics here are really interesting. Rather than just swipping information away like you do in most games like this, you are given loads of info and can pick and chose information that you submit based on what the system deems relevant for you to possibly submit. Then there are some bits of info that are game changing. You also can't go back and take back previously submitted information, previous info you have supplied can only be updated. All the info is presented to you in a way that you can just select the highlighted sentences and submit the info. You can submit evidence without actually reading the whole articles or chats or what ever it is that highlighted sentence is in. However, that is because the system only selects what it finds relevant. Sometimes the context surrounding that sentence can drastically change it's implications. Which is an amazing way of proving one of many points in this game. If you look at the small picture and just submit the evidence based on what the system shows you, you will get a lot more things wrong. I know because at first I didn't read statements completely. Then I realized a few times I messed up, I wished I could take something back but I couldn't and slowly I became more cautious of what I submitted. This also applied to times that I submitted fishy or questionable evidence only to realize a few web pages or convos later that the info was inaccurate. If you like thought provoking story lines. The kind of game that afterwards you question of you did the right things, this is a great game for you. It's slightly slow pacing at first, but if you can get passed that the game will have you hooked. Another good comparison would be that if you are into Black Mirrors on Netflix, this is a game you are sure to enjoy.",True,2020-04-21T05:38:24+00:00,2020-04-21T05:38:24+00:00,328.0,328.0,0.0,0.0,0.0,0.5,False,False,False,False,76561198169419827,,250.0,False,False,2479,462,5.466666666666667,5.466666666666667,3-10h,positive
33512946,491950,orwell,Orwell: Keeping an Eye On You,english,"Orwell is a great gem of a game which involves you taking on the role of an 'investigator', hired to snoop on people and submit information you deem important to the security of the ficitonal country known as 'The Nation'. You are given tasks via a handler who is part of the Orwell system and progresses the story as you pass on details. It's not heavy on politics as such but rather is a 'real time' system and more about understanding people.

Its visual style combines blocky/colourful art with the smoothness of an OS which only has one use. You follow leads and drag info onto appropriate files and whatever you choose to submit will further the story. 

This first run took me 4.6 hours but I think there's more to it than how I played. I chose the hard working straight laced investigator who didn't care about personal issues and basically had no qualms putting innocent people behind bars. I get the impression you can play it differently but perhaps only to a certain extent.

I have to get the cons out of the way: 

- In game the 'relationship viewer' (a part of your display) is rather clunky and you can only clumsily navigate it as your list of suspects grow. I think being able to control movement via arrows oer WASD instead of the mouse would help here. Heck even zooming out!

-Conversations appear to lag and so you can see a reply before the previous message is loaded.

- Finding a 'hot tip' or key piece of information prompts your handler to talk to you (text only, there is no audio, which is a shame) and grey out the text you're reading, forcing you to skip or skim their advice. You very often snoop on phone calls or chat conversations and so this is annoying. Thankfully time is not important in this game but it's still immersion breaking.

What I enjoyed was detaching yourself and being something close to a spy but in reality, you're breaking down the walls of cyber security and seeing how easy it is to investigate something for more or less no reason at all. It questions your conscience constantly and that kind of information can be interesting to process.

I really enjoyed this game, despite being so short, for it's immersive role playing aspects and the questions it raises about our technological future. It so wonderfully sucks you in and weaves a story with characters the are finely tuned. So much intrigue and many times you will consider a decision before acting on it. Thats some damn fine game making.

Lots of reading, so bear that in mind.

Definitely deserves some DLC or a big upgrade including voice work.","Orwell is a great gem of a game which involves you taking on the role of an 'investigator', hired to snoop on people and submit information you deem important to the security of the ficitonal country known as 'The Nation'. You are given tasks via a handler who is part of the Orwell system and progresses the story as you pass on details. It's not heavy on politics as such but rather is a 'real time' system and more about understanding people. Its visual style combines blocky/colourful art with the smoothness of an OS which only has one use. You follow leads and drag info onto appropriate files and whatever you choose to submit will further the story. This first run took me 4.6 hours but I think there's more to it than how I played. I chose the hard working straight laced investigator who didn't care about personal issues and basically had no qualms putting innocent people behind bars. I get the impression you can play it differently but perhaps only to a certain extent. I have to get the cons out of the way: - In game the 'relationship viewer' (a part of your display) is rather clunky and you can only clumsily navigate it as your list of suspects grow. I think being able to control movement via arrows oer WASD instead of the mouse would help here. Heck even zooming out! -Conversations appear to lag and so you can see a reply before the previous message is loaded. - Finding a 'hot tip' or key piece of information prompts your handler to talk to you (text only, there is no audio, which is a shame) and grey out the text you're reading, forcing you to skip or skim their advice. You very often snoop on phone calls or chat conversations and so this is annoying. Thankfully time is not important in this game but it's still immersion breaking. What I enjoyed was detaching yourself and being something close to a spy but in reality, you're breaking down the walls of cyber security and seeing how easy it is to investigate something for more or less no reason at all. It questions your conscience constantly and that kind of information can be interesting to process. I really enjoyed this game, despite being so short, for it's immersive role playing aspects and the questions it raises about our technological future. It so wonderfully sucks you in and weaves a story with characters the are finely tuned. So much intrigue and many times you will consider a decision before acting on it. Thats some damn fine game making. Lots of reading, so bear that in mind. Definitely deserves some DLC or a big upgrade including voice work.",True,2017-07-13T21:58:15+00:00,2017-07-13T22:01:37+00:00,278.0,278.0,0.0,0.0,0.0,0.5,True,False,False,False,76561198098589331,,32.0,False,False,2550,458,4.633333333333334,4.633333333333334,3-10h,positive
28642194,491950,orwell,Orwell: Keeping an Eye On You,english,"[h1]The book 1984 by author George Orwell in a game. Splendid and intresting. While I've only read half of the book, I can still understand the connections. This must not happen in real life. I know it already does.. But we can still stop it..[/h1]
Ýou're yourself, a investigator with amazing spying tools. You get to spy on timelines, emails and even wire-tap phones.
You are looking for connections to put terrorists behind bars. The terrorists are bombing several buildings in Bonton, a fictional city in The Nation, a country where a Safety Bill has just gone through that puts investigators into control of the police work of The Nation. As a investigator for the law enforcement it is up to you to put the terrorists behind bars using Orwell. Orwell is a tool developed to find perpetrators before the crime is done. While there is flaws, terrorists and their groups are linked way faster than a human would think without the help of computers and social media sniffing.

[h1]This should remind us all of how NSA, FRA and GCHQ spies on us all today. No matter where we live in this damned world.[/h1]
Orwell is a scary game.. You never know what your state knows about you.. In some countries, people with odd political beliefs are put behind bars, freethinkers are disappearing and people who voted wrong are found and assaulted in their homes. While Orwell did not cover any of these points, it still covered the great amount of Internet hate you can get if you do anything wrong, even if it is just a single thing.

[h1]Pros:[/h1]

[list]
    [*]60+ FPS during the whole playthrough.
    [*]Think you're a NSA spy.
    [*]Very intresting.
[/list]

[h1]Cons:[/h1]

[list]
    [*]The game is far too short. I wanted to play more when I was to be arrested for knowing too much about Orwell..
    [*]It was buggy at times where I couldn't upload data until I restarted the game.
    [*]Nothing else.
[/list]

[h1]Ending notes of this quick review[/h1]
I am recommending this game to anyone, no matter age. This is a good game to learn from. Learn how the regime works. Learn how your country works. No matter if you live in a democracy or not there is always gonna be Big Brother spying on you. This game is more than just a simple game that only a fraction of people will buy. This game is a lifelesson worth getting. Nobody really cares how innocent you are. You are always a suspect when it comes  to state business.

I would like to thank the devs for 3 amazingly fun hours. It will be more because I am going for all the achievments!","[h1]The book 1984 by author George Orwell in a game. Splendid and intresting. While I've only read half of the book, I can still understand the connections. This must not happen in real life. I know it already does.. But we can still stop it..[/h1] Ýou're yourself, a investigator with amazing spying tools. You get to spy on timelines, emails and even wire-tap phones. You are looking for connections to put terrorists behind bars. The terrorists are bombing several buildings in Bonton, a fictional city in The Nation, a country where a Safety Bill has just gone through that puts investigators into control of the police work of The Nation. As a investigator for the law enforcement it is up to you to put the terrorists behind bars using Orwell. Orwell is a tool developed to find perpetrators before the crime is done. While there is flaws, terrorists and their groups are linked way faster than a human would think without the help of computers and social media sniffing. [h1]This should remind us all of how NSA, FRA and GCHQ spies on us all today. No matter where we live in this damned world.[/h1] Orwell is a scary game.. You never know what your state knows about you.. In some countries, people with odd political beliefs are put behind bars, freethinkers are disappearing and people who voted wrong are found and assaulted in their homes. While Orwell did not cover any of these points, it still covered the great amount of Internet hate you can get if you do anything wrong, even if it is just a single thing. [h1]Pros:[/h1] [list] [*]60+ FPS during the whole playthrough. [*]Think you're a NSA spy. [*]Very intresting. [/list] [h1]Cons:[/h1] [list] [*]The game is far too short. I wanted to play more when I was to be arrested for knowing too much about Orwell.. [*]It was buggy at times where I couldn't upload data until I restarted the game. [*]Nothing else. [/list] [h1]Ending notes of this quick review[/h1] I am recommending this game to anyone, no matter age. This is a good game to learn from. Learn how the regime works. Learn how your country works. No matter if you live in a democracy or not there is always gonna be Big Brother spying on you. This game is more than just a simple game that only a fraction of people will buy. This game is a lifelesson worth getting. Nobody really cares how innocent you are. You are always a suspect when it comes to state business. I would like to thank the devs for 3 amazingly fun hours. It will be more because I am going for all the achievments!",True,2016-12-25T18:14:22+00:00,2016-12-25T18:19:18+00:00,215.0,,0.0,0.0,0.0,0.5,True,False,False,False,76561198002390546,,160.0,False,False,2512,448,3.5833333333333335,,unknown,positive
45225910,491950,orwell,Orwell: Keeping an Eye On You,english,"[h1][url=store.steampowered.com/app/491950/Orwell_Keeping_an_Eye_On_You/]Orwell[/url] presents a decent diminutive mystery with pertinent social commentary through a very unique, novel yet straightforward approach to interactive storytelling.[/h1]

The game first asks you to create an investigator profile through its polished interface, effectively recruiting you in the ranks of Orwell, followed by a stylish low-poly security footage opening that sets the stage for the ongoing investigation. Your role is essentially to play the human element in what would otherwise be an extremely complex data mining algorithm in a surveillance system.

Gameplay in many ways feels like browsing through restrained web pages obtained through a very limited portion of the internet. You select which datachunks to upload to Orwell's server, which in turn unlock more related headlines, websites, restricted documents, private emails, bank accounts, and eventually tap into phone and text conversations between suspects.

New bookmarks just appear by themselves as revealed by your adviser. You don't have any actual research to do, all important clues are automatically highlighted, and as such the game first appears to be completely linear and rather easy. There is initially no clear reason not to upload data other than rare instances with conflictual information, where only one of two bits can be sent.

Then it gets a bit more complex and the story evolves into a satisfyingly more sophisticated mystery with multiple threads to investigate. You can decide to withhold information that you judge inadequate or untrue, and your choices can have pretty severe consequences in some cases. While there are few or no time sensitive actions, tension builds up a lot in the final chapter where you have a limited number of uploads available before a major event triggers.

There is no undo and your decisions clearly define paths that lead to multiple endings. One-way conversations with your adviser also create a pretty unique relationship.

Be prepared for lots and lots of reading. The game features sparse audio and pleasant low-poly aesthetics, but too few rendered footage and no voice overs.

The game's world also feels relatively small scale with only about a dozen significant characters in the story, despite a background of terrorism and international tension. Another odd thing is when you gain access to a suspect's PC or smartphone, only a handful of files are shown. This limited scope nevertheless keeps things manageable.","[h1][url=store.steampowered.com/app/491950/Orwell_Keeping_an_Eye_On_You/]Orwell[/url] presents a decent diminutive mystery with pertinent social commentary through a very unique, novel yet straightforward approach to interactive storytelling.[/h1] The game first asks you to create an investigator profile through its polished interface, effectively recruiting you in the ranks of Orwell, followed by a stylish low-poly security footage opening that sets the stage for the ongoing investigation. Your role is essentially to play the human element in what would otherwise be an extremely complex data mining algorithm in a surveillance system. Gameplay in many ways feels like browsing through restrained web pages obtained through a very limited portion of the internet. You select which datachunks to upload to Orwell's server, which in turn unlock more related headlines, websites, restricted documents, private emails, bank accounts, and eventually tap into phone and text conversations between suspects. New bookmarks just appear by themselves as revealed by your adviser. You don't have any actual research to do, all important clues are automatically highlighted, and as such the game first appears to be completely linear and rather easy. There is initially no clear reason not to upload data other than rare instances with conflictual information, where only one of two bits can be sent. Then it gets a bit more complex and the story evolves into a satisfyingly more sophisticated mystery with multiple threads to investigate. You can decide to withhold information that you judge inadequate or untrue, and your choices can have pretty severe consequences in some cases. While there are few or no time sensitive actions, tension builds up a lot in the final chapter where you have a limited number of uploads available before a major event triggers. There is no undo and your decisions clearly define paths that lead to multiple endings. One-way conversations with your adviser also create a pretty unique relationship. Be prepared for lots and lots of reading. The game features sparse audio and pleasant low-poly aesthetics, but too few rendered footage and no voice overs. The game's world also feels relatively small scale with only about a dozen significant characters in the story, despite a background of terrorism and international tension. Another odd thing is when you gain access to a suspect's PC or smartphone, only a handful of files are shown. This limited scope nevertheless keeps things manageable.",True,2018-10-12T02:31:47+00:00,2018-10-12T02:31:47+00:00,457.0,457.0,0.0,0.0,0.0,0.5,False,False,False,False,76561197970728166,,270.0,False,False,2523,384,7.616666666666666,7.616666666666666,3-10h,positive
