review_id,steam_app_id,game_key,game_name,language,review_text_raw,review_text_clean,recommended,created_at,updated_at,playtime_forever_minutes,playtime_at_review_minutes,playtime_last_two_weeks_minutes,votes_up,votes_funny,weighted_vote_score,steam_purchase,received_for_free,written_during_early_access,refunded,author_steam_id,author_num_games_owned,author_num_reviews,is_empty,is_very_short,review_length_chars,review_length_words,playtime_forever_hours,playtime_at_review_hours,playtime_segment,overall_sentiment
29435718,491950,orwell,Orwell: Keeping an Eye On You,english,"This is a difficult one to critique because whether or not you like it is mainly dependent on whether you like the narrative and how it is told. I’m not going to pretend that I know a huge amount about a good story well told, so when it comes to my thoughts on said story, take them with a grain of salt. Before I discuss that though, let’s talk about the game a bit.

[h1]“Interactive” Story[/h1]

In context, you are supposed to be a sort of investigator searching for clues about persons of interest via their emails, social media feeds, and phone conversations. I wouldn’t use the word “investigate” to describe the gameplay. Every import piece of information is already highlighted for you and you just need to drag-and-drop them to the appropriate location. When it comes selecting which documents you want to search through, there are indicators that tell which ones have important data-chunks. You don’t really have to read through the documents and phone texts unless you want story context.

This does streamline the gameplay experience, though. With a lot of story based adventure or point-and-click games, there is a risk of getting stuck at one part and losing all immersion in indirection proportion to mounting frustration. Orwell doesn’t have this problem as it is always very clear where you are supposed to look and this keeps a smooth pacing. As I mentioned earlier, this does contribute to the whole experience not feeling much like a traditional game as it feels much more like a guided tour of the characters and narrative progression. Perhaps a system where you have to highlight pieces of text you feel are important, and if you got the right piece then the story could progress? That may have been the original idea, but that could lead to many frustrations if you just barely missed the part of a quote you were supposed to get.

The only real gameplay in here is when there are two pieces of data that conflict with each other and you have to decide which one to submit to your superior. This could come in the form of two phone conversations by a character where one conversation makes him sound violent and the other makes him sound peaceful. Which one you submit will determine if that character gets arrested later in the story. This factors into a bit of a moral choice system regarding whether you try to paint the main characters and virtuous activists or terrorists. I feel an opportunity was missed to have more greatly divergent storylines to make the player feel like they have a real impact on the world. As it stands, your decisions only change minor events and what ending you get, with most of the heavy decision making existing in the last episode only.

[h1]Interactive “Story”[/h1]

With everything I’ve had to say about the gameplay thus far, you may be a bit perplexed as to why I recommend Orwell. Once again, this isn’t a typical [i]game[/i]. It’s a story with a bit more user control over the pace at which you progress through it. So how is the story?

Pretty good, actually.

The subject matter: government surveillance, is very topical and the game does a good job of showing the many different angles and opinions that people have about it. From those that try to peacefully discuss the issue, publicly criticize it, or are indifferent to it, every character seems believable and for the most part are consistent. The plot is revealed at a steady pace and is able to constantly engage. Appropriate music cues help to reinforce when something drastic has just taken place or when a particularly important piece of data is discovered and it does a good job of drawing you in. The last episode starts to deteriorate when the story starts to massively diverge and the amount of documents and computers to search through becomes overwhelming compared to the rest of the story.

While the data chunks are the most important piece of the story, there is a lot of text to sift through and it fleshes out the characters and game world quite well. A lot of it is unnecessary and for a while I thought that a small sub-plot about terrorism in another country was going to turn out to be a major plot device because the game kept bringing it up, but that ended up being nothing important. Also, documents and conversations are never deleted, so you are free to browse through them at your leisure and one small link could lead you down a rabbit’s hole worth of information. Having assessed these can be handy if the story calls for you to investigate those links and you’re already familiar with them, which does occasionally make you feel like a real investigator.

There are a few off moments when the characters don’t feel believable because we only see them communicate via text. Towards the end, [spoiler]everyone is panicking because they have discovered the Orwell system and can’t figure out how to deal with it,[/spoiler] and sometimes text just isn’t the best way to convey those sorts of emotions. These are hardly deal breakers though because what it boils down to is that whenever I would start the game up, it wasn’t because I felt some obligation to finish it. It was because I wanted to know what happens next. And no matter how many trivial nit-picks I have with the story, that single fact means I have to acknowledge that the story is engaging.

[h1]Conclusion[/h1]

Orwell is a story, and not much of a game. Whatever gameplay is present serves entirely to incrementally progress you through the story and not present any kind of and challenge by itself. An experience like this lives and dies on whether or not its story is engaging which, to me at least, it certainly was.","This is a difficult one to critique because whether or not you like it is mainly dependent on whether you like the narrative and how it is told. I’m not going to pretend that I know a huge amount about a good story well told, so when it comes to my thoughts on said story, take them with a grain of salt. Before I discuss that though, let’s talk about the game a bit. [h1]“Interactive” Story[/h1] In context, you are supposed to be a sort of investigator searching for clues about persons of interest via their emails, social media feeds, and phone conversations. I wouldn’t use the word “investigate” to describe the gameplay. Every import piece of information is already highlighted for you and you just need to drag-and-drop them to the appropriate location. When it comes selecting which documents you want to search through, there are indicators that tell which ones have important data-chunks. You don’t really have to read through the documents and phone texts unless you want story context. This does streamline the gameplay experience, though. With a lot of story based adventure or point-and-click games, there is a risk of getting stuck at one part and losing all immersion in indirection proportion to mounting frustration. Orwell doesn’t have this problem as it is always very clear where you are supposed to look and this keeps a smooth pacing. As I mentioned earlier, this does contribute to the whole experience not feeling much like a traditional game as it feels much more like a guided tour of the characters and narrative progression. Perhaps a system where you have to highlight pieces of text you feel are important, and if you got the right piece then the story could progress? That may have been the original idea, but that could lead to many frustrations if you just barely missed the part of a quote you were supposed to get. The only real gameplay in here is when there are two pieces of data that conflict with each other and you have to decide which one to submit to your superior. This could come in the form of two phone conversations by a character where one conversation makes him sound violent and the other makes him sound peaceful. Which one you submit will determine if that character gets arrested later in the story. This factors into a bit of a moral choice system regarding whether you try to paint the main characters and virtuous activists or terrorists. I feel an opportunity was missed to have more greatly divergent storylines to make the player feel like they have a real impact on the world. As it stands, your decisions only change minor events and what ending you get, with most of the heavy decision making existing in the last episode only. [h1]Interactive “Story”[/h1] With everything I’ve had to say about the gameplay thus far, you may be a bit perplexed as to why I recommend Orwell. Once again, this isn’t a typical [i]game[/i]. It’s a story with a bit more user control over the pace at which you progress through it. So how is the story? Pretty good, actually. The subject matter: government surveillance, is very topical and the game does a good job of showing the many different angles and opinions that people have about it. From those that try to peacefully discuss the issue, publicly criticize it, or are indifferent to it, every character seems believable and for the most part are consistent. The plot is revealed at a steady pace and is able to constantly engage. Appropriate music cues help to reinforce when something drastic has just taken place or when a particularly important piece of data is discovered and it does a good job of drawing you in. The last episode starts to deteriorate when the story starts to massively diverge and the amount of documents and computers to search through becomes overwhelming compared to the rest of the story. While the data chunks are the most important piece of the story, there is a lot of text to sift through and it fleshes out the characters and game world quite well. A lot of it is unnecessary and for a while I thought that a small sub-plot about terrorism in another country was going to turn out to be a major plot device because the game kept bringing it up, but that ended up being nothing important. Also, documents and conversations are never deleted, so you are free to browse through them at your leisure and one small link could lead you down a rabbit’s hole worth of information. Having assessed these can be handy if the story calls for you to investigate those links and you’re already familiar with them, which does occasionally make you feel like a real investigator. There are a few off moments when the characters don’t feel believable because we only see them communicate via text. Towards the end, [spoiler]everyone is panicking because they have discovered the Orwell system and can’t figure out how to deal with it,[/spoiler] and sometimes text just isn’t the best way to convey those sorts of emotions. These are hardly deal breakers though because what it boils down to is that whenever I would start the game up, it wasn’t because I felt some obligation to finish it. It was because I wanted to know what happens next. And no matter how many trivial nit-picks I have with the story, that single fact means I have to acknowledge that the story is engaging. [h1]Conclusion[/h1] Orwell is a story, and not much of a game. Whatever gameplay is present serves entirely to incrementally progress you through the story and not present any kind of and challenge by itself. An experience like this lives and dies on whether or not its story is engaging which, to me at least, it certainly was.",True,2017-01-23T03:13:46+00:00,2017-01-23T03:13:46+00:00,299.0,299.0,0.0,0.0,0.0,0.5,True,False,False,False,76561198070587093,,6.0,False,False,5624,985,4.983333333333333,4.983333333333333,3-10h,positive
29267704,491950,orwell,Orwell: Keeping an Eye On You,english,"In the wake of a recent bombing, someone needs to be tasked to help investigate the suspected bombers. That someone is you. You are in charge of what goes in the system and what doesn't. But is there more to it? Is there a group planning it all together, or just one person? Do you paint them as terrorists or do you leave out enough information to show them as innocent?

[h1]Welcome to Orwell[/h1]
Orwell is one of those stories that is best to go blind in, since it is the most effective the first time. Hearing or seeing anything that is related to the main story, especially the end, ruins how you would play. But why? You are playing yourself, a new recruit of a programed named Orwell tasked to investigate suspicious people regarding the recent bombing. Through, which I wished happened more, a cutscene perfectly showing why and what this game is with only visuals. If you read 1984 Orwell is similar to how the government watches their people as it was influenced from George Orwell's books.

[h1]Datachunk Uploaded[/h1]
Down to it's core, you only read highlighted items, or datachunks, and dragging them to profiles for uploading. But there is much more if you are willing. Datachunks are meant to be evaluated, is this noteworthy to put on someone's profile? Do you purposefully make someone look worse or better? Should you upload every little thing? The game tried to put you in this mindset by your supervisor's comments and by conflicting datachunks (represented by a yellow highlight) to show you can't upload every little thing. Of course, there are datachunks needed to continue. Most of the time it is very apparent the datachunk is needed as it gives something new you can look through, solve a conflicting datachunk, or a sound cue picks up. This is all combined to represent how you view the situation. How you view the people you were tasked to investigate. How you have an influence on how their life will go after Orwell injected you into their lives. Sure, they do make their own decisions, but you have the power to have them forever be seen as a threat by the government.

Your first playthrough is key. It is how you would react in this situation, not how some character would. You do not know anything except what you gather. All other playthroughs after that is to see what could have happened if you did something differently. Anything you know about the main storyline ruins how you make decisions in the game. So I do recommend knowing as little as possible to get the most out of it.

I suppose Orwell is too easy. You have a supervisor meant to guide you, not only in Orwell but to guide your progress through the main storyline. It is very easy to just scroll down till you see phrases or words highlighted. Trying to find conflicting datachunks quickly to get past. While there is nothing stopping you, Orwell does try to encourage you to read. The many articles and websites you visit build the world as you continually gain access. In a way, the people you investigate brings you into the world as you unknowingly destroy theirs each datachunk at a time. There has been arguments about taking away the automatic highlighting, as why should you be hired if they have a system that does it, but there is too much that one can assume is needed. It could easily become entering random phrases or words till you get it right. So this way of highlighting does take away this confusion of what is and isn't noteworthy in a wall of text or conversations.

[h1]Sound[/h1]
There's limited sounds to Orwell, having background music and computer sounds. The background soundtrack never really changes until something notewrothy and important comes into view. While computer sounds symbolizes actions, such as a sound of a phone for a phone call and a click as datachunks are being entered.

[h1]Visuals[/h1]
While you do stare at a screen of your computer, Orwell has an interesting style when it comes to pictures. They build people with polygons. This gives an interesting visual that pops out when surrounded by text and brightening up the screen. The opening cutscene is one of the places that does not primarily showcase this style, going for more of an shaded outline. While the visuals are minimal, it does look appealing.

[h1]Performance[/h1]
Orwell easily runs well. Only having a few seconds of loading in the beginning of each chapter to load everything. There also seems to be a rare bug, not allowing the player to drag or view the preview of the datachunk. Thankfully, the datachunk is not needed to continue with the story, as it persists through the save, so it may only bother those who view it as an important datachunk to include in a profile.

[h1]Revisiting Orwell[/h1]
As said before, Orwell thrives on the first playthrough. After that, you know what's going to happen. You know what choices affects those you were assigned to. That first playthrough may be remembered as you replay, but so everthing major to the story. This is where you should look up guides as more playthroughs are solely for achievements that were off of the course you took. There are a total of three offical endings, all having subtle changed down the road. There's not much replayability but to see the difference the decisions have on the suspects.

[h1]Report[/h1]
+ Art style
+ Convincing characters; can easily be viewed as real people
+ Compelling story

+/- Your choice to see the world of Orwell
+/- Can be seen as constantly holding your hand

- The phone calls and texts are either too slow or too fast. You have to activate the certain call/text for it to start, breaking immersion since no one will wait till you come into the picture. If you are fast enough you can get two calls or texts (or a combination of the two) at the same time since you are likely to look at something else during other playthroughs. 

Orwell is one of those must play games. With the close hitting theme that may soon become reality. With all chapters released, you can easily have 2-3 hours of gamethrough per playthrough depending on how you choose to play. Orwell shows that you are being watched in some ways, even now, and that even you won't have the best interest for others if they have the possibility to be threats to society. Do not be afraid of going into Orwell this late, as I have and I was able to still get the most out of it.","In the wake of a recent bombing, someone needs to be tasked to help investigate the suspected bombers. That someone is you. You are in charge of what goes in the system and what doesn't. But is there more to it? Is there a group planning it all together, or just one person? Do you paint them as terrorists or do you leave out enough information to show them as innocent? [h1]Welcome to Orwell[/h1] Orwell is one of those stories that is best to go blind in, since it is the most effective the first time. Hearing or seeing anything that is related to the main story, especially the end, ruins how you would play. But why? You are playing yourself, a new recruit of a programed named Orwell tasked to investigate suspicious people regarding the recent bombing. Through, which I wished happened more, a cutscene perfectly showing why and what this game is with only visuals. If you read 1984 Orwell is similar to how the government watches their people as it was influenced from George Orwell's books. [h1]Datachunk Uploaded[/h1] Down to it's core, you only read highlighted items, or datachunks, and dragging them to profiles for uploading. But there is much more if you are willing. Datachunks are meant to be evaluated, is this noteworthy to put on someone's profile? Do you purposefully make someone look worse or better? Should you upload every little thing? The game tried to put you in this mindset by your supervisor's comments and by conflicting datachunks (represented by a yellow highlight) to show you can't upload every little thing. Of course, there are datachunks needed to continue. Most of the time it is very apparent the datachunk is needed as it gives something new you can look through, solve a conflicting datachunk, or a sound cue picks up. This is all combined to represent how you view the situation. How you view the people you were tasked to investigate. How you have an influence on how their life will go after Orwell injected you into their lives. Sure, they do make their own decisions, but you have the power to have them forever be seen as a threat by the government. Your first playthrough is key. It is how you would react in this situation, not how some character would. You do not know anything except what you gather. All other playthroughs after that is to see what could have happened if you did something differently. Anything you know about the main storyline ruins how you make decisions in the game. So I do recommend knowing as little as possible to get the most out of it. I suppose Orwell is too easy. You have a supervisor meant to guide you, not only in Orwell but to guide your progress through the main storyline. It is very easy to just scroll down till you see phrases or words highlighted. Trying to find conflicting datachunks quickly to get past. While there is nothing stopping you, Orwell does try to encourage you to read. The many articles and websites you visit build the world as you continually gain access. In a way, the people you investigate brings you into the world as you unknowingly destroy theirs each datachunk at a time. There has been arguments about taking away the automatic highlighting, as why should you be hired if they have a system that does it, but there is too much that one can assume is needed. It could easily become entering random phrases or words till you get it right. So this way of highlighting does take away this confusion of what is and isn't noteworthy in a wall of text or conversations. [h1]Sound[/h1] There's limited sounds to Orwell, having background music and computer sounds. The background soundtrack never really changes until something notewrothy and important comes into view. While computer sounds symbolizes actions, such as a sound of a phone for a phone call and a click as datachunks are being entered. [h1]Visuals[/h1] While you do stare at a screen of your computer, Orwell has an interesting style when it comes to pictures. They build people with polygons. This gives an interesting visual that pops out when surrounded by text and brightening up the screen. The opening cutscene is one of the places that does not primarily showcase this style, going for more of an shaded outline. While the visuals are minimal, it does look appealing. [h1]Performance[/h1] Orwell easily runs well. Only having a few seconds of loading in the beginning of each chapter to load everything. There also seems to be a rare bug, not allowing the player to drag or view the preview of the datachunk. Thankfully, the datachunk is not needed to continue with the story, as it persists through the save, so it may only bother those who view it as an important datachunk to include in a profile. [h1]Revisiting Orwell[/h1] As said before, Orwell thrives on the first playthrough. After that, you know what's going to happen. You know what choices affects those you were assigned to. That first playthrough may be remembered as you replay, but so everthing major to the story. This is where you should look up guides as more playthroughs are solely for achievements that were off of the course you took. There are a total of three offical endings, all having subtle changed down the road. There's not much replayability but to see the difference the decisions have on the suspects. [h1]Report[/h1] + Art style + Convincing characters; can easily be viewed as real people + Compelling story +/- Your choice to see the world of Orwell +/- Can be seen as constantly holding your hand - The phone calls and texts are either too slow or too fast. You have to activate the certain call/text for it to start, breaking immersion since no one will wait till you come into the picture. If you are fast enough you can get two calls or texts (or a combination of the two) at the same time since you are likely to look at something else during other playthroughs. Orwell is one of those must play games. With the close hitting theme that may soon become reality. With all chapters released, you can easily have 2-3 hours of gamethrough per playthrough depending on how you choose to play. Orwell shows that you are being watched in some ways, even now, and that even you won't have the best interest for others if they have the possibility to be threats to society. Do not be afraid of going into Orwell this late, as I have and I was able to still get the most out of it.",True,2017-01-15T08:41:49+00:00,2017-03-21T05:31:41+00:00,609.0,609.0,0.0,6.0,0.0,0.6063029170036316,True,False,False,False,76561198280371208,,300.0,False,False,6349,1121,10.15,10.15,10h+,positive
28809579,491950,orwell,Orwell: Keeping an Eye On You,english,"Fantastic game, I can't praise it enough. Solid story, solid characters and character progression, appealing art style, and perfect general pacing. The soundtrack, works perfectly for it- being that it's essentially a solid, subtle repeat throughout the entire game really makes those times where it picks up stand out and feel that much more important.  I really, really hope to see more from this company. And, admittedly, would love it if this premise is revisited in some way. This is the best game I've played in a long, long time. Exactly what I've been looking for. I just couldn't stop playing. I'm kind of sad that I've completely finished it. 

Issues; 
Some of the dialogue becomes a bit broken depending on your choices. Oftentimes Symes and Delacroix mentioned information that I'd intentionally not given them, later on in the story. This only really becomes noticeable on replay-but it could be worked on. Nothing like this will ever be perfect--I'm never going to seriously complain about a choice game having little issues like this. There's just too much that would have to go into a game with so many variants it to make it possible. 
There were a few lingering spelling/grammatical errors, which, given the nature of the game (Internet, instant messaging/texting), didn't really bother me all that much. (Such as Harrison tried to ""fell"" instead of flee.) I see these things on real articles, it's no different.
There are some bugs present, but, they're clearly being revised and, honestly, aren't game-breaking at this point.

My personal ideas; I believe there could be a little work done on the pacing of the listener- real-time DOES make it all that much more immersive, but, when it comes to replayabilty, and just the general idea of it most likely having an adult player-base, who may only have an hour or so to play before going back to their day-to-day, I feel like there should be...maybe an additional option in the settings to modify speed or..something? It's easier, and more fulfilling to put a game down for a session if you feel you were able to hit a certain level of 'achievement.' You know, the pleasure centers of the brain and all. Maybe if it were simply a more fluid letter-by-letter or syllabalic instead of by completion of a word? I don't know. 
The only other thing I could possibly suggest, would be for, if ever this title is revisited or turned into a 'series' of sorts, that it be a little more flexible? The ability to freely investigate more than is necessary--even additional people. Perhaps just in a casual sense aside from the story, since there is a necessary feeling of a 'time pinch' in the game itself. I think a lot of the audience are people like me who just like to dig, so the chance to just..index on a larger scale would be quite entertaining. 
And, lastly, the ability to generate more datachunks? This could be messy territory, though. I think this would fall into the 'would require too much forethought to ever be possible' category, but it's an idea nontheless. The system is automated, clearly, but, the evaluator should have an option to deem other things appropriate for investigation. I know there were a few things that I would have loved to have flagged that just weren't an option.

My apologies, I'm just VERY excited and passionate about this title. Guys, play it!","Fantastic game, I can't praise it enough. Solid story, solid characters and character progression, appealing art style, and perfect general pacing. The soundtrack, works perfectly for it- being that it's essentially a solid, subtle repeat throughout the entire game really makes those times where it picks up stand out and feel that much more important. I really, really hope to see more from this company. And, admittedly, would love it if this premise is revisited in some way. This is the best game I've played in a long, long time. Exactly what I've been looking for. I just couldn't stop playing. I'm kind of sad that I've completely finished it. Issues; Some of the dialogue becomes a bit broken depending on your choices. Oftentimes Symes and Delacroix mentioned information that I'd intentionally not given them, later on in the story. This only really becomes noticeable on replay-but it could be worked on. Nothing like this will ever be perfect--I'm never going to seriously complain about a choice game having little issues like this. There's just too much that would have to go into a game with so many variants it to make it possible. There were a few lingering spelling/grammatical errors, which, given the nature of the game (Internet, instant messaging/texting), didn't really bother me all that much. (Such as Harrison tried to ""fell"" instead of flee.) I see these things on real articles, it's no different. There are some bugs present, but, they're clearly being revised and, honestly, aren't game-breaking at this point. My personal ideas; I believe there could be a little work done on the pacing of the listener- real-time DOES make it all that much more immersive, but, when it comes to replayabilty, and just the general idea of it most likely having an adult player-base, who may only have an hour or so to play before going back to their day-to-day, I feel like there should be...maybe an additional option in the settings to modify speed or..something? It's easier, and more fulfilling to put a game down for a session if you feel you were able to hit a certain level of 'achievement.' You know, the pleasure centers of the brain and all. Maybe if it were simply a more fluid letter-by-letter or syllabalic instead of by completion of a word? I don't know. The only other thing I could possibly suggest, would be for, if ever this title is revisited or turned into a 'series' of sorts, that it be a little more flexible? The ability to freely investigate more than is necessary--even additional people. Perhaps just in a casual sense aside from the story, since there is a necessary feeling of a 'time pinch' in the game itself. I think a lot of the audience are people like me who just like to dig, so the chance to just..index on a larger scale would be quite entertaining. And, lastly, the ability to generate more datachunks? This could be messy territory, though. I think this would fall into the 'would require too much forethought to ever be possible' category, but it's an idea nontheless. The system is automated, clearly, but, the evaluator should have an option to deem other things appropriate for investigation. I know there were a few things that I would have loved to have flagged that just weren't an option. My apologies, I'm just VERY excited and passionate about this title. Guys, play it!",True,2016-12-29T23:54:47+00:00,2016-12-29T23:54:47+00:00,622.0,,0.0,0.0,0.0,0.5,True,False,False,False,76561197999088058,,1.0,False,False,3336,573,10.366666666666667,,unknown,positive
33157550,491950,orwell,Orwell: Keeping an Eye On You,english,"Pros:
- The game brings awareness to important social problems: surveillance and totalitarianism
- Music is OK
- The characters are relatable
- Story is realistic
- This implementation of mass surveillance is plausible


Cons:
- Lack of depth in decision. The game is basically linear, except the ending which is a binary moral choice. No replay value.
- Lack of immersion stemming from weak game mechanics.
- The conflict system makes no sense and works against realisticity. How in the world can the system predict that something is in conflict with an unknown data chunk? A conflict should only be shown when both data chunks are known. 
- Phone calls wait for you to tap, such as everything in this game. No time pressure or feeling of urgency.
- The web is way too small, and computer hacking is way too minimalistic to be plausible.
- The enjoyment as you progress is almost a total downward slope. I think the last episode and the ending is just not ready.
- Game lasts no more than 8 hours.","Pros: - The game brings awareness to important social problems: surveillance and totalitarianism - Music is OK - The characters are relatable - Story is realistic - This implementation of mass surveillance is plausible Cons: - Lack of depth in decision. The game is basically linear, except the ending which is a binary moral choice. No replay value. - Lack of immersion stemming from weak game mechanics. - The conflict system makes no sense and works against realisticity. How in the world can the system predict that something is in conflict with an unknown data chunk? A conflict should only be shown when both data chunks are known. - Phone calls wait for you to tap, such as everything in this game. No time pressure or feeling of urgency. - The web is way too small, and computer hacking is way too minimalistic to be plausible. - The enjoyment as you progress is almost a total downward slope. I think the last episode and the ending is just not ready. - Game lasts no more than 8 hours.",False,2017-07-02T23:03:00+00:00,2017-07-15T12:59:21+00:00,349.0,5.0,0.0,5.0,1.0,0.5007451772689819,True,False,False,False,76561198171811486,,3.0,False,False,995,178,5.816666666666666,0.08333333333333333,0-1h,negative
28593793,491950,orwell,Orwell: Keeping an Eye On You,english,"Pros:
- Art style is interesting and engaging
- Story is well crafted and immersive
- Exposition isn't forced on you, but it is there if you wish to learn more about the world or certain characters
- Creators clearly spent a lot of time and effort on the setting 
- The game tackles some pretty engaging ethical dilemas that are applicable to the world we live in

Cons:
- Click and drag simulator 2016
- Uninspired gameplay mechanics 
- Constant handholding (I kept thinking I was in a long tutorial but that's just how the game is)
- Very binary choices (he did it vs she did it/ she did the right thing vs she is bad)
- No real detective work the game just tells you everything
- The game treats you like an idiot by having a sidekick tell you what each piece of info means


Other things that bothered me:

-      Chat/phone calls move too fast to keep up with uploading the 'chunks' that appear and you're forced to either ignore the dialogue progression and try to click on a certain chuck as the screen constantly shifts or wait until the exchange is  done to upload anything (or maybe I was just too slow).

-      Music shifts in tone dramtically whenever 'shocking info' is revealed which makes the game feel very linear (which it is) instead of just letting you stumble upon the info yourself and make your own conclusions as to what is important. The music changes give the feeling of ""This was a scripted event that I experienced at a designated time.""

-      Your partner/boss just tells you things so you don't really have to do any investigation yourself which is kind the whole point of the game. 

-      You are fed information in a pretty constant chronological stream instead being given all the info at once and having to sort through it with your brain. The game treats you like a baby and doesn't give you your next treat until you click and drag the things on the page it just gave you. 

-      The game established this rhythm really early of scrolling through a page, clicking on stuff, listening to your buddy pal guy tell you stuff, being given a new page, then repeating.

-      The fact that the chats/calls don't start until you actively bring them up is quite harmful to immersion (why would the people wait to start talking on the phone for 5 seconds until I'm monitoring them? Just have them act like normal humans and not wait for the player).

-      The gameplay would be a lot better if the events driving the characters weren't so close to the present. If we as players were given this new technology to help solve a crime in the past (several months at least) it would eliminate the need to have these awfully convenient text conversations and phone calls every 5 seconds that always have important info. What I'm saying is put the event in the past so that the player can be given a bunch of call transcripts and chat logs to sift through instead of being handed the info.

-      The very nature of how the game highlights all of the important info for you makes you question what your job really is and why anyone would need you to do it. If they already have a system that determines what is important and human operators who interpret the data (your boss/partner guy), why the hell do they need you???

-      The info highlighting eventually has you just scrolling through pages until something lights up or you get an update instead of actually reading the page and deciding what is important and what is irrelevant.




This is not a bad game by any means. It's just always frustrating when I see one of these ""choices matter"" games where there's clearly a certain path you're encouraged to take and you really aren't free to do things your own way.

While I had pretty high expectations for this game after coming off a Hacknet binge, I just feel as though the game is trying to pretend to be something it's not. Just market the game for what it is, a linear narrative experience.

I'm very aware that since I did not finish the game my perspective is limited to what I played, but what I played I did not enjoy, so I cannot reccomend this game.

TL;DR: This game is a very and hand-holdy linear story based experience while it is advertised to be a sort of detective","Pros: - Art style is interesting and engaging - Story is well crafted and immersive - Exposition isn't forced on you, but it is there if you wish to learn more about the world or certain characters - Creators clearly spent a lot of time and effort on the setting - The game tackles some pretty engaging ethical dilemas that are applicable to the world we live in Cons: - Click and drag simulator 2016 - Uninspired gameplay mechanics - Constant handholding (I kept thinking I was in a long tutorial but that's just how the game is) - Very binary choices (he did it vs she did it/ she did the right thing vs she is bad) - No real detective work the game just tells you everything - The game treats you like an idiot by having a sidekick tell you what each piece of info means Other things that bothered me: - Chat/phone calls move too fast to keep up with uploading the 'chunks' that appear and you're forced to either ignore the dialogue progression and try to click on a certain chuck as the screen constantly shifts or wait until the exchange is done to upload anything (or maybe I was just too slow). - Music shifts in tone dramtically whenever 'shocking info' is revealed which makes the game feel very linear (which it is) instead of just letting you stumble upon the info yourself and make your own conclusions as to what is important. The music changes give the feeling of ""This was a scripted event that I experienced at a designated time."" - Your partner/boss just tells you things so you don't really have to do any investigation yourself which is kind the whole point of the game. - You are fed information in a pretty constant chronological stream instead being given all the info at once and having to sort through it with your brain. The game treats you like a baby and doesn't give you your next treat until you click and drag the things on the page it just gave you. - The game established this rhythm really early of scrolling through a page, clicking on stuff, listening to your buddy pal guy tell you stuff, being given a new page, then repeating. - The fact that the chats/calls don't start until you actively bring them up is quite harmful to immersion (why would the people wait to start talking on the phone for 5 seconds until I'm monitoring them? Just have them act like normal humans and not wait for the player). - The gameplay would be a lot better if the events driving the characters weren't so close to the present. If we as players were given this new technology to help solve a crime in the past (several months at least) it would eliminate the need to have these awfully convenient text conversations and phone calls every 5 seconds that always have important info. What I'm saying is put the event in the past so that the player can be given a bunch of call transcripts and chat logs to sift through instead of being handed the info. - The very nature of how the game highlights all of the important info for you makes you question what your job really is and why anyone would need you to do it. If they already have a system that determines what is important and human operators who interpret the data (your boss/partner guy), why the hell do they need you??? - The info highlighting eventually has you just scrolling through pages until something lights up or you get an update instead of actually reading the page and deciding what is important and what is irrelevant. This is not a bad game by any means. It's just always frustrating when I see one of these ""choices matter"" games where there's clearly a certain path you're encouraged to take and you really aren't free to do things your own way. While I had pretty high expectations for this game after coming off a Hacknet binge, I just feel as though the game is trying to pretend to be something it's not. Just market the game for what it is, a linear narrative experience. I'm very aware that since I did not finish the game my perspective is limited to what I played, but what I played I did not enjoy, so I cannot reccomend this game. TL;DR: This game is a very and hand-holdy linear story based experience while it is advertised to be a sort of detective",False,2016-12-24T12:53:33+00:00,2016-12-24T12:53:33+00:00,62.0,62.0,0.0,53.0,5.0,0.6171338558197021,True,False,False,True,76561198203998952,,11.0,False,False,4151,767,1.0333333333333334,1.0333333333333334,1-3h,negative
55518936,491950,orwell,Orwell: Keeping an Eye On You,english,"ORWELL - 3/10

Quick Review:  A slightly more interactive version of a visual novel, Orwell tries to claim some of the success legendary books like 1984 and Brave New World have. Unfortunately it's cliche and boring characters, simple and tedious gameplay, long wait times and confusing target audience make this a game I can't possibly recommend.

Story
-------
You play as an investigator who is hired from outside a country where a new system called ""Orwell"" is put in place. In it's early stages, Orwell is being used to collect data and spy on people in order to keep the public safe. After a bomb goes off in Freedom Plaza, your job is to find who is behind the bombing by investigating someone who has a small criminal history that was at the scene and see what you can discover from there.

The story isn't particularly interesting and while there are some major plot events I don't think they hit their intended mark for me because I wasn't particularly captivated in the first place. The characters you have to investigate are all the typical ""fuck the government"" protesters with little to no original personality traits. Everything is unoriginal and cliche as can be.

Gameplay
--------------
Orwell is split into 5 episodes, each taking roughly around 40 minutes to an hour. You sit in front of a virtual computer screen representing the UI for Orwell, and you have to drag and drop highlighted bits of information from various pages (news articles/blogs/websites etc) in order to learn more about the people you're investigating. Some of these bits will be conflicting (highlighted in yellow, like addresses or opinions). You will have to listen in on conversations, read personal emails. You're basically just spying on people and using their profiles to learn more about them.

The gameplay is literally just drag and drop information onto the character it is relevant too. You don't even actually need to read anything because all the important information will be highlighted anyway. Conflicting information is important because it defines what happens to each character at the end of an episode but it's always easy to figure out which is right once you discover what both conflicting elements are (which the game will tell you anyway once you find both). You'll also have to listen to long, unskippable and un-fastforwadable phone calls for a tiny bit of information.

Design
---------
I think the game interface, while basic does look nice. It's entirely pale blue and means that the game doesn't feel aggressive or heavy. The soundtrack is forgettable, I turned it down pretty early to help me concentrate. The writing is actually pretty good but the characters and story is just unoriginal.

Problems
-------------
The biggest problem is that it's just boring. There barely is anything that constitutes real gameplay as all you're doing is dragging + dropping or waiting around for phone calls to end. As the story isn't very interesting (to me anyway) the further I got into the game the more of a chore it became. As I also said, almost everything is a straight appropriation of the older Orwellian style novels. I mean the game is called ""Orwell"". I seriously also hated having to wait around and listen to phone calls. It would've been better for the characters to have the call offscreen and you just get uploaded the transcript once you collect enough information (so phone calls would act like checkpoints; like the rest of the articles in the game do).

Achievements
-------------------
As the gameplay is almost non-existant, all achievements are based on what you decide to upload to Orwell. In the first episode if you upload all the peaceful things related to the first target you'll get an achievement, but if you upload how she suffers from PTSD or hates the government you'll get another. You will have to play each episode at least twice (the third episode needs to be played 3 times). Luckily there is chapter select so no achievement is missable, and the achievements are all self-contained in each chapter so choices made in chapter 1 have no impact on achievements for later chapters. I think the achievement list is pretty good.

Summary
-------------
I don't know who this game is targeted towards. If you like reading, then you've probably read 1984 OR Brave New World and as this game is basically an updated version of the book there's no need to play it. If you don't like reading then you won't like this game. I like reading, I have the BIGGEST and STRONGEST brain and i've read alot of intellectual stimuli and I still couldn't get into this game. It just does NOTHING that isn't seen in 1984 or BNW. I guess if those books are literally the best books you've ever read then you might like this but if not i'd stay away.","ORWELL - 3/10 Quick Review: A slightly more interactive version of a visual novel, Orwell tries to claim some of the success legendary books like 1984 and Brave New World have. Unfortunately it's cliche and boring characters, simple and tedious gameplay, long wait times and confusing target audience make this a game I can't possibly recommend. Story ------- You play as an investigator who is hired from outside a country where a new system called ""Orwell"" is put in place. In it's early stages, Orwell is being used to collect data and spy on people in order to keep the public safe. After a bomb goes off in Freedom Plaza, your job is to find who is behind the bombing by investigating someone who has a small criminal history that was at the scene and see what you can discover from there. The story isn't particularly interesting and while there are some major plot events I don't think they hit their intended mark for me because I wasn't particularly captivated in the first place. The characters you have to investigate are all the typical ""fuck the government"" protesters with little to no original personality traits. Everything is unoriginal and cliche as can be. Gameplay -------------- Orwell is split into 5 episodes, each taking roughly around 40 minutes to an hour. You sit in front of a virtual computer screen representing the UI for Orwell, and you have to drag and drop highlighted bits of information from various pages (news articles/blogs/websites etc) in order to learn more about the people you're investigating. Some of these bits will be conflicting (highlighted in yellow, like addresses or opinions). You will have to listen in on conversations, read personal emails. You're basically just spying on people and using their profiles to learn more about them. The gameplay is literally just drag and drop information onto the character it is relevant too. You don't even actually need to read anything because all the important information will be highlighted anyway. Conflicting information is important because it defines what happens to each character at the end of an episode but it's always easy to figure out which is right once you discover what both conflicting elements are (which the game will tell you anyway once you find both). You'll also have to listen to long, unskippable and un-fastforwadable phone calls for a tiny bit of information. Design --------- I think the game interface, while basic does look nice. It's entirely pale blue and means that the game doesn't feel aggressive or heavy. The soundtrack is forgettable, I turned it down pretty early to help me concentrate. The writing is actually pretty good but the characters and story is just unoriginal. Problems ------------- The biggest problem is that it's just boring. There barely is anything that constitutes real gameplay as all you're doing is dragging + dropping or waiting around for phone calls to end. As the story isn't very interesting (to me anyway) the further I got into the game the more of a chore it became. As I also said, almost everything is a straight appropriation of the older Orwellian style novels. I mean the game is called ""Orwell"". I seriously also hated having to wait around and listen to phone calls. It would've been better for the characters to have the call offscreen and you just get uploaded the transcript once you collect enough information (so phone calls would act like checkpoints; like the rest of the articles in the game do). Achievements ------------------- As the gameplay is almost non-existant, all achievements are based on what you decide to upload to Orwell. In the first episode if you upload all the peaceful things related to the first target you'll get an achievement, but if you upload how she suffers from PTSD or hates the government you'll get another. You will have to play each episode at least twice (the third episode needs to be played 3 times). Luckily there is chapter select so no achievement is missable, and the achievements are all self-contained in each chapter so choices made in chapter 1 have no impact on achievements for later chapters. I think the achievement list is pretty good. Summary ------------- I don't know who this game is targeted towards. If you like reading, then you've probably read 1984 OR Brave New World and as this game is basically an updated version of the book there's no need to play it. If you don't like reading then you won't like this game. I like reading, I have the BIGGEST and STRONGEST brain and i've read alot of intellectual stimuli and I still couldn't get into this game. It just does NOTHING that isn't seen in 1984 or BNW. I guess if those books are literally the best books you've ever read then you might like this but if not i'd stay away.",False,2019-10-09T03:23:40+00:00,2019-10-09T04:50:36+00:00,444.0,444.0,0.0,0.0,0.0,0.4732510447502136,False,False,False,False,76561197998404426,,153.0,False,False,4762,816,7.4,7.4,3-10h,negative
169401799,491950,orwell,Orwell: Keeping an Eye On You,english,"clearly made in Ohio :)  Orwell is S-tier brainrot. very simplistic & an absolute waste of time, a masterpiece in poor writing, poor pacing, poor mechanics and a formidable mediocrity of thought and execution.","clearly made in Ohio :) Orwell is S-tier brainrot. very simplistic & an absolute waste of time, a masterpiece in poor writing, poor pacing, poor mechanics and a formidable mediocrity of thought and execution.",False,2024-07-09T10:26:41+00:00,2024-07-09T11:19:34+00:00,1642.0,1498.0,0.0,0.0,0.0,0.41161292791366577,True,False,False,False,76561198015479502,,11.0,False,False,208,34,27.366666666666667,24.966666666666665,10h+,negative
44236942,491950,orwell,Orwell: Keeping an Eye On You,english,"I wish I could give a middle ground recommendation. Story based game, little gameplay, not a bad thing but parts of the story and the execution are a little wonky. The game revolves around you uploading datachunks as they call them to a system for a detective like person, known as an Adviser, to review, these are highlighted pieces of text that maybe useful information, which is the first big problem. Rarely are these datachunks useless information so 90% of the time is ok to just upload the regular ""blue"" datachunks and at least half of the 10% remaining are incredibly obviously useless or incorrect, although uploading them allow you to see more ""related documents"" Conflicting datachunks are yellow, tell you and point to their conflicting datachunk where you generally have to make a choice which is correct, and you'll be able to find the information to make the most informed call almost every time. Quite often when uploading a datachunk it will only provide a bit of a picture from the actual uploaded text or picture but the adviser will add significantly more detail to advance the plot than the piece of information should be providing. I'm going to talk very generally about the end, no character names, examples or spoilers. Another wonky component was the final day, each day is the next episode, entering the final day the rules change and you can only upload 20 datachunks, which is a great mechanic and should've been a mechanic the whole way through the game, the reasoning for this change is really awkward because ""something, fairly tame"" is going to happen at a certain time during the final day, but this was not a concern elsewhere in the game. The final day brings me to the biggest problem with the game, there is a point after uploading the 20 datachunks which kind of transitions the game into the endgame portion, but during this information was revealed that I didn't know and was prevented as if I had found it, which made me feel like the entire sequence isn't heavily effected by the uploaded datachunks, it made the endgame feel very cheap as you start making what should be the very impactful decisions. You basically just select one of the endgame directions after the transition rather than all or most of your game decisions meaning something. The other problem is the ending seems extremely preachy rather than allowing the player to figure out how they feel about the subject matter.

But whats good about Orwell? The characters in general feel much more realistic rather than when you see someone try to write internet conversations and forum posts. Orwell does a pretty good job of leading and misleading you at different points which does make it more interesting. The pacing in phone calls/text chats feel really good and suspenseful, assuming the player can read fast enough to keep up, same goes for connecting documents, although some can feel way too convenient. The concept and questions it should be asking the player about the extent of security and surveillance is excellent.

Would I buy this game for $10? Probably not, it only took 5 hours to complete, including when I walked away for a few minutes. Sale price? Yah its definitely worth checking out. If its under $3 definitely get it, its an interesting ride.","I wish I could give a middle ground recommendation. Story based game, little gameplay, not a bad thing but parts of the story and the execution are a little wonky. The game revolves around you uploading datachunks as they call them to a system for a detective like person, known as an Adviser, to review, these are highlighted pieces of text that maybe useful information, which is the first big problem. Rarely are these datachunks useless information so 90% of the time is ok to just upload the regular ""blue"" datachunks and at least half of the 10% remaining are incredibly obviously useless or incorrect, although uploading them allow you to see more ""related documents"" Conflicting datachunks are yellow, tell you and point to their conflicting datachunk where you generally have to make a choice which is correct, and you'll be able to find the information to make the most informed call almost every time. Quite often when uploading a datachunk it will only provide a bit of a picture from the actual uploaded text or picture but the adviser will add significantly more detail to advance the plot than the piece of information should be providing. I'm going to talk very generally about the end, no character names, examples or spoilers. Another wonky component was the final day, each day is the next episode, entering the final day the rules change and you can only upload 20 datachunks, which is a great mechanic and should've been a mechanic the whole way through the game, the reasoning for this change is really awkward because ""something, fairly tame"" is going to happen at a certain time during the final day, but this was not a concern elsewhere in the game. The final day brings me to the biggest problem with the game, there is a point after uploading the 20 datachunks which kind of transitions the game into the endgame portion, but during this information was revealed that I didn't know and was prevented as if I had found it, which made me feel like the entire sequence isn't heavily effected by the uploaded datachunks, it made the endgame feel very cheap as you start making what should be the very impactful decisions. You basically just select one of the endgame directions after the transition rather than all or most of your game decisions meaning something. The other problem is the ending seems extremely preachy rather than allowing the player to figure out how they feel about the subject matter. But whats good about Orwell? The characters in general feel much more realistic rather than when you see someone try to write internet conversations and forum posts. Orwell does a pretty good job of leading and misleading you at different points which does make it more interesting. The pacing in phone calls/text chats feel really good and suspenseful, assuming the player can read fast enough to keep up, same goes for connecting documents, although some can feel way too convenient. The concept and questions it should be asking the player about the extent of security and surveillance is excellent. Would I buy this game for $10? Probably not, it only took 5 hours to complete, including when I walked away for a few minutes. Sale price? Yah its definitely worth checking out. If its under $3 definitely get it, its an interesting ride.",True,2018-08-18T19:43:36+00:00,2018-08-18T19:43:36+00:00,306.0,306.0,0.0,0.0,0.0,0.5,False,True,False,False,76561197983883830,,9.0,False,False,3270,562,5.1,5.1,3-10h,positive
214192544,491950,orwell,Orwell: Keeping an Eye On You,english,"Orwell: Keeping an Eye On You is a thought-provoking narrative simulation developed by Osmotic Studios and published by Daedalic Entertainment that places the player in the uncomfortable role of a government surveillance operative. Rather than offering power fantasies or conventional heroism, the game asks you to sit behind a screen, analyze fragments of people’s digital lives, and decide which pieces of information deserve official attention. Set in the fictional state known simply as The Nation, the story unfolds in the aftermath of a violent terrorist attack, where fear, public pressure, and political urgency justify the rapid expansion of a system capable of monitoring nearly every aspect of a citizen’s existence.

The central mechanic revolves around the Orwell surveillance system itself, a sleek but unsettling interface through which you access emails, chat logs, social media profiles, news articles, phone records, and private files. Gameplay consists of identifying relevant “datachunks” and uploading them into official investigation dossiers. What makes this process compelling is that not all information is equally meaningful, nor is it always truthful when stripped of context. A casual message, a sarcastic comment, or an old association can become damning evidence once formalized inside the system. The act of choosing what to submit becomes the game’s primary decision-making tool, transforming seemingly mundane interactions into high-stakes moral choices.

Narratively, Orwell unfolds across multiple in-game days, each representing a new phase of the investigation and introducing fresh characters, revelations, and complications. The pacing is deliberate, allowing tension to build gradually as threads intertwine and suspects emerge. Rather than presenting clear villains and heroes, the story thrives on ambiguity. Individuals under scrutiny are complex, flawed, and often sympathetic, and the more you learn about them, the more uncomfortable the process of surveillance becomes. The game excels at showing how partial truths can snowball into irreversible consequences, especially when filtered through institutional authority.

A defining strength of Orwell is its ethical focus. The game consistently challenges the player to reflect on the power they wield and the ease with which that power can be misused. Uploading information feels procedural and routine, yet the consequences are often deeply personal for the people affected. Careers are ruined, relationships collapse, and lives spiral based on decisions made in silence behind a terminal. The game does not present clear “right” answers; instead, it forces players to confront the reality that surveillance systems are shaped as much by human judgment and bias as by data itself.

Visually, Orwell adopts a minimalist, utilitarian aesthetic that reinforces its themes. Interfaces resemble real-world operating systems and investigative software, grounding the experience in plausibility rather than spectacle. This stripped-down presentation keeps attention focused on text, decisions, and implications rather than visual distraction. Sound design is similarly restrained, using subtle cues rather than dramatic music to maintain an atmosphere of quiet tension and bureaucratic detachment. The result is an experience that feels unsettling precisely because of how ordinary and believable it is.

Player agency is a key component of the experience, though it is intentionally constrained. While the overarching investigation follows a structured path, the specific outcomes depend heavily on what information you choose to reveal or withhold. Multiple endings and branching consequences encourage replayability, as players can explore how different ethical approaches alter the narrative. Some may approach the game as a dutiful analyst focused solely on public safety, while others may attempt to protect individual privacy whenever possible. Each approach reveals different facets of the story and reinforces the game’s central question: who decides what is justified when security and freedom collide?

Reception to Orwell has been consistently positive, particularly among players who value narrative depth and social commentary. Many praise its relevance, especially in an era defined by data collection, algorithmic profiling, and online identity. While some may find the gameplay slow or limited due to its text-heavy nature, those willing to engage with its pacing often find it deeply immersive and emotionally resonant. The lack of traditional action is not a weakness but a deliberate design choice that underscores the quiet, insidious nature of surveillance.

Ultimately, Orwell: Keeping an Eye On You stands as a powerful example of how games can explore modern societal issues with nuance and restraint. It transforms data analysis into a dramatic and morally charged experience, reminding players that information is never neutral and that those who control it shape reality itself. For players interested in narrative-driven games that challenge assumptions and provoke reflection rather than offer escapism, Orwell delivers a memorable and unsettling journey that lingers long after the screen goes dark.

Rating: 8/10","Orwell: Keeping an Eye On You is a thought-provoking narrative simulation developed by Osmotic Studios and published by Daedalic Entertainment that places the player in the uncomfortable role of a government surveillance operative. Rather than offering power fantasies or conventional heroism, the game asks you to sit behind a screen, analyze fragments of people’s digital lives, and decide which pieces of information deserve official attention. Set in the fictional state known simply as The Nation, the story unfolds in the aftermath of a violent terrorist attack, where fear, public pressure, and political urgency justify the rapid expansion of a system capable of monitoring nearly every aspect of a citizen’s existence. The central mechanic revolves around the Orwell surveillance system itself, a sleek but unsettling interface through which you access emails, chat logs, social media profiles, news articles, phone records, and private files. Gameplay consists of identifying relevant “datachunks” and uploading them into official investigation dossiers. What makes this process compelling is that not all information is equally meaningful, nor is it always truthful when stripped of context. A casual message, a sarcastic comment, or an old association can become damning evidence once formalized inside the system. The act of choosing what to submit becomes the game’s primary decision-making tool, transforming seemingly mundane interactions into high-stakes moral choices. Narratively, Orwell unfolds across multiple in-game days, each representing a new phase of the investigation and introducing fresh characters, revelations, and complications. The pacing is deliberate, allowing tension to build gradually as threads intertwine and suspects emerge. Rather than presenting clear villains and heroes, the story thrives on ambiguity. Individuals under scrutiny are complex, flawed, and often sympathetic, and the more you learn about them, the more uncomfortable the process of surveillance becomes. The game excels at showing how partial truths can snowball into irreversible consequences, especially when filtered through institutional authority. A defining strength of Orwell is its ethical focus. The game consistently challenges the player to reflect on the power they wield and the ease with which that power can be misused. Uploading information feels procedural and routine, yet the consequences are often deeply personal for the people affected. Careers are ruined, relationships collapse, and lives spiral based on decisions made in silence behind a terminal. The game does not present clear “right” answers; instead, it forces players to confront the reality that surveillance systems are shaped as much by human judgment and bias as by data itself. Visually, Orwell adopts a minimalist, utilitarian aesthetic that reinforces its themes. Interfaces resemble real-world operating systems and investigative software, grounding the experience in plausibility rather than spectacle. This stripped-down presentation keeps attention focused on text, decisions, and implications rather than visual distraction. Sound design is similarly restrained, using subtle cues rather than dramatic music to maintain an atmosphere of quiet tension and bureaucratic detachment. The result is an experience that feels unsettling precisely because of how ordinary and believable it is. Player agency is a key component of the experience, though it is intentionally constrained. While the overarching investigation follows a structured path, the specific outcomes depend heavily on what information you choose to reveal or withhold. Multiple endings and branching consequences encourage replayability, as players can explore how different ethical approaches alter the narrative. Some may approach the game as a dutiful analyst focused solely on public safety, while others may attempt to protect individual privacy whenever possible. Each approach reveals different facets of the story and reinforces the game’s central question: who decides what is justified when security and freedom collide? Reception to Orwell has been consistently positive, particularly among players who value narrative depth and social commentary. Many praise its relevance, especially in an era defined by data collection, algorithmic profiling, and online identity. While some may find the gameplay slow or limited due to its text-heavy nature, those willing to engage with its pacing often find it deeply immersive and emotionally resonant. The lack of traditional action is not a weakness but a deliberate design choice that underscores the quiet, insidious nature of surveillance. Ultimately, Orwell: Keeping an Eye On You stands as a powerful example of how games can explore modern societal issues with nuance and restraint. It transforms data analysis into a dramatic and morally charged experience, reminding players that information is never neutral and that those who control it shape reality itself. For players interested in narrative-driven games that challenge assumptions and provoke reflection rather than offer escapism, Orwell delivers a memorable and unsettling journey that lingers long after the screen goes dark. Rating: 8/10",True,2025-12-25T23:00:10+00:00,2025-12-25T23:00:10+00:00,914.0,914.0,0.0,6.0,0.0,0.5692771077156067,False,False,False,False,76561198367471798,,27587.0,False,False,5227,759,15.233333333333333,15.233333333333333,10h+,positive
28804156,491950,orwell,Orwell: Keeping an Eye On You,english,"What an interesting game, it is slow pacing game but that created an atmosphere where you are calm and anything unexpected is good especially with the uncomfortable score. I get the bad ending it seems, would play it again to get a different ending if I have the time. I just wish I told them to not to take the aggressive approach towards one of the characters. 8/10 would reccommended if you like interactive story.","What an interesting game, it is slow pacing game but that created an atmosphere where you are calm and anything unexpected is good especially with the uncomfortable score. I get the bad ending it seems, would play it again to get a different ending if I have the time. I just wish I told them to not to take the aggressive approach towards one of the characters. 8/10 would reccommended if you like interactive story.",True,2016-12-29T20:45:25+00:00,2016-12-29T20:45:25+00:00,248.0,,0.0,0.0,0.0,0.5,True,False,False,False,76561198291536459,,124.0,False,False,417,75,4.133333333333334,,unknown,positive
175239806,491950,orwell,Orwell: Keeping an Eye On You,english,"It's basically a visual novel with a decent story inundated with uninteresting filler content to make it [i]seem[/i] as if you're investigating. Once you realize there are practically no gameplay elements and you're just reading through a story with janky pacing the whole thing falls apart.

As a visual novel it doesn't stick out and the story is not worth the nuisance of its composition. There are much better games to play on that front.",It's basically a visual novel with a decent story inundated with uninteresting filler content to make it [i]seem[/i] as if you're investigating. Once you realize there are practically no gameplay elements and you're just reading through a story with janky pacing the whole thing falls apart. As a visual novel it doesn't stick out and the story is not worth the nuisance of its composition. There are much better games to play on that front.,False,2024-09-18T13:27:02+00:00,2024-09-18T13:27:02+00:00,56.0,56.0,0.0,7.0,0.0,0.5383185148239136,False,False,False,False,76561198071634639,,24.0,False,False,441,75,0.9333333333333333,0.9333333333333333,0-1h,negative
41011347,491950,orwell,Orwell: Keeping an Eye On You,english,"If you've ever watched the TV show Person of Interest... it's kind of similar to that show except all the data analysis is done by an incredible artificial intelligence rather than human analysts. Orwell is basically why human analysts are redundant when an artificial intelligence overlord take over intelligence gathering.

In this game you're basically a graduate data analyst working for a secret government organisation, tasked to monitor all electronic communications and data packets on the internet. Orwell is an electronic data warehouse used to store information on relevant persons of interest. It is up to you to collate the information, then escalate your POI assignments to a senior analyst, who happens to be a narrator and guides you through a series of unfortunate plot events. 

At times they game is like watching grass grow. It suffers from terrible pacing and is kind of like my job in real life... except I actually get paid by the hour to watch the incredibly boring slide show. You will spend multiple hours mindlessly clicking at links on the screen.

By chapter three i got really tired of the mundane plot and really wondered why I stuck it out for three hours.

If you enjoy watching paint dry, this might be the game for you. Otherwise... bury it at the very bottom of your list of games to play.","If you've ever watched the TV show Person of Interest... it's kind of similar to that show except all the data analysis is done by an incredible artificial intelligence rather than human analysts. Orwell is basically why human analysts are redundant when an artificial intelligence overlord take over intelligence gathering. In this game you're basically a graduate data analyst working for a secret government organisation, tasked to monitor all electronic communications and data packets on the internet. Orwell is an electronic data warehouse used to store information on relevant persons of interest. It is up to you to collate the information, then escalate your POI assignments to a senior analyst, who happens to be a narrator and guides you through a series of unfortunate plot events. At times they game is like watching grass grow. It suffers from terrible pacing and is kind of like my job in real life... except I actually get paid by the hour to watch the incredibly boring slide show. You will spend multiple hours mindlessly clicking at links on the screen. By chapter three i got really tired of the mundane plot and really wondered why I stuck it out for three hours. If you enjoy watching paint dry, this might be the game for you. Otherwise... bury it at the very bottom of your list of games to play.",False,2018-03-24T08:59:01+00:00,2018-03-24T10:04:37+00:00,166.0,166.0,0.0,0.0,1.0,0.5,False,False,False,False,76561197996935401,,406.0,False,False,1320,226,2.7666666666666666,2.7666666666666666,1-3h,negative
26995785,491950,orwell,Orwell: Keeping an Eye On You,english,"What Orwell is?

In Orwell, you are the operator of the super software that can trace every citizen digital information, and you are after  a terrorism activist group called Thought who plans to disrupt society safety through violent manifests. Then reason behind it is fear for government peeping your personal life a la NSA/Edward Snowden case. 

My thoughts

The Detective Hacking game mode made me to instant purchase Orwell game, as it combines two of my favorites genres. However it turned out to be VERY frustrating to me.

Slow pacing: I did not expect this game to be in pace with some freaky japanese action game, however what I felt is that they tried to compensate this short game with a slow pace of events combined with tons of wall texts for you to read, search, and try to link pieces with terrorisms acts. You will spend a lot of minutes reading dialogues, text messages, emails, even facebook posts lol, and others stuff, to figure out who is who, and where to go next.

Story: It has only one mainplot, no additional stages or cases, which made me judge the worthness of this purchase. The plot is short, and again, what made it last 9 hours are a bunch of useless information that visually polluted the game, and contributed barely nothing to the storyline. You spend most of your time digging useless information that sometimes take you to nowhere and suprisingly to the next part. One example, how the US gov do not even know a US citizen full name, dob, place of work? Any normal citizen could just Google them to figure out, however you find yourself stuck into finding this information no matter what! (lol) In the beginning there was some air of suspense about some terrorism acts suspects, however at the end... it was pretty lame the way it turned out. And what is even sadder is that in the end you are not in control of how the game ends, so choices don't really matter. After finishing Orwell, you can only describe this game as a Visual Novel game, and not a Detective Hacking game.

Some small rantings regarding the storyline

Spoiler 1:  [spoiler] You are the US government and you can't access a blocked article in a blog lul. [/spoiler]

Spoiler 2:  [spoiler] You are the US government and has one of super softwares but can't even trace where the suspects are [/spoiler]

Spoiler 3:  [spoiler] How the fuck some small time hacker could crack into US government super secret software so easily? Let's hope China, N. Korea, Russia, or any other terrorism groups do not hire him! [/spoiler]


Price: It expensive to pay USD 10.00 for a game with 9 hours duration, and has ZERO replayability value. Just compare it to Stardew Valley which full price is USD 15.00, now USD 10.00 in Steam Autumn Sales, which I have played over 120 hours, and has even more hundreds of gameplay and replay...

In my opinion Orwell has a cool innovative gameplay, however only one plot with useless amount of background stories to make it last longer than it should, with zero suspense effect at the end. And the only thing that you expect in this kind of game, is having to work on several complex different cases, which did not happen. Also choices did not matter in the end.

If you still don't care and want to purchase Orwell, my advice would be to wait for the Christmas sale or price drop. Peace & GG.","What Orwell is? In Orwell, you are the operator of the super software that can trace every citizen digital information, and you are after a terrorism activist group called Thought who plans to disrupt society safety through violent manifests. Then reason behind it is fear for government peeping your personal life a la NSA/Edward Snowden case. My thoughts The Detective Hacking game mode made me to instant purchase Orwell game, as it combines two of my favorites genres. However it turned out to be VERY frustrating to me. Slow pacing: I did not expect this game to be in pace with some freaky japanese action game, however what I felt is that they tried to compensate this short game with a slow pace of events combined with tons of wall texts for you to read, search, and try to link pieces with terrorisms acts. You will spend a lot of minutes reading dialogues, text messages, emails, even facebook posts lol, and others stuff, to figure out who is who, and where to go next. Story: It has only one mainplot, no additional stages or cases, which made me judge the worthness of this purchase. The plot is short, and again, what made it last 9 hours are a bunch of useless information that visually polluted the game, and contributed barely nothing to the storyline. You spend most of your time digging useless information that sometimes take you to nowhere and suprisingly to the next part. One example, how the US gov do not even know a US citizen full name, dob, place of work? Any normal citizen could just Google them to figure out, however you find yourself stuck into finding this information no matter what! (lol) In the beginning there was some air of suspense about some terrorism acts suspects, however at the end... it was pretty lame the way it turned out. And what is even sadder is that in the end you are not in control of how the game ends, so choices don't really matter. After finishing Orwell, you can only describe this game as a Visual Novel game, and not a Detective Hacking game. Some small rantings regarding the storyline Spoiler 1: [spoiler] You are the US government and you can't access a blocked article in a blog lul. [/spoiler] Spoiler 2: [spoiler] You are the US government and has one of super softwares but can't even trace where the suspects are [/spoiler] Spoiler 3: [spoiler] How the fuck some small time hacker could crack into US government super secret software so easily? Let's hope China, N. Korea, Russia, or any other terrorism groups do not hire him! [/spoiler] Price: It expensive to pay USD 10.00 for a game with 9 hours duration, and has ZERO replayability value. Just compare it to Stardew Valley which full price is USD 15.00, now USD 10.00 in Steam Autumn Sales, which I have played over 120 hours, and has even more hundreds of gameplay and replay... In my opinion Orwell has a cool innovative gameplay, however only one plot with useless amount of background stories to make it last longer than it should, with zero suspense effect at the end. And the only thing that you expect in this kind of game, is having to work on several complex different cases, which did not happen. Also choices did not matter in the end. If you still don't care and want to purchase Orwell, my advice would be to wait for the Christmas sale or price drop. Peace & GG.",False,2016-11-24T02:44:25+00:00,2016-11-24T02:52:47+00:00,526.0,526.0,0.0,3.0,0.0,0.4465048313140869,True,False,False,False,76561198017232540,,35.0,False,False,3304,591,8.766666666666667,8.766666666666667,3-10h,negative
55485532,491950,orwell,Orwell: Keeping an Eye On You,english,"8/10: A great immersive 'clicking sim' story game, with a couple of rough edges.

The good: I was completely engaged with the game from start to finish (binged it in 1 session). I felt that the difficulty, pacing and depth was just right for most of the game. The fact that the most minor of decisions are final and cannot be undone even though their consequences might not be realized until an hour or two later really kept me on my toes. While most of the game plays like a relaxing interactive story w/o difficulty there was just enough setpiece 'puzzles' (where a key decision required rereading every piece of information thoroughly and thinking hard) to create a good cycle of tension without feeling exhausting. And just when my brain was out of juice, the game ended. Beautiful

The bad: 1) the fact that the 'important information' to your investigation is hard-coded rather than free to deduce by yourself rears its ugly head occasionally. The developer, understandably, didn't account for every permutation that information might be read from. So, for example, when I'm asked to provide a portrait of a target and the game doesn't let me submit that one picture because the dev missed it it was a a little frustrating. It frustrates because, while minor, the immersion drops and the plot's rails become visible for just a second. 

*2 INVOLVES MINOR PLOT SPOILERS* TLDR: meh ending

[spoiler]2) The obligatory *twist ending* was not well executed. I imagine I'm not the first one to pick up on that given how glaringly it stands out from the quality of the rest of the game (can be read as a plus.). Arthur Conan Doyle's (Sherlock Holmes) rules of a good detective story require that the answer be obvious 'had you known X', ie there must be a underlying logic to it that the reader/player was only unable to uncover until the end due to not having all the pieces. The secret villain showed no indication that [hidden] was capable of performing the act even after everything was revealed, which makes the reveal feel like plain shock value. In fact I was absolutely caught off guard by the reveal when it was done through NPC dialog. 

To the devs: Objective fact reveals like ""surprise he/she was actually secretly there"" or ""he/she is acting mysteriously"" alone does not convince me that they are secretly the culprit. You gotta show motive, character, drives. Not what they did but why they did it.[/spoiler]

Overall, would absolutely say that the game nailed what it set out to do, i.e. letting you roleplay as a Big Brother spying and tearing through everyone's personal info on a quest to stop terrorism. And the moral of the story was made pretty well: guessing who someone is through their personal info alone without context is inaccurate. That the plot that came attached to that experience, and the human limitations of the dev, is a little underwhelming does not discount the fact that I was completely immersed into it. Which is a rare thing","8/10: A great immersive 'clicking sim' story game, with a couple of rough edges. The good: I was completely engaged with the game from start to finish (binged it in 1 session). I felt that the difficulty, pacing and depth was just right for most of the game. The fact that the most minor of decisions are final and cannot be undone even though their consequences might not be realized until an hour or two later really kept me on my toes. While most of the game plays like a relaxing interactive story w/o difficulty there was just enough setpiece 'puzzles' (where a key decision required rereading every piece of information thoroughly and thinking hard) to create a good cycle of tension without feeling exhausting. And just when my brain was out of juice, the game ended. Beautiful The bad: 1) the fact that the 'important information' to your investigation is hard-coded rather than free to deduce by yourself rears its ugly head occasionally. The developer, understandably, didn't account for every permutation that information might be read from. So, for example, when I'm asked to provide a portrait of a target and the game doesn't let me submit that one picture because the dev missed it it was a a little frustrating. It frustrates because, while minor, the immersion drops and the plot's rails become visible for just a second. *2 INVOLVES MINOR PLOT SPOILERS* TLDR: meh ending [spoiler]2) The obligatory *twist ending* was not well executed. I imagine I'm not the first one to pick up on that given how glaringly it stands out from the quality of the rest of the game (can be read as a plus.). Arthur Conan Doyle's (Sherlock Holmes) rules of a good detective story require that the answer be obvious 'had you known X', ie there must be a underlying logic to it that the reader/player was only unable to uncover until the end due to not having all the pieces. The secret villain showed no indication that [hidden] was capable of performing the act even after everything was revealed, which makes the reveal feel like plain shock value. In fact I was absolutely caught off guard by the reveal when it was done through NPC dialog. To the devs: Objective fact reveals like ""surprise he/she was actually secretly there"" or ""he/she is acting mysteriously"" alone does not convince me that they are secretly the culprit. You gotta show motive, character, drives. Not what they did but why they did it.[/spoiler] Overall, would absolutely say that the game nailed what it set out to do, i.e. letting you roleplay as a Big Brother spying and tearing through everyone's personal info on a quest to stop terrorism. And the moral of the story was made pretty well: guessing who someone is through their personal info alone without context is inaccurate. That the plot that came attached to that experience, and the human limitations of the dev, is a little underwhelming does not discount the fact that I was completely immersed into it. Which is a rare thing",True,2019-10-06T19:56:51+00:00,2019-10-06T20:03:37+00:00,540.0,378.0,0.0,0.0,0.0,0.5,True,False,False,False,76561198026686506,,7.0,False,False,2958,513,9.0,6.3,3-10h,positive
30134473,491950,orwell,Orwell: Keeping an Eye On You,english,"You've been selected to help the government of The Nation investigate and gather data on an activist group. You're to use their new mass surveillance software called Orwell.  Your job is to sift through all the data available to you, determine what is important, what is truth, and then submit this to the government.  If you do a good job, you could prevent future terrorism.

The gameplay is pretty basic, feels a lot like just browsing the internet and reading things.  You explore websites, chat logs, phone call transcripts, etc and you use the information within to create profiles on your subjects/targets.  The game tackles the opposing viewpoints on mass surveillance, asking questions like - is it ok to spy on citizens for their own safety even if it's at the expense of some civil rights?  And where does this end?

I really liked the characters in this game, they felt very real to me.  Each with their own personalities, motivations, realistic reactions to the events of the world around them.  The dialogue was interesting to read too, though I felt it sometimes moved along a bit too slow.  I enjoyed digging deep in each person's life, trying to determine their guilt or innocence.  I really liked that the game allowed me to impact events.  I could submit data that would lead to a person's arrest.  I could paint the portrait of events to wrongly accuse someone, or I could save lives by taking a terrorist off the streets.

The game has 5 chapters and took me a little over 5 hours to beat.  Once you've beaten it, a recent patch allows you to go back to any previous chapter to replay it and do things differently if you wish and see how things play out.

I do wish the game was longer.  I wish it allowed me to explore more narratives than simply one activist group's possible involvement in terrorism.  But for what it is, I still liked it immensely and fully recommend it.","You've been selected to help the government of The Nation investigate and gather data on an activist group. You're to use their new mass surveillance software called Orwell. Your job is to sift through all the data available to you, determine what is important, what is truth, and then submit this to the government. If you do a good job, you could prevent future terrorism. The gameplay is pretty basic, feels a lot like just browsing the internet and reading things. You explore websites, chat logs, phone call transcripts, etc and you use the information within to create profiles on your subjects/targets. The game tackles the opposing viewpoints on mass surveillance, asking questions like - is it ok to spy on citizens for their own safety even if it's at the expense of some civil rights? And where does this end? I really liked the characters in this game, they felt very real to me. Each with their own personalities, motivations, realistic reactions to the events of the world around them. The dialogue was interesting to read too, though I felt it sometimes moved along a bit too slow. I enjoyed digging deep in each person's life, trying to determine their guilt or innocence. I really liked that the game allowed me to impact events. I could submit data that would lead to a person's arrest. I could paint the portrait of events to wrongly accuse someone, or I could save lives by taking a terrorist off the streets. The game has 5 chapters and took me a little over 5 hours to beat. Once you've beaten it, a recent patch allows you to go back to any previous chapter to replay it and do things differently if you wish and see how things play out. I do wish the game was longer. I wish it allowed me to explore more narratives than simply one activist group's possible involvement in terrorism. But for what it is, I still liked it immensely and fully recommend it.",True,2017-02-24T05:49:01+00:00,2017-02-24T05:49:01+00:00,748.0,748.0,0.0,1.0,0.0,0.5275590419769287,True,False,False,False,76561197963897896,,9.0,False,False,1878,335,12.466666666666667,12.466666666666667,10h+,positive
28706035,491950,orwell,Orwell: Keeping an Eye On You,english,"Wow! This game had me on the edge of my seat consistently. I loved the way it made me question every character's intentions and motives - including my own. I especially appreciated the game's references to 1984. Overall, Orwell is an exhilirating ride with impeccable pacing!","Wow! This game had me on the edge of my seat consistently. I loved the way it made me question every character's intentions and motives - including my own. I especially appreciated the game's references to 1984. Overall, Orwell is an exhilirating ride with impeccable pacing!",True,2016-12-27T10:05:53+00:00,2016-12-27T10:05:53+00:00,353.0,,0.0,2.0,0.0,0.5049505233764648,True,False,False,False,76561198248664730,,4.0,False,False,275,46,5.883333333333334,,unknown,positive
39684499,491950,orwell,Orwell: Keeping an Eye On You,english,"Too slow and hand holding.  If I click the right thing the advisor pops up with his comment and I can't continue until I deal with him.  Although there are different paths, each one is very linear.  Also, did I mention slow?  I find myself reading other things in real life while I wait for online conversations to get going.","Too slow and hand holding. If I click the right thing the advisor pops up with his comment and I can't continue until I deal with him. Although there are different paths, each one is very linear. Also, did I mention slow? I find myself reading other things in real life while I wait for online conversations to get going.",False,2018-01-28T15:09:48+00:00,2018-01-28T15:09:48+00:00,47.0,41.0,0.0,2.0,1.0,0.47490015625953674,True,False,False,False,76561198146452001,,7.0,False,False,321,60,0.7833333333333333,0.6833333333333333,0-1h,negative
121165922,491950,orwell,Orwell: Keeping an Eye On You,english,"I like the base idea and core mechanics of this game a lot but, overall, it's a thumbs down from me. The developer seems to have gone to great lengths to slow the pacing of the action at every turn. The dialogue between NPCs is also pretty cringe at times.

I know it would be unrealistic, but this is a game that would be helped a LOT by including the option to FF conversations. Some of them are SO LONG and have so little actual info in them. Even just giving me the ability to navigate away without pausing them would be huge.

The adviser/tutorial character is also annoying and keeps popping up to comment on things and hold your hand. I wish they would just let me play the game and figure things out on my own.","I like the base idea and core mechanics of this game a lot but, overall, it's a thumbs down from me. The developer seems to have gone to great lengths to slow the pacing of the action at every turn. The dialogue between NPCs is also pretty cringe at times. I know it would be unrealistic, but this is a game that would be helped a LOT by including the option to FF conversations. Some of them are SO LONG and have so little actual info in them. Even just giving me the ability to navigate away without pausing them would be huge. The adviser/tutorial character is also annoying and keeps popping up to comment on things and hold your hand. I wish they would just let me play the game and figure things out on my own.",False,2022-08-24T14:02:48+00:00,2022-08-24T14:02:48+00:00,115.0,115.0,0.0,5.0,0.0,0.5946698784828186,False,False,False,False,76561197991042376,,135.0,False,False,716,138,1.9166666666666667,1.9166666666666667,1-3h,negative
204291385,491950,orwell,Orwell: Keeping an Eye On You,english,"[b]English:[/b]
The idea of playing an investigator using a dystopian surveillance system is genuinely intriguing, and it did pull me in at first. But in my case, a few elements caught me off guard, and I ultimately landed on the feeling of, “Damn, this could have been great.”

You're heavily railroaded. A handler constantly directs you, and you're only allowed to submit pre-highlighted data. So even if you spot something meaningful, if it hasn’t been highlighted, it’s off-limits… unless the system decides to highlight it later. In other words, it's Orwell—not your judgment—deciding what's relevant and when.
Also, can’t look into unimportant connections, people connected to the main people you’re already watching. That undermines immersion. Information and connections that should enrich the world instead feel like empty filler, like walking through a map where only the area around your destination actually exists. It undercuts the immersion hard, and it really starts to highlight how little control the player has over the investigation. The joy of organizing fragmented data and piecing together insight, the detective puzzle vibe you’d expect, is barely there.

Even the surveillance state itself feels oddly toothless. Orwell is supposedly a powerful system, yet the most basic info must be found manually. I get that the in-game incident is Orwell's first mission, but if the game is trying to sell a functioning surveillance state, it comes off half-baked.
Starting the investigation from scratch, with no basic personal data preloaded, makes the process resemble ordinary police work more than the operation of a dystopian digital panopticon.

The system’s invasive abilities (like tapping calls or accessing private devices without consent) do hint at Orwell’s dystopian cruelty. But from the player’s point of view, Orwell never allows unrestricted monitoring. Only designated “persons of interest” can be investigated, and since the events revolve around terrorism with real casualties, even the more questionable actions can be framed as emergency measures. This waters down the ethical tension; Orwell’s moral horror feels too easy to rationalize.
Even when one character challenges the legitimacy of Orwell’s power, their argument rings hollow—coming from someone involved in a bombing, it’s hard to see them as anything other than a villain delivering a monologue.

And when the second half of the game shows [spoiler]people casually messing stuff up[/spoiler], it makes you wonder: maybe the surveillance wasn’t that tight to begin with? How effective is this Orwell network if [spoiler]people willing to say ""f*ck the system"" and can still go full riot mode[/spoiler]? If the system’s that fragile, then what was the point of its supposed success in lowering crime in the first place?
I couldn’t quite tell whether this game was trying to criticize the dystopia built around Orwell or somehow justify it.

Also, you can’t skip or fast-forward dialogue, which I get is supposed to simulate “real-time surveillance,” but it just kills the pacing. This took me about four hours to get through the all chapters, and the lack of any way to redo choices just makes the idea of replaying for achievements or alternate paths a hard no.

[hr][/hr]
[b]日本語:[/b]
ディストピアの監視システムを用いる調査官という導入は凄く面白いし実際に惹き込まれましたが、幾つかの要素が引っ掛かって最終的に「惜しいな」という感想に着地しました。

有り体に言うと意外と(?)自由度が低い。プレイヤーが進行の主導権を握っていないというのが率直な感想です。
まずアドバイザーが就くので情報の海に放り出されて手探りで進むのではなく自然と一本道になるので未知の間を自走する楽しみが希薄です。
更に、二次的な関係者(直接の監視対象ではない人々)の情報には触れられず、例えば誰かの両親や友人等が相関図に載っても飽くまで賑やかしで、RPGで言うなら「目的地周辺だけ作ってあるマップ」みたいな印象を受けるので没入感を削がれます。
そしてOrwellでは“ハイライトされている情報だけ”が利用可能なのですが、例えば関係者の画像を見付けたから登録したいと思ってもハイライトされていないなら使えない――と思いきや後になって急にハイライトされるという事も。つまりシステム(進行度等)の都合で意味の有無が一転してしまうので「役に立つか分からないが留めておきたい」みたいな遊び方は全く想定されておらず、“調査官”という言葉から連想して捜査・整理・推理というパズル的な喜びを期待すると肩透かしを食らいます。

物語や世界観についても引っ掛かります。国民の情報がOrwellに登録されておらず、住所も電話番号も全てプレイヤーが探し出す事になるのは、ゲーム内での事案がOrwellの初陣であるにせよ監視社会のディストピアを念頭に置くなら中途半端な気がしますし、基本的な個人情報から調査となると手順に警察の捜査との差異も感じられません。
Orwellを通じた通話や情報端末への無許可でのアクセスは人権や倫理への一種の加害性というディストピアがディストピアたる所以を描写してはいますが、プレイヤーの視点では上記の通り(=重要人物以外には触れられない) 犯罪や危機の捜査にしか使われておらず、しかも問題となる事件が死傷者を伴うテロなので、倫理観を脇に置くのは超法規的措置だと補完する事も出来てしまう。
その犯人がOrwellを非難したところで犠牲者を生んだテロリストの言説として空虚に響くだけでしょう。
また[spoiler]後半での展開も炎上からの破壊行動が容易く起きるのなら[/spoiler]“監視”の程度も大した事はないのでは？と感じます。監視なんぞ知るかという人が[spoiler]暴徒化したのだとしたら[/spoiler]、そもそも犯罪率の低下とは何だったんでしょうか。
正直なところ、この作品がOrwellに在る社会構造を否定的に描いているのか肯定的に描いているのか判然としませんでした。

実績や細かい分岐の確認に改めてプレイしていたら印象も変わるのかもしれませんが、ここでシステム面が障害に。というのも、だいぶのんびりしたプレイで全5章終わらせるのに約4時間掛かったのですが、Orwellには台詞送りやスキップ機能がなく、更には選択に修正が効かない仕様なのでリプレイへの精神的なハードルが高いです。
台詞送りやスキップが無いのはリアルタイムの盗聴という表現であるにしても快適性を損ないますし、こういった部分も作品の魅力を自ら削いでいる様な感じがしてなりません。","[b]English:[/b] The idea of playing an investigator using a dystopian surveillance system is genuinely intriguing, and it did pull me in at first. But in my case, a few elements caught me off guard, and I ultimately landed on the feeling of, “Damn, this could have been great.” You're heavily railroaded. A handler constantly directs you, and you're only allowed to submit pre-highlighted data. So even if you spot something meaningful, if it hasn’t been highlighted, it’s off-limits… unless the system decides to highlight it later. In other words, it's Orwell—not your judgment—deciding what's relevant and when. Also, can’t look into unimportant connections, people connected to the main people you’re already watching. That undermines immersion. Information and connections that should enrich the world instead feel like empty filler, like walking through a map where only the area around your destination actually exists. It undercuts the immersion hard, and it really starts to highlight how little control the player has over the investigation. The joy of organizing fragmented data and piecing together insight, the detective puzzle vibe you’d expect, is barely there. Even the surveillance state itself feels oddly toothless. Orwell is supposedly a powerful system, yet the most basic info must be found manually. I get that the in-game incident is Orwell's first mission, but if the game is trying to sell a functioning surveillance state, it comes off half-baked. Starting the investigation from scratch, with no basic personal data preloaded, makes the process resemble ordinary police work more than the operation of a dystopian digital panopticon. The system’s invasive abilities (like tapping calls or accessing private devices without consent) do hint at Orwell’s dystopian cruelty. But from the player’s point of view, Orwell never allows unrestricted monitoring. Only designated “persons of interest” can be investigated, and since the events revolve around terrorism with real casualties, even the more questionable actions can be framed as emergency measures. This waters down the ethical tension; Orwell’s moral horror feels too easy to rationalize. Even when one character challenges the legitimacy of Orwell’s power, their argument rings hollow—coming from someone involved in a bombing, it’s hard to see them as anything other than a villain delivering a monologue. And when the second half of the game shows [spoiler]people casually messing stuff up[/spoiler], it makes you wonder: maybe the surveillance wasn’t that tight to begin with? How effective is this Orwell network if [spoiler]people willing to say ""f*ck the system"" and can still go full riot mode[/spoiler]? If the system’s that fragile, then what was the point of its supposed success in lowering crime in the first place? I couldn’t quite tell whether this game was trying to criticize the dystopia built around Orwell or somehow justify it. Also, you can’t skip or fast-forward dialogue, which I get is supposed to simulate “real-time surveillance,” but it just kills the pacing. This took me about four hours to get through the all chapters, and the lack of any way to redo choices just makes the idea of replaying for achievements or alternate paths a hard no. [hr][/hr] [b]日本語:[/b] ディストピアの監視システムを用いる調査官という導入は凄く面白いし実際に惹き込まれましたが、幾つかの要素が引っ掛かって最終的に「惜しいな」という感想に着地しました。 有り体に言うと意外と(?)自由度が低い。プレイヤーが進行の主導権を握っていないというのが率直な感想です。 まずアドバイザーが就くので情報の海に放り出されて手探りで進むのではなく自然と一本道になるので未知の間を自走する楽しみが希薄です。 更に、二次的な関係者(直接の監視対象ではない人々)の情報には触れられず、例えば誰かの両親や友人等が相関図に載っても飽くまで賑やかしで、RPGで言うなら「目的地周辺だけ作ってあるマップ」みたいな印象を受けるので没入感を削がれます。 そしてOrwellでは“ハイライトされている情報だけ”が利用可能なのですが、例えば関係者の画像を見付けたから登録したいと思ってもハイライトされていないなら使えない――と思いきや後になって急にハイライトされるという事も。つまりシステム(進行度等)の都合で意味の有無が一転してしまうので「役に立つか分からないが留めておきたい」みたいな遊び方は全く想定されておらず、“調査官”という言葉から連想して捜査・整理・推理というパズル的な喜びを期待すると肩透かしを食らいます。 物語や世界観についても引っ掛かります。国民の情報がOrwellに登録されておらず、住所も電話番号も全てプレイヤーが探し出す事になるのは、ゲーム内での事案がOrwellの初陣であるにせよ監視社会のディストピアを念頭に置くなら中途半端な気がしますし、基本的な個人情報から調査となると手順に警察の捜査との差異も感じられません。 Orwellを通じた通話や情報端末への無許可でのアクセスは人権や倫理への一種の加害性というディストピアがディストピアたる所以を描写してはいますが、プレイヤーの視点では上記の通り(=重要人物以外には触れられない) 犯罪や危機の捜査にしか使われておらず、しかも問題となる事件が死傷者を伴うテロなので、倫理観を脇に置くのは超法規的措置だと補完する事も出来てしまう。 その犯人がOrwellを非難したところで犠牲者を生んだテロリストの言説として空虚に響くだけでしょう。 また[spoiler]後半での展開も炎上からの破壊行動が容易く起きるのなら[/spoiler]“監視”の程度も大した事はないのでは？と感じます。監視なんぞ知るかという人が[spoiler]暴徒化したのだとしたら[/spoiler]、そもそも犯罪率の低下とは何だったんでしょうか。 正直なところ、この作品がOrwellに在る社会構造を否定的に描いているのか肯定的に描いているのか判然としませんでした。 実績や細かい分岐の確認に改めてプレイしていたら印象も変わるのかもしれませんが、ここでシステム面が障害に。というのも、だいぶのんびりしたプレイで全5章終わらせるのに約4時間掛かったのですが、Orwellには台詞送りやスキップ機能がなく、更には選択に修正が効かない仕様なのでリプレイへの精神的なハードルが高いです。 台詞送りやスキップが無いのはリアルタイムの盗聴という表現であるにしても快適性を損ないますし、こういった部分も作品の魅力を自ら削いでいる様な感じがしてなりません。",False,2025-09-14T03:54:50+00:00,2025-12-12T01:42:44+00:00,235.0,235.0,0.0,23.0,0.0,0.7273497581481934,False,False,False,False,76561198026105507,,45.0,False,False,4650,526,3.9166666666666665,3.9166666666666665,3-10h,negative
41927055,491950,orwell,Orwell: Keeping an Eye On You,english,"[b]”An interactive dystopian detective novel at its best”[/b]
 
[h1]The Good[/h1]
 
Orwell is an electrifying, Orwellian, (surprisingly enough) thriller with exciting twists and turns everywhere you look. The varied choices and the believable medium through which they are presented breathe so much life into the world and its characters. The mechanics, while there aren’t many to play with and master, they are polished and intuitive enough to get the point across in a believable manner. The writing and world building have to carry the game almost entirely and I can gladly say Osmotic Studios has delivered in this regard! Further to add to this, the pacing fits well into a fairly short experience, around 4 hours, which allows for easy and frequent replayability.
The choices you make are integral to the twists and turns you take. The way the choices are handled in Orwell are often left ambiguous with their outcome and effect on the world around you. Even then, every choice you make feels as though it has an impact on the world, no matter how small.
 
[h1]The Bad[/h1]
 
Certain aspects of the game can fell sluggish, such as the tiresome phone call logs and the constant (seemingly) dead ends on web pages. There can be a case made for these moments, however, since they do add to the overall integrity of this fictional world. My only fear is that some players may feel a bit disappointed during these moments that are paced so much slower than the bits in which the player is in direct control.
Another personal gripe with this game is that it’s cast, and plot can feel too expansive given the short time period the game takes place over. Certain events can completely go over the player’s head what with so many people and connections to remember.
 
[h1]The Verdict[/h1]
 
Orwell is an excellent example of compelling and effective storytelling told through the interactive medium of video games. It’s easy to get into and while it may not be the easiest narrative to understand, the writing will keep you engaged constantly. However, at times the story does slow down, and it is easy to get fatigued with the sheer amount of writing in this game.
I think it’s easiest to sum up Orwell as an interactive, dystopian, detective novel at its best. In a game that hinges on the “choices matter” idea, it does well in treating the player like an intelligent and competent participant. You have the ability to make inferences that might not accomplish what you’re trying to do. Also, it is important to note that in a game whose themes are centered around a battling of ideals the player’s choices are remarked upon by all characters and it is easy to let your biases make choices for you. I really do recommend this game to those of you that are itching to fit into the shoes of a detective that is a 3rd party in a war of ideals. Be careful with those choices of yours though, you never know who’s watching.
 
[h1]8/10[/h1]","[b]”An interactive dystopian detective novel at its best”[/b] [h1]The Good[/h1] Orwell is an electrifying, Orwellian, (surprisingly enough) thriller with exciting twists and turns everywhere you look. The varied choices and the believable medium through which they are presented breathe so much life into the world and its characters. The mechanics, while there aren’t many to play with and master, they are polished and intuitive enough to get the point across in a believable manner. The writing and world building have to carry the game almost entirely and I can gladly say Osmotic Studios has delivered in this regard! Further to add to this, the pacing fits well into a fairly short experience, around 4 hours, which allows for easy and frequent replayability. The choices you make are integral to the twists and turns you take. The way the choices are handled in Orwell are often left ambiguous with their outcome and effect on the world around you. Even then, every choice you make feels as though it has an impact on the world, no matter how small. [h1]The Bad[/h1] Certain aspects of the game can fell sluggish, such as the tiresome phone call logs and the constant (seemingly) dead ends on web pages. There can be a case made for these moments, however, since they do add to the overall integrity of this fictional world. My only fear is that some players may feel a bit disappointed during these moments that are paced so much slower than the bits in which the player is in direct control. Another personal gripe with this game is that it’s cast, and plot can feel too expansive given the short time period the game takes place over. Certain events can completely go over the player’s head what with so many people and connections to remember. [h1]The Verdict[/h1] Orwell is an excellent example of compelling and effective storytelling told through the interactive medium of video games. It’s easy to get into and while it may not be the easiest narrative to understand, the writing will keep you engaged constantly. However, at times the story does slow down, and it is easy to get fatigued with the sheer amount of writing in this game. I think it’s easiest to sum up Orwell as an interactive, dystopian, detective novel at its best. In a game that hinges on the “choices matter” idea, it does well in treating the player like an intelligent and competent participant. You have the ability to make inferences that might not accomplish what you’re trying to do. Also, it is important to note that in a game whose themes are centered around a battling of ideals the player’s choices are remarked upon by all characters and it is easy to let your biases make choices for you. I really do recommend this game to those of you that are itching to fit into the shoes of a detective that is a 3rd party in a war of ideals. Be careful with those choices of yours though, you never know who’s watching. [h1]8/10[/h1]",True,2018-05-08T21:46:48+00:00,2018-05-08T21:46:48+00:00,260.0,260.0,0.0,3.0,0.0,0.559585452079773,True,False,False,False,76561198065051583,,24.0,False,False,2920,509,4.333333333333333,4.333333333333333,3-10h,positive
40718305,491950,orwell,Orwell: Keeping an Eye On You,english,"It took me a LONG time to give this game a good look.  I had a low first impression, it looked just a little TOO indie/low-tech.  Don't get me wrong, I like many Indie games but this one seemed just a tad too 'lite'.  The low price of $9.99 enforced that perception.

First it kept appearing in my queue, but I didn't think I'd be interested, so I kept ignoring it.  Next, I finally added it to my wishlist.  Where it remained for at least a year.  Then I finally bought it on sale with a bunch of other stuff so then it just sat in my Library for several months while I played the other stuff first.  Then, the first time I booted it up I just couldn't make sense of what was going on design-wise and I didn't have the patience to figure it out so it sat in my Library for another few weeks.  Finally, the next time I played it, it made much more sense and everything sort of 'clicked' for me.  Now I love it.

Gameplay, pacing, design, story plot, and music are all especially evocative of Introversion Software's excellent indie hacking game Uplink, without the frantic time-is-counting-down aspect of Uplink.  When I play Orwell, I feel like I'm playing Uplink, but it's much brighter and prettier and I'm more relaxed, lol.

I'm glad to see the developers continue to support this game with new episodes being released.  Since the game has no vocal acting and is a basic (but graceful) design, I imagine they could continue to crank out episodes relatively quickly if the demand justifies it.  Which is good because I want more.  The hallmark of any excellent game.","It took me a LONG time to give this game a good look. I had a low first impression, it looked just a little TOO indie/low-tech. Don't get me wrong, I like many Indie games but this one seemed just a tad too 'lite'. The low price of $9.99 enforced that perception. First it kept appearing in my queue, but I didn't think I'd be interested, so I kept ignoring it. Next, I finally added it to my wishlist. Where it remained for at least a year. Then I finally bought it on sale with a bunch of other stuff so then it just sat in my Library for several months while I played the other stuff first. Then, the first time I booted it up I just couldn't make sense of what was going on design-wise and I didn't have the patience to figure it out so it sat in my Library for another few weeks. Finally, the next time I played it, it made much more sense and everything sort of 'clicked' for me. Now I love it. Gameplay, pacing, design, story plot, and music are all especially evocative of Introversion Software's excellent indie hacking game Uplink, without the frantic time-is-counting-down aspect of Uplink. When I play Orwell, I feel like I'm playing Uplink, but it's much brighter and prettier and I'm more relaxed, lol. I'm glad to see the developers continue to support this game with new episodes being released. Since the game has no vocal acting and is a basic (but graceful) design, I imagine they could continue to crank out episodes relatively quickly if the demand justifies it. Which is good because I want more. The hallmark of any excellent game.",True,2018-03-10T17:40:42+00:00,2018-03-10T17:40:42+00:00,915.0,915.0,0.0,0.0,0.0,0.5,True,False,False,False,76561197969473419,,31.0,False,False,1554,286,15.25,15.25,10h+,positive
195250598,491950,orwell,Orwell: Keeping an Eye On You,english,"Its a visual novel where you click things. It can work, but I have to be honest with you, the story isn't that thrilling (at least for the brief time I played it). It felt too slow, and I don't really care about the characters or plot. After a while, I just started clicking buttons because I didn't care. eh...","Its a visual novel where you click things. It can work, but I have to be honest with you, the story isn't that thrilling (at least for the brief time I played it). It felt too slow, and I don't really care about the characters or plot. After a while, I just started clicking buttons because I didn't care. eh...",False,2025-05-20T02:56:58+00:00,2025-05-20T02:56:58+00:00,41.0,41.0,0.0,1.0,0.0,0.47762009501457214,False,False,False,False,76561198058382696,,62.0,False,False,311,60,0.6833333333333333,0.6833333333333333,0-1h,negative
36695795,491950,orwell,Orwell: Keeping an Eye On You,english,"Good start, bad pacing; this game has mostly positive reviews because it is well made and a great concept, but if you're looking for an evolution on Papers, Please then move along; the game is way too story heavy to be any fun and the development of the story is predictable and boring.  Entire chucks on the game where you do nothing but read exposition on a situation you have no emotional investment in.  This is my biggest contention with the game as intends to challenge the player's morality, but doesn't do so in a meaningful way (for me, at least).

Well made but it just won't scratch that bureaucratic, 'cog-in-the-machine' itch that you might be looking for, and in that regard I'm not too sure who this game is for.","Good start, bad pacing; this game has mostly positive reviews because it is well made and a great concept, but if you're looking for an evolution on Papers, Please then move along; the game is way too story heavy to be any fun and the development of the story is predictable and boring. Entire chucks on the game where you do nothing but read exposition on a situation you have no emotional investment in. This is my biggest contention with the game as intends to challenge the player's morality, but doesn't do so in a meaningful way (for me, at least). Well made but it just won't scratch that bureaucratic, 'cog-in-the-machine' itch that you might be looking for, and in that regard I'm not too sure who this game is for.",False,2017-11-22T12:07:48+00:00,2017-11-22T12:07:48+00:00,160.0,160.0,0.0,2.0,0.0,0.515516996383667,True,False,False,False,76561198036032004,,19.0,False,False,724,131,2.6666666666666665,2.6666666666666665,1-3h,negative
72523753,491950,orwell,Orwell: Keeping an Eye On You,english,"I wish there was a ""Maybe"" rating. This was so solidly middle of the road. A Perfect 2.5/5. This game is a narrative uncovered through a government surveillance system, and we're really taking the good with the bad here. 

The good: The mechanics of the game are interesting, and pay off in a very satisfying way. The visuals are nice and the interface is inoffensive. 

The bad: The character writing is mealymouthed, badly-paced and lacking a fresh core message. The narrative is hung on characters that are one-dimensional. The message is nothing new, but the 1984 But It's Got Facebook appeal could sell it's rhetorical points a lot easier if these characters felt rounder or even spoke in a slightly modern voice. A game where you follow people's daily communications should lead to these characters feeling richer and more developed. But it managed to avoid that altogether in favor of long, trite conversations, and worldbuilding with zero payoff. There were also a few shaky attempts at social commentary? For a game about investigating people for voicing their Alternative Ideologies, it all felt flimsy, like it didn't have enough confidence to have a real point of view. To it's credit, the story itself had some really interesting and surprising turns! But it was all at the end, AND all at once in a truly maddening choice of pacing.

All this is... fine, I suppose, considering these characters' actions and moral codas don't feel meaningfully attached to the larger ethical decision you're ultimately faced with. Instead, I felt like I was reading a 90's screenplay about Post-college Anarchist Mallrats and their One Cool Professor trying to make their mark on the world. Mostly because Orwell takes itself really, painfully seriously.

Overall, worth playing for the moments where the story and gameplay align nicely, but DEFINITELY get it on sale. Full price? Idk. Torrent Hackers instead. It has the same self-important tone and fakey computer-whiz stuff, but at least that had Angelina Jolie in it.","I wish there was a ""Maybe"" rating. This was so solidly middle of the road. A Perfect 2.5/5. This game is a narrative uncovered through a government surveillance system, and we're really taking the good with the bad here. The good: The mechanics of the game are interesting, and pay off in a very satisfying way. The visuals are nice and the interface is inoffensive. The bad: The character writing is mealymouthed, badly-paced and lacking a fresh core message. The narrative is hung on characters that are one-dimensional. The message is nothing new, but the 1984 But It's Got Facebook appeal could sell it's rhetorical points a lot easier if these characters felt rounder or even spoke in a slightly modern voice. A game where you follow people's daily communications should lead to these characters feeling richer and more developed. But it managed to avoid that altogether in favor of long, trite conversations, and worldbuilding with zero payoff. There were also a few shaky attempts at social commentary? For a game about investigating people for voicing their Alternative Ideologies, it all felt flimsy, like it didn't have enough confidence to have a real point of view. To it's credit, the story itself had some really interesting and surprising turns! But it was all at the end, AND all at once in a truly maddening choice of pacing. All this is... fine, I suppose, considering these characters' actions and moral codas don't feel meaningfully attached to the larger ethical decision you're ultimately faced with. Instead, I felt like I was reading a 90's screenplay about Post-college Anarchist Mallrats and their One Cool Professor trying to make their mark on the world. Mostly because Orwell takes itself really, painfully seriously. Overall, worth playing for the moments where the story and gameplay align nicely, but DEFINITELY get it on sale. Full price? Idk. Torrent Hackers instead. It has the same self-important tone and fakey computer-whiz stuff, but at least that had Angelina Jolie in it.",False,2020-07-11T21:25:45+00:00,2020-07-11T21:25:45+00:00,276.0,276.0,0.0,0.0,0.0,0.5,True,False,False,False,76561198024973761,,3.0,False,False,2012,332,4.6,4.6,3-10h,negative
45200530,491950,orwell,Orwell: Keeping an Eye On You,english,"Orwell has definitely made it onto my list of indie favorites. One of the most interesting and engaging games I've played in a long time.

[b]Story[/b]
The story and characters are well written, realistic, and relatable. The pacing is perfect and each chapter will leave you anxious to get into the next one. The world has depth and lives and breathes. Your actions feel as though they carry real weight with consequences that follow you. This is the sort of story that you'll think about and speculate about even when you're not playing. It's obvious a lot of thought was put into Orwell.

[b]Gameplay[/b]
I think it's fair to say Orwell is more of an interactive novel than a game. But that by no means is a mark against it.

Gameplay is simple but effective. You play as an investigator trying to solve a recent bombing using whatever online information, public or private, is made available to you. When you come across information that your system (named Orwell) recognizes as relevant to one of your target persons, it becomes highlighted and you can choose to upload it to Orwell's database where your superiors can then see it and act on it.

But this surveillance system isn't perfect. Sometimes conflicting or irrelevant information will be highlighted and you'll have to use your best judgement when choosing what to upload. I won't explain more in depth than that - I think the rest of the gameplay is best experienced when you discover it yourself. But I promise the gameplay isn't the mindless drag and drop that it might seem.

And what I thought was neat is that while some aspects of the gameplay might seem arbitrary or slightly confusing at first, these mechanics have a real canon, in-world explanation that is revealed as you progress. The gameplay really feels like part of the story here.

[b]Performance[/b]
It'll probably run on just about anything.

[b]Length[/b]
There are five chapters, each of which took me 45-60 minutes or so. Some people might complete it faster since I'm the methodical, read-everything-before-moving-on sort (which is rewarding with Orwell). Very little (if any) replay value though. Some people might recommend playing it all in one sitting, but I would say taking day or two long breaks like I did is the way to go.

[b]Price[/b]
Full price at the time of this review is $10. I was able to grab Orwell while it was temporarily free. $10 seems a little bit steep at first, but considering the ~5 hours I got out of it and the impression it left on me, I would say Orwell is easily worth that much. You can probably also count on Orwell going on sale or getting it cheap in a bundle if you're still on the fence.

[b]Conclusion[/b]
Get it. If you enjoy indie games, get it. If you like a good detective story, get it. If surveillance or digital privacy even remotely interest you (which they should), get it.","Orwell has definitely made it onto my list of indie favorites. One of the most interesting and engaging games I've played in a long time. [b]Story[/b] The story and characters are well written, realistic, and relatable. The pacing is perfect and each chapter will leave you anxious to get into the next one. The world has depth and lives and breathes. Your actions feel as though they carry real weight with consequences that follow you. This is the sort of story that you'll think about and speculate about even when you're not playing. It's obvious a lot of thought was put into Orwell. [b]Gameplay[/b] I think it's fair to say Orwell is more of an interactive novel than a game. But that by no means is a mark against it. Gameplay is simple but effective. You play as an investigator trying to solve a recent bombing using whatever online information, public or private, is made available to you. When you come across information that your system (named Orwell) recognizes as relevant to one of your target persons, it becomes highlighted and you can choose to upload it to Orwell's database where your superiors can then see it and act on it. But this surveillance system isn't perfect. Sometimes conflicting or irrelevant information will be highlighted and you'll have to use your best judgement when choosing what to upload. I won't explain more in depth than that - I think the rest of the gameplay is best experienced when you discover it yourself. But I promise the gameplay isn't the mindless drag and drop that it might seem. And what I thought was neat is that while some aspects of the gameplay might seem arbitrary or slightly confusing at first, these mechanics have a real canon, in-world explanation that is revealed as you progress. The gameplay really feels like part of the story here. [b]Performance[/b] It'll probably run on just about anything. [b]Length[/b] There are five chapters, each of which took me 45-60 minutes or so. Some people might complete it faster since I'm the methodical, read-everything-before-moving-on sort (which is rewarding with Orwell). Very little (if any) replay value though. Some people might recommend playing it all in one sitting, but I would say taking day or two long breaks like I did is the way to go. [b]Price[/b] Full price at the time of this review is $10. I was able to grab Orwell while it was temporarily free. $10 seems a little bit steep at first, but considering the ~5 hours I got out of it and the impression it left on me, I would say Orwell is easily worth that much. You can probably also count on Orwell going on sale or getting it cheap in a bundle if you're still on the fence. [b]Conclusion[/b] Get it. If you enjoy indie games, get it. If you like a good detective story, get it. If surveillance or digital privacy even remotely interest you (which they should), get it.",True,2018-10-10T07:09:11+00:00,2018-10-10T07:09:11+00:00,388.0,248.0,0.0,0.0,0.0,0.5,False,True,False,False,76561198235704306,,7.0,False,False,2850,499,6.466666666666667,4.133333333333334,3-10h,positive
57110173,491950,orwell,Orwell: Keeping an Eye On You,english,"This is a brilliant and fresh video game with soul of the movie ""Lives of others"" and the game ""Papers Please"". Though it can't really nail the feeling and atmosphere of those examples. I have some issues with the game which made it a 7/10 for me instead of a 9! but in any case it's a recommended game because of the innovation, nice story and the good price.
Here are my issues with the game:
1- I'd like to see more personal details and side stories of the characters you're spying on. That would've made the characters more human or likable and therefore making us more guilty for spying on them.
2- Some story elements aren't logical and don't make much sense; which breaks the immersion and they look like something forced by the game writers than something natural.
3- Orwell unlocks access to Information based on the game's progression which is sometimes unbelievably linear and boring and causes pacing Issues. I prefer to see a search mechanic like ""Her Story"" for accessing to the related data. That is more game like mechanic and would make finding story details more engaging and satisfying.","This is a brilliant and fresh video game with soul of the movie ""Lives of others"" and the game ""Papers Please"". Though it can't really nail the feeling and atmosphere of those examples. I have some issues with the game which made it a 7/10 for me instead of a 9! but in any case it's a recommended game because of the innovation, nice story and the good price. Here are my issues with the game: 1- I'd like to see more personal details and side stories of the characters you're spying on. That would've made the characters more human or likable and therefore making us more guilty for spying on them. 2- Some story elements aren't logical and don't make much sense; which breaks the immersion and they look like something forced by the game writers than something natural. 3- Orwell unlocks access to Information based on the game's progression which is sometimes unbelievably linear and boring and causes pacing Issues. I prefer to see a search mechanic like ""Her Story"" for accessing to the related data. That is more game like mechanic and would make finding story details more engaging and satisfying.",True,2019-11-13T17:45:01+00:00,2020-07-05T20:03:06+00:00,770.0,770.0,0.0,1.0,0.0,0.5222930312156677,False,False,False,False,76561198053008883,,145.0,False,False,1105,194,12.833333333333334,12.833333333333334,10h+,positive
191187097,491950,orwell,Orwell: Keeping an Eye On You,english,"I'm normally a fan of these type of games, but there is WAY too much text to sit through, WAY too much hand-holding, and the game progresses way too slow. Could not get through an hour of game play without feeling exhausted.","I'm normally a fan of these type of games, but there is WAY too much text to sit through, WAY too much hand-holding, and the game progresses way too slow. Could not get through an hour of game play without feeling exhausted.",False,2025-03-25T23:07:43+00:00,2025-03-25T23:07:43+00:00,43.0,43.0,0.0,0.0,0.0,0.4761904776096344,False,False,False,False,76561198066482490,,22.0,False,False,224,42,0.7166666666666667,0.7166666666666667,0-1h,negative
31207924,491950,orwell,Orwell: Keeping an Eye On You,english,its too slow and and u get lost too easy,its too slow and and u get lost too easy,False,2017-04-17T21:54:13+00:00,2017-04-17T21:54:13+00:00,135.0,135.0,0.0,0.0,0.0,0.3416236639022827,True,False,False,False,76561198338425036,,5.0,False,False,40,10,2.25,2.25,1-3h,negative
73140729,491950,orwell,Orwell: Keeping an Eye On You,english,"Orwell has a compelling story set in a dystopian maybe-not-so-future where the government has begun a program to monitor any and everything in real time.

The story was very good, however, to experience all of the options you have to replay the full game. There are several 7+ minute conversations paced out painfully slowly. I get that the pacing is set to make it feel like you're monitoring this real time (and that's important in a few cases!) but the majority of the time, pretty much any time there isn't tense music going on, the game needs an option to skip through the snoozefest that is the communications system. I legitimately got up, made myself a meal, and came back to find one segment still running. What was an engaging and interesting storyline the first time around became a complete drag by the end.

If you're not a lore-focused gamer, you'll hate this game. If you're a fast reader, you'll hate this game. If you're a slow reader who likes good stories, this is the game for you.","Orwell has a compelling story set in a dystopian maybe-not-so-future where the government has begun a program to monitor any and everything in real time. The story was very good, however, to experience all of the options you have to replay the full game. There are several 7+ minute conversations paced out painfully slowly. I get that the pacing is set to make it feel like you're monitoring this real time (and that's important in a few cases!) but the majority of the time, pretty much any time there isn't tense music going on, the game needs an option to skip through the snoozefest that is the communications system. I legitimately got up, made myself a meal, and came back to find one segment still running. What was an engaging and interesting storyline the first time around became a complete drag by the end. If you're not a lore-focused gamer, you'll hate this game. If you're a fast reader, you'll hate this game. If you're a slow reader who likes good stories, this is the game for you.",False,2020-07-23T02:18:29+00:00,2020-07-23T02:18:29+00:00,448.0,448.0,0.0,6.0,0.0,0.5946301817893982,False,False,False,False,76561198025621419,,4.0,False,False,999,178,7.466666666666667,7.466666666666667,3-10h,negative
201190661,491950,orwell,Orwell: Keeping an Eye On You,english,"Reviewing (mostly) every game (or DLC) in my library, part 312:

⭐️⭐️⭐️⭐️⭐️⭐️⭐️⭐️⭐️☆ (9/10)

[i]Orwell: Keeping an Eye On You[/i] is a tense, thought-provoking surveillance thriller that does more with a few browser tabs and text files than most games do with entire cities. It casts you as a government contractor sifting through personal data to uncover a growing threat—and forces you to wrestle with how much “truth” you really need to keep people safe. It’s slick, unsettling, and surprisingly emotional.

[b]🪬 Pros:[/b]
[list]
[*] Brilliant UI that doubles as storytelling. The whole game takes place inside a simulated desktop, with tabs for social media, chat logs, police records, and more. But it’s not just aesthetic! It feels like doing a job. Every click, every search result, every drag-and-drop data point creates tension. The interface is intuitive, immersive, and sinister.

[*] Deep moral ambiguity in every decision. Do you report that someone once expressed violent thoughts in a song lyric? Do you include their real name in a classified file? What about the context? The game forces you to make hard calls on limited info, and the consequences are immediate. 

[*] Tightly written and emotionally resonant. Despite being mostly text, the characters come alive through their messages, posts, and private calls. You start to see their contradictions, their fears, their humor. It’s intimate in a way that hits hard when you're the one deciding what gets flagged—and what gets buried.

[*] Great balance of investigation and puzzle-solving. The game isn’t about cracking codes or hacking firewalls: it’s about connecting dots. Who knows who? What’s fact, what’s hearsay, and what might get someone arrested? You feel clever when you catch a subtle connection between a dating profile and a news article. It’s simple but deeply satisfying.

[*] Fantastic pacing and structure. The game unfolds over five episodes, each building tension and complexity. Just when you think you know what’s going on, it flips your assumptions. It’s rare to find a game this compact that still manages to feel complete and impactful.
[/list]

👁️ [b]Cons:[/b]
[list]
[*] Limited replay value. While your choices do have consequences, the story arc mostly funnels toward the same endpoint with slight variations. It’s a brilliant one-time experience, but it may not have the branching depth to support multiple playthroughs.

[*] Some plot twists feel a bit on-the-nose. The writing is mostly subtle, but a few characters and twists lean heavily into dystopian clichés. It's forgivable, especially for a debut game, but occasionally the nuance slips.

[*] A bit short. For players used to longer visual novels or narrative-driven games, [i]Orwell[/i] might feel more like an extended episode than a full series. That said, it’s tightly packed and doesn’t waste your time.
[/list]
[hr]
If you enjoyed this review, please check out my curator page to find more: [url=https://store.steampowered.com/curator/45814768-Verdict-Play-or-Pass/]Verdict: Play or Pass. [/url] Also, please leave a like and visit [url=https://steamcommunity.com/groups/Indie_Gems]IndieGems[/url] and our YouTube channel for more reviews like this one. 
[/hr]","Reviewing (mostly) every game (or DLC) in my library, part 312: ⭐️⭐️⭐️⭐️⭐️⭐️⭐️⭐️⭐️☆ (9/10) [i]Orwell: Keeping an Eye On You[/i] is a tense, thought-provoking surveillance thriller that does more with a few browser tabs and text files than most games do with entire cities. It casts you as a government contractor sifting through personal data to uncover a growing threat—and forces you to wrestle with how much “truth” you really need to keep people safe. It’s slick, unsettling, and surprisingly emotional. [b]🪬 Pros:[/b] [list] [*] Brilliant UI that doubles as storytelling. The whole game takes place inside a simulated desktop, with tabs for social media, chat logs, police records, and more. But it’s not just aesthetic! It feels like doing a job. Every click, every search result, every drag-and-drop data point creates tension. The interface is intuitive, immersive, and sinister. [*] Deep moral ambiguity in every decision. Do you report that someone once expressed violent thoughts in a song lyric? Do you include their real name in a classified file? What about the context? The game forces you to make hard calls on limited info, and the consequences are immediate. [*] Tightly written and emotionally resonant. Despite being mostly text, the characters come alive through their messages, posts, and private calls. You start to see their contradictions, their fears, their humor. It’s intimate in a way that hits hard when you're the one deciding what gets flagged—and what gets buried. [*] Great balance of investigation and puzzle-solving. The game isn’t about cracking codes or hacking firewalls: it’s about connecting dots. Who knows who? What’s fact, what’s hearsay, and what might get someone arrested? You feel clever when you catch a subtle connection between a dating profile and a news article. It’s simple but deeply satisfying. [*] Fantastic pacing and structure. The game unfolds over five episodes, each building tension and complexity. Just when you think you know what’s going on, it flips your assumptions. It’s rare to find a game this compact that still manages to feel complete and impactful. [/list] 👁️ [b]Cons:[/b] [list] [*] Limited replay value. While your choices do have consequences, the story arc mostly funnels toward the same endpoint with slight variations. It’s a brilliant one-time experience, but it may not have the branching depth to support multiple playthroughs. [*] Some plot twists feel a bit on-the-nose. The writing is mostly subtle, but a few characters and twists lean heavily into dystopian clichés. It's forgivable, especially for a debut game, but occasionally the nuance slips. [*] A bit short. For players used to longer visual novels or narrative-driven games, [i]Orwell[/i] might feel more like an extended episode than a full series. That said, it’s tightly packed and doesn’t waste your time. [/list] [hr] If you enjoyed this review, please check out my curator page to find more: [url=https://store.steampowered.com/curator/45814768-Verdict-Play-or-Pass/]Verdict: Play or Pass. [/url] Also, please leave a like and visit [url=https://steamcommunity.com/groups/Indie_Gems]IndieGems[/url] and our YouTube channel for more reviews like this one. [/hr]",True,2025-08-01T05:46:14+00:00,2025-11-11T08:40:32+00:00,394.0,394.0,0.0,6.0,0.0,0.5854887962341309,True,False,False,False,76561198984656750,,667.0,False,False,3213,494,6.566666666666666,6.566666666666666,3-10h,positive
52938751,491950,orwell,Orwell: Keeping an Eye On You,english,"An amazing indie game with a super suspenseful story. I played it all in one take so I suggest you make a free day for it and read every little bit of data you can find. The characters are interesting and you will grow to care about them. While the fact that they don't even know you exist is beyond creepy as you know almost everything about their private, personal lives. Your choices shape the ending you will get, but you must not wait around for too long! I made that mistake and regretted it a lot, because some events are actually timed which add even more tension to the situations and you cannot reload back! For an indie title, I must say that it was one of the strongest feeling filled experiences I have ever had in gaming. Definitely recommend it!","An amazing indie game with a super suspenseful story. I played it all in one take so I suggest you make a free day for it and read every little bit of data you can find. The characters are interesting and you will grow to care about them. While the fact that they don't even know you exist is beyond creepy as you know almost everything about their private, personal lives. Your choices shape the ending you will get, but you must not wait around for too long! I made that mistake and regretted it a lot, because some events are actually timed which add even more tension to the situations and you cannot reload back! For an indie title, I must say that it was one of the strongest feeling filled experiences I have ever had in gaming. Definitely recommend it!",True,2019-07-01T17:41:07+00:00,2019-07-01T17:43:55+00:00,680.0,680.0,0.0,3.0,0.0,0.5202707052230835,False,False,False,False,76561198014627597,,96.0,False,False,760,142,11.333333333333334,11.333333333333334,10h+,positive
43263173,491950,orwell,Orwell: Keeping an Eye On You,english,"The story was interesting, for a while, but the pacing drove me crazy. The slow slow scrolling of text that you can't speed up or fast load just killed the game for me. If you read faster than a 6th grader you're going to spend most of your 'gameplay' waiting on text.

Also, gameplay is very liberal. This is a story with minor interaction. Again, interesting, but not good in terms of gaming.","The story was interesting, for a while, but the pacing drove me crazy. The slow slow scrolling of text that you can't speed up or fast load just killed the game for me. If you read faster than a 6th grader you're going to spend most of your 'gameplay' waiting on text. Also, gameplay is very liberal. This is a story with minor interaction. Again, interesting, but not good in terms of gaming.",False,2018-07-03T06:43:59+00:00,2018-07-03T06:43:59+00:00,252.0,252.0,0.0,3.0,0.0,0.5099905729293823,True,False,False,False,76561198027208916,,57.0,False,False,393,73,4.2,4.2,3-10h,negative
67737430,491950,orwell,Orwell: Keeping an Eye On You,english,"This game honestly fucked me up a bit by the end of it.

At first it kinda comes off as a Death and Taxes kind of game, but no. It is one long single story arch that is honestly wonderfully crafted. My investment and intrigue in the game honestly just grew more and more as the game went on and went in turns I didn't expect. I often found myself expecting one culprit only to move on to another and another and another as I found and submitted more evidence.

I played the whole game in 5 hours, but honestly I will go back for more. I have more achievements to get and I want to see what else I can find. I still have a bunch of questions and I want to find the answers!

Game play wise the choice mechanics here are really interesting. Rather than just swipping information away like you do in most games like this, you are given loads of info and can pick and chose information that you submit based on what the system deems relevant for you to possibly submit. Then there are some bits of info that are game changing. You also can't go back and take back previously submitted information, previous info you have supplied can only be updated.

All the info is presented to you in a way that you can just select the highlighted sentences and submit the info. You can submit evidence without actually reading the whole articles or chats or what ever it is that highlighted sentence is in. However, that is because the system only selects what it finds relevant. Sometimes the context surrounding that sentence can drastically change it's implications. Which is an amazing way of proving one of many points in this game. If you look at the small picture and just submit the evidence based on what the system shows you, you will get a lot more things wrong. I know because at first I didn't read statements completely. Then I realized a few times I messed up, I wished I could take something back but I couldn't and slowly I became more cautious of what I submitted. This also applied to times that I submitted fishy or questionable evidence only to realize a few web pages or convos later that the info was inaccurate.

If you like thought provoking story lines. The kind of game that afterwards you question of you did the right things, this is a great game for you. It's slightly slow pacing at first, but if you can get passed that the game will have you hooked. Another good comparison would be that if you are into Black Mirrors on Netflix, this is a game you are sure to enjoy.","This game honestly fucked me up a bit by the end of it. At first it kinda comes off as a Death and Taxes kind of game, but no. It is one long single story arch that is honestly wonderfully crafted. My investment and intrigue in the game honestly just grew more and more as the game went on and went in turns I didn't expect. I often found myself expecting one culprit only to move on to another and another and another as I found and submitted more evidence. I played the whole game in 5 hours, but honestly I will go back for more. I have more achievements to get and I want to see what else I can find. I still have a bunch of questions and I want to find the answers! Game play wise the choice mechanics here are really interesting. Rather than just swipping information away like you do in most games like this, you are given loads of info and can pick and chose information that you submit based on what the system deems relevant for you to possibly submit. Then there are some bits of info that are game changing. You also can't go back and take back previously submitted information, previous info you have supplied can only be updated. All the info is presented to you in a way that you can just select the highlighted sentences and submit the info. You can submit evidence without actually reading the whole articles or chats or what ever it is that highlighted sentence is in. However, that is because the system only selects what it finds relevant. Sometimes the context surrounding that sentence can drastically change it's implications. Which is an amazing way of proving one of many points in this game. If you look at the small picture and just submit the evidence based on what the system shows you, you will get a lot more things wrong. I know because at first I didn't read statements completely. Then I realized a few times I messed up, I wished I could take something back but I couldn't and slowly I became more cautious of what I submitted. This also applied to times that I submitted fishy or questionable evidence only to realize a few web pages or convos later that the info was inaccurate. If you like thought provoking story lines. The kind of game that afterwards you question of you did the right things, this is a great game for you. It's slightly slow pacing at first, but if you can get passed that the game will have you hooked. Another good comparison would be that if you are into Black Mirrors on Netflix, this is a game you are sure to enjoy.",True,2020-04-21T05:38:24+00:00,2020-04-21T05:38:24+00:00,328.0,328.0,0.0,0.0,0.0,0.5,False,False,False,False,76561198169419827,,250.0,False,False,2479,462,5.466666666666667,5.466666666666667,3-10h,positive
113918600,491950,orwell,Orwell: Keeping an Eye On You,english,"Amazing Reinterpretation of 1984, the references to the book are an amazing bonus. The story can be a bit slow at times, especially towards the end but it makes up for it's pacing with a compelling story and interesting narratives. The replay-ability is a little shabby due to the story being roughly the same with different outcomes but if you revisit the game from time to time the experience stays fresh. I particularly enjoy the new inclusion of technology and cyber security to Orwell's original masterpiece, it adds a layer of realism to the universe despite it not actually existing.

The art style ages well and the visuals are amazing, it adds more believe-ability to the characters as well as immersing you to the universe.

would recommend to anyone interested in politics or alternative literature 10/10 worth the price","Amazing Reinterpretation of 1984, the references to the book are an amazing bonus. The story can be a bit slow at times, especially towards the end but it makes up for it's pacing with a compelling story and interesting narratives. The replay-ability is a little shabby due to the story being roughly the same with different outcomes but if you revisit the game from time to time the experience stays fresh. I particularly enjoy the new inclusion of technology and cyber security to Orwell's original masterpiece, it adds a layer of realism to the universe despite it not actually existing. The art style ages well and the visuals are amazing, it adds more believe-ability to the characters as well as immersing you to the universe. would recommend to anyone interested in politics or alternative literature 10/10 worth the price",True,2022-04-15T22:38:30+00:00,2022-04-15T22:38:30+00:00,919.0,919.0,0.0,0.0,0.0,0.5,True,False,False,False,76561198224882644,,8.0,False,False,829,139,15.316666666666666,15.316666666666666,10h+,positive
148773379,491950,orwell,Orwell: Keeping an Eye On You,english,"too slow to build up. and basically has noo hook to keep the player in
",too slow to build up. and basically has noo hook to keep the player in,False,2023-10-24T07:38:01+00:00,2023-10-24T07:38:01+00:00,223.0,223.0,0.0,1.0,0.0,0.48571428656578064,False,True,False,False,76561198296973618,,25.0,False,False,70,15,3.716666666666667,3.716666666666667,3-10h,negative
44343440,491950,orwell,Orwell: Keeping an Eye On You,english,"So, Orwell is mixture of good stuff and mediocre stuff. I really like the gameplay, structuring and pacing (both of the plot and the gameplay). The central gameplay loop is basically just looking through various documents and conversations to find information potentially relevant to the investigation. I thought it would be boring at first, but it actually never felt tired, and remains engaging throughout. Gameplay wise, it's pretty good, with only a few minor tweaks that could improve efficiency. The story is where it gets less positive. As you progress through the game, you learn more about the characters, who they are, their background, their personality, etc. etc. This is the strongest aspect of the story, because their well written characters, and seeing them react to what's happening after learning so much about them makes you think really carefully about what you do that might affect them. Unfortunately, these characters all seem fixated on the agenda of beating the message of the game over your head repeatedly. The themes and message? That's where we really start to lose traction. First off, the message is obvious. One of the characters at the end practically spells it out. Thanks, if the all the references to the number 1984 didn't make it obvious, nor the chapters being named after phrases from 1984, then I would of still gotten it from the name and premise. Mass surveillance is bad! Like, really unethical! No, really? I thought that was obvious. For the all the 1984 references though, it doesn't seem like the writers really understood 1984. 1984 isn't about surveillance. It's about the manipulation of thought, primarily through language and media. The surveillance is window dressing. In fact, you never even know if the citizens in 1984 are actually being watched, because it doesn't matter. It just matters that they think they are. I digress. The game also comes as thinking it's a bit smarter than it really is. Despite that, it's never boring, and though a little melodramatic, and the tendency to believe that the player hasn't caught on that mass surveillance is kinda screwed up, I did feel desire to continue, and though the end is also a little silly (It forces you to choose between 3 equally culpable people, for no explained reason. Why can't I incriminate them all?), I didn't feel cheated. I didn't pay I got it for free from humble, but I wouldn't have regretted paying for it. Try episode 1, if you like it, it won't overly disappoint from there, and it'll retain its fun.","So, Orwell is mixture of good stuff and mediocre stuff. I really like the gameplay, structuring and pacing (both of the plot and the gameplay). The central gameplay loop is basically just looking through various documents and conversations to find information potentially relevant to the investigation. I thought it would be boring at first, but it actually never felt tired, and remains engaging throughout. Gameplay wise, it's pretty good, with only a few minor tweaks that could improve efficiency. The story is where it gets less positive. As you progress through the game, you learn more about the characters, who they are, their background, their personality, etc. etc. This is the strongest aspect of the story, because their well written characters, and seeing them react to what's happening after learning so much about them makes you think really carefully about what you do that might affect them. Unfortunately, these characters all seem fixated on the agenda of beating the message of the game over your head repeatedly. The themes and message? That's where we really start to lose traction. First off, the message is obvious. One of the characters at the end practically spells it out. Thanks, if the all the references to the number 1984 didn't make it obvious, nor the chapters being named after phrases from 1984, then I would of still gotten it from the name and premise. Mass surveillance is bad! Like, really unethical! No, really? I thought that was obvious. For the all the 1984 references though, it doesn't seem like the writers really understood 1984. 1984 isn't about surveillance. It's about the manipulation of thought, primarily through language and media. The surveillance is window dressing. In fact, you never even know if the citizens in 1984 are actually being watched, because it doesn't matter. It just matters that they think they are. I digress. The game also comes as thinking it's a bit smarter than it really is. Despite that, it's never boring, and though a little melodramatic, and the tendency to believe that the player hasn't caught on that mass surveillance is kinda screwed up, I did feel desire to continue, and though the end is also a little silly (It forces you to choose between 3 equally culpable people, for no explained reason. Why can't I incriminate them all?), I didn't feel cheated. I didn't pay I got it for free from humble, but I wouldn't have regretted paying for it. Try episode 1, if you like it, it won't overly disappoint from there, and it'll retain its fun.",True,2018-08-24T04:18:38+00:00,2018-08-24T04:18:38+00:00,270.0,270.0,0.0,0.0,0.0,0.5,False,True,False,False,76561198084791737,,35.0,False,False,2527,427,4.5,4.5,3-10h,positive
40402464,491950,orwell,Orwell: Keeping an Eye On You,english,"I got this on sale, but I do think it is worth the full price. Amazing writing and music. The replayability is quite good, but has pacing issues for the first couple of episodes, as the player goes through the tutorial again. However, the tutorial isn't too in-your-face. It feels like a fairly natural learning curve after the first episode.

I 100%ed the game after 9.6 hours, but those hours were captivating enough to have me playing from the moment it installed, to when I went to bed, then from when I woke up, to completing it.

Choices actually matter.

9/10","I got this on sale, but I do think it is worth the full price. Amazing writing and music. The replayability is quite good, but has pacing issues for the first couple of episodes, as the player goes through the tutorial again. However, the tutorial isn't too in-your-face. It feels like a fairly natural learning curve after the first episode. I 100%ed the game after 9.6 hours, but those hours were captivating enough to have me playing from the moment it installed, to when I went to bed, then from when I woke up, to completing it. Choices actually matter. 9/10",True,2018-02-25T23:26:16+00:00,2018-02-25T23:26:16+00:00,661.0,610.0,0.0,1.0,0.0,0.5145630836486816,True,False,False,False,76561198043380033,,13.0,False,False,563,101,11.016666666666667,10.166666666666666,10h+,positive
160052651,491950,orwell,Orwell: Keeping an Eye On You,english,"Orwell : Keeping an Eye on You shows and emphasizes well how much things taken out of their context can be manipulated to say anything and everything. In game, one run after the other, you will always have the very same elements, but you can reach diametrically different conclusions, which gives some replayability to the game (to get all achievements, you'll need at least 3 runs).

Since there is nearly no time pressure (apart from very specific moments), I indulged in reading everything the game had to offer and, following a guide to get all endings, I finished my first run in roughly 4h and subsequent ones in 2h or so.
Fortunately, the game has been translated in multiple languages because some characters mainly use abbreviations, which can make it difficult to understand to any non-native speaker.
Soundtracks do a great job and more than once, there will be these specific ones kicking in whenever you stumble upon a shocking/emotional revelation. And I must admit that some of them gave me the shivers.
This game's aesthetics are very much to my tastes. The low-poly designs are good-looking, and the uncluttered display makes Orwell easy to navigate.

Real-time discussions are interesting at first, and it makes our surveillance feel more fleshed out/real. But at the same time, it really breaks the rhythm and thus the immersion, especially on replay. Even at the highest speed, it is still unbelievably slow and you just can't skip these unsufferable parts. Though, mind that you can go back to specific chapters (it rewrites your progression) for achievement purposes and such. Moreover, once you've opened a real-time discussion, it will keep unraveling even if you don't stay to watch it til the end.
Should you want to be Orwell's E. Snowden, know that you'll need to do a piss-poor job from the very beginning. Yes, even before knowing that there is something wrong here, which makes no sense lore-wise.","Orwell : Keeping an Eye on You shows and emphasizes well how much things taken out of their context can be manipulated to say anything and everything. In game, one run after the other, you will always have the very same elements, but you can reach diametrically different conclusions, which gives some replayability to the game (to get all achievements, you'll need at least 3 runs). Since there is nearly no time pressure (apart from very specific moments), I indulged in reading everything the game had to offer and, following a guide to get all endings, I finished my first run in roughly 4h and subsequent ones in 2h or so. Fortunately, the game has been translated in multiple languages because some characters mainly use abbreviations, which can make it difficult to understand to any non-native speaker. Soundtracks do a great job and more than once, there will be these specific ones kicking in whenever you stumble upon a shocking/emotional revelation. And I must admit that some of them gave me the shivers. This game's aesthetics are very much to my tastes. The low-poly designs are good-looking, and the uncluttered display makes Orwell easy to navigate. Real-time discussions are interesting at first, and it makes our surveillance feel more fleshed out/real. But at the same time, it really breaks the rhythm and thus the immersion, especially on replay. Even at the highest speed, it is still unbelievably slow and you just can't skip these unsufferable parts. Though, mind that you can go back to specific chapters (it rewrites your progression) for achievement purposes and such. Moreover, once you've opened a real-time discussion, it will keep unraveling even if you don't stay to watch it til the end. Should you want to be Orwell's E. Snowden, know that you'll need to do a piss-poor job from the very beginning. Yes, even before knowing that there is something wrong here, which makes no sense lore-wise.",True,2024-03-07T18:20:12+00:00,2024-03-07T18:20:12+00:00,443.0,443.0,0.0,0.0,0.0,0.5,False,True,False,False,76561198168639126,,53.0,False,False,1926,323,7.383333333333334,7.383333333333334,3-10h,positive
45848358,491950,orwell,Orwell: Keeping an Eye On You,english,"Great game! Ending could have a different pacing, it ends suddenly.","Great game! Ending could have a different pacing, it ends suddenly.",True,2018-11-16T21:33:45+00:00,2018-11-16T21:33:45+00:00,1099.0,1050.0,0.0,1.0,0.0,0.523809552192688,False,False,False,False,76561198120950006,,2.0,False,False,67,11,18.316666666666666,17.5,10h+,positive
43029154,491950,orwell,Orwell: Keeping an Eye On You,english,"I make it a point to go into games blind. Once I picked up the first season of Orwell, not knowing what to expect was definitely the right way to go.

From the get-go, the mere concept of Orwell was enough to get me hooked. Looking into the lives of people in secret, acting like Big Brother, it's a concept that isn't explored that much in fiction. There's obviously 1984 by George Orwell, which this game references alot in its achievements, but other than that I can't think of anything else.

Orwell's story is definitely the best part. It's thrilling and engaging, with twists coming when you least expect them. After playing it blind, this is even more emphasized. The choices you make can also have a huge impact on the outcome of the story, which adds replayability to the game. It can get emotional at times, though not in the ""oh my god, I'm going to cry"" kind of way. More like ""oh my god, what have I done?"" The story can also be considered a kind of social commentary on the world, especially concerning surveillance and data and the repurcussions of them (Snowden, anyone?)

Orwell doesn't have much going for it in terms of gameplay, it's really just clicking and dragging. That would normally be a problem if there wasn't an engaging story to back it up, which I think I've already established Orwell has. There were some points that felt a bit slow, such as the dialogue sections that you can't skip through. That might have improved the pacing just a bit, but it didn't detract from the overall experience too much. It's also a bit short, taking me only around 3 hours to complete my first playthrough, but with the different choices affecting the story, again, this adds to the replayability value.

Basically, just go play Orwell.","I make it a point to go into games blind. Once I picked up the first season of Orwell, not knowing what to expect was definitely the right way to go. From the get-go, the mere concept of Orwell was enough to get me hooked. Looking into the lives of people in secret, acting like Big Brother, it's a concept that isn't explored that much in fiction. There's obviously 1984 by George Orwell, which this game references alot in its achievements, but other than that I can't think of anything else. Orwell's story is definitely the best part. It's thrilling and engaging, with twists coming when you least expect them. After playing it blind, this is even more emphasized. The choices you make can also have a huge impact on the outcome of the story, which adds replayability to the game. It can get emotional at times, though not in the ""oh my god, I'm going to cry"" kind of way. More like ""oh my god, what have I done?"" The story can also be considered a kind of social commentary on the world, especially concerning surveillance and data and the repurcussions of them (Snowden, anyone?) Orwell doesn't have much going for it in terms of gameplay, it's really just clicking and dragging. That would normally be a problem if there wasn't an engaging story to back it up, which I think I've already established Orwell has. There were some points that felt a bit slow, such as the dialogue sections that you can't skip through. That might have improved the pacing just a bit, but it didn't detract from the overall experience too much. It's also a bit short, taking me only around 3 hours to complete my first playthrough, but with the different choices affecting the story, again, this adds to the replayability value. Basically, just go play Orwell.",True,2018-06-25T08:22:17+00:00,2018-06-25T08:22:17+00:00,325.0,301.0,0.0,1.0,0.0,0.52173912525177,True,False,False,False,76561198189647823,,38.0,False,False,1746,311,5.416666666666667,5.016666666666667,3-10h,positive
32225590,491950,orwell,Orwell: Keeping an Eye On You,english,"What a fantastic experience. Orwell is a text-based game with a fairly linear progression. You play an investigator who uses an all-encompassing crowdsources surveillance system called Orwell. You are tasked with uncovering and identifying members of an alleged domestic terrorism group called ""Thought"" in the fictional country called ""The Nation."" You work your way through this task by investigating the phone calls, texts, emails, social media, dating profiles, bank information, and relationships of the various ""suspects."" You take snippets of highlighted information and upload them to Orwell (an irreversable process). It's up to you to decide, at times, which data is relevant. Choose poorly, and you can cause the deaths of certain suspects.

 If you hadn't guessed, this game is like an interactive modern version of the book ""1984"" by George Orwell (my favorite book of all time, by the way.) It offers a striking glimpse into what a complete surviallance state would look like in the modern world, and what the benfits and pitfuls to such a system may be. The game is pretty short at around 4 hours, but that's really all it needed to be. It definitely lacks replayability, but I don't think the story would have the impact of the first playthrough if I were to play it again. If you're interested in the subect matter or in story-based games in general, play Orwell. If you're looking for action or exploration, seek elsewhere. Just be mindful, because you never know who is watching. 

+Excellent story and pacing
+Haunting music
+UI that is easily navigated
+Expertly written
+Believable characters
+Excellent air of mystery hanging over the story
+Orwellian

-/+ Short game

-Sometimes got stuck, had to search out relevant info for too long
-Lacks replayability

OVERALL:

9.3/10
","What a fantastic experience. Orwell is a text-based game with a fairly linear progression. You play an investigator who uses an all-encompassing crowdsources surveillance system called Orwell. You are tasked with uncovering and identifying members of an alleged domestic terrorism group called ""Thought"" in the fictional country called ""The Nation."" You work your way through this task by investigating the phone calls, texts, emails, social media, dating profiles, bank information, and relationships of the various ""suspects."" You take snippets of highlighted information and upload them to Orwell (an irreversable process). It's up to you to decide, at times, which data is relevant. Choose poorly, and you can cause the deaths of certain suspects. If you hadn't guessed, this game is like an interactive modern version of the book ""1984"" by George Orwell (my favorite book of all time, by the way.) It offers a striking glimpse into what a complete surviallance state would look like in the modern world, and what the benfits and pitfuls to such a system may be. The game is pretty short at around 4 hours, but that's really all it needed to be. It definitely lacks replayability, but I don't think the story would have the impact of the first playthrough if I were to play it again. If you're interested in the subect matter or in story-based games in general, play Orwell. If you're looking for action or exploration, seek elsewhere. Just be mindful, because you never know who is watching. +Excellent story and pacing +Haunting music +UI that is easily navigated +Expertly written +Believable characters +Excellent air of mystery hanging over the story +Orwellian -/+ Short game -Sometimes got stuck, had to search out relevant info for too long -Lacks replayability OVERALL: 9.3/10",True,2017-06-06T19:00:38+00:00,2017-06-06T19:00:38+00:00,254.0,254.0,0.0,0.0,0.0,0.5,True,False,False,False,76561198050407235,,38.0,False,False,1789,290,4.233333333333333,4.233333333333333,3-10h,positive
40725364,491950,orwell,Orwell: Keeping an Eye On You,english,"[b]This is how you include interactive media in discussions about real-world topics.[/b]

Orwell is a unique game, I don't even know how to classify it. You could say it is a child of point'n'click and 'choose your own adventure' games, wrapped in a UI and gameplay style most conductive to the topic it tackles. This is nicely complemented by an elegant, simplified graphical style that attempts to give a modern flair to everything and the 'metro' UI. The soundtrack does its job perfectly, mostly just playing in the background but taking the reins when a more dramatic situation comes along.

And those aren't that rare; while Orwell starts pretty slow and almost mundane, it makes sure to ramp up the pacing in the later episodes. The web of connections keeps growing, facts become too numerous to recount and the invasiveness of the system keeps on growing. In the midst of all that, all the benefits and dangers of mass surveillance are shown through actual story even instead of just... you know, reciting them here and there. 

This leads to a few glorious moments when it is easy to be drawn in, slap your knee and declare what just hit the fan. And that is a very valuable part of Orwell, one that bought me; it is easy to immerse yourself in the action. Characters are multi-faceted, decisions will have consequences and being the part of an otherwise soul-less system is a chilling, educating experience.

Hats off.","[b]This is how you include interactive media in discussions about real-world topics.[/b] Orwell is a unique game, I don't even know how to classify it. You could say it is a child of point'n'click and 'choose your own adventure' games, wrapped in a UI and gameplay style most conductive to the topic it tackles. This is nicely complemented by an elegant, simplified graphical style that attempts to give a modern flair to everything and the 'metro' UI. The soundtrack does its job perfectly, mostly just playing in the background but taking the reins when a more dramatic situation comes along. And those aren't that rare; while Orwell starts pretty slow and almost mundane, it makes sure to ramp up the pacing in the later episodes. The web of connections keeps growing, facts become too numerous to recount and the invasiveness of the system keeps on growing. In the midst of all that, all the benefits and dangers of mass surveillance are shown through actual story even instead of just... you know, reciting them here and there. This leads to a few glorious moments when it is easy to be drawn in, slap your knee and declare what just hit the fan. And that is a very valuable part of Orwell, one that bought me; it is easy to immerse yourself in the action. Characters are multi-faceted, decisions will have consequences and being the part of an otherwise soul-less system is a chilling, educating experience. Hats off.",True,2018-03-10T23:01:24+00:00,2018-03-10T23:01:24+00:00,455.0,455.0,0.0,0.0,0.0,0.4761904776096344,False,False,False,False,76561198030706455,,36.0,False,False,1423,246,7.583333333333333,7.583333333333333,3-10h,positive
29951697,491950,orwell,Orwell: Keeping an Eye On You,english,"As many others have mentioned, an interesting concept. Don't purchase this game looking for a good gameplay experience. This is certainly a visual novel with a little more interaction than usual, closing in on Point & Click Adventure territory.

It certainly has its own contemporary agenda, which they do a fairly good job at conveying. Its execution isn't always the best, some moments fall flat but are remedied by the pacing and -for me, personally- the desire to see what is going to happen next. While short, it offers enough of interest to be worth a purchase (perhaps at a 40-50% discount, depending on your tastes). 

The 'choices' you will encounter in this game usually boil down to 'jump to conclusion' and 'don't jump to conclusion', which can admittedly work out well in some cases. However, there are times where you will encounter unforseen consequences. These can definitely have an impact on how the game progresses, in increments. For the most part you are playing through a story on rails, with only a few forks in the road that eventually lead to the same place, anyways. The biggest choice you will get takes place at the end of the game, where you will most likely arrive after about 4 hours. 

I would say the game is worth playing for its subject matter alone, it stands on its own as an experience. Some food for thought is to be found, as well.","As many others have mentioned, an interesting concept. Don't purchase this game looking for a good gameplay experience. This is certainly a visual novel with a little more interaction than usual, closing in on Point & Click Adventure territory. It certainly has its own contemporary agenda, which they do a fairly good job at conveying. Its execution isn't always the best, some moments fall flat but are remedied by the pacing and -for me, personally- the desire to see what is going to happen next. While short, it offers enough of interest to be worth a purchase (perhaps at a 40-50% discount, depending on your tastes). The 'choices' you will encounter in this game usually boil down to 'jump to conclusion' and 'don't jump to conclusion', which can admittedly work out well in some cases. However, there are times where you will encounter unforseen consequences. These can definitely have an impact on how the game progresses, in increments. For the most part you are playing through a story on rails, with only a few forks in the road that eventually lead to the same place, anyways. The biggest choice you will get takes place at the end of the game, where you will most likely arrive after about 4 hours. I would say the game is worth playing for its subject matter alone, it stands on its own as an experience. Some food for thought is to be found, as well.",True,2017-02-15T23:33:36+00:00,2017-02-16T00:10:37+00:00,599.0,599.0,0.0,6.0,0.0,0.5884345769882202,True,False,False,False,76561197965063884,,4.0,False,False,1366,241,9.983333333333333,9.983333333333333,3-10h,positive
28860634,491950,orwell,Orwell: Keeping an Eye On You,english,"Replaying a story-driven little-actual-gameplay game is a rare occurrence for me, let alone replaying it immediately after the first time, and yet I did it here since I felt that it would have enough replayability to stand up, and it did. 

Chats and phone calls move fast enough to make adding datachunks awkward, but too slow otherwise, especially the second time through them when you already know what everyone is going to say. While one conversation is under a time limit, the rest could use a fast-forward button.

The game is very short. I have 6 hours on record and that's from playing through the game in its entirety twice, including some idle time when I walked away from the computer. Some players may not find the amount of content acceptable considering the price.

By far the biggest issue is that [spoiler]Orwell is essentially introduced and dismantled within the game world during the course of the game. While that is obviously relevant to the plot and its general message, I can't help but feel that there's potential for multiple cases using this ""engine"", for lack of a better word, so it's a shame that, narratively, that can't occur,[/spoiler] although the fact that I find that in particular to be the largest issue is a very good thing for this game.","Replaying a story-driven little-actual-gameplay game is a rare occurrence for me, let alone replaying it immediately after the first time, and yet I did it here since I felt that it would have enough replayability to stand up, and it did. Chats and phone calls move fast enough to make adding datachunks awkward, but too slow otherwise, especially the second time through them when you already know what everyone is going to say. While one conversation is under a time limit, the rest could use a fast-forward button. The game is very short. I have 6 hours on record and that's from playing through the game in its entirety twice, including some idle time when I walked away from the computer. Some players may not find the amount of content acceptable considering the price. By far the biggest issue is that [spoiler]Orwell is essentially introduced and dismantled within the game world during the course of the game. While that is obviously relevant to the plot and its general message, I can't help but feel that there's potential for multiple cases using this ""engine"", for lack of a better word, so it's a shame that, narratively, that can't occur,[/spoiler] although the fact that I find that in particular to be the largest issue is a very good thing for this game.",True,2016-12-31T08:32:24+00:00,2016-12-31T08:32:39+00:00,415.0,415.0,0.0,0.0,0.0,0.5,True,False,False,False,76561198025463531,,9.0,False,False,1272,220,6.916666666666667,6.916666666666667,3-10h,positive
68300494,491950,orwell,Orwell: Keeping an Eye On You,english,"Compelling psychological deduction game, piece together information found in newspapers, social media, personal data and prevent a terrorist attack, aka cyber stalking - the game.

The overall theme is not surprising given the title but the story takes some intriguing turns. The pacing worked great for me and the choices you make (the info you upload) have a lasting effect on the story, not just on whether you get ""the one good or the one bad ending"", so to speak.

You will not always know what the ""correct"" answer is and it is up to you to decide which often contradictory data chunks are relevant to the case. If you mindlessly upload everything without question and without considering the context, you will probably not have such a good time. 
I would have prefered if the develeopers didn't differetate between blue and yellow data chunks. They aren't that different anyway and I would recommend ignoring the color coding as much as you can.

I can also see this working great in an educational setting or for people who usually don't play video games.","Compelling psychological deduction game, piece together information found in newspapers, social media, personal data and prevent a terrorist attack, aka cyber stalking - the game. The overall theme is not surprising given the title but the story takes some intriguing turns. The pacing worked great for me and the choices you make (the info you upload) have a lasting effect on the story, not just on whether you get ""the one good or the one bad ending"", so to speak. You will not always know what the ""correct"" answer is and it is up to you to decide which often contradictory data chunks are relevant to the case. If you mindlessly upload everything without question and without considering the context, you will probably not have such a good time. I would have prefered if the develeopers didn't differetate between blue and yellow data chunks. They aren't that different anyway and I would recommend ignoring the color coding as much as you can. I can also see this working great in an educational setting or for people who usually don't play video games.",True,2020-04-30T13:30:13+00:00,2020-04-30T13:30:13+00:00,522.0,522.0,0.0,0.0,0.0,0.5,True,False,False,False,76561198093939745,,4.0,False,False,1059,182,8.7,8.7,3-10h,positive
202856929,491950,orwell,Orwell: Keeping an Eye On You,english,"A nice political detective story that plays itself nicely. It is however flawed in its pacing with the impossibility to make dialogues go faster, probably to artificially increase the playtime. Also, even though I know it's on purpose, the fact that you can't go back can be infuriating when you make a genuine mistake and submitted something you never wished to submit.

The visual style is really great and works well with the setting, so does the soundtrack, and the menus are well designed (which is good because the whole game relies on them). I don't see myself playing it again as it doesn't seem that there would be much of a replay value, even though the game wants to make you feel that there would, but for a less than 5 hours once story with nothing really thought provoking if you read 1984 and live in the time we live in right now, I still enjoyed it!","A nice political detective story that plays itself nicely. It is however flawed in its pacing with the impossibility to make dialogues go faster, probably to artificially increase the playtime. Also, even though I know it's on purpose, the fact that you can't go back can be infuriating when you make a genuine mistake and submitted something you never wished to submit. The visual style is really great and works well with the setting, so does the soundtrack, and the menus are well designed (which is good because the whole game relies on them). I don't see myself playing it again as it doesn't seem that there would be much of a replay value, even though the game wants to make you feel that there would, but for a less than 5 hours once story with nothing really thought provoking if you read 1984 and live in the time we live in right now, I still enjoyed it!",True,2025-08-25T14:36:49+00:00,2025-08-25T14:36:49+00:00,287.0,287.0,0.0,0.0,0.0,0.5,True,False,False,False,76561198069418367,,116.0,False,False,865,158,4.783333333333333,4.783333333333333,3-10h,positive
51162768,491950,orwell,Orwell: Keeping an Eye On You,english,"Well-executed, original, creative…

A great marriage between choose your own adventure books, visual novels, and government-mandated homework. If you're interested in a quick dip into the ethics of information surveillance, and if you enjoy text-driven, mostly linear narratives, this is a good game for you.

I'm debating whether or not to call it a ""game,"" since it is more of a visual novel with a creative spin. There are opportunities for choice and failure, but not so much as I would have hoped from a game like this. On a scale of 1 to 10, where 1 is ""I'm reading a book"" and 10 is ""I can do whatever I want"", this would probably score a 3. That being said, I still really enjoyed the story, and I commend the developers and writers for great pacing of the story, and the enormously detailed work that went into it.

7/10, would recommend, provided it's your thing.","Well-executed, original, creative… A great marriage between choose your own adventure books, visual novels, and government-mandated homework. If you're interested in a quick dip into the ethics of information surveillance, and if you enjoy text-driven, mostly linear narratives, this is a good game for you. I'm debating whether or not to call it a ""game,"" since it is more of a visual novel with a creative spin. There are opportunities for choice and failure, but not so much as I would have hoped from a game like this. On a scale of 1 to 10, where 1 is ""I'm reading a book"" and 10 is ""I can do whatever I want"", this would probably score a 3. That being said, I still really enjoyed the story, and I commend the developers and writers for great pacing of the story, and the enormously detailed work that went into it. 7/10, would recommend, provided it's your thing.",True,2019-06-10T20:44:49+00:00,2019-06-10T20:44:49+00:00,363.0,363.0,0.0,0.0,0.0,0.5,True,False,False,False,76561198063957244,,5.0,False,False,870,155,6.05,6.05,3-10h,positive
50584059,491950,orwell,Orwell: Keeping an Eye On You,english,"A really solid narrative game with a decent story and interesting mechanics. I found the story more engaging as something to think about rather than just a story that solely entertains based on its content, that said, it has good twists and turns. The game has a really nice pacing but suffers at times when the story and gameplay grinds to a halt as a result of the game's own mechanics. Definitely worth a buy and play through, just be prepared for some googling to find the one piece of data you missed or chose not to upload that needs uploading to continue the story. 
The story can be completed in around 3-4 hours of play.

(Just watched the trailer for the first time, one of the big story ideas at the end is given away. Don't watch the trailer as I likely wouldn't have enjoyed the ending as muich knowing this.)","A really solid narrative game with a decent story and interesting mechanics. I found the story more engaging as something to think about rather than just a story that solely entertains based on its content, that said, it has good twists and turns. The game has a really nice pacing but suffers at times when the story and gameplay grinds to a halt as a result of the game's own mechanics. Definitely worth a buy and play through, just be prepared for some googling to find the one piece of data you missed or chose not to upload that needs uploading to continue the story. The story can be completed in around 3-4 hours of play. (Just watched the trailer for the first time, one of the big story ideas at the end is given away. Don't watch the trailer as I likely wouldn't have enjoyed the ending as muich knowing this.)",True,2019-05-11T04:26:08+00:00,2019-05-11T04:30:32+00:00,288.0,288.0,0.0,0.0,0.0,0.5,True,False,False,False,76561198042264069,,31.0,False,False,820,152,4.8,4.8,3-10h,positive
195390813,491950,orwell,Orwell: Keeping an Eye On You,english,"I really enjoyed this game, and I appreciated the 1984 references, even though the game itself was not as close to 1984 as I was expecting. It's short, and I played through it in one sitting, but it made me think and feel pressure even when there was minimal time pressure in reality. It's surprisingly deep, playing upon your own human nature, and having to balance a sense of justice for a hatred of totalitarianism is surprisingly challenging when you're tasked to violate basic rights in order to save lives and bring people to justice. It is also very repayable, as there are many outcomes to different situations. For example, me failing to collect one particular piece of information changed the outcome, possibly drastically, at one point in the game. Would definitely recommend, especially when it's on sale and you can get a nice, short game for minimal cost.","I really enjoyed this game, and I appreciated the 1984 references, even though the game itself was not as close to 1984 as I was expecting. It's short, and I played through it in one sitting, but it made me think and feel pressure even when there was minimal time pressure in reality. It's surprisingly deep, playing upon your own human nature, and having to balance a sense of justice for a hatred of totalitarianism is surprisingly challenging when you're tasked to violate basic rights in order to save lives and bring people to justice. It is also very repayable, as there are many outcomes to different situations. For example, me failing to collect one particular piece of information changed the outcome, possibly drastically, at one point in the game. Would definitely recommend, especially when it's on sale and you can get a nice, short game for minimal cost.",True,2025-05-22T05:42:33+00:00,2025-05-22T05:42:33+00:00,263.0,263.0,0.0,1.0,0.0,0.5258620381355286,True,False,False,False,76561198206892939,,15.0,False,False,869,149,4.383333333333334,4.383333333333334,3-10h,positive
33466960,491950,orwell,Orwell: Keeping an Eye On You,english,"For a game that was very much like having a desk job at the National Crime Agency, it was actually surprisingly fun! It played out like reading an interactive novel, and the pacing was just right - not making you feel rushed and giving you time to dig into every little detail and piece the story together. Sometimes I longed for a bit more freedom to add information that I felt was relevant, or about targets I wasn't yet allowed to - this felt a little restrictive and ruined the immersion a bit. However, I imagine it would be incredibly complex design-wise to make the gameplay that open, so I can't complain. The story was relatively short, but I think that this was just about the right length. I would definitely be up for more games like this in the future.","For a game that was very much like having a desk job at the National Crime Agency, it was actually surprisingly fun! It played out like reading an interactive novel, and the pacing was just right - not making you feel rushed and giving you time to dig into every little detail and piece the story together. Sometimes I longed for a bit more freedom to add information that I felt was relevant, or about targets I wasn't yet allowed to - this felt a little restrictive and ruined the immersion a bit. However, I imagine it would be incredibly complex design-wise to make the gameplay that open, so I can't complain. The story was relatively short, but I think that this was just about the right length. I would definitely be up for more games like this in the future.",True,2017-07-11T22:35:26+00:00,2017-07-11T22:35:26+00:00,356.0,356.0,0.0,0.0,0.0,0.5,True,False,False,False,76561198015144135,,12.0,False,False,766,141,5.933333333333334,5.933333333333334,3-10h,positive
