review_id,steam_app_id,game_key,game_name,language,review_text_raw,review_text_clean,recommended,created_at,updated_at,playtime_forever_minutes,playtime_at_review_minutes,playtime_last_two_weeks_minutes,votes_up,votes_funny,weighted_vote_score,steam_purchase,received_for_free,written_during_early_access,refunded,author_steam_id,author_num_games_owned,author_num_reviews,is_empty,is_very_short,review_length_chars,review_length_words,playtime_forever_hours,playtime_at_review_hours,playtime_segment,overall_sentiment
101475199,1162700,midnight-protocol,Midnight Protocol,english,"[h1]Hack into a sci-fi near-future in an immersive, robust keyboard-only gameplay experience.[/h1]

Near-future science fiction is “set just far enough in the future to allow for certain technological or social changes without being so different that it is necessary to explain” ([i]Encyclopedia of Science Fiction[/i]). Taking place about 40 years in our future, [i]Midnight Protocol[/i] creates a remarkably robust and immersive gameplay experience using only keyboard commands - no mouse!

[h1]Game Universe[/h1]
Taking place in Budapest in the year 2062, the player takes on the persona of Data, a hacker arrested one year prior after being doxxed who has recently been released due to insufficient evidence. Along with their allies Clover (a hacker trained by Data) and Snail (an information broker), Data sets out to learn how their identity was uncovered and why it was exposed.

The story unfolds slowly, which makes sense for a game where the action is occurring within a computer universe. Much of the terminology will feel familiar to players knowledgeable about computers, such as command, program, SysOp, boot, and more. The subtle use of leetspeak and textspeak builds a realistic world without seeming overdone. For example, Clover’s nom de guerre is written as C10v3r for her username. There are also some interesting terminology choices, such as the word ‘deck’ for the programs selected to be taken on a particular mission.

[h1]Gameplay and Mechanics[/h1]
The Steam store describes [i]Midnight Protocol[/i] as “a tactical narrative-driven RPG”. The flavor of a particular playthrough is influenced by the player’s choices. Reputation can be gained in three areas that influence what missions and programs become available. Grey hat reputation will be required no matter what as it relates to Data’s accomplishments and skill as a hacker. White hat reputation relates to making choices favoring ideals, while black hat reputation relates to criminal or selfish actions. While I agree the game is narrative-driven, I feel the gameplay and mechanics have more in common with turn-based strategy games. There are broadly two areas of play: the home console and networks. 

The home console is where much of the story progression takes place, through email conversations and performing research on the intranet, as well as preparing for missions. The Port Scanner under Addresses can provide useful information about a network, such as what types of nodes will be present or the length of the trace bar. The player can only take a limited number of programs, called a deck, with them on each mission, so part of the strategy is deciding which programs to choose. For example, the player may want to take the leech program to help siphon funds from finance nodes or the spoon program to help decrypt encryption nodes. It reminds me of deck-building games, which is perhaps why the developers chose the term. As the game progresses, the player can choose to buy new programs or hardware from the Black Market, as long as they have sufficient credits, so it’s important to be choosy about which programs to buy in what order.

https://steamcommunity.com/sharedfiles/filedetails/?id=2634776057

Networks are where the turn-based aspect of the game comes into play. The player has 2 actions per turn, which include commands like moving to an adjacent node, running one of the programs from their deck, or interfacing with a node. There are different types of nodes (e.g., finance, encryption, bridge, data), and the interface command will be different at each type. For example, at an access node the interface command can be used to remove three traces from the Trace Bar once per mission. Most networks have some level of static protection in the form of Intrusion Countermeasure Electronics (ICE). Triggering an ICE will cause nasty effects for the player and increase the trace. The player passes the turn to the AI by using the end command. The network tries to trace the player on its turn, and if it succeeds enough times to max the Trace Bar it causes problems, such as loss of credits or deleted programs. Some networks will also have a Systems Operator (SysOp) that patrols the connections and adds an additional layer of strategy and challenge. Being cautious and checking a connection for ICE before moving takes time, but moving without checking runs the risk of triggering an ICE, so the player must balance speed and risk. Managing the distribution of processing slices per program is an essential part of gameplay strategy. Some programs require a set amount of slices and run a set number of turns, while some programs’ effectiveness depends on how many slices have been assigned to that program. Leaving slices idle at the end of a turn generally leads to less desirable outcomes. Once the objectives have been met, the player can use the exit command to leave the network. Unless otherwise stated, a mission cannot be replayed once it has been completed, so it is important to confirm that the desired outcome has been achieved before leaving the network.

https://steamcommunity.com/sharedfiles/filedetails/?id=2634776559

[h1]Art Style and Graphics[/h1]
The art style of [i]Midnight Protocol[/i] is minimalist, mainly using a monochromatic color scheme with purposeful noise reminiscent of analog television or VHS tapes. The home console user interface design is largely intuitive, and the player can choose from several themes to customize its appearance. All of the themes available at the start of the game are essentially monochromatic color schemes with varying levels of noise. There are additional themes that can be unlocked while playing, but I haven’t successfully done that yet in my playthroughs.

The visual representation of networks is where the game really shines. Different networks are visually distinct with consistent shapes for the node types. I found the default screen layout intuitive, but it is fully customizable if a player would prefer to change the location of components such as the Trace Bar or Objective List.

https://steamcommunity.com/sharedfiles/filedetails/?id=2634776907

[h1]Sound and Music[/h1]
The sound effects enhance the worldbuilding with typing as well as pinging, beeping, and other electronic elements on-brand for a hacker game, and the electronic aspects carry over into the music as well. The music of [i]Midnight Protocol[/i] is emotive yet subtle, “letting your keystrokes become part of the soundtrack” as the Steam store description says. As of the time of review, I haven’t encountered any voice acting in the game, but this makes sense considering the game’s immersive style. I’m interested to see if the music changes in the later game, particularly with regard to how the story evolves with white hat, grey hat, or black hat reputation.

[h1]Verdict[/h1]
[i]Midnight Protocol[/i] offers hours of content between the main plotline and optional side quests, as well as Steam trading cards and 18 possible achievements, making its $14.99 price tag (as of the time of review) more than fair. One flaw that merits a mention is the inability to save manually, which hampers full exploration of the different avenues without significant repetition. Since the game’s release the developers have been responsive to making improvements to the gameplay experience, so my fingers are crossed that manual saving becomes an option sometime in the future. I haven’t finished my initial playthrough yet, but I’m enjoying my time in the [i]Midnight Protocol[/i] universe. I would recommend [i]Midnight Protocol[/i] to fans of hacking games and culture, the near-future science fiction subgenre, or keyboard-only typing games.

[quote]Visit SaveOrQuit.com for detailed game reviews, posted daily![/quote]","[h1]Hack into a sci-fi near-future in an immersive, robust keyboard-only gameplay experience.[/h1] Near-future science fiction is “set just far enough in the future to allow for certain technological or social changes without being so different that it is necessary to explain” ([i]Encyclopedia of Science Fiction[/i]). Taking place about 40 years in our future, [i]Midnight Protocol[/i] creates a remarkably robust and immersive gameplay experience using only keyboard commands - no mouse! [h1]Game Universe[/h1] Taking place in Budapest in the year 2062, the player takes on the persona of Data, a hacker arrested one year prior after being doxxed who has recently been released due to insufficient evidence. Along with their allies Clover (a hacker trained by Data) and Snail (an information broker), Data sets out to learn how their identity was uncovered and why it was exposed. The story unfolds slowly, which makes sense for a game where the action is occurring within a computer universe. Much of the terminology will feel familiar to players knowledgeable about computers, such as command, program, SysOp, boot, and more. The subtle use of leetspeak and textspeak builds a realistic world without seeming overdone. For example, Clover’s nom de guerre is written as C10v3r for her username. There are also some interesting terminology choices, such as the word ‘deck’ for the programs selected to be taken on a particular mission. [h1]Gameplay and Mechanics[/h1] The Steam store describes [i]Midnight Protocol[/i] as “a tactical narrative-driven RPG”. The flavor of a particular playthrough is influenced by the player’s choices. Reputation can be gained in three areas that influence what missions and programs become available. Grey hat reputation will be required no matter what as it relates to Data’s accomplishments and skill as a hacker. White hat reputation relates to making choices favoring ideals, while black hat reputation relates to criminal or selfish actions. While I agree the game is narrative-driven, I feel the gameplay and mechanics have more in common with turn-based strategy games. There are broadly two areas of play: the home console and networks. The home console is where much of the story progression takes place, through email conversations and performing research on the intranet, as well as preparing for missions. The Port Scanner under Addresses can provide useful information about a network, such as what types of nodes will be present or the length of the trace bar. The player can only take a limited number of programs, called a deck, with them on each mission, so part of the strategy is deciding which programs to choose. For example, the player may want to take the leech program to help siphon funds from finance nodes or the spoon program to help decrypt encryption nodes. It reminds me of deck-building games, which is perhaps why the developers chose the term. As the game progresses, the player can choose to buy new programs or hardware from the Black Market, as long as they have sufficient credits, so it’s important to be choosy about which programs to buy in what order. https://steamcommunity.com/sharedfiles/filedetails/?id=2634776057 Networks are where the turn-based aspect of the game comes into play. The player has 2 actions per turn, which include commands like moving to an adjacent node, running one of the programs from their deck, or interfacing with a node. There are different types of nodes (e.g., finance, encryption, bridge, data), and the interface command will be different at each type. For example, at an access node the interface command can be used to remove three traces from the Trace Bar once per mission. Most networks have some level of static protection in the form of Intrusion Countermeasure Electronics (ICE). Triggering an ICE will cause nasty effects for the player and increase the trace. The player passes the turn to the AI by using the end command. The network tries to trace the player on its turn, and if it succeeds enough times to max the Trace Bar it causes problems, such as loss of credits or deleted programs. Some networks will also have a Systems Operator (SysOp) that patrols the connections and adds an additional layer of strategy and challenge. Being cautious and checking a connection for ICE before moving takes time, but moving without checking runs the risk of triggering an ICE, so the player must balance speed and risk. Managing the distribution of processing slices per program is an essential part of gameplay strategy. Some programs require a set amount of slices and run a set number of turns, while some programs’ effectiveness depends on how many slices have been assigned to that program. Leaving slices idle at the end of a turn generally leads to less desirable outcomes. Once the objectives have been met, the player can use the exit command to leave the network. Unless otherwise stated, a mission cannot be replayed once it has been completed, so it is important to confirm that the desired outcome has been achieved before leaving the network. https://steamcommunity.com/sharedfiles/filedetails/?id=2634776559 [h1]Art Style and Graphics[/h1] The art style of [i]Midnight Protocol[/i] is minimalist, mainly using a monochromatic color scheme with purposeful noise reminiscent of analog television or VHS tapes. The home console user interface design is largely intuitive, and the player can choose from several themes to customize its appearance. All of the themes available at the start of the game are essentially monochromatic color schemes with varying levels of noise. There are additional themes that can be unlocked while playing, but I haven’t successfully done that yet in my playthroughs. The visual representation of networks is where the game really shines. Different networks are visually distinct with consistent shapes for the node types. I found the default screen layout intuitive, but it is fully customizable if a player would prefer to change the location of components such as the Trace Bar or Objective List. https://steamcommunity.com/sharedfiles/filedetails/?id=2634776907 [h1]Sound and Music[/h1] The sound effects enhance the worldbuilding with typing as well as pinging, beeping, and other electronic elements on-brand for a hacker game, and the electronic aspects carry over into the music as well. The music of [i]Midnight Protocol[/i] is emotive yet subtle, “letting your keystrokes become part of the soundtrack” as the Steam store description says. As of the time of review, I haven’t encountered any voice acting in the game, but this makes sense considering the game’s immersive style. I’m interested to see if the music changes in the later game, particularly with regard to how the story evolves with white hat, grey hat, or black hat reputation. [h1]Verdict[/h1] [i]Midnight Protocol[/i] offers hours of content between the main plotline and optional side quests, as well as Steam trading cards and 18 possible achievements, making its $14.99 price tag (as of the time of review) more than fair. One flaw that merits a mention is the inability to save manually, which hampers full exploration of the different avenues without significant repetition. Since the game’s release the developers have been responsive to making improvements to the gameplay experience, so my fingers are crossed that manual saving becomes an option sometime in the future. I haven’t finished my initial playthrough yet, but I’m enjoying my time in the [i]Midnight Protocol[/i] universe. I would recommend [i]Midnight Protocol[/i] to fans of hacking games and culture, the near-future science fiction subgenre, or keyboard-only typing games. [quote]Visit SaveOrQuit.com for detailed game reviews, posted daily![/quote]",True,2021-10-23T05:33:02+00:00,2021-10-23T05:35:23+00:00,576.0,574.0,0.0,52.0,1.0,0.7881929278373718,False,True,False,False,76561198032373667,,65.0,False,False,7761,1221,9.6,9.566666666666666,3-10h,positive
101304538,1162700,midnight-protocol,Midnight Protocol,english,"[table]
[tr]
[td]🔵 POI[/td]
[td]✔️ Pos[/td]
[td]❌ Neg[/td]
[td]💡  Ideas[/td]
[td]🍿  Video[/td]
[td]⭐ STAR[/td]
[/tr]
[/table]

[h2]FINAL REVIEW[/h2]
🔵Ultimately MP is a puzzle game running under the guise of a hacker game.
🔵Each Network is a puzzle, and you must defeat the puzzle using commands & tools.
🔵MP could be considered a Lightweight Hacker game which introduces turn-based gameplay 
🔵Has some additional unique and impressive gameplay mechanics.
🔵I was instantly Immersed by the story and the characters.
🔵In MP you don't use anything other than KB.
🔵At the beginning of the game you don't get to pick your username (it's Data).
🔵You also don't get to pick a password (just keep pressing lol).
🔵Writing emails does not care what buttons you press either & it kind of works!
🔵Not Linear gameplay, you can chose the direction and specialisation you want.
🔵Can be challenging, especially when learning how things work and what things mean.
 
[h3]POSITIVES[/h3]
✔️Audio
✔️Story
✔️Characters
✔️UI
✔️Gameplay style
✔️Game mechanics
✔️I like how your action dictate what software and job opportunities you get.
✔️I like how the email system works, feel real-time.
✔️I enjoyed the hardware side of things (made it a lot easier).
✔️Not Linear, your actions guide progression: Jobs, Software and Opportunities.

[h3]NEGATIVES[/h3]
❌Absolutely nothing comes to mind right now...I will keep looking.
❌Unable to reload from a previous save point (I ran out of HDD space and wanted to go back)
❌I got one!  I wish "".a0"" was accepted instead of "". a0"" (phew that was tough!).
❌Some of the important lessons were missing from the tutorial (Bridge shutdown arrows).
❌I am immeasurably frustrated that my scanner last 2 turns but works just once!
❌WHY Can't I direct the SPIDER?? Spider c4 for example????

[h3]STAR FEATURES[/h3]
⭐This is totally unique and incredibly impressive.  
⭐I love hacking games but sometimes I am too tired. THIS is the perfect middle-ground.
⭐Story is spot on.
⭐The UI is excellent
⭐The gameplay is outrageously good.

[h3]MY RECOMMENDATIONS & IDEAS[/h3]
💡DLC + MORE, More More!!!
💡I would have liked the Hardware to be more realistic & software to take more on.
💡Software that highlights ICE instead of hardware for example.
💡Ability to chain commands ex: `.c1,. c2`
💡Show network map BEFORE starting a mission so you can pick deck better (saves time).
💡HARDCORE Mode without option to rollback (could result in fail or need for multiple attacks).
💡Installing trojans on systems without being asked might open up NEW job opp.

[h3]VIDEOS[/h3]
🍿FULL REVIEW
https://youtu.be/A4XA3Shyn0A

🍿GAMEPLAY
https://www.youtube.com/watch?v=wbexpInY6RQ&list=PLqCcKPhsV5eC9wMowMbVKk6OKJHc5o5N9

[table]
[tr]
[td]JOIN HERE[/td][th]https://store.steampowered.com/curator/27020841-Sim-UK/[/th]
[/tr]
[/table]","[table] [tr] [td]🔵 POI[/td] [td]✔️ Pos[/td] [td]❌ Neg[/td] [td]💡 Ideas[/td] [td]🍿 Video[/td] [td]⭐ STAR[/td] [/tr] [/table] [h2]FINAL REVIEW[/h2] 🔵Ultimately MP is a puzzle game running under the guise of a hacker game. 🔵Each Network is a puzzle, and you must defeat the puzzle using commands & tools. 🔵MP could be considered a Lightweight Hacker game which introduces turn-based gameplay 🔵Has some additional unique and impressive gameplay mechanics. 🔵I was instantly Immersed by the story and the characters. 🔵In MP you don't use anything other than KB. 🔵At the beginning of the game you don't get to pick your username (it's Data). 🔵You also don't get to pick a password (just keep pressing lol). 🔵Writing emails does not care what buttons you press either & it kind of works! 🔵Not Linear gameplay, you can chose the direction and specialisation you want. 🔵Can be challenging, especially when learning how things work and what things mean. [h3]POSITIVES[/h3] ✔️Audio ✔️Story ✔️Characters ✔️UI ✔️Gameplay style ✔️Game mechanics ✔️I like how your action dictate what software and job opportunities you get. ✔️I like how the email system works, feel real-time. ✔️I enjoyed the hardware side of things (made it a lot easier). ✔️Not Linear, your actions guide progression: Jobs, Software and Opportunities. [h3]NEGATIVES[/h3] ❌Absolutely nothing comes to mind right now...I will keep looking. ❌Unable to reload from a previous save point (I ran out of HDD space and wanted to go back) ❌I got one! I wish "".a0"" was accepted instead of "". a0"" (phew that was tough!). ❌Some of the important lessons were missing from the tutorial (Bridge shutdown arrows). ❌I am immeasurably frustrated that my scanner last 2 turns but works just once! ❌WHY Can't I direct the SPIDER?? Spider c4 for example???? [h3]STAR FEATURES[/h3] ⭐This is totally unique and incredibly impressive. ⭐I love hacking games but sometimes I am too tired. THIS is the perfect middle-ground. ⭐Story is spot on. ⭐The UI is excellent ⭐The gameplay is outrageously good. [h3]MY RECOMMENDATIONS & IDEAS[/h3] 💡DLC + MORE, More More!!! 💡I would have liked the Hardware to be more realistic & software to take more on. 💡Software that highlights ICE instead of hardware for example. 💡Ability to chain commands ex: `.c1,. c2` 💡Show network map BEFORE starting a mission so you can pick deck better (saves time). 💡HARDCORE Mode without option to rollback (could result in fail or need for multiple attacks). 💡Installing trojans on systems without being asked might open up NEW job opp. [h3]VIDEOS[/h3] 🍿FULL REVIEW https://youtu.be/A4XA3Shyn0A 🍿GAMEPLAY https://www.youtube.com/watch?v=wbexpInY6RQ&list=PLqCcKPhsV5eC9wMowMbVKk6OKJHc5o5N9 [table] [tr] [td]JOIN HERE[/td][th]https://store.steampowered.com/curator/27020841-Sim-UK/[/th] [/tr] [/table]",True,2021-10-19T17:34:24+00:00,2021-10-22T09:16:13+00:00,1754.0,199.0,0.0,13.0,0.0,0.5284419655799866,False,True,False,False,76561198136421655,,625.0,False,False,2797,422,29.233333333333334,3.316666666666667,3-10h,positive
118898301,1162700,midnight-protocol,Midnight Protocol,english,"[h1]Midnight Protocol[/h1]

Interesting game, a wonderful time killer and definitely a hidden gem. I really wonder why more people aren't playing it. The game mixes hacking, puzzles, and storytelling into one fun little experience. It's nothing new, the story is just above average and there are a few flaws. And if you've played games like Uplink, Hacknet, Nite Team 4, or even the hacking part of the new Shadowrun games, you'll be familiar with most parts of the gameplay. But overall I have no hesitation in recommending the game at full price and definitely on sale.

[b]Postive:[/b]

1.) Immersion and atmosphere are top notch. The beginning is a bit rough, boring and repetitive, but it picks up the pace pretty quickly and doesn't slow down until the end. After the tutorial and the first few standard missions you can't and don't want to stop. Just ""one"" more mission and hours later, after some really intense battles and boss fights, you start to see the full potential of the game.

2.) Some missions and side missions are the real deal. I've had some of the most intense moments in recent memory, taking on other hackers or ""bosses"" in some highly dynamic puzzle battles. And not even in real time, just by typing commands into my keyboard. This is a great achievement by the developers. And some of the side missions are really well written.

3.) The soundtrack is great and a wonderful addition to the immersion and intensity during most missions.

4.) Graphics and user interface are minimalistic but quite polished. There is nothing to complain about.  didn't notice any bugs or crashes either.

[b]Neutral:[/b]

1.) The story could be a lot better. It's your well-known sci-fi/cyper story that you've heard, read, or seen many times. Maybe it would be ok if it was your first cyber/hacking game, but a little creativity here and the game would be a real masterpiece.

2.) The gameplay is strange at first. There doesn't seem to be much depth. But once you get used to the keyboard-only mechanics and get more and more programs and hardware to work with, the possibilities and depth get pretty good. You can build your deck based on your playstyle, but there are always some limitations on what programs you should bring. And some are just better than others. It's still good, but that's definitely a point where the game could be better. And that RNG can really mess thing up. 

[b]Cons:[/b]

1.) There is no manual saving. Yes, I understand it. It ""adds"" to the immersion or something like that. But in a game where you can take different paths and make certain decisions, I think a save function is an absolute must. Even more so when you have to play and answer certain side missions perfectly in order to see everything the game has to offer. And it's not so clear what to answer or what to do to advance the side story and get the next mission. I got pretty pissed when I read about things I missed while being very careful to avoid doing just that. But one wrong answer, or move and that's it. Better luck next time. I don't like this decision at all.

[b]Conclusion:[/b]

I don't know the full story behind the game and the devs, but only 131 reviews for a great title like this is just sad. It's about 25-30 hours of gameplay, fun, and intensity. It's a solid piece of work with a lot of commitment put into it and well worth the price and I hope more people find out about this hidden gem. If you like hacking/puzzle games or want to get into it, don't be shy. Try it out and if you like it, spread the word. Midnight Protocol deserves a good community as so far there are no achievement guides, walktroughts or tips for specific missions, deck/hardware discussions and the like.","[h1]Midnight Protocol[/h1] Interesting game, a wonderful time killer and definitely a hidden gem. I really wonder why more people aren't playing it. The game mixes hacking, puzzles, and storytelling into one fun little experience. It's nothing new, the story is just above average and there are a few flaws. And if you've played games like Uplink, Hacknet, Nite Team 4, or even the hacking part of the new Shadowrun games, you'll be familiar with most parts of the gameplay. But overall I have no hesitation in recommending the game at full price and definitely on sale. [b]Postive:[/b] 1.) Immersion and atmosphere are top notch. The beginning is a bit rough, boring and repetitive, but it picks up the pace pretty quickly and doesn't slow down until the end. After the tutorial and the first few standard missions you can't and don't want to stop. Just ""one"" more mission and hours later, after some really intense battles and boss fights, you start to see the full potential of the game. 2.) Some missions and side missions are the real deal. I've had some of the most intense moments in recent memory, taking on other hackers or ""bosses"" in some highly dynamic puzzle battles. And not even in real time, just by typing commands into my keyboard. This is a great achievement by the developers. And some of the side missions are really well written. 3.) The soundtrack is great and a wonderful addition to the immersion and intensity during most missions. 4.) Graphics and user interface are minimalistic but quite polished. There is nothing to complain about. didn't notice any bugs or crashes either. [b]Neutral:[/b] 1.) The story could be a lot better. It's your well-known sci-fi/cyper story that you've heard, read, or seen many times. Maybe it would be ok if it was your first cyber/hacking game, but a little creativity here and the game would be a real masterpiece. 2.) The gameplay is strange at first. There doesn't seem to be much depth. But once you get used to the keyboard-only mechanics and get more and more programs and hardware to work with, the possibilities and depth get pretty good. You can build your deck based on your playstyle, but there are always some limitations on what programs you should bring. And some are just better than others. It's still good, but that's definitely a point where the game could be better. And that RNG can really mess thing up. [b]Cons:[/b] 1.) There is no manual saving. Yes, I understand it. It ""adds"" to the immersion or something like that. But in a game where you can take different paths and make certain decisions, I think a save function is an absolute must. Even more so when you have to play and answer certain side missions perfectly in order to see everything the game has to offer. And it's not so clear what to answer or what to do to advance the side story and get the next mission. I got pretty pissed when I read about things I missed while being very careful to avoid doing just that. But one wrong answer, or move and that's it. Better luck next time. I don't like this decision at all. [b]Conclusion:[/b] I don't know the full story behind the game and the devs, but only 131 reviews for a great title like this is just sad. It's about 25-30 hours of gameplay, fun, and intensity. It's a solid piece of work with a lot of commitment put into it and well worth the price and I hope more people find out about this hidden gem. If you like hacking/puzzle games or want to get into it, don't be shy. Try it out and if you like it, spread the word. Midnight Protocol deserves a good community as so far there are no achievement guides, walktroughts or tips for specific missions, deck/hardware discussions and the like.",True,2022-07-16T10:54:21+00:00,2022-07-16T11:30:50+00:00,1972.0,1972.0,0.0,11.0,0.0,0.6673147082328796,False,False,False,False,76561198067265072,,98.0,False,False,3691,655,32.86666666666667,32.86666666666667,10h+,positive
101001863,1162700,midnight-protocol,Midnight Protocol,english,"Midnight Protocol really makes you feel like a real hacker. You have to make different choices in the game which really make you think and question your own ethical code.

The controls are purely based on keyboard input, but after a few minutes you won't even miss your mouse. You'll be entering commands at blazing speed and be caught up in the action. Once you start, it's very easy to get 'in the zone' and a 10 minute session quickly takes much longer.

The music and graphics are really immersive and I like how you can customize your deck to align with your approach (slow and steady / guns blazing).

Would definitely recommend if you like hacking-type games / story rich puzzle games!","Midnight Protocol really makes you feel like a real hacker. You have to make different choices in the game which really make you think and question your own ethical code. The controls are purely based on keyboard input, but after a few minutes you won't even miss your mouse. You'll be entering commands at blazing speed and be caught up in the action. Once you start, it's very easy to get 'in the zone' and a 10 minute session quickly takes much longer. The music and graphics are really immersive and I like how you can customize your deck to align with your approach (slow and steady / guns blazing). Would definitely recommend if you like hacking-type games / story rich puzzle games!",True,2021-10-13T17:49:13+00:00,2021-10-13T17:49:13+00:00,322.0,322.0,0.0,11.0,2.0,0.5210810303688049,False,False,False,False,76561197973913877,,2.0,False,False,689,123,5.366666666666666,5.366666666666666,3-10h,positive
108328715,1162700,midnight-protocol,Midnight Protocol,english,"This is a game that while via screenshots, doesn't look like much, is a very very cool unique take on the ""hacking"" genre.  It's entirely keyboard driven, and while that may feel like a hindrance, it actually adds to the game's immersion.  All controls are well thought out and seamless, and there's no awkward switching between mouse and keyboard like many typical games might do.

The gameplay itself is a little bit puzzle and a healthy dose of turn based tactics.  There's some RNG involved, and while you can't save scum individual moves, restarting a level is quick and painless, so if you really get boned by RNG (rare but could happen), you don't feel bad giving it another shot.

Honestly, it feels like XCOM in how it feels to do well (or poorly), getting a few lucky dice rolls, or missing a few 90% shots, but there's usually enough wiggle room baked in that it doesn't ruin your run.

There's also a cool RPG-ish element of progression.  As you get further, you buy new programs and hardware to customize your abilities.  Do you want to be stealthy and slow?  Do you want to be fast and brash?  Do you need a sniper program to deal with a long range enemy, or one that helps you open additional paths from a distance to skirt a danger?

On top of all that, the presentation is much slicker in game than screenshots may reveal.  Everything is cohesive in feel, animated in a flashy, but appropriate manner.  The sound effects and music are very hacker feeling and enjoyable. 

Finally, there's actually a story!  I'm still going through it, so I can't comment on its entire arc, but it involves you working with friends to accomplish various goals, and there's a range of personal crisis, professional concerns, morality.  It actually feels somewhat real, like you're actually emailing other people, and it adds some reasons to what you're doing.

All in all, an unusual game that's well worth playing.","This is a game that while via screenshots, doesn't look like much, is a very very cool unique take on the ""hacking"" genre. It's entirely keyboard driven, and while that may feel like a hindrance, it actually adds to the game's immersion. All controls are well thought out and seamless, and there's no awkward switching between mouse and keyboard like many typical games might do. The gameplay itself is a little bit puzzle and a healthy dose of turn based tactics. There's some RNG involved, and while you can't save scum individual moves, restarting a level is quick and painless, so if you really get boned by RNG (rare but could happen), you don't feel bad giving it another shot. Honestly, it feels like XCOM in how it feels to do well (or poorly), getting a few lucky dice rolls, or missing a few 90% shots, but there's usually enough wiggle room baked in that it doesn't ruin your run. There's also a cool RPG-ish element of progression. As you get further, you buy new programs and hardware to customize your abilities. Do you want to be stealthy and slow? Do you want to be fast and brash? Do you need a sniper program to deal with a long range enemy, or one that helps you open additional paths from a distance to skirt a danger? On top of all that, the presentation is much slicker in game than screenshots may reveal. Everything is cohesive in feel, animated in a flashy, but appropriate manner. The sound effects and music are very hacker feeling and enjoyable. Finally, there's actually a story! I'm still going through it, so I can't comment on its entire arc, but it involves you working with friends to accomplish various goals, and there's a range of personal crisis, professional concerns, morality. It actually feels somewhat real, like you're actually emailing other people, and it adds some reasons to what you're doing. All in all, an unusual game that's well worth playing.",True,2022-01-19T14:13:24+00:00,2022-01-19T14:13:24+00:00,9145.0,7459.0,0.0,8.0,0.0,0.609128475189209,True,False,False,False,76561197968492728,,19.0,False,False,1896,334,152.41666666666666,124.31666666666666,10h+,positive
101425901,1162700,midnight-protocol,Midnight Protocol,english,"If you've ever played the CCG/LCG Netrunner, you'll feel right at home.  Game feels like a tense puzzle, the story and side-plots are interesting and engaging, and it's overall a great experience... albeit with some minor frustrations, which others have already pointed out.  The very nature of the game makes it prone to RNG frustrations, and removing that would make it a matter of rote memorization to retry and complete each level.

Despite the occasional frustration, though, the game is extremely immersive, very satisfying, and one I can heartily recommend.  Seriously, if you liked Netrunner, you'll definitely enjoy this.  Also look out for the Onitama easter egg.","If you've ever played the CCG/LCG Netrunner, you'll feel right at home. Game feels like a tense puzzle, the story and side-plots are interesting and engaging, and it's overall a great experience... albeit with some minor frustrations, which others have already pointed out. The very nature of the game makes it prone to RNG frustrations, and removing that would make it a matter of rote memorization to retry and complete each level. Despite the occasional frustration, though, the game is extremely immersive, very satisfying, and one I can heartily recommend. Seriously, if you liked Netrunner, you'll definitely enjoy this. Also look out for the Onitama easter egg.",True,2021-10-22T07:24:12+00:00,2021-10-22T07:24:12+00:00,548.0,452.0,0.0,8.0,0.0,0.5539335608482361,True,False,False,False,76561197970096848,,39.0,False,False,668,107,9.133333333333333,7.533333333333333,3-10h,positive
210344553,1162700,midnight-protocol,Midnight Protocol,english,"This game really surprised me. At first I was really skeptical. Do I need to know coding? Would this be really hard? But no. 

Unique turn based gameplay. Amazing story. Very immersive. Choices matter. Choose your hacking programs, hardware. Be badass hacker.

I really recommend this game to everyone. Give it a try. It's actually really good!","This game really surprised me. At first I was really skeptical. Do I need to know coding? Would this be really hard? But no. Unique turn based gameplay. Amazing story. Very immersive. Choices matter. Choose your hacking programs, hardware. Be badass hacker. I really recommend this game to everyone. Give it a try. It's actually really good!",True,2025-11-25T07:19:05+00:00,2025-11-25T14:36:37+00:00,1213.0,1213.0,0.0,7.0,0.0,0.6288209557533264,False,False,False,False,76561197996536971,,11.0,False,False,341,57,20.216666666666665,20.216666666666665,10h+,positive
138750730,1162700,midnight-protocol,Midnight Protocol,english,"I don't normally write reviews, but considering this gem has only 162 reviews at the time of writing, I kinda have to do it - it just deserves much better visibility.

First thing's first - this is not a hacking game - you don't need any real hacking knowledge and you won't earn any either. It just borrows some general ""hacking aesthetic"" - you need to uncover secrets that was not supposed to ever go public, unlock new malware on black market that helps you proceed, you consult your fellow hack buddies, get to make some decisions that affect real people outside of the net - all that while combating the threat of being traced. And oh, all that is achieved exclusively by typing commands. Gameplay-wise, I found it pretty fun, but after you unlock some programs that might be a little too OP, the game might become a bit too easy and stale. You can unlock some challenges to make it harder though, but personally I didn't see a point. The game does everything to combat the staleness though - even the most broken combos won't work in every other situation - you have to change your loadout quite often. Also, the production value is on an unreal level - there are quite a lot of special one-time mechanics just for that level.

The main thing that made me glued to the monitor though, was the story. It starts a bit slow, but delivers EXPERTLY. It manages to make you care about your buddies - even though you don't really know much about them - anonymity is a thing in the hacking world after all. It telegraphs certain story points to make you feel like you know what's going to happen and still manages to throw you off. I also really adore how the writers leveraged the fact that it feels like you - the player, in our world - is doing all this nerdy stuff, hacking, emailing and so on - but no spoilers - you'd have to see that for yourself. 

The music though may be the weakest link in the game - it's nice, but I felt like there is only one track playing over and over and over. Even the boss music is a variation of the same track - this is actually pretty nice, because you feel there are some stakes involved. 

Concluding - you should really get the game - it's absolutely worth every penny. 
","I don't normally write reviews, but considering this gem has only 162 reviews at the time of writing, I kinda have to do it - it just deserves much better visibility. First thing's first - this is not a hacking game - you don't need any real hacking knowledge and you won't earn any either. It just borrows some general ""hacking aesthetic"" - you need to uncover secrets that was not supposed to ever go public, unlock new malware on black market that helps you proceed, you consult your fellow hack buddies, get to make some decisions that affect real people outside of the net - all that while combating the threat of being traced. And oh, all that is achieved exclusively by typing commands. Gameplay-wise, I found it pretty fun, but after you unlock some programs that might be a little too OP, the game might become a bit too easy and stale. You can unlock some challenges to make it harder though, but personally I didn't see a point. The game does everything to combat the staleness though - even the most broken combos won't work in every other situation - you have to change your loadout quite often. Also, the production value is on an unreal level - there are quite a lot of special one-time mechanics just for that level. The main thing that made me glued to the monitor though, was the story. It starts a bit slow, but delivers EXPERTLY. It manages to make you care about your buddies - even though you don't really know much about them - anonymity is a thing in the hacking world after all. It telegraphs certain story points to make you feel like you know what's going to happen and still manages to throw you off. I also really adore how the writers leveraged the fact that it feels like you - the player, in our world - is doing all this nerdy stuff, hacking, emailing and so on - but no spoilers - you'd have to see that for yourself. The music though may be the weakest link in the game - it's nice, but I felt like there is only one track playing over and over and over. Even the boss music is a variation of the same track - this is actually pretty nice, because you feel there are some stakes involved. Concluding - you should really get the game - it's absolutely worth every penny.",True,2023-05-22T10:09:15+00:00,2023-05-22T10:09:15+00:00,1107.0,1107.0,0.0,6.0,0.0,0.6009122133255005,True,False,False,False,76561198031858163,,5.0,False,False,2204,412,18.45,18.45,10h+,positive
116227604,1162700,midnight-protocol,Midnight Protocol,english,"Let me start off by saying that this game is way better than Uplink. (Despite being somewhat inspired by it)

Midnight Protocol is a turn-based strategy game with some RPG elements. The game is 100% played on your keyboard and you type the commands that you want to perform while moving around a board. Commands range from offensive or stealth, with a multitude of types to choose from and while navigating the board, you are destroying/avoiding antivirus programs called ICE as well as security system admins called Sys ops. While it might not sound like much at first,  the gameplay is a solid, intense and addictive experience.

The story and characters in Midnight Protocol are enthralling, and kept me constantly guessing as to what was going to happen next. To be brief, you are a reputable hacker named DATA taking on jobs for people from all walks of life. Your jobs range from hacking into banks, planting evidence, and deleting evidence of infidelity off of some couples' iCloud to prevent some idiot's divorce. (No, seriously.) 

One thing that this game handles very well, in my opinion, is choice. In almost every mission, you are given a choice that affects your moral standing in the game' s world. The game measures your choices and you have 3 meters: White hat (Good), Black hat (Bad), Gray hat (Morally grey). A nice touch considering that hackers in this world (as well as somewhat in our own) are considered to be modern day outlaws. A good chunk of your choices are meaningful for the ending, and almost none are easy which I think is where this game really shines.

To get into negatives, there is a warning when you open the game that tells you that the game is controlled solely through the keyboard. That's completely understandable the first time you launch the game, but not every time. There’s also no way to turn this off for some reason to my knowledge and it became pretty annoying after launching the game for the first time. Another negative I wanted to mention is that there is a MAJOR difficulty spike towards the end of the game. Having things get harder towards the end of a game makes absolute sense, but it felt like the game’s difficulty curve went from an incline to a straight up 90 degree angle. 

To conclude, I wanted to leave this great game a review seeing as how it doesn’t have enough of them and definitely deserves a bit more love.

4/5","Let me start off by saying that this game is way better than Uplink. (Despite being somewhat inspired by it) Midnight Protocol is a turn-based strategy game with some RPG elements. The game is 100% played on your keyboard and you type the commands that you want to perform while moving around a board. Commands range from offensive or stealth, with a multitude of types to choose from and while navigating the board, you are destroying/avoiding antivirus programs called ICE as well as security system admins called Sys ops. While it might not sound like much at first, the gameplay is a solid, intense and addictive experience. The story and characters in Midnight Protocol are enthralling, and kept me constantly guessing as to what was going to happen next. To be brief, you are a reputable hacker named DATA taking on jobs for people from all walks of life. Your jobs range from hacking into banks, planting evidence, and deleting evidence of infidelity off of some couples' iCloud to prevent some idiot's divorce. (No, seriously.) One thing that this game handles very well, in my opinion, is choice. In almost every mission, you are given a choice that affects your moral standing in the game' s world. The game measures your choices and you have 3 meters: White hat (Good), Black hat (Bad), Gray hat (Morally grey). A nice touch considering that hackers in this world (as well as somewhat in our own) are considered to be modern day outlaws. A good chunk of your choices are meaningful for the ending, and almost none are easy which I think is where this game really shines. To get into negatives, there is a warning when you open the game that tells you that the game is controlled solely through the keyboard. That's completely understandable the first time you launch the game, but not every time. There’s also no way to turn this off for some reason to my knowledge and it became pretty annoying after launching the game for the first time. Another negative I wanted to mention is that there is a MAJOR difficulty spike towards the end of the game. Having things get harder towards the end of a game makes absolute sense, but it felt like the game’s difficulty curve went from an incline to a straight up 90 degree angle. To conclude, I wanted to leave this great game a review seeing as how it doesn’t have enough of them and definitely deserves a bit more love. 4/5",True,2022-05-30T04:53:28+00:00,2022-05-30T04:53:28+00:00,1167.0,1167.0,0.0,6.0,0.0,0.5897814631462097,True,False,False,False,76561198927685997,,52.0,False,False,2378,421,19.45,19.45,10h+,positive
101287835,1162700,midnight-protocol,Midnight Protocol,english,"Android Netrunner fans will be glad to see hacking, decks, ICE breakers and mean ICEs (and counter Sysops) in action. the hacking is series of hacking puzzles with increasing complexity.

yet the game and its bland email story telling fails the create the immersion you need to continue to play. Fuerthermore the simple hacking UI gets repetitive if not boring very fast. the game lacks the complexity of NITE Team4 puzzles and its real world experiences. 

try it and play it till boredom kills you.","Android Netrunner fans will be glad to see hacking, decks, ICE breakers and mean ICEs (and counter Sysops) in action. the hacking is series of hacking puzzles with increasing complexity. yet the game and its bland email story telling fails the create the immersion you need to continue to play. Fuerthermore the simple hacking UI gets repetitive if not boring very fast. the game lacks the complexity of NITE Team4 puzzles and its real world experiences. try it and play it till boredom kills you.",True,2021-10-19T10:07:16+00:00,2021-10-19T10:07:16+00:00,2301.0,1264.0,0.0,6.0,0.0,0.547325074672699,True,False,False,False,76561198016027817,,51.0,False,False,497,85,38.35,21.066666666666666,10h+,positive
194269333,1162700,midnight-protocol,Midnight Protocol,english,"Wow, this was absolutely amazing. Yes, it is a bit hard to categorize -- it's more or less a Turn Based Strategy game with RPG elements and a strong story, completely immersed in the ""hacking"" theme. Do not expect a hacking sim, this is completely ""gamefied"", but that is exactly what makes it fun.

It starts a bit slow, but once you start to pick up upgrades, you start to think about the choices you must make (what software and hardware to pick for each assignment, for example). It isn't incredibly hard, but it will make you think if you want the best outcomes of all missions. And there are some ""secret sidequests"" which aren't too hard to find, just make sure you explore the game at your leisure.

But the good gameplay is there to support an amazing story; some of the story beats are really memorable, and expertly presented.

Now, do know the game is played with keyboard only (not even mouse). This is a stylistic choice which makes complete sense in the context of the game. And it **really** works, helping immensely with the illusion you are hacking something.

I run across very few bugs near the end of the game, but they were easily sidestepped. Very recommended, 92/100.","Wow, this was absolutely amazing. Yes, it is a bit hard to categorize -- it's more or less a Turn Based Strategy game with RPG elements and a strong story, completely immersed in the ""hacking"" theme. Do not expect a hacking sim, this is completely ""gamefied"", but that is exactly what makes it fun. It starts a bit slow, but once you start to pick up upgrades, you start to think about the choices you must make (what software and hardware to pick for each assignment, for example). It isn't incredibly hard, but it will make you think if you want the best outcomes of all missions. And there are some ""secret sidequests"" which aren't too hard to find, just make sure you explore the game at your leisure. But the good gameplay is there to support an amazing story; some of the story beats are really memorable, and expertly presented. Now, do know the game is played with keyboard only (not even mouse). This is a stylistic choice which makes complete sense in the context of the game. And it **really** works, helping immensely with the illusion you are hacking something. I run across very few bugs near the end of the game, but they were easily sidestepped. Very recommended, 92/100.",True,2025-05-05T06:03:18+00:00,2025-05-05T06:09:14+00:00,1681.0,1675.0,0.0,4.0,1.0,0.570990800857544,False,False,False,False,76561197989280149,,93.0,False,False,1187,212,28.016666666666666,27.916666666666668,10h+,positive
126050357,1162700,midnight-protocol,Midnight Protocol,english,"Its gameplay doesn't have much to do with real-life hacking but it will make you feel like a hacker.
It's a collection of tactical minigames in which you move through abstract networks avoiding or eliminating obstacles and collecting resources. That's basically it. Comparing Midnight Protocol to Hacknet doesn't make much sense because the games are so different mechanically.

In addition to solid tactical puzzles that get more complex as the game progresses, there's a strong narrative wtih rpg elements - you choose to be a good or a bad guy and the story adapts. It would take at least 2 playthroughs to see all the content (one playtrough took me 21 hrs including all side missions in turn-based mode). Visuals are top notch, minimalistic and elegant. (However, I miss the ability to rotate the view like in Invisible Inc.). Soundtrack is beautiful and atmospheric and great to listen to on its own (though main theme is a bit too melancholic for this type of game). Level design is really solid and customizable loadout makes it fun to experiment with different approaches. My favourite level is Monarch&Reiter because it's multistage, complex and non-linear.

Make sure to try out real-time mode as it changes the gameplay completely, making it more exciting and similar to real-life hacking (and much less RNG reliant). It's ideal for a second playthrough once you're familiar with the commands and stuff. 

I'd recommend it to all tactical turn-based and hacking games fans and to keyboard ninjas. I really like the game setup and would love to see a sequel with improvements primarily in the story department - the game has huge potential.","Its gameplay doesn't have much to do with real-life hacking but it will make you feel like a hacker. It's a collection of tactical minigames in which you move through abstract networks avoiding or eliminating obstacles and collecting resources. That's basically it. Comparing Midnight Protocol to Hacknet doesn't make much sense because the games are so different mechanically. In addition to solid tactical puzzles that get more complex as the game progresses, there's a strong narrative wtih rpg elements - you choose to be a good or a bad guy and the story adapts. It would take at least 2 playthroughs to see all the content (one playtrough took me 21 hrs including all side missions in turn-based mode). Visuals are top notch, minimalistic and elegant. (However, I miss the ability to rotate the view like in Invisible Inc.). Soundtrack is beautiful and atmospheric and great to listen to on its own (though main theme is a bit too melancholic for this type of game). Level design is really solid and customizable loadout makes it fun to experiment with different approaches. My favourite level is Monarch&Reiter because it's multistage, complex and non-linear. Make sure to try out real-time mode as it changes the gameplay completely, making it more exciting and similar to real-life hacking (and much less RNG reliant). It's ideal for a second playthrough once you're familiar with the commands and stuff. I'd recommend it to all tactical turn-based and hacking games fans and to keyboard ninjas. I really like the game setup and would love to see a sequel with improvements primarily in the story department - the game has huge potential.",True,2022-11-22T21:22:51+00:00,2022-11-23T20:58:14+00:00,2541.0,2541.0,0.0,4.0,0.0,0.5667148232460022,False,False,False,False,76561198328774358,,18.0,False,False,1647,274,42.35,42.35,10h+,positive
115040070,1162700,midnight-protocol,Midnight Protocol,english,"For more SteamDeck reviews be sure to check out my Steam Curator page: [url=https://store.steampowered.com/curator/42218252-Bordeaux-On-Deck/?appid=1636660] Bordeaux On Deck [/url]

I have been playing this game for some time and I always liked how immersive the game is.
I was there when it got playtested on G.Round, I have made videos on the game and even streamed it.
And now I come with something new! 

I recently got a Steamdeck (256GB version), and I am currently testing out how well games work on the SteamDeck etc.
So the following points will be about Midnight on the StreamDeck!

[h1] The Immersion I talked about.. [/h1]
The immersion is a bit gone on the Steam Deck as it's only partially playable, as the game is fully playable with keyboard. For the Steam Deck that means that you have to press the Steam button + the X button at the same time to open the keyboard. The immersion of hacking was a bit gone and I grew more tired of constantly having to do the button combinations and then press a letter on the keyboard and continue, sometimes having to do the same action 4 times in a row just to start a mission. I felt more like a developer than hacker doing this.
After a while you do get used to it, but it takes away some of the joy.

[h1] The Good [/h1]
The graphics defintly do not go to waste on the SteamDeck, it's fun to carry a 'puzzle'like game as Midnight Protocol with you and being able to play it where you go, the performance worked very well and I didn't experience any lag on the Deck. The story is very very good and Midnight Protocol is really one of a kind, so being able to travel and show this game easily to friends is a big plus. 

[h1] The Nuisance [/h1] 
For some reasons some buttons were linked to numbers (Pressing B = typing E in chat, pressing Y = Typing F in chat and pressing X = typing R in chat). Due to the x button being linked to typing R in chat, you would always type a R when opening the keyboard in the game. This way I often had to either backspace before typing firstly or had to retype certain commands as it stated rend or rmove wasn't a command.

Overall a great game and if you are willing to force yourself through that tedious keyboard command for the SteamDeck, definitely try it out on there if you have one! For the PC, it's such an immersive game, it really makes you feel like you are the hacker by having to type in the commands, typing emails and much more.

You can see my YouTube Gameplay video on Midnight Protocol here:
https://www.youtube.com/watch?v=rVPhVGQpl40 

And you can sign up to playtest games like Midnight Protocol yourself here:
[url=https://www.gameround.co/signup/BottledTastes] GameRoundCo [/url]","For more SteamDeck reviews be sure to check out my Steam Curator page: [url=https://store.steampowered.com/curator/42218252-Bordeaux-On-Deck/?appid=1636660] Bordeaux On Deck [/url] I have been playing this game for some time and I always liked how immersive the game is. I was there when it got playtested on G.Round, I have made videos on the game and even streamed it. And now I come with something new! I recently got a Steamdeck (256GB version), and I am currently testing out how well games work on the SteamDeck etc. So the following points will be about Midnight on the StreamDeck! [h1] The Immersion I talked about.. [/h1] The immersion is a bit gone on the Steam Deck as it's only partially playable, as the game is fully playable with keyboard. For the Steam Deck that means that you have to press the Steam button + the X button at the same time to open the keyboard. The immersion of hacking was a bit gone and I grew more tired of constantly having to do the button combinations and then press a letter on the keyboard and continue, sometimes having to do the same action 4 times in a row just to start a mission. I felt more like a developer than hacker doing this. After a while you do get used to it, but it takes away some of the joy. [h1] The Good [/h1] The graphics defintly do not go to waste on the SteamDeck, it's fun to carry a 'puzzle'like game as Midnight Protocol with you and being able to play it where you go, the performance worked very well and I didn't experience any lag on the Deck. The story is very very good and Midnight Protocol is really one of a kind, so being able to travel and show this game easily to friends is a big plus. [h1] The Nuisance [/h1] For some reasons some buttons were linked to numbers (Pressing B = typing E in chat, pressing Y = Typing F in chat and pressing X = typing R in chat). Due to the x button being linked to typing R in chat, you would always type a R when opening the keyboard in the game. This way I often had to either backspace before typing firstly or had to retype certain commands as it stated rend or rmove wasn't a command. Overall a great game and if you are willing to force yourself through that tedious keyboard command for the SteamDeck, definitely try it out on there if you have one! For the PC, it's such an immersive game, it really makes you feel like you are the hacker by having to type in the commands, typing emails and much more. You can see my YouTube Gameplay video on Midnight Protocol here: https://www.youtube.com/watch?v=rVPhVGQpl40 And you can sign up to playtest games like Midnight Protocol yourself here: [url=https://www.gameround.co/signup/BottledTastes] GameRoundCo [/url]",True,2022-05-06T14:25:20+00:00,2022-05-06T15:05:44+00:00,120.0,120.0,0.0,4.0,0.0,0.540179431438446,False,False,False,False,76561199071859443,,169.0,False,False,2680,481,2.0,2.0,1-3h,positive
101297195,1162700,midnight-protocol,Midnight Protocol,english,"[i] > portscanner [/i]

Midnight Protocol is a turn-based strategy/puzzle game. You role-play a hacktivist, Data. You build your own deck, interact with NPCs, and advance through the main & side missions. Think twice since your actions will impact both your reputation and the story. I really enjoy the UI, the keyboard-only controls, and how immersive it is. Everything is carefully designed in the sense that I do “feel” like a hacker. 

If you are on the fence about it, try the demo; the game will speak for itself. Keep in mind that the demo is essentially a tutorial to show the basic mechanics. You will have more freedom in the actual gameplay, using a bunch of software (active skills) and hardware (passive skills) to approach the missions in different ways.

Kudos to the devs for creating such amazing and unique game!

[i] > end [/i]","[i] > portscanner [/i] Midnight Protocol is a turn-based strategy/puzzle game. You role-play a hacktivist, Data. You build your own deck, interact with NPCs, and advance through the main & side missions. Think twice since your actions will impact both your reputation and the story. I really enjoy the UI, the keyboard-only controls, and how immersive it is. Everything is carefully designed in the sense that I do “feel” like a hacker. If you are on the fence about it, try the demo; the game will speak for itself. Keep in mind that the demo is essentially a tutorial to show the basic mechanics. You will have more freedom in the actual gameplay, using a bunch of software (active skills) and hardware (passive skills) to approach the missions in different ways. Kudos to the devs for creating such amazing and unique game! [i] > end [/i]",True,2021-10-19T14:41:58+00:00,2021-10-19T14:41:58+00:00,2529.0,889.0,0.0,4.0,1.0,0.5247867703437805,True,False,False,False,76561198069134019,,7.0,False,False,841,146,42.15,14.816666666666666,10h+,positive
101058973,1162700,midnight-protocol,Midnight Protocol,english,"Great game, quite immersive and very reminiscent of good ol' Uplink, but without the tedium of clicking links, nor the time pressure (unless you turn on the optional real time mode). Devs are also extremely responsive - had an issue, and was fixed within the day.","Great game, quite immersive and very reminiscent of good ol' Uplink, but without the tedium of clicking links, nor the time pressure (unless you turn on the optional real time mode). Devs are also extremely responsive - had an issue, and was fixed within the day.",True,2021-10-14T22:35:51+00:00,2021-10-14T22:35:51+00:00,1960.0,111.0,0.0,4.0,0.0,0.5057679414749146,True,False,False,False,76561198025165801,,21.0,False,False,263,46,32.666666666666664,1.85,1-3h,positive
107990565,1162700,midnight-protocol,Midnight Protocol,english,"[chat]
Very nice ! Immersive gameplay and narration.
If you are looking for something that  will make you feel like a hacker, then you should definitely give it a try.
[end]
[exit]","[chat] Very nice ! Immersive gameplay and narration. If you are looking for something that will make you feel like a hacker, then you should definitely give it a try. [end] [exit]",True,2022-01-14T16:01:36+00:00,2022-01-14T16:02:32+00:00,2072.0,1243.0,0.0,3.0,0.0,0.5247867703437805,False,True,False,False,76561198053949603,,27.0,False,False,179,32,34.53333333333333,20.716666666666665,10h+,positive
101574747,1162700,midnight-protocol,Midnight Protocol,english,"I found this game just before it launched. Played the demo and was very much intriged. Then bought it on release, and it hasn't let me down yet :D

It's a keyboard only game, it gives an immersive story, via a hacking game. So you have to hack all these systems and come across several firewalls, system operators, stories, side-stories and assignments, upgrade your software and hardware, etc.

All the while it still remains very much accessible and doable. This makes it in my book a very fun and immersive game. I love the setting (hacking and tech) and the story telling is done right. Graphics are well done for such a game.

In short, I am really enjoying this and highly recommend it. Especially looking at the price and number of hours that are easily spent on exploring all the stories and side-stories.","I found this game just before it launched. Played the demo and was very much intriged. Then bought it on release, and it hasn't let me down yet :D It's a keyboard only game, it gives an immersive story, via a hacking game. So you have to hack all these systems and come across several firewalls, system operators, stories, side-stories and assignments, upgrade your software and hardware, etc. All the while it still remains very much accessible and doable. This makes it in my book a very fun and immersive game. I love the setting (hacking and tech) and the story telling is done right. Graphics are well done for such a game. In short, I am really enjoying this and highly recommend it. Especially looking at the price and number of hours that are easily spent on exploring all the stories and side-stories.",True,2021-10-24T20:57:53+00:00,2021-10-24T20:57:53+00:00,2591.0,892.0,0.0,3.0,0.0,0.4426136314868927,True,False,False,False,76561197978965827,,20.0,False,False,810,144,43.18333333333333,14.866666666666667,10h+,positive
214430211,1162700,midnight-protocol,Midnight Protocol,english,"This game is an amazing, one-of-a-kind experience. Its very specific but undeniably cool visual presentation, combined with a gripping story full of intrigue and truly unique gameplay, creates an immersive experience that really drew me in.
I also loved how, throughout the game, you constantly feel in control of your experience. From how you build your cyberdeck and choose your program suite to the ""color of the hat"" your hacker wears, so to speak, and the decisions you make along the way, everything feels meaningful and often has impactful consequences.
Even though some missions were a bit rougher around the edges and required either a very specific approach or a bit of help from the RNG, most of them were very well designed and the gameplay never felt stale.

All in all, it was an amazing ride that I’d highly recommend to anyone with a soft spot for thrillers with a dash of cyberpunk and sci-fi.","This game is an amazing, one-of-a-kind experience. Its very specific but undeniably cool visual presentation, combined with a gripping story full of intrigue and truly unique gameplay, creates an immersive experience that really drew me in. I also loved how, throughout the game, you constantly feel in control of your experience. From how you build your cyberdeck and choose your program suite to the ""color of the hat"" your hacker wears, so to speak, and the decisions you make along the way, everything feels meaningful and often has impactful consequences. Even though some missions were a bit rougher around the edges and required either a very specific approach or a bit of help from the RNG, most of them were very well designed and the gameplay never felt stale. All in all, it was an amazing ride that I’d highly recommend to anyone with a soft spot for thrillers with a dash of cyberpunk and sci-fi.",True,2025-12-28T10:53:47+00:00,2025-12-28T10:53:47+00:00,1431.0,1431.0,0.0,2.0,0.0,0.5608531832695007,True,False,False,False,76561197997491957,,24.0,False,False,909,156,23.85,23.85,10h+,positive
146675321,1162700,midnight-protocol,Midnight Protocol,english,"Really enjoyed this, both the puzzles and the story and the hacking aesthetic. Fundamentally, the elevator pitch of this game is ""Mankind Divided if it was collapsed to its hacking mini-game (but turn-based)"". If you are a fan of turn-based tactics and H A C K I N G (or sci-fi in general), then I would strongly recommend this game.

+ The puzzle/tactics aspect is fun and varied. You continuously gain new abilities, but they complement, rather than replace, the ones you already have.
+ The missions are quite diverse and varied too, requiring you to shuffle your build from mission to mission.
+ The story is a very solid sci-fi tale with a decent amount of world-building and side-quests. So even though the main quest is always flashing on your screen, you can get at least somewhat immersed in the world and its history on the side, which I greatly appreciate.
+ There is a fair bit of non-linearity, with the intent being that ""any choice you make is valid"", which lends a lot of credibility to the narrative, and makes the choices you make that much more meaningful (as opposed to ""do you accept a generic sidequest? y/n""). At least early on.

- My main complaint would probably be about the slight schizophrenia in game/mission design that the game succumbs to. On the one hand, the game suggests that ""any choice is valid"", meaning the player is expected to roll with the punches -- you should prepare for any mission the best you can based on the info given to you in advance, and any mission you fail weighs on your consciousness, but the story continues regardless. (For the record, I tried my best to adhere to this philosophy and accept the consequences.) However, about half-way through, the game starts saying ""hey, this mission is critical, you can't quit and you can't fail"", so if you fail you just start over (with an option to change your loadout). In effect, this means that in most missions from that point onwards, you have no choice but to savescum: first see the mission, learn the layout and the threats, and then equip the optimal loadout. 
I understand the difficulties of mission design and narrative design and all kinds of design that led to this outcome, but as a player, at that point I felt cheated. As a ""reviewer"", I am not sure what could have been a better way. Leaning all-in on the ""everything allowed"" approach would've put a very low difficulty ceiling and/or required a *lot* of extra writing. Taking it out completely would greatly harm the immersion the game offers in the first half. So... yeah... It's good but I can't help but wonder if it could've been even better.

- Also 0451 doesn't open any doors, bad cyberpunk game, 2/10. (Or does it? This playthrough took too long...)","Really enjoyed this, both the puzzles and the story and the hacking aesthetic. Fundamentally, the elevator pitch of this game is ""Mankind Divided if it was collapsed to its hacking mini-game (but turn-based)"". If you are a fan of turn-based tactics and H A C K I N G (or sci-fi in general), then I would strongly recommend this game. + The puzzle/tactics aspect is fun and varied. You continuously gain new abilities, but they complement, rather than replace, the ones you already have. + The missions are quite diverse and varied too, requiring you to shuffle your build from mission to mission. + The story is a very solid sci-fi tale with a decent amount of world-building and side-quests. So even though the main quest is always flashing on your screen, you can get at least somewhat immersed in the world and its history on the side, which I greatly appreciate. + There is a fair bit of non-linearity, with the intent being that ""any choice you make is valid"", which lends a lot of credibility to the narrative, and makes the choices you make that much more meaningful (as opposed to ""do you accept a generic sidequest? y/n""). At least early on. - My main complaint would probably be about the slight schizophrenia in game/mission design that the game succumbs to. On the one hand, the game suggests that ""any choice is valid"", meaning the player is expected to roll with the punches -- you should prepare for any mission the best you can based on the info given to you in advance, and any mission you fail weighs on your consciousness, but the story continues regardless. (For the record, I tried my best to adhere to this philosophy and accept the consequences.) However, about half-way through, the game starts saying ""hey, this mission is critical, you can't quit and you can't fail"", so if you fail you just start over (with an option to change your loadout). In effect, this means that in most missions from that point onwards, you have no choice but to savescum: first see the mission, learn the layout and the threats, and then equip the optimal loadout. I understand the difficulties of mission design and narrative design and all kinds of design that led to this outcome, but as a player, at that point I felt cheated. As a ""reviewer"", I am not sure what could have been a better way. Leaning all-in on the ""everything allowed"" approach would've put a very low difficulty ceiling and/or required a *lot* of extra writing. Taking it out completely would greatly harm the immersion the game offers in the first half. So... yeah... It's good but I can't help but wonder if it could've been even better. - Also 0451 doesn't open any doors, bad cyberpunk game, 2/10. (Or does it? This playthrough took too long...)",True,2023-09-20T22:56:52+00:00,2023-09-20T22:56:52+00:00,1862.0,1862.0,0.0,2.0,2.0,0.5346871614456177,False,False,False,False,76561198043917445,,16.0,False,False,2724,481,31.033333333333335,31.033333333333335,10h+,positive
109104310,1162700,midnight-protocol,Midnight Protocol,english,"I don't write reviews very often but this game deserves one.   Midnight Protocol is an accessible hacker game where it really makes you feel like you are hacking without having to have all the technical know-how.    You input commands into a terminal (via keyboard, how novel!) but there are not so many as to feel overwhelming.  In fact a few basic commands are designed to make it as transparent as possible (such as 'deck' which will remind you what you have equipped).  Some programs also have options and a simple 'help' command will remind you how to input them.  The game really hits the sweetspot with accessibility and it also has nice ambiance and interesting story line.    

I enjoyed the variety of programs and deck hardware to choose from though i found some quite powerful, some quite situational, and some unnecessary but there is a lot of fun in figuring that out for yourself.   While early on i used the standard 'cloak' and 'dagger' everyone starts with, i evolved my strategy to use 'mask' which is powerful but slow but wound up enjoying using 'onion' the most.   Combine that with the hardware that gives a modest stealth boost and see what happens!   Takes some discipline though.

I also randomly and luckily equipped 'Ace' and 'King' in the hack where it is needed the most.  It made the hack a breeze but I couldn't think of needing these programs in any other hack.  As I said, quite situational.  But the game is quite forgiving and as long as you have a program or piece of hardware in your inventory, you can easily rollback the hack and re-equip what you need to start that hack over.  
The rollback feature may make the game even a little too easy but with that said, i found the game engaging and rare for me, something i concentrated on completing before i got distracted by my next game!   My main criticism of the game may be that, while i don't want to go into detail and spoil it, there were components of the plot i didn't like.  Let's just say it was controversial.   But overall the meaningful side quests and decisions that you make but come back to help or haunt you help make the overall experience quite fun.

I would highly recommend this to anyone interested in the hacking universe and good story telling (all revealed via email).  As I write this i even have to remember i have a mouse I can use and don't have to only use the keyboard!  Enjoy!
","I don't write reviews very often but this game deserves one. Midnight Protocol is an accessible hacker game where it really makes you feel like you are hacking without having to have all the technical know-how. You input commands into a terminal (via keyboard, how novel!) but there are not so many as to feel overwhelming. In fact a few basic commands are designed to make it as transparent as possible (such as 'deck' which will remind you what you have equipped). Some programs also have options and a simple 'help' command will remind you how to input them. The game really hits the sweetspot with accessibility and it also has nice ambiance and interesting story line. I enjoyed the variety of programs and deck hardware to choose from though i found some quite powerful, some quite situational, and some unnecessary but there is a lot of fun in figuring that out for yourself. While early on i used the standard 'cloak' and 'dagger' everyone starts with, i evolved my strategy to use 'mask' which is powerful but slow but wound up enjoying using 'onion' the most. Combine that with the hardware that gives a modest stealth boost and see what happens! Takes some discipline though. I also randomly and luckily equipped 'Ace' and 'King' in the hack where it is needed the most. It made the hack a breeze but I couldn't think of needing these programs in any other hack. As I said, quite situational. But the game is quite forgiving and as long as you have a program or piece of hardware in your inventory, you can easily rollback the hack and re-equip what you need to start that hack over. The rollback feature may make the game even a little too easy but with that said, i found the game engaging and rare for me, something i concentrated on completing before i got distracted by my next game! My main criticism of the game may be that, while i don't want to go into detail and spoil it, there were components of the plot i didn't like. Let's just say it was controversial. But overall the meaningful side quests and decisions that you make but come back to help or haunt you help make the overall experience quite fun. I would highly recommend this to anyone interested in the hacking universe and good story telling (all revealed via email). As I write this i even have to remember i have a mouse I can use and don't have to only use the keyboard! Enjoy!",True,2022-01-30T13:45:19+00:00,2022-01-30T13:45:19+00:00,2958.0,2958.0,0.0,2.0,0.0,0.5247867703437805,True,False,False,False,76561197967471338,,4.0,False,False,2362,428,49.3,49.3,10h+,positive
101398149,1162700,midnight-protocol,Midnight Protocol,english,"This game can actually make me feel smart without me having to actually be smart, it's perfect! But seriously, this is a pretty good hackerman game, buy it on sale.","This game can actually make me feel smart without me having to actually be smart, it's perfect! But seriously, this is a pretty good hackerman game, buy it on sale.",True,2021-10-21T17:01:53+00:00,2021-10-21T17:01:53+00:00,608.0,370.0,0.0,2.0,0.0,0.48829159140586853,True,False,False,False,76561198044714583,,17.0,False,False,164,30,10.133333333333333,6.166666666666667,3-10h,positive
133471464,1162700,midnight-protocol,Midnight Protocol,english,"I was Zero Cool.

Obligatory reference aside, this is a really unique take on tactical games. I really like that there is no mouse and the entire game takes place using the keyboard. The atmosphere of the operating system combined with typing commands really made me feel like I was playing the part of a hacker. The emails received make the game feel surprisingly lifelike for the amount of text the game is made of. There were times I would send an email, go AFK for a bit, come back, and I'd have a response, felt legit. The music and noises all gave me a great vibe that was quite immersive.

I also appreciated that some progression is through actions that are altruistic, selfish, or ambiguous/neutral. The choices I made allowed me to unlock different upgrades, and at times I was making decisions I didn't necessarily agree with just so I could get an unlock, which certainly made me feel some type of way. At times I found myself examining the gray area in actions which were considered selfish. It's okay to steal from this lady's personal savings for this reason but not from her daughter's college fund, so I'll leave that alone. 

I spent around 20-25 hours completing the story, all side missions, and 66% of achievements. I would definitely recommend picking it up if you like tactical games. The game at full price is a steal, but if it's on sale it's a no-brainer. Much respect for the game and the devs. Thank you for making this great and unique game. Keep up the good work!","I was Zero Cool. Obligatory reference aside, this is a really unique take on tactical games. I really like that there is no mouse and the entire game takes place using the keyboard. The atmosphere of the operating system combined with typing commands really made me feel like I was playing the part of a hacker. The emails received make the game feel surprisingly lifelike for the amount of text the game is made of. There were times I would send an email, go AFK for a bit, come back, and I'd have a response, felt legit. The music and noises all gave me a great vibe that was quite immersive. I also appreciated that some progression is through actions that are altruistic, selfish, or ambiguous/neutral. The choices I made allowed me to unlock different upgrades, and at times I was making decisions I didn't necessarily agree with just so I could get an unlock, which certainly made me feel some type of way. At times I found myself examining the gray area in actions which were considered selfish. It's okay to steal from this lady's personal savings for this reason but not from her daughter's college fund, so I'll leave that alone. I spent around 20-25 hours completing the story, all side missions, and 66% of achievements. I would definitely recommend picking it up if you like tactical games. The game at full price is a steal, but if it's on sale it's a no-brainer. Much respect for the game and the devs. Thank you for making this great and unique game. Keep up the good work!",True,2023-02-24T06:19:00+00:00,2023-02-24T06:19:00+00:00,1754.0,1738.0,0.0,1.0,0.0,0.5010772943496704,True,False,False,False,76561197981180543,,340.0,False,False,1489,268,29.233333333333334,28.966666666666665,10h+,positive
107592321,1162700,midnight-protocol,Midnight Protocol,english,"A great new take on a hacker style games. It has many interesting mechanics and allows you to complete missions in various ways (depending on your play style). 

Plays exclusively with the keyboard (which for me, made it more immersive). The main focus is on processor power allocation to various active programs, and choosing the right program set for each mission. You have to balance stealth, speed, and aggression while completing the goals set in each mission.","A great new take on a hacker style games. It has many interesting mechanics and allows you to complete missions in various ways (depending on your play style). Plays exclusively with the keyboard (which for me, made it more immersive). The main focus is on processor power allocation to various active programs, and choosing the right program set for each mission. You have to balance stealth, speed, and aggression while completing the goals set in each mission.",True,2022-01-08T13:38:40+00:00,2022-01-08T13:38:40+00:00,1152.0,1152.0,0.0,1.0,0.0,0.5,False,False,False,False,76561197990205158,,4.0,False,False,463,77,19.2,19.2,10h+,positive
214127022,1162700,midnight-protocol,Midnight Protocol,english,OMG This game is AMAZING!!! It's unlike anything else I've ever played.  Its incredibly immersive which lends itself extremely well to the story.  I was expecting a puzzle style game and did not expect how engrossed I would be playing as Data.,OMG This game is AMAZING!!! It's unlike anything else I've ever played. Its incredibly immersive which lends itself extremely well to the story. I was expecting a puzzle style game and did not expect how engrossed I would be playing as Data.,True,2025-12-25T05:56:17+00:00,2025-12-25T05:56:17+00:00,1541.0,1541.0,0.0,1.0,0.0,0.5,True,False,False,False,76561198152570921,,2.0,False,False,241,42,25.683333333333334,25.683333333333334,10h+,positive
103144826,1162700,midnight-protocol,Midnight Protocol,english,"Sick roleplaying, strategy, puzzle game. The keyboard only controls are really neat and make the game more ~immersive~. Bonus points for a 2021 release having a demo!","Sick roleplaying, strategy, puzzle game. The keyboard only controls are really neat and make the game more ~immersive~. Bonus points for a 2021 release having a demo!",True,2021-11-20T16:01:49+00:00,2021-11-20T16:01:49+00:00,71.0,71.0,0.0,1.0,0.0,0.5,False,True,False,False,76561198128613565,,60.0,False,False,166,27,1.1833333333333333,1.1833333333333333,1-3h,positive
206260357,1162700,midnight-protocol,Midnight Protocol,english,"Midnight Protocol, developed by LuGus Studios and published by Iceberg Interactive, is a masterfully constructed cyberpunk hacking RPG that forgoes the flashy aesthetics of most games in its genre in favor of tension, intellect, and immersion. It tells the story of a hacker known as Data, who is drawn back into the digital underworld after being doxxed and exposed. The narrative unfolds through encrypted emails, terse chat messages, and system logs, building a world of espionage, distrust, and digital warfare without ever showing a single human face. The game’s story is deeply personal, portraying the isolation and moral grayness of living behind the screen, where every keystroke carries risk and consequence. What begins as a simple act of self-defense quickly evolves into a web of political intrigue, corporate corruption, and cyber rebellion, all told through the restrained, text-based aesthetic of a command-line interface.

The most striking element of Midnight Protocol is its complete commitment to its design philosophy. Every action is performed through the keyboard—no mouse, no icons, just commands typed into a digital terminal. This approach is not merely a stylistic choice but a fundamental part of the experience. It places the player directly in the mindset of a hacker, forcing you to think in terms of efficiency, logic, and spatial reasoning. Networks are depicted as interconnected nodes, each representing firewalls, data caches, security systems, or hidden traps. Your goal varies from mission to mission: infiltrate corporate systems, extract sensitive data, disable rival programs, or manipulate information to your advantage. Each network functions as a puzzle, requiring you to manage limited resources, stay ahead of traces, and decide how far you can push before the system locks you out. Every move carries tension, and the thrill of narrowly escaping detection provides a constant pulse of adrenaline.

What makes these mechanics so engrossing is how they combine strategic planning with improvisation. Each mission feels like a high-stakes chess match played against invisible opponents. You have a library of programs at your disposal—some for stealth, others for brute-force attacks—and choosing the right combination is crucial. The trace system, which measures how close the authorities are to locating you, ensures that every decision feels urgent. Some players might find the reliance on randomness in the trace and detection mechanics slightly frustrating, as even well-planned strategies can fall apart under bad luck. Yet, this unpredictability mirrors the nature of hacking itself—controlled chaos within an unstable system. As your reputation grows and your alignment shifts between white-hat idealism, gray-hat pragmatism, and black-hat ruthlessness, the missions, tools, and story outcomes evolve to reflect your choices. This morality system adds replayability and depth, as it allows players to craft a hacker identity that aligns with their philosophy.

The game’s progression system is intricately tied to its tone of calculated mastery. Through black markets and secret contacts, you acquire new software, upgrade existing tools, and refine your build into a precise digital arsenal. Different playstyles emerge naturally—one player may rely on stealth programs to bypass ICE unnoticed, while another might embrace aggressive, virus-based attacks to dismantle defenses entirely. The learning curve is smooth but demanding, gradually pushing players toward mastery without resorting to handholding. It’s the kind of game that rewards patience and experimentation; every failure is a lesson in systems thinking. The world expands organically through your own initiative: new missions arrive via encrypted emails, hidden coordinates, or anonymous requests. Even the mundane act of checking your in-game inbox feels immersive, as if you are living within a network of digital conspiracies.

Visually, Midnight Protocol is minimalist yet elegant. The interface is clean, the color palette subdued but purposeful—shades of neon blue, black, and red evoke the cold pulse of cyberspace. Despite its simplicity, the design feels immersive, capturing the essence of a digital battlefield through pure abstraction. Every flicker of light and distortion effect contributes to the illusion that you are operating from the edge of legality. The sound design amplifies this immersion with sharp beeps, data pulses, and the low hum of electronic machinery that underscore each command you enter. There is no voice acting or cinematic interlude, but this absence enhances the sense of isolation and authenticity. You are a ghost in the network, unseen and unheard, communicating only through code and action.

The pacing of Midnight Protocol is deliberate, structured around cycles of tension and relief. Missions can be completed in short bursts, yet each one feels meaningful. There are no filler objectives; everything you do contributes to the unraveling of the narrative or your personal evolution as a hacker. While the game never overstays its welcome, some players may wish for a broader scope or more diverse mission environments. The story’s intimate scale, however, fits the tone—this is not about saving the world but about surviving it, carving your path through the static and deceit of a system that’s stacked against you. The writing is terse and precise, and though the characters are only ever seen through text, they feel real, shaped by ideology and consequence rather than cliché.

Midnight Protocol succeeds because it understands exactly what it wants to be—a cerebral, atmospheric strategy game that thrives on immersion, tension, and mechanical purity. It captures the loneliness and allure of the digital frontier, where information is power and morality is fluid. Its stripped-down design and keyboard-driven gameplay make it a niche experience, but within that niche lies something exceptional: a game that makes you feel like a real hacker, navigating systems not through spectacle, but through intellect. It’s a rare experience that balances narrative intrigue with strategic complexity, one that demands attention and rewards mastery. For those who crave precision, immersion, and the thrill of the unknown, Midnight Protocol is a digital labyrinth worth exploring line by line, command by command.

Rating: 8/10","Midnight Protocol, developed by LuGus Studios and published by Iceberg Interactive, is a masterfully constructed cyberpunk hacking RPG that forgoes the flashy aesthetics of most games in its genre in favor of tension, intellect, and immersion. It tells the story of a hacker known as Data, who is drawn back into the digital underworld after being doxxed and exposed. The narrative unfolds through encrypted emails, terse chat messages, and system logs, building a world of espionage, distrust, and digital warfare without ever showing a single human face. The game’s story is deeply personal, portraying the isolation and moral grayness of living behind the screen, where every keystroke carries risk and consequence. What begins as a simple act of self-defense quickly evolves into a web of political intrigue, corporate corruption, and cyber rebellion, all told through the restrained, text-based aesthetic of a command-line interface. The most striking element of Midnight Protocol is its complete commitment to its design philosophy. Every action is performed through the keyboard—no mouse, no icons, just commands typed into a digital terminal. This approach is not merely a stylistic choice but a fundamental part of the experience. It places the player directly in the mindset of a hacker, forcing you to think in terms of efficiency, logic, and spatial reasoning. Networks are depicted as interconnected nodes, each representing firewalls, data caches, security systems, or hidden traps. Your goal varies from mission to mission: infiltrate corporate systems, extract sensitive data, disable rival programs, or manipulate information to your advantage. Each network functions as a puzzle, requiring you to manage limited resources, stay ahead of traces, and decide how far you can push before the system locks you out. Every move carries tension, and the thrill of narrowly escaping detection provides a constant pulse of adrenaline. What makes these mechanics so engrossing is how they combine strategic planning with improvisation. Each mission feels like a high-stakes chess match played against invisible opponents. You have a library of programs at your disposal—some for stealth, others for brute-force attacks—and choosing the right combination is crucial. The trace system, which measures how close the authorities are to locating you, ensures that every decision feels urgent. Some players might find the reliance on randomness in the trace and detection mechanics slightly frustrating, as even well-planned strategies can fall apart under bad luck. Yet, this unpredictability mirrors the nature of hacking itself—controlled chaos within an unstable system. As your reputation grows and your alignment shifts between white-hat idealism, gray-hat pragmatism, and black-hat ruthlessness, the missions, tools, and story outcomes evolve to reflect your choices. This morality system adds replayability and depth, as it allows players to craft a hacker identity that aligns with their philosophy. The game’s progression system is intricately tied to its tone of calculated mastery. Through black markets and secret contacts, you acquire new software, upgrade existing tools, and refine your build into a precise digital arsenal. Different playstyles emerge naturally—one player may rely on stealth programs to bypass ICE unnoticed, while another might embrace aggressive, virus-based attacks to dismantle defenses entirely. The learning curve is smooth but demanding, gradually pushing players toward mastery without resorting to handholding. It’s the kind of game that rewards patience and experimentation; every failure is a lesson in systems thinking. The world expands organically through your own initiative: new missions arrive via encrypted emails, hidden coordinates, or anonymous requests. Even the mundane act of checking your in-game inbox feels immersive, as if you are living within a network of digital conspiracies. Visually, Midnight Protocol is minimalist yet elegant. The interface is clean, the color palette subdued but purposeful—shades of neon blue, black, and red evoke the cold pulse of cyberspace. Despite its simplicity, the design feels immersive, capturing the essence of a digital battlefield through pure abstraction. Every flicker of light and distortion effect contributes to the illusion that you are operating from the edge of legality. The sound design amplifies this immersion with sharp beeps, data pulses, and the low hum of electronic machinery that underscore each command you enter. There is no voice acting or cinematic interlude, but this absence enhances the sense of isolation and authenticity. You are a ghost in the network, unseen and unheard, communicating only through code and action. The pacing of Midnight Protocol is deliberate, structured around cycles of tension and relief. Missions can be completed in short bursts, yet each one feels meaningful. There are no filler objectives; everything you do contributes to the unraveling of the narrative or your personal evolution as a hacker. While the game never overstays its welcome, some players may wish for a broader scope or more diverse mission environments. The story’s intimate scale, however, fits the tone—this is not about saving the world but about surviving it, carving your path through the static and deceit of a system that’s stacked against you. The writing is terse and precise, and though the characters are only ever seen through text, they feel real, shaped by ideology and consequence rather than cliché. Midnight Protocol succeeds because it understands exactly what it wants to be—a cerebral, atmospheric strategy game that thrives on immersion, tension, and mechanical purity. It captures the loneliness and allure of the digital frontier, where information is power and morality is fluid. Its stripped-down design and keyboard-driven gameplay make it a niche experience, but within that niche lies something exceptional: a game that makes you feel like a real hacker, navigating systems not through spectacle, but through intellect. It’s a rare experience that balances narrative intrigue with strategic complexity, one that demands attention and rewards mastery. For those who crave precision, immersion, and the thrill of the unknown, Midnight Protocol is a digital labyrinth worth exploring line by line, command by command. Rating: 8/10",True,2025-10-09T13:57:20+00:00,2025-10-09T13:57:20+00:00,729.0,729.0,0.0,1.0,0.0,0.49438202381134033,False,False,False,False,76561198367471798,,27587.0,False,False,6380,962,12.15,12.15,10h+,positive
128096303,1162700,midnight-protocol,Midnight Protocol,english,"A top-notch game. The writing and immersion are great, and the gameplay with its blend of both various challenges and ways to approach is engaging. The best hacking game since Uplink.","A top-notch game. The writing and immersion are great, and the gameplay with its blend of both various challenges and ways to approach is engaging. The best hacking game since Uplink.",True,2022-12-07T11:13:08+00:00,2022-12-07T11:13:08+00:00,462.0,32.0,0.0,1.0,0.0,0.47183194756507874,True,False,False,False,76561198032587873,,12.0,False,False,183,31,7.7,0.5333333333333333,0-1h,positive
111068741,1162700,midnight-protocol,Midnight Protocol,english,"When people talk about the power of indie video games, they mean games like this one. A tight turn-based strategy game underpins a well-written story with a branching narrative and compelling characters. The overall length of the game at 20 hours was, for me, absolutely perfect. This is a rare game where I picked it up on a discount and find myself angry I didn't pay more for the experience.

The game itself is about you, a hacker returning from a year of incarceration with a need to know what sent you there. Along the way, you breech systems in a turn-based strategy game similar to Invisible, Inc. Whereas in that game you play physical agents, in this one you play a digital representation ripped straight out of cyberpunk fiction like Neuromancer. Customize your deck with new chips so you can slot more programs and be prepared for some visual surprises - while the game plays true to form with the genre, it manages to break expectations any time the game begins to feel stale.

My biggest complaints (and they are fairly minor) are around the customizations. I felt like the deck you have has just a few too few viable options or that some choices didn't really seem plausible. For instance, you have the expected upgrades, such as more ""slices"" to run more programs at once, or memory capacity to slot more programs into your deck, but you also have a bunch of upgrades which feel pretty pointless. I tried one that was supposed to give you more credits (trailing a crimson thread behind you and incentivizing exploring a network more deeply) but the core upgrades are so important, there's not room for fanciful choices such as these. That said, there are actually enough choices that I did have to rearrange both my hardware and software to overcome levels, and that felt like I was making smart choices.

I will have to find time for another play-through now that I have a better sense of the story, and so I can capture all the easter eggs buried in this passion project. I hope someday we get a Midnight Protocol 2 in the same universe, though perhaps with different characters. And to the creators, thank you for bringing this story to life.","When people talk about the power of indie video games, they mean games like this one. A tight turn-based strategy game underpins a well-written story with a branching narrative and compelling characters. The overall length of the game at 20 hours was, for me, absolutely perfect. This is a rare game where I picked it up on a discount and find myself angry I didn't pay more for the experience. The game itself is about you, a hacker returning from a year of incarceration with a need to know what sent you there. Along the way, you breech systems in a turn-based strategy game similar to Invisible, Inc. Whereas in that game you play physical agents, in this one you play a digital representation ripped straight out of cyberpunk fiction like Neuromancer. Customize your deck with new chips so you can slot more programs and be prepared for some visual surprises - while the game plays true to form with the genre, it manages to break expectations any time the game begins to feel stale. My biggest complaints (and they are fairly minor) are around the customizations. I felt like the deck you have has just a few too few viable options or that some choices didn't really seem plausible. For instance, you have the expected upgrades, such as more ""slices"" to run more programs at once, or memory capacity to slot more programs into your deck, but you also have a bunch of upgrades which feel pretty pointless. I tried one that was supposed to give you more credits (trailing a crimson thread behind you and incentivizing exploring a network more deeply) but the core upgrades are so important, there's not room for fanciful choices such as these. That said, there are actually enough choices that I did have to rearrange both my hardware and software to overcome levels, and that felt like I was making smart choices. I will have to find time for another play-through now that I have a better sense of the story, and so I can capture all the easter eggs buried in this passion project. I hope someday we get a Midnight Protocol 2 in the same universe, though perhaps with different characters. And to the creators, thank you for bringing this story to life.",True,2022-02-26T12:15:10+00:00,2022-02-26T12:15:10+00:00,1276.0,1276.0,0.0,0.0,0.0,0.5,True,False,False,False,76561198048990302,,22.0,False,False,2158,382,21.266666666666666,21.266666666666666,10h+,positive
183010518,1162700,midnight-protocol,Midnight Protocol,english,"Super cool and slick hacker game inspired by Netrunner. The greatest CCG ever produced. 


The early game was rough though until I got Mask finally after completing Act 1. (So I was slicing Cloak a lot and getting wrecked by trace)

The story goes places for sure. Huge twist near the end of the game. The last push is a bit longer than I expected and some of the best missions are kind of hidden including one banger involving Hacker Chess in your desktop Apps. Even though I got these secret missions I still royally botched a few quest lines that went unresolved. () I think you can easily close off the end of a quest line if you respond to an email incorrectly. Not ideal. Otherwise I completed everything I could.

Beyond is just musings about mechanics, beware:

I used “most” of the programs but some I couldn’t figure out how they worked or they were super niche. I basically alternated between a “gotta go fast” Tunnel build and a slow stealth build using Mask, which does synergize well with Hive. Buzzkiller was my blunt breaker of choice that replaced Dagger until Vorpalsword or Shuriken (ultra late game). Leech and Spoon remained useful throughout the entire game as does Trolltoll. I tried but couldn’t make King and Ace work at all. The upgrades to some programs felt like downgrades instead (namely Cloak and Sniffer). Sniper is situationally useful on some missions. Barrier with sysops but I only ended up needing it a couple times. Buffer against trace and Overclock for extra movement naturally. That’s about it. One thing that was super apparent though after loading into dozens of missions is…oh gosh I definitely need this, this, and this…time to rollback. (And the white on white menu is terrible here)

P.S. I ended up maxing White Hat and Grey Hat but not Black Hat so I never saw their late game programs so I can’t speak to those. Apparently the game’s story changes a bit if you do max Black Hat instead.","Super cool and slick hacker game inspired by Netrunner. The greatest CCG ever produced. The early game was rough though until I got Mask finally after completing Act 1. (So I was slicing Cloak a lot and getting wrecked by trace) The story goes places for sure. Huge twist near the end of the game. The last push is a bit longer than I expected and some of the best missions are kind of hidden including one banger involving Hacker Chess in your desktop Apps. Even though I got these secret missions I still royally botched a few quest lines that went unresolved. () I think you can easily close off the end of a quest line if you respond to an email incorrectly. Not ideal. Otherwise I completed everything I could. Beyond is just musings about mechanics, beware: I used “most” of the programs but some I couldn’t figure out how they worked or they were super niche. I basically alternated between a “gotta go fast” Tunnel build and a slow stealth build using Mask, which does synergize well with Hive. Buzzkiller was my blunt breaker of choice that replaced Dagger until Vorpalsword or Shuriken (ultra late game). Leech and Spoon remained useful throughout the entire game as does Trolltoll. I tried but couldn’t make King and Ace work at all. The upgrades to some programs felt like downgrades instead (namely Cloak and Sniffer). Sniper is situationally useful on some missions. Barrier with sysops but I only ended up needing it a couple times. Buffer against trace and Overclock for extra movement naturally. That’s about it. One thing that was super apparent though after loading into dozens of missions is…oh gosh I definitely need this, this, and this…time to rollback. (And the white on white menu is terrible here) P.S. I ended up maxing White Hat and Grey Hat but not Black Hat so I never saw their late game programs so I can’t speak to those. Apparently the game’s story changes a bit if you do max Black Hat instead.",True,2024-12-18T01:38:51+00:00,2025-02-08T14:50:18+00:00,1794.0,1794.0,0.0,0.0,0.0,0.5,False,False,False,False,76561197971253482,,124.0,False,False,1929,342,29.9,29.9,10h+,positive
141177455,1162700,midnight-protocol,Midnight Protocol,english,"Midnight Protocol is an excellent dive into 'HACKER CULTURE' a la Cyberpunk. Playing in a future universe, you manipulate an archaic-feeling digital terminal to hack into networks, remove defenses, and save the world from corpo scum. The mechanics are simple - almost exclusively text based - and feel immersive. I felt smug dodging enemy admins, clever when I guessed passwords based on information I'd gathered, and accomplished when I completed missions that had been giving me trouble. It delivers on its promises.

The plot was unexpectedly good, far exceeding my expectations. I understand there are multiple endings as well, though I only played through the once. I enjoyed it a lot. I will say no more for spoiler reasons.

My only critique is that the game feels like a puzzle game, but frequently makes it very difficult to solve the puzzle without resetting the level. While I don't mind it, many might feel like this is 'save scumming' and I wish there was a better way to resolve not having the right programs to handle a challenge than just resetting. They do minimize you ability to 'cheat' my randomizing many defenses between attempts, but the information gain is still significant at times.

Overall, I would strongly recommend this game. I finished it with 52 hours on the Steam clock, but I believe I left it on overnight. I managed to beat it in a couple of days of dedicated play. For the price, it was a great time!","Midnight Protocol is an excellent dive into 'HACKER CULTURE' a la Cyberpunk. Playing in a future universe, you manipulate an archaic-feeling digital terminal to hack into networks, remove defenses, and save the world from corpo scum. The mechanics are simple - almost exclusively text based - and feel immersive. I felt smug dodging enemy admins, clever when I guessed passwords based on information I'd gathered, and accomplished when I completed missions that had been giving me trouble. It delivers on its promises. The plot was unexpectedly good, far exceeding my expectations. I understand there are multiple endings as well, though I only played through the once. I enjoyed it a lot. I will say no more for spoiler reasons. My only critique is that the game feels like a puzzle game, but frequently makes it very difficult to solve the puzzle without resetting the level. While I don't mind it, many might feel like this is 'save scumming' and I wish there was a better way to resolve not having the right programs to handle a challenge than just resetting. They do minimize you ability to 'cheat' my randomizing many defenses between attempts, but the information gain is still significant at times. Overall, I would strongly recommend this game. I finished it with 52 hours on the Steam clock, but I believe I left it on overnight. I managed to beat it in a couple of days of dedicated play. For the price, it was a great time!",True,2023-07-03T00:22:49+00:00,2023-07-03T00:22:49+00:00,3161.0,3161.0,0.0,0.0,0.0,0.5,True,False,False,False,76561198040800146,,31.0,False,False,1435,248,52.68333333333333,52.68333333333333,10h+,positive
122289569,1162700,midnight-protocol,Midnight Protocol,english,"Really fun and refreshing game. The story drags you in and the gameplay is addictive in a way while having a really clean and satisfying aesthetic.
Not having a cursor was a little thing that threw me off at times but it's well-thought-out mechanics like those that really deliver the immersion and give the overall quality of the game a big boost.
I assume it has a decent level of replayability but I haven't tried that yet. I just finished my first playthrough and I'll let it rest for a while but will definitely come back to this game.
It's tons of fun and I really recommend it.",Really fun and refreshing game. The story drags you in and the gameplay is addictive in a way while having a really clean and satisfying aesthetic. Not having a cursor was a little thing that threw me off at times but it's well-thought-out mechanics like those that really deliver the immersion and give the overall quality of the game a big boost. I assume it has a decent level of replayability but I haven't tried that yet. I just finished my first playthrough and I'll let it rest for a while but will definitely come back to this game. It's tons of fun and I really recommend it.,True,2022-09-15T19:31:09+00:00,2022-09-15T19:31:09+00:00,1108.0,976.0,0.0,0.0,0.0,0.5,False,False,False,False,76561198180341815,,4.0,False,False,584,108,18.466666666666665,16.266666666666666,10h+,positive
116887774,1162700,midnight-protocol,Midnight Protocol,english,"[b]TL;DR:[/b] I do recommend. Even if ever so slightly.
[hr][/hr]This is a [i]tough[/i] cookie. On one hand the base premise is excellent, the whole conceit of controlling the game with just the keyboard in a command line does [i]wonders[/i] to immersion, the music and audio work is great and the visual style distinct. One the other hand the pacing is all over the place, the operator's tool set does not expand in interesting ways and the story end had me scratching my head. If you ever choose to play the game, focus on the main story line.[hr][/hr][i]Oh, look it has a demo![/i]","[b]TL;DR:[/b] I do recommend. Even if ever so slightly. [hr][/hr]This is a [i]tough[/i] cookie. On one hand the base premise is excellent, the whole conceit of controlling the game with just the keyboard in a command line does [i]wonders[/i] to immersion, the music and audio work is great and the visual style distinct. One the other hand the pacing is all over the place, the operator's tool set does not expand in interesting ways and the story end had me scratching my head. If you ever choose to play the game, focus on the main story line.[hr][/hr][i]Oh, look it has a demo![/i]",True,2022-06-12T20:26:03+00:00,2022-06-12T20:28:06+00:00,710.0,710.0,0.0,0.0,0.0,0.5,False,False,False,False,76561197999475416,,61.0,False,False,584,102,11.833333333333334,11.833333333333334,10h+,positive
177367208,1162700,midnight-protocol,Midnight Protocol,english,"This was really fun! Definitely difficult at times. I usually get frustrated and quit or look up things after 2/3 times but with this game it didn't feel bad having to try over and over when I couldn't get it to work, because it felt like I was so close every time. And then when you do get it it feels cool xD.
The storyline was also really intriguing! I got sucked in and literally played 8 hours the first day I opened it (whoops sorry work)","This was really fun! Definitely difficult at times. I usually get frustrated and quit or look up things after 2/3 times but with this game it didn't feel bad having to try over and over when I couldn't get it to work, because it felt like I was so close every time. And then when you do get it it feels cool xD. The storyline was also really intriguing! I got sucked in and literally played 8 hours the first day I opened it (whoops sorry work)",True,2024-10-19T23:18:59+00:00,2024-10-19T23:18:59+00:00,1198.0,779.0,0.0,0.0,0.0,0.5,True,False,False,False,76561198310722794,,4.0,False,False,444,87,19.966666666666665,12.983333333333333,10h+,positive
132600056,1162700,midnight-protocol,Midnight Protocol,english,"A pretty solid game, with a haunting plot and accompanying sound track! Hits that sweet spot for 'hacker' games, where it can make you feel like your exercising skill without being too much like the real thing (I work in infosec, if I want to do real hacking I'll do it in TryHackMe or a bug bounty - it takes ages and is usually boring). A slick presentation, and the keyboard-only interface is really swift to navigate about after a very short learning curve. Good stuff!","A pretty solid game, with a haunting plot and accompanying sound track! Hits that sweet spot for 'hacker' games, where it can make you feel like your exercising skill without being too much like the real thing (I work in infosec, if I want to do real hacking I'll do it in TryHackMe or a bug bounty - it takes ages and is usually boring). A slick presentation, and the keyboard-only interface is really swift to navigate about after a very short learning curve. Good stuff!",True,2023-02-11T08:03:43+00:00,2023-02-11T08:03:43+00:00,1831.0,596.0,0.0,0.0,0.0,0.5,True,False,False,False,76561197969768202,,60.0,False,False,473,86,30.516666666666666,9.933333333333334,3-10h,positive
162897382,1162700,midnight-protocol,Midnight Protocol,english,"Very fun and immersive, I kept coming back to try new strategies on levels I struggled with. Story was not what I expected. Really hoping they make a sequel as there are lots of cool design choices. Just beat it and tempted to immediately replay!","Very fun and immersive, I kept coming back to try new strategies on levels I struggled with. Story was not what I expected. Really hoping they make a sequel as there are lots of cool design choices. Just beat it and tempted to immediately replay!",True,2024-04-14T22:10:11+00:00,2024-04-14T22:10:11+00:00,1365.0,1210.0,0.0,0.0,0.0,0.5,True,False,False,False,76561198120772562,,3.0,False,False,246,45,22.75,20.166666666666668,10h+,positive
144763723,1162700,midnight-protocol,Midnight Protocol,english,This is a puzzle game at heart but it is surrounded by an immersive shell that surprises and delights. Highly recommended for fans of cyberpunk fiction and games that transport you.,This is a puzzle game at heart but it is surrounded by an immersive shell that surprises and delights. Highly recommended for fans of cyberpunk fiction and games that transport you.,True,2023-08-22T02:42:08+00:00,2023-08-22T02:42:08+00:00,1445.0,823.0,0.0,0.0,0.0,0.5,False,False,False,False,76561198043774555,,16.0,False,False,181,31,24.083333333333332,13.716666666666667,10h+,positive
101919425,1162700,midnight-protocol,Midnight Protocol,english,"I like this game so far, quite immersive :)","I like this game so far, quite immersive :)",True,2021-10-30T22:31:21+00:00,2021-10-30T22:31:21+00:00,279.0,237.0,0.0,0.0,0.0,0.5,False,False,False,False,76561198356830608,,1.0,False,False,43,9,4.65,3.95,3-10h,positive
