review_id,steam_app_id,game_key,game_name,language,review_text_raw,review_text_clean,recommended,created_at,updated_at,playtime_forever_minutes,playtime_at_review_minutes,playtime_last_two_weeks_minutes,votes_up,votes_funny,weighted_vote_score,steam_purchase,received_for_free,written_during_early_access,refunded,author_steam_id,author_num_games_owned,author_num_reviews,is_empty,is_very_short,review_length_chars,review_length_words,playtime_forever_hours,playtime_at_review_hours,playtime_segment,overall_sentiment
101091683,1162700,midnight-protocol,Midnight Protocol,english,"I cautiously recommend this game. It's great on the whole, but there were a couple design choices which [b]really[/b] bugged me and nearly caused me to give a thumbs down. Those two things were: [b]the usage of RNG & the game's subsequent reliance on rollbacks (do-overs).[/b]

I'm a huge fan of hacking games. They are one of my favorite niche-genres of games. Generally speaking, the gameplay in a hacking game follows a simple formula: poke at a ""server"" and strip its defenses using various tools until it can be ""connected to."" This is often done with a time limit.

Midnight Protocol challenges this formula by translating the process into a turn based affair. In many ways, it plays like a turn based RPG. On a conceptual level, this is a cool idea. I was excited when I read about it. In practice, however, I found that it [strike]encouraged[/strike] [b]mandated[/b] save scumming. I mean this as constructively as possible - [b]I hate this.[/b]

I'll elaborate:

When I was forced to repeat a mission in [b][i]Hacknet[/i][/b], it was because I wasn't fast enough. The onus was on [b]ME[/b] to improve my skills. I needed to be faster. I had all the tools, but I came up short.

When I was forced to repeat a mission in [b][i]Midnight Protocol[/i][/b], it was because [b]the game's RNG[/b] dealt me an [i]objectively unwinnable[/i] scenario. The SysOp wandered into my node, or the ""random"" trace mechanic in Pavo's mission installed a Sundrop 10 nodes away.

This isn't interesting or engaging gameplay. I'm not learning anything, and I'm not becoming a better player. I'm just waiting for a luckier break.

Now, it would be one thing if you could ""embrace failure"" like you can in a game like XCOM or Rimworld - but you can't in Midnight Protocol. Most key missions actually prevent you from disconnecting until you complete your main objective. You are expected to rollback if you fail.

[i]My next two particular criticisms were addressed in a patch on 10/18/21. Respect.[/i]

[strike]RNG isn't the only thing causing me to rollback missions. The game gives you a peek at what kind of nodes & defenses you will be up against, allowing you to choose the appropriate programs for the job. For rank & file side-missions, this generally isn't a big deal. But for some of the larger story missions, you need fairly specific loadouts to have a fighting chance. It's not uncommon for me to get 8+ turns into a mission before I find myself thinking ""Yeah I can't do this without Tunnel"" and rolling back.

But it gets a little worse - ICE can be hidden... [i]and its location in missions is static.[/i] This means that after I (am forced to) rollback, I now know where the ICE is, and the mission is partially spoiled. It's up to me if I want to ""pretend"" not to know that.[/strike]

I've spent a lot of real estate here ragging on the RNG/Rollback mechanics, but I want to reiterate that I still recommend this game.

When the RNG gods [i]aren't[/i] busy strangling me, I actually really enjoy the turn based gameplay. It's a welcome twist on the genre that makes it feel truly different. The presentation is phenomenal (would have liked some more lively music though). And I really like the open ended narrative allowing you to chase leads & reply to emails. Simulation is an important part of hacking games, and I love the agency that the game gives us.

Well polished hacking games are an extreme rarity. There's been like... 5 since Uplink came out in 2001. I'm happy this game exists and I'm enjoying my time with it on the whole. I just wish RNG wasn't so strongly relied upon in its design.","I cautiously recommend this game. It's great on the whole, but there were a couple design choices which [b]really[/b] bugged me and nearly caused me to give a thumbs down. Those two things were: [b]the usage of RNG & the game's subsequent reliance on rollbacks (do-overs).[/b] I'm a huge fan of hacking games. They are one of my favorite niche-genres of games. Generally speaking, the gameplay in a hacking game follows a simple formula: poke at a ""server"" and strip its defenses using various tools until it can be ""connected to."" This is often done with a time limit. Midnight Protocol challenges this formula by translating the process into a turn based affair. In many ways, it plays like a turn based RPG. On a conceptual level, this is a cool idea. I was excited when I read about it. In practice, however, I found that it [strike]encouraged[/strike] [b]mandated[/b] save scumming. I mean this as constructively as possible - [b]I hate this.[/b] I'll elaborate: When I was forced to repeat a mission in [b][i]Hacknet[/i][/b], it was because I wasn't fast enough. The onus was on [b]ME[/b] to improve my skills. I needed to be faster. I had all the tools, but I came up short. When I was forced to repeat a mission in [b][i]Midnight Protocol[/i][/b], it was because [b]the game's RNG[/b] dealt me an [i]objectively unwinnable[/i] scenario. The SysOp wandered into my node, or the ""random"" trace mechanic in Pavo's mission installed a Sundrop 10 nodes away. This isn't interesting or engaging gameplay. I'm not learning anything, and I'm not becoming a better player. I'm just waiting for a luckier break. Now, it would be one thing if you could ""embrace failure"" like you can in a game like XCOM or Rimworld - but you can't in Midnight Protocol. Most key missions actually prevent you from disconnecting until you complete your main objective. You are expected to rollback if you fail. [i]My next two particular criticisms were addressed in a patch on 10/18/21. Respect.[/i] [strike]RNG isn't the only thing causing me to rollback missions. The game gives you a peek at what kind of nodes & defenses you will be up against, allowing you to choose the appropriate programs for the job. For rank & file side-missions, this generally isn't a big deal. But for some of the larger story missions, you need fairly specific loadouts to have a fighting chance. It's not uncommon for me to get 8+ turns into a mission before I find myself thinking ""Yeah I can't do this without Tunnel"" and rolling back. But it gets a little worse - ICE can be hidden... [i]and its location in missions is static.[/i] This means that after I (am forced to) rollback, I now know where the ICE is, and the mission is partially spoiled. It's up to me if I want to ""pretend"" not to know that.[/strike] I've spent a lot of real estate here ragging on the RNG/Rollback mechanics, but I want to reiterate that I still recommend this game. When the RNG gods [i]aren't[/i] busy strangling me, I actually really enjoy the turn based gameplay. It's a welcome twist on the genre that makes it feel truly different. The presentation is phenomenal (would have liked some more lively music though). And I really like the open ended narrative allowing you to chase leads & reply to emails. Simulation is an important part of hacking games, and I love the agency that the game gives us. Well polished hacking games are an extreme rarity. There's been like... 5 since Uplink came out in 2001. I'm happy this game exists and I'm enjoying my time with it on the whole. I just wish RNG wasn't so strongly relied upon in its design.",True,2021-10-15T15:43:36+00:00,2024-05-31T06:58:03+00:00,703.0,517.0,0.0,195.0,1.0,0.9425856471061707,True,False,False,False,76561197967856824,,5.0,False,False,3589,627,11.716666666666667,8.616666666666667,3-10h,positive
115383016,1162700,midnight-protocol,Midnight Protocol,english,"You know, I almost think that the Indiepocalypse was a good thing. Before, you could release a pretty mediocre, unpolished experience and you'd still sell a bunch of copies. Now devs are scrambling to have absolutely all elements of the game adjusted to perfection... and have only 116 reviews on Steam. So there's a bunch of sublime, absolutely excellent titles on Steam which nobody plays, and the dev's life is ruined. Ok, that's not very nice actually.

Midnight Protocol is one of those games. It manages to reproduce the *feeling* of hacking while making the gameplay incredibly engaging, and tells a gripping, morally challenging story about the future of the internet and the reality of hacktivism. Just beware: this game is played using keyboard only, by typing commands. No time pressure, tho.

To explain the gameplay a bit more: it's nothing like other hacking games like Uplink; in fact it's unlike anything, full stop. It's a tactical turn-based ""network crawler"" in which you constantly try to avoid getting traced while trying to complete the mission objective (usually activate some node, or steal money, or download a piece of data). 

You'll have to deal with firewalls (ICEs), SysOps, and the unrelenting trace protocol which ticks every turn. And you're never 100% safe from it; it will get you eventually. But if you rush too much, you might run into firewalls, or alert the SysOp to your presence. So it becomes a constantly changing game of resource and risk management.

And the stakes are high. There are some routine, insignificant missions, yes. But the majority ask interesting questions about morality of technology, ask you to consider your principles, and some are literally about someone's life and death... and perhaps even more. That, combined with the ever ticking trace protocol, drive the tension through the roof - your brain is always at 100% processing while playing this; never a dull moment.

Of course, you're given a set of tools to accomplish your goals. Your deck - programs you bring with you on a mission, as well as your hardware - passive bonuses. As you progress, you unlock new pieces, which often you also have to buy, and money's tight early on. And while the hardware gives you a clear advantage, the new programs aren't necessarily better; everything comes with a cost. And it's up to you to construct a deck which minimises the cost but maximises the advantage, all while keeping an eye on what is best for this particular mission.

Of particular note is the music in this game. It breaks seemingly all rules of sensible design by having essentially two tracks playing for the majority of the game. One for ""normal"" missions, and one for more important ones. In the latter, as the trace bar slowly but surely fills, the music is becoming more and more intense. This takes the already sky-high feeling of tension and launches it into the outer orbit.

To wrap things up, writing. It's way better than I thought it would be. The story is coherent, has constant twists and turns, keeps you in its grip, and makes excellent usage of the Chekhov's Gun. It's also unique because it's a hacking story that takes place in the EU in the 2060s - and it's a very believable representation. Your character resides in Budapest, but other European cities also make an appearance, such as Berlin with it's tech hub. 

If you're wondering why I only wrote good things, it's because I can't really think of anything bad. And my standards are high. If anything, I'm very displeased that the game has only 116 reviews at the time of writing, indicating it didn't sell very well; I'm hoping I convinced you to help fix that problem a little. Enjoy!

[url=https://store.steampowered.com/curator/42922988/]Curator page[/url]","You know, I almost think that the Indiepocalypse was a good thing. Before, you could release a pretty mediocre, unpolished experience and you'd still sell a bunch of copies. Now devs are scrambling to have absolutely all elements of the game adjusted to perfection... and have only 116 reviews on Steam. So there's a bunch of sublime, absolutely excellent titles on Steam which nobody plays, and the dev's life is ruined. Ok, that's not very nice actually. Midnight Protocol is one of those games. It manages to reproduce the *feeling* of hacking while making the gameplay incredibly engaging, and tells a gripping, morally challenging story about the future of the internet and the reality of hacktivism. Just beware: this game is played using keyboard only, by typing commands. No time pressure, tho. To explain the gameplay a bit more: it's nothing like other hacking games like Uplink; in fact it's unlike anything, full stop. It's a tactical turn-based ""network crawler"" in which you constantly try to avoid getting traced while trying to complete the mission objective (usually activate some node, or steal money, or download a piece of data). You'll have to deal with firewalls (ICEs), SysOps, and the unrelenting trace protocol which ticks every turn. And you're never 100% safe from it; it will get you eventually. But if you rush too much, you might run into firewalls, or alert the SysOp to your presence. So it becomes a constantly changing game of resource and risk management. And the stakes are high. There are some routine, insignificant missions, yes. But the majority ask interesting questions about morality of technology, ask you to consider your principles, and some are literally about someone's life and death... and perhaps even more. That, combined with the ever ticking trace protocol, drive the tension through the roof - your brain is always at 100% processing while playing this; never a dull moment. Of course, you're given a set of tools to accomplish your goals. Your deck - programs you bring with you on a mission, as well as your hardware - passive bonuses. As you progress, you unlock new pieces, which often you also have to buy, and money's tight early on. And while the hardware gives you a clear advantage, the new programs aren't necessarily better; everything comes with a cost. And it's up to you to construct a deck which minimises the cost but maximises the advantage, all while keeping an eye on what is best for this particular mission. Of particular note is the music in this game. It breaks seemingly all rules of sensible design by having essentially two tracks playing for the majority of the game. One for ""normal"" missions, and one for more important ones. In the latter, as the trace bar slowly but surely fills, the music is becoming more and more intense. This takes the already sky-high feeling of tension and launches it into the outer orbit. To wrap things up, writing. It's way better than I thought it would be. The story is coherent, has constant twists and turns, keeps you in its grip, and makes excellent usage of the Chekhov's Gun. It's also unique because it's a hacking story that takes place in the EU in the 2060s - and it's a very believable representation. Your character resides in Budapest, but other European cities also make an appearance, such as Berlin with it's tech hub. If you're wondering why I only wrote good things, it's because I can't really think of anything bad. And my standards are high. If anything, I'm very displeased that the game has only 116 reviews at the time of writing, indicating it didn't sell very well; I'm hoping I convinced you to help fix that problem a little. Enjoy! [url=https://store.steampowered.com/curator/42922988/]Curator page[/url]",True,2022-05-13T10:52:51+00:00,2022-09-23T15:51:56+00:00,1292.0,1292.0,0.0,76.0,1.0,0.8762571215629578,True,False,False,False,76561198026663817,,484.0,False,False,3749,632,21.533333333333335,21.533333333333335,10h+,positive
107358903,1162700,midnight-protocol,Midnight Protocol,english,As a software engineering instructor I can confidently state that this is not a hacking or terminal simulator. This is absolutely a wonderful little strategy game with an obscene amount of polish and beautiful hacking scenery and theming in place. The procedural music is surreal and I'm in love with the animation and pure attention to detail. Just make sure you're not expecting this game to translate into any real-world knowledge and you'll have a blast here. I love what this team did and they deserve your money and you deserve the playing experience.,As a software engineering instructor I can confidently state that this is not a hacking or terminal simulator. This is absolutely a wonderful little strategy game with an obscene amount of polish and beautiful hacking scenery and theming in place. The procedural music is surreal and I'm in love with the animation and pure attention to detail. Just make sure you're not expecting this game to translate into any real-world knowledge and you'll have a blast here. I love what this team did and they deserve your money and you deserve the playing experience.,True,2022-01-05T07:39:24+00:00,2022-01-05T07:39:24+00:00,149.0,73.0,0.0,59.0,0.0,0.8455376625061035,True,False,False,False,76561197983040117,,64.0,False,False,557,94,2.4833333333333334,1.2166666666666666,1-3h,positive
101475199,1162700,midnight-protocol,Midnight Protocol,english,"[h1]Hack into a sci-fi near-future in an immersive, robust keyboard-only gameplay experience.[/h1]

Near-future science fiction is “set just far enough in the future to allow for certain technological or social changes without being so different that it is necessary to explain” ([i]Encyclopedia of Science Fiction[/i]). Taking place about 40 years in our future, [i]Midnight Protocol[/i] creates a remarkably robust and immersive gameplay experience using only keyboard commands - no mouse!

[h1]Game Universe[/h1]
Taking place in Budapest in the year 2062, the player takes on the persona of Data, a hacker arrested one year prior after being doxxed who has recently been released due to insufficient evidence. Along with their allies Clover (a hacker trained by Data) and Snail (an information broker), Data sets out to learn how their identity was uncovered and why it was exposed.

The story unfolds slowly, which makes sense for a game where the action is occurring within a computer universe. Much of the terminology will feel familiar to players knowledgeable about computers, such as command, program, SysOp, boot, and more. The subtle use of leetspeak and textspeak builds a realistic world without seeming overdone. For example, Clover’s nom de guerre is written as C10v3r for her username. There are also some interesting terminology choices, such as the word ‘deck’ for the programs selected to be taken on a particular mission.

[h1]Gameplay and Mechanics[/h1]
The Steam store describes [i]Midnight Protocol[/i] as “a tactical narrative-driven RPG”. The flavor of a particular playthrough is influenced by the player’s choices. Reputation can be gained in three areas that influence what missions and programs become available. Grey hat reputation will be required no matter what as it relates to Data’s accomplishments and skill as a hacker. White hat reputation relates to making choices favoring ideals, while black hat reputation relates to criminal or selfish actions. While I agree the game is narrative-driven, I feel the gameplay and mechanics have more in common with turn-based strategy games. There are broadly two areas of play: the home console and networks. 

The home console is where much of the story progression takes place, through email conversations and performing research on the intranet, as well as preparing for missions. The Port Scanner under Addresses can provide useful information about a network, such as what types of nodes will be present or the length of the trace bar. The player can only take a limited number of programs, called a deck, with them on each mission, so part of the strategy is deciding which programs to choose. For example, the player may want to take the leech program to help siphon funds from finance nodes or the spoon program to help decrypt encryption nodes. It reminds me of deck-building games, which is perhaps why the developers chose the term. As the game progresses, the player can choose to buy new programs or hardware from the Black Market, as long as they have sufficient credits, so it’s important to be choosy about which programs to buy in what order.

https://steamcommunity.com/sharedfiles/filedetails/?id=2634776057

Networks are where the turn-based aspect of the game comes into play. The player has 2 actions per turn, which include commands like moving to an adjacent node, running one of the programs from their deck, or interfacing with a node. There are different types of nodes (e.g., finance, encryption, bridge, data), and the interface command will be different at each type. For example, at an access node the interface command can be used to remove three traces from the Trace Bar once per mission. Most networks have some level of static protection in the form of Intrusion Countermeasure Electronics (ICE). Triggering an ICE will cause nasty effects for the player and increase the trace. The player passes the turn to the AI by using the end command. The network tries to trace the player on its turn, and if it succeeds enough times to max the Trace Bar it causes problems, such as loss of credits or deleted programs. Some networks will also have a Systems Operator (SysOp) that patrols the connections and adds an additional layer of strategy and challenge. Being cautious and checking a connection for ICE before moving takes time, but moving without checking runs the risk of triggering an ICE, so the player must balance speed and risk. Managing the distribution of processing slices per program is an essential part of gameplay strategy. Some programs require a set amount of slices and run a set number of turns, while some programs’ effectiveness depends on how many slices have been assigned to that program. Leaving slices idle at the end of a turn generally leads to less desirable outcomes. Once the objectives have been met, the player can use the exit command to leave the network. Unless otherwise stated, a mission cannot be replayed once it has been completed, so it is important to confirm that the desired outcome has been achieved before leaving the network.

https://steamcommunity.com/sharedfiles/filedetails/?id=2634776559

[h1]Art Style and Graphics[/h1]
The art style of [i]Midnight Protocol[/i] is minimalist, mainly using a monochromatic color scheme with purposeful noise reminiscent of analog television or VHS tapes. The home console user interface design is largely intuitive, and the player can choose from several themes to customize its appearance. All of the themes available at the start of the game are essentially monochromatic color schemes with varying levels of noise. There are additional themes that can be unlocked while playing, but I haven’t successfully done that yet in my playthroughs.

The visual representation of networks is where the game really shines. Different networks are visually distinct with consistent shapes for the node types. I found the default screen layout intuitive, but it is fully customizable if a player would prefer to change the location of components such as the Trace Bar or Objective List.

https://steamcommunity.com/sharedfiles/filedetails/?id=2634776907

[h1]Sound and Music[/h1]
The sound effects enhance the worldbuilding with typing as well as pinging, beeping, and other electronic elements on-brand for a hacker game, and the electronic aspects carry over into the music as well. The music of [i]Midnight Protocol[/i] is emotive yet subtle, “letting your keystrokes become part of the soundtrack” as the Steam store description says. As of the time of review, I haven’t encountered any voice acting in the game, but this makes sense considering the game’s immersive style. I’m interested to see if the music changes in the later game, particularly with regard to how the story evolves with white hat, grey hat, or black hat reputation.

[h1]Verdict[/h1]
[i]Midnight Protocol[/i] offers hours of content between the main plotline and optional side quests, as well as Steam trading cards and 18 possible achievements, making its $14.99 price tag (as of the time of review) more than fair. One flaw that merits a mention is the inability to save manually, which hampers full exploration of the different avenues without significant repetition. Since the game’s release the developers have been responsive to making improvements to the gameplay experience, so my fingers are crossed that manual saving becomes an option sometime in the future. I haven’t finished my initial playthrough yet, but I’m enjoying my time in the [i]Midnight Protocol[/i] universe. I would recommend [i]Midnight Protocol[/i] to fans of hacking games and culture, the near-future science fiction subgenre, or keyboard-only typing games.

[quote]Visit SaveOrQuit.com for detailed game reviews, posted daily![/quote]","[h1]Hack into a sci-fi near-future in an immersive, robust keyboard-only gameplay experience.[/h1] Near-future science fiction is “set just far enough in the future to allow for certain technological or social changes without being so different that it is necessary to explain” ([i]Encyclopedia of Science Fiction[/i]). Taking place about 40 years in our future, [i]Midnight Protocol[/i] creates a remarkably robust and immersive gameplay experience using only keyboard commands - no mouse! [h1]Game Universe[/h1] Taking place in Budapest in the year 2062, the player takes on the persona of Data, a hacker arrested one year prior after being doxxed who has recently been released due to insufficient evidence. Along with their allies Clover (a hacker trained by Data) and Snail (an information broker), Data sets out to learn how their identity was uncovered and why it was exposed. The story unfolds slowly, which makes sense for a game where the action is occurring within a computer universe. Much of the terminology will feel familiar to players knowledgeable about computers, such as command, program, SysOp, boot, and more. The subtle use of leetspeak and textspeak builds a realistic world without seeming overdone. For example, Clover’s nom de guerre is written as C10v3r for her username. There are also some interesting terminology choices, such as the word ‘deck’ for the programs selected to be taken on a particular mission. [h1]Gameplay and Mechanics[/h1] The Steam store describes [i]Midnight Protocol[/i] as “a tactical narrative-driven RPG”. The flavor of a particular playthrough is influenced by the player’s choices. Reputation can be gained in three areas that influence what missions and programs become available. Grey hat reputation will be required no matter what as it relates to Data’s accomplishments and skill as a hacker. White hat reputation relates to making choices favoring ideals, while black hat reputation relates to criminal or selfish actions. While I agree the game is narrative-driven, I feel the gameplay and mechanics have more in common with turn-based strategy games. There are broadly two areas of play: the home console and networks. The home console is where much of the story progression takes place, through email conversations and performing research on the intranet, as well as preparing for missions. The Port Scanner under Addresses can provide useful information about a network, such as what types of nodes will be present or the length of the trace bar. The player can only take a limited number of programs, called a deck, with them on each mission, so part of the strategy is deciding which programs to choose. For example, the player may want to take the leech program to help siphon funds from finance nodes or the spoon program to help decrypt encryption nodes. It reminds me of deck-building games, which is perhaps why the developers chose the term. As the game progresses, the player can choose to buy new programs or hardware from the Black Market, as long as they have sufficient credits, so it’s important to be choosy about which programs to buy in what order. https://steamcommunity.com/sharedfiles/filedetails/?id=2634776057 Networks are where the turn-based aspect of the game comes into play. The player has 2 actions per turn, which include commands like moving to an adjacent node, running one of the programs from their deck, or interfacing with a node. There are different types of nodes (e.g., finance, encryption, bridge, data), and the interface command will be different at each type. For example, at an access node the interface command can be used to remove three traces from the Trace Bar once per mission. Most networks have some level of static protection in the form of Intrusion Countermeasure Electronics (ICE). Triggering an ICE will cause nasty effects for the player and increase the trace. The player passes the turn to the AI by using the end command. The network tries to trace the player on its turn, and if it succeeds enough times to max the Trace Bar it causes problems, such as loss of credits or deleted programs. Some networks will also have a Systems Operator (SysOp) that patrols the connections and adds an additional layer of strategy and challenge. Being cautious and checking a connection for ICE before moving takes time, but moving without checking runs the risk of triggering an ICE, so the player must balance speed and risk. Managing the distribution of processing slices per program is an essential part of gameplay strategy. Some programs require a set amount of slices and run a set number of turns, while some programs’ effectiveness depends on how many slices have been assigned to that program. Leaving slices idle at the end of a turn generally leads to less desirable outcomes. Once the objectives have been met, the player can use the exit command to leave the network. Unless otherwise stated, a mission cannot be replayed once it has been completed, so it is important to confirm that the desired outcome has been achieved before leaving the network. https://steamcommunity.com/sharedfiles/filedetails/?id=2634776559 [h1]Art Style and Graphics[/h1] The art style of [i]Midnight Protocol[/i] is minimalist, mainly using a monochromatic color scheme with purposeful noise reminiscent of analog television or VHS tapes. The home console user interface design is largely intuitive, and the player can choose from several themes to customize its appearance. All of the themes available at the start of the game are essentially monochromatic color schemes with varying levels of noise. There are additional themes that can be unlocked while playing, but I haven’t successfully done that yet in my playthroughs. The visual representation of networks is where the game really shines. Different networks are visually distinct with consistent shapes for the node types. I found the default screen layout intuitive, but it is fully customizable if a player would prefer to change the location of components such as the Trace Bar or Objective List. https://steamcommunity.com/sharedfiles/filedetails/?id=2634776907 [h1]Sound and Music[/h1] The sound effects enhance the worldbuilding with typing as well as pinging, beeping, and other electronic elements on-brand for a hacker game, and the electronic aspects carry over into the music as well. The music of [i]Midnight Protocol[/i] is emotive yet subtle, “letting your keystrokes become part of the soundtrack” as the Steam store description says. As of the time of review, I haven’t encountered any voice acting in the game, but this makes sense considering the game’s immersive style. I’m interested to see if the music changes in the later game, particularly with regard to how the story evolves with white hat, grey hat, or black hat reputation. [h1]Verdict[/h1] [i]Midnight Protocol[/i] offers hours of content between the main plotline and optional side quests, as well as Steam trading cards and 18 possible achievements, making its $14.99 price tag (as of the time of review) more than fair. One flaw that merits a mention is the inability to save manually, which hampers full exploration of the different avenues without significant repetition. Since the game’s release the developers have been responsive to making improvements to the gameplay experience, so my fingers are crossed that manual saving becomes an option sometime in the future. I haven’t finished my initial playthrough yet, but I’m enjoying my time in the [i]Midnight Protocol[/i] universe. I would recommend [i]Midnight Protocol[/i] to fans of hacking games and culture, the near-future science fiction subgenre, or keyboard-only typing games. [quote]Visit SaveOrQuit.com for detailed game reviews, posted daily![/quote]",True,2021-10-23T05:33:02+00:00,2021-10-23T05:35:23+00:00,576.0,574.0,0.0,52.0,1.0,0.7881929278373718,False,True,False,False,76561198032373667,,65.0,False,False,7761,1221,9.6,9.566666666666666,3-10h,positive
101066615,1162700,midnight-protocol,Midnight Protocol,english,"Context: I have finished the game. I did not 100% the game. But I find it hard to say how far I got from 100%ing the game, because I had no side content available to me at the time that I crossed the (helpfully labeled) point of no return, with the exception of the repeatable ""virtual"" addresses. But there are still definitely things that I let get away from me.

The very fact that I finished this game in two days with 18 hours logged should indicate a very strong positive review. But let me go into some details to make it more useful as well as providing some criticism.

Midnight Protocol is a hacking themed puzzle game with RPG elements and a strong central narrative. You play as a hacker who goes by Data on the net. You were doxxed and detained by the authorities before the game starts and went AWOL, but now you're back in the game, meet up with some old friends with your old terminal, and try to chase down the people who doxxed you. (This is the beginning of the story, you can pick this much up from just the demo). Without going any further (until later in the review), I will say the narrative is quite gripping. You definitely want to know what happens next.

Mechanically, you enter a network and move around between its various nodes doing various things. You encounter programs called ICE that try to impede your progress, and have your own programs for dispatching them. Slightly later in the game you encounter other users called SysOps who also interfere with you. These and just the general passage of time in the network all cause a trace counter to tick down. Once it hits zero, it stays that way, and in the next few turns you start to be directly affected: you start losing credits and soon you get a game over due to your location being exposed, unless you exit the network. You have various stealth tools that you can use to make this proceed slower, but for most of the game you still need to keep moving to avoid maxing out your trace. Some missions also have turn timers for objectives or even the whole mission, which further add to the pressure. 

Overall between the narrative and mechanics this game is extremely engrossing, even addicting. 

The aforementioned pressure ties into the first of my mechanical complaints about the game. That is that this game has a bit of an identity crisis in regards to permanence of your decisions and consequences. On the one hand, once you exit a mission, everything you did gets saved. Additionally, the game does not provide you with tools to facilitate chasing down multiple branches in decisions; in game there are only three save slots, even. So the game clearly wants you to play the game straight through at least the first time. On the other hand, while you are in a mission, you can roll it back to the start and even reconfigure your equipment. The actual network will be the same, although enemies that have their own turns may behave differently. (Edit: a patch after this review was originally written changed it so the network will not just be identical upon return.) This would be an accessibility feature that you could just ignore if you have more of a hardcore mentality, except that trying to play this game ""blind and iron man mode"" would be brutally difficult, so rolling back is sorta there to stay. 

The rollback also trivializes some of the levels that are based on reading off some information from the network to determine what to do and then doing that. For example there is a level where there are numerous nodes you can tamper with, and you need to interact with some other nodes to determine which one you actually need to tamper with. Once you have the intel, you almost might as well just roll back right there, because the node you need to tamper with is going to be the same after the reload anyway, and you are likely already getting pretty low on spare trace points.

My second mechanical complaint about the game is about one of the programs you get late in the game, and what it does to the flow of a lot of the lategame levels. Earlier in the game, you can't halt the passive trace entirely. The best you could do was slow it down by 75%, and even doing that greatly limits your options. This would tend to force you to either really optimize your methodology (usually requiring lots of rollbacks) or else sacrifice some possible gains (e.g. leaving money behind). But eventually you get a program that does halt it entirely, at the expense of some drawbacks that basically boil down to ""take it slow"". In some levels, this is perfectly well balanced because there is something else forcing a time pressure on you besides the passive trace. But in others, it just makes things feel plodding, as you slowly move around doing every last thing the network lets you do, with absolutely no risk of anything going awry. It starts feeling like the game is refusing to acknowledge that you've already solved the level.

My last mechanical complaint is a familiar one in a lot of games: there's a morality system, in the form of ""white hat"" reputation and ""black hat"" reputation. In-universe this makes perfect sense just like what these terms mean IRL. But it has a problem which is basically the opposite of the usual problem with morality systems, which is that there is not much ""tug of war"" going on. There is some, as some specific actions do get remembered in your save, but in general having both black rep and white rep is useful for unlocking new stuff to buy, so it doesn't really make sense to roleplay as a white hat or black hat hacker.

Speaking of roleplaying elements, my final complaint is about the narrative/character development, and there is absolutely no way to discuss this part in any detail without some pretty massive spoilers. [spoiler]Shortly before the point of no return, you view an autopsy report for the actual Data. The scene makes it sound like your character is as shocked to read this as you are as the player. But shortly after the point of no return, it is revealed that you were never Data. Instead you were working for a government digital security agency on a case that your employer thinks is related to Data. In general this twist is really powerful, except it has one extremely serious flaw: unlike you, your character knew almost all of this the entire time. So that part of the twist is sort of obtained by sleight of hand only, which makes it feel kinda cheap in hindsight. In particular it makes you wonder about the meaning of your loyalty to Data's close friends Clover and Snail. It also raises the question: who is even tracing you earlier in the game? You initially have the impression that it is the police, but if the police came to talk to you in person, presumably you could just flash your credentials and send them on their way. Who it actually is seems more fuzzy with that reveal in place. This also makes the meaning of a game over (at least before the point of no return) really unclear, because surely you would pull out some kind of secret trick that runs the risk of blowing your cover rather than being killed by corporate thugs or whatever.[/spoiler] The short and spoiler-free version of that wall of spoiler-tagged text is that there is a twist towards the end of the story that is somewhat unearned and sort of retroactively undermines some of the stuff that came before it.

I realize I just spent five paragraphs bashing this game, but it really has been one of the best games I've played in a long time. Only that last complaint actually feels like it isn't just the bad aspect of something that is both good and bad; all three of my mechanical complaints are deeply related to some of the things that make the mechanics really fun. And the story really is gripping, even with the defect I described in the spoiler. 

I highly recommend it. I especially would recommend it to fans of Cultist Simulator. The theme and mechanics are both very different but it somehow scratches some very similar itches nonetheless.","Context: I have finished the game. I did not 100% the game. But I find it hard to say how far I got from 100%ing the game, because I had no side content available to me at the time that I crossed the (helpfully labeled) point of no return, with the exception of the repeatable ""virtual"" addresses. But there are still definitely things that I let get away from me. The very fact that I finished this game in two days with 18 hours logged should indicate a very strong positive review. But let me go into some details to make it more useful as well as providing some criticism. Midnight Protocol is a hacking themed puzzle game with RPG elements and a strong central narrative. You play as a hacker who goes by Data on the net. You were doxxed and detained by the authorities before the game starts and went AWOL, but now you're back in the game, meet up with some old friends with your old terminal, and try to chase down the people who doxxed you. (This is the beginning of the story, you can pick this much up from just the demo). Without going any further (until later in the review), I will say the narrative is quite gripping. You definitely want to know what happens next. Mechanically, you enter a network and move around between its various nodes doing various things. You encounter programs called ICE that try to impede your progress, and have your own programs for dispatching them. Slightly later in the game you encounter other users called SysOps who also interfere with you. These and just the general passage of time in the network all cause a trace counter to tick down. Once it hits zero, it stays that way, and in the next few turns you start to be directly affected: you start losing credits and soon you get a game over due to your location being exposed, unless you exit the network. You have various stealth tools that you can use to make this proceed slower, but for most of the game you still need to keep moving to avoid maxing out your trace. Some missions also have turn timers for objectives or even the whole mission, which further add to the pressure. Overall between the narrative and mechanics this game is extremely engrossing, even addicting. The aforementioned pressure ties into the first of my mechanical complaints about the game. That is that this game has a bit of an identity crisis in regards to permanence of your decisions and consequences. On the one hand, once you exit a mission, everything you did gets saved. Additionally, the game does not provide you with tools to facilitate chasing down multiple branches in decisions; in game there are only three save slots, even. So the game clearly wants you to play the game straight through at least the first time. On the other hand, while you are in a mission, you can roll it back to the start and even reconfigure your equipment. The actual network will be the same, although enemies that have their own turns may behave differently. (Edit: a patch after this review was originally written changed it so the network will not just be identical upon return.) This would be an accessibility feature that you could just ignore if you have more of a hardcore mentality, except that trying to play this game ""blind and iron man mode"" would be brutally difficult, so rolling back is sorta there to stay. The rollback also trivializes some of the levels that are based on reading off some information from the network to determine what to do and then doing that. For example there is a level where there are numerous nodes you can tamper with, and you need to interact with some other nodes to determine which one you actually need to tamper with. Once you have the intel, you almost might as well just roll back right there, because the node you need to tamper with is going to be the same after the reload anyway, and you are likely already getting pretty low on spare trace points. My second mechanical complaint about the game is about one of the programs you get late in the game, and what it does to the flow of a lot of the lategame levels. Earlier in the game, you can't halt the passive trace entirely. The best you could do was slow it down by 75%, and even doing that greatly limits your options. This would tend to force you to either really optimize your methodology (usually requiring lots of rollbacks) or else sacrifice some possible gains (e.g. leaving money behind). But eventually you get a program that does halt it entirely, at the expense of some drawbacks that basically boil down to ""take it slow"". In some levels, this is perfectly well balanced because there is something else forcing a time pressure on you besides the passive trace. But in others, it just makes things feel plodding, as you slowly move around doing every last thing the network lets you do, with absolutely no risk of anything going awry. It starts feeling like the game is refusing to acknowledge that you've already solved the level. My last mechanical complaint is a familiar one in a lot of games: there's a morality system, in the form of ""white hat"" reputation and ""black hat"" reputation. In-universe this makes perfect sense just like what these terms mean IRL. But it has a problem which is basically the opposite of the usual problem with morality systems, which is that there is not much ""tug of war"" going on. There is some, as some specific actions do get remembered in your save, but in general having both black rep and white rep is useful for unlocking new stuff to buy, so it doesn't really make sense to roleplay as a white hat or black hat hacker. Speaking of roleplaying elements, my final complaint is about the narrative/character development, and there is absolutely no way to discuss this part in any detail without some pretty massive spoilers. [spoiler]Shortly before the point of no return, you view an autopsy report for the actual Data. The scene makes it sound like your character is as shocked to read this as you are as the player. But shortly after the point of no return, it is revealed that you were never Data. Instead you were working for a government digital security agency on a case that your employer thinks is related to Data. In general this twist is really powerful, except it has one extremely serious flaw: unlike you, your character knew almost all of this the entire time. So that part of the twist is sort of obtained by sleight of hand only, which makes it feel kinda cheap in hindsight. In particular it makes you wonder about the meaning of your loyalty to Data's close friends Clover and Snail. It also raises the question: who is even tracing you earlier in the game? You initially have the impression that it is the police, but if the police came to talk to you in person, presumably you could just flash your credentials and send them on their way. Who it actually is seems more fuzzy with that reveal in place. This also makes the meaning of a game over (at least before the point of no return) really unclear, because surely you would pull out some kind of secret trick that runs the risk of blowing your cover rather than being killed by corporate thugs or whatever.[/spoiler] The short and spoiler-free version of that wall of spoiler-tagged text is that there is a twist towards the end of the story that is somewhat unearned and sort of retroactively undermines some of the stuff that came before it. I realize I just spent five paragraphs bashing this game, but it really has been one of the best games I've played in a long time. Only that last complaint actually feels like it isn't just the bad aspect of something that is both good and bad; all three of my mechanical complaints are deeply related to some of the things that make the mechanics really fun. And the story really is gripping, even with the defect I described in the spoiler. I highly recommend it. I especially would recommend it to fans of Cultist Simulator. The theme and mechanics are both very different but it somehow scratches some very similar itches nonetheless.",True,2021-10-15T02:45:06+00:00,2023-11-22T16:41:55+00:00,1644.0,1100.0,0.0,25.0,0.0,0.6884445548057556,True,False,False,False,76561198038883094,,32.0,False,False,7984,1432,27.4,18.333333333333332,10h+,positive
101304538,1162700,midnight-protocol,Midnight Protocol,english,"[table]
[tr]
[td]🔵 POI[/td]
[td]✔️ Pos[/td]
[td]❌ Neg[/td]
[td]💡  Ideas[/td]
[td]🍿  Video[/td]
[td]⭐ STAR[/td]
[/tr]
[/table]

[h2]FINAL REVIEW[/h2]
🔵Ultimately MP is a puzzle game running under the guise of a hacker game.
🔵Each Network is a puzzle, and you must defeat the puzzle using commands & tools.
🔵MP could be considered a Lightweight Hacker game which introduces turn-based gameplay 
🔵Has some additional unique and impressive gameplay mechanics.
🔵I was instantly Immersed by the story and the characters.
🔵In MP you don't use anything other than KB.
🔵At the beginning of the game you don't get to pick your username (it's Data).
🔵You also don't get to pick a password (just keep pressing lol).
🔵Writing emails does not care what buttons you press either & it kind of works!
🔵Not Linear gameplay, you can chose the direction and specialisation you want.
🔵Can be challenging, especially when learning how things work and what things mean.
 
[h3]POSITIVES[/h3]
✔️Audio
✔️Story
✔️Characters
✔️UI
✔️Gameplay style
✔️Game mechanics
✔️I like how your action dictate what software and job opportunities you get.
✔️I like how the email system works, feel real-time.
✔️I enjoyed the hardware side of things (made it a lot easier).
✔️Not Linear, your actions guide progression: Jobs, Software and Opportunities.

[h3]NEGATIVES[/h3]
❌Absolutely nothing comes to mind right now...I will keep looking.
❌Unable to reload from a previous save point (I ran out of HDD space and wanted to go back)
❌I got one!  I wish "".a0"" was accepted instead of "". a0"" (phew that was tough!).
❌Some of the important lessons were missing from the tutorial (Bridge shutdown arrows).
❌I am immeasurably frustrated that my scanner last 2 turns but works just once!
❌WHY Can't I direct the SPIDER?? Spider c4 for example????

[h3]STAR FEATURES[/h3]
⭐This is totally unique and incredibly impressive.  
⭐I love hacking games but sometimes I am too tired. THIS is the perfect middle-ground.
⭐Story is spot on.
⭐The UI is excellent
⭐The gameplay is outrageously good.

[h3]MY RECOMMENDATIONS & IDEAS[/h3]
💡DLC + MORE, More More!!!
💡I would have liked the Hardware to be more realistic & software to take more on.
💡Software that highlights ICE instead of hardware for example.
💡Ability to chain commands ex: `.c1,. c2`
💡Show network map BEFORE starting a mission so you can pick deck better (saves time).
💡HARDCORE Mode without option to rollback (could result in fail or need for multiple attacks).
💡Installing trojans on systems without being asked might open up NEW job opp.

[h3]VIDEOS[/h3]
🍿FULL REVIEW
https://youtu.be/A4XA3Shyn0A

🍿GAMEPLAY
https://www.youtube.com/watch?v=wbexpInY6RQ&list=PLqCcKPhsV5eC9wMowMbVKk6OKJHc5o5N9

[table]
[tr]
[td]JOIN HERE[/td][th]https://store.steampowered.com/curator/27020841-Sim-UK/[/th]
[/tr]
[/table]","[table] [tr] [td]🔵 POI[/td] [td]✔️ Pos[/td] [td]❌ Neg[/td] [td]💡 Ideas[/td] [td]🍿 Video[/td] [td]⭐ STAR[/td] [/tr] [/table] [h2]FINAL REVIEW[/h2] 🔵Ultimately MP is a puzzle game running under the guise of a hacker game. 🔵Each Network is a puzzle, and you must defeat the puzzle using commands & tools. 🔵MP could be considered a Lightweight Hacker game which introduces turn-based gameplay 🔵Has some additional unique and impressive gameplay mechanics. 🔵I was instantly Immersed by the story and the characters. 🔵In MP you don't use anything other than KB. 🔵At the beginning of the game you don't get to pick your username (it's Data). 🔵You also don't get to pick a password (just keep pressing lol). 🔵Writing emails does not care what buttons you press either & it kind of works! 🔵Not Linear gameplay, you can chose the direction and specialisation you want. 🔵Can be challenging, especially when learning how things work and what things mean. [h3]POSITIVES[/h3] ✔️Audio ✔️Story ✔️Characters ✔️UI ✔️Gameplay style ✔️Game mechanics ✔️I like how your action dictate what software and job opportunities you get. ✔️I like how the email system works, feel real-time. ✔️I enjoyed the hardware side of things (made it a lot easier). ✔️Not Linear, your actions guide progression: Jobs, Software and Opportunities. [h3]NEGATIVES[/h3] ❌Absolutely nothing comes to mind right now...I will keep looking. ❌Unable to reload from a previous save point (I ran out of HDD space and wanted to go back) ❌I got one! I wish "".a0"" was accepted instead of "". a0"" (phew that was tough!). ❌Some of the important lessons were missing from the tutorial (Bridge shutdown arrows). ❌I am immeasurably frustrated that my scanner last 2 turns but works just once! ❌WHY Can't I direct the SPIDER?? Spider c4 for example???? [h3]STAR FEATURES[/h3] ⭐This is totally unique and incredibly impressive. ⭐I love hacking games but sometimes I am too tired. THIS is the perfect middle-ground. ⭐Story is spot on. ⭐The UI is excellent ⭐The gameplay is outrageously good. [h3]MY RECOMMENDATIONS & IDEAS[/h3] 💡DLC + MORE, More More!!! 💡I would have liked the Hardware to be more realistic & software to take more on. 💡Software that highlights ICE instead of hardware for example. 💡Ability to chain commands ex: `.c1,. c2` 💡Show network map BEFORE starting a mission so you can pick deck better (saves time). 💡HARDCORE Mode without option to rollback (could result in fail or need for multiple attacks). 💡Installing trojans on systems without being asked might open up NEW job opp. [h3]VIDEOS[/h3] 🍿FULL REVIEW https://youtu.be/A4XA3Shyn0A 🍿GAMEPLAY https://www.youtube.com/watch?v=wbexpInY6RQ&list=PLqCcKPhsV5eC9wMowMbVKk6OKJHc5o5N9 [table] [tr] [td]JOIN HERE[/td][th]https://store.steampowered.com/curator/27020841-Sim-UK/[/th] [/tr] [/table]",True,2021-10-19T17:34:24+00:00,2021-10-22T09:16:13+00:00,1754.0,199.0,0.0,13.0,0.0,0.5284419655799866,False,True,False,False,76561198136421655,,625.0,False,False,2797,422,29.233333333333334,3.316666666666667,3-10h,positive
118898301,1162700,midnight-protocol,Midnight Protocol,english,"[h1]Midnight Protocol[/h1]

Interesting game, a wonderful time killer and definitely a hidden gem. I really wonder why more people aren't playing it. The game mixes hacking, puzzles, and storytelling into one fun little experience. It's nothing new, the story is just above average and there are a few flaws. And if you've played games like Uplink, Hacknet, Nite Team 4, or even the hacking part of the new Shadowrun games, you'll be familiar with most parts of the gameplay. But overall I have no hesitation in recommending the game at full price and definitely on sale.

[b]Postive:[/b]

1.) Immersion and atmosphere are top notch. The beginning is a bit rough, boring and repetitive, but it picks up the pace pretty quickly and doesn't slow down until the end. After the tutorial and the first few standard missions you can't and don't want to stop. Just ""one"" more mission and hours later, after some really intense battles and boss fights, you start to see the full potential of the game.

2.) Some missions and side missions are the real deal. I've had some of the most intense moments in recent memory, taking on other hackers or ""bosses"" in some highly dynamic puzzle battles. And not even in real time, just by typing commands into my keyboard. This is a great achievement by the developers. And some of the side missions are really well written.

3.) The soundtrack is great and a wonderful addition to the immersion and intensity during most missions.

4.) Graphics and user interface are minimalistic but quite polished. There is nothing to complain about.  didn't notice any bugs or crashes either.

[b]Neutral:[/b]

1.) The story could be a lot better. It's your well-known sci-fi/cyper story that you've heard, read, or seen many times. Maybe it would be ok if it was your first cyber/hacking game, but a little creativity here and the game would be a real masterpiece.

2.) The gameplay is strange at first. There doesn't seem to be much depth. But once you get used to the keyboard-only mechanics and get more and more programs and hardware to work with, the possibilities and depth get pretty good. You can build your deck based on your playstyle, but there are always some limitations on what programs you should bring. And some are just better than others. It's still good, but that's definitely a point where the game could be better. And that RNG can really mess thing up. 

[b]Cons:[/b]

1.) There is no manual saving. Yes, I understand it. It ""adds"" to the immersion or something like that. But in a game where you can take different paths and make certain decisions, I think a save function is an absolute must. Even more so when you have to play and answer certain side missions perfectly in order to see everything the game has to offer. And it's not so clear what to answer or what to do to advance the side story and get the next mission. I got pretty pissed when I read about things I missed while being very careful to avoid doing just that. But one wrong answer, or move and that's it. Better luck next time. I don't like this decision at all.

[b]Conclusion:[/b]

I don't know the full story behind the game and the devs, but only 131 reviews for a great title like this is just sad. It's about 25-30 hours of gameplay, fun, and intensity. It's a solid piece of work with a lot of commitment put into it and well worth the price and I hope more people find out about this hidden gem. If you like hacking/puzzle games or want to get into it, don't be shy. Try it out and if you like it, spread the word. Midnight Protocol deserves a good community as so far there are no achievement guides, walktroughts or tips for specific missions, deck/hardware discussions and the like.","[h1]Midnight Protocol[/h1] Interesting game, a wonderful time killer and definitely a hidden gem. I really wonder why more people aren't playing it. The game mixes hacking, puzzles, and storytelling into one fun little experience. It's nothing new, the story is just above average and there are a few flaws. And if you've played games like Uplink, Hacknet, Nite Team 4, or even the hacking part of the new Shadowrun games, you'll be familiar with most parts of the gameplay. But overall I have no hesitation in recommending the game at full price and definitely on sale. [b]Postive:[/b] 1.) Immersion and atmosphere are top notch. The beginning is a bit rough, boring and repetitive, but it picks up the pace pretty quickly and doesn't slow down until the end. After the tutorial and the first few standard missions you can't and don't want to stop. Just ""one"" more mission and hours later, after some really intense battles and boss fights, you start to see the full potential of the game. 2.) Some missions and side missions are the real deal. I've had some of the most intense moments in recent memory, taking on other hackers or ""bosses"" in some highly dynamic puzzle battles. And not even in real time, just by typing commands into my keyboard. This is a great achievement by the developers. And some of the side missions are really well written. 3.) The soundtrack is great and a wonderful addition to the immersion and intensity during most missions. 4.) Graphics and user interface are minimalistic but quite polished. There is nothing to complain about. didn't notice any bugs or crashes either. [b]Neutral:[/b] 1.) The story could be a lot better. It's your well-known sci-fi/cyper story that you've heard, read, or seen many times. Maybe it would be ok if it was your first cyber/hacking game, but a little creativity here and the game would be a real masterpiece. 2.) The gameplay is strange at first. There doesn't seem to be much depth. But once you get used to the keyboard-only mechanics and get more and more programs and hardware to work with, the possibilities and depth get pretty good. You can build your deck based on your playstyle, but there are always some limitations on what programs you should bring. And some are just better than others. It's still good, but that's definitely a point where the game could be better. And that RNG can really mess thing up. [b]Cons:[/b] 1.) There is no manual saving. Yes, I understand it. It ""adds"" to the immersion or something like that. But in a game where you can take different paths and make certain decisions, I think a save function is an absolute must. Even more so when you have to play and answer certain side missions perfectly in order to see everything the game has to offer. And it's not so clear what to answer or what to do to advance the side story and get the next mission. I got pretty pissed when I read about things I missed while being very careful to avoid doing just that. But one wrong answer, or move and that's it. Better luck next time. I don't like this decision at all. [b]Conclusion:[/b] I don't know the full story behind the game and the devs, but only 131 reviews for a great title like this is just sad. It's about 25-30 hours of gameplay, fun, and intensity. It's a solid piece of work with a lot of commitment put into it and well worth the price and I hope more people find out about this hidden gem. If you like hacking/puzzle games or want to get into it, don't be shy. Try it out and if you like it, spread the word. Midnight Protocol deserves a good community as so far there are no achievement guides, walktroughts or tips for specific missions, deck/hardware discussions and the like.",True,2022-07-16T10:54:21+00:00,2022-07-16T11:30:50+00:00,1972.0,1972.0,0.0,11.0,0.0,0.6673147082328796,False,False,False,False,76561198067265072,,98.0,False,False,3691,655,32.86666666666667,32.86666666666667,10h+,positive
101001863,1162700,midnight-protocol,Midnight Protocol,english,"Midnight Protocol really makes you feel like a real hacker. You have to make different choices in the game which really make you think and question your own ethical code.

The controls are purely based on keyboard input, but after a few minutes you won't even miss your mouse. You'll be entering commands at blazing speed and be caught up in the action. Once you start, it's very easy to get 'in the zone' and a 10 minute session quickly takes much longer.

The music and graphics are really immersive and I like how you can customize your deck to align with your approach (slow and steady / guns blazing).

Would definitely recommend if you like hacking-type games / story rich puzzle games!","Midnight Protocol really makes you feel like a real hacker. You have to make different choices in the game which really make you think and question your own ethical code. The controls are purely based on keyboard input, but after a few minutes you won't even miss your mouse. You'll be entering commands at blazing speed and be caught up in the action. Once you start, it's very easy to get 'in the zone' and a 10 minute session quickly takes much longer. The music and graphics are really immersive and I like how you can customize your deck to align with your approach (slow and steady / guns blazing). Would definitely recommend if you like hacking-type games / story rich puzzle games!",True,2021-10-13T17:49:13+00:00,2021-10-13T17:49:13+00:00,322.0,322.0,0.0,11.0,2.0,0.5210810303688049,False,False,False,False,76561197973913877,,2.0,False,False,689,123,5.366666666666666,5.366666666666666,3-10h,positive
108328715,1162700,midnight-protocol,Midnight Protocol,english,"This is a game that while via screenshots, doesn't look like much, is a very very cool unique take on the ""hacking"" genre.  It's entirely keyboard driven, and while that may feel like a hindrance, it actually adds to the game's immersion.  All controls are well thought out and seamless, and there's no awkward switching between mouse and keyboard like many typical games might do.

The gameplay itself is a little bit puzzle and a healthy dose of turn based tactics.  There's some RNG involved, and while you can't save scum individual moves, restarting a level is quick and painless, so if you really get boned by RNG (rare but could happen), you don't feel bad giving it another shot.

Honestly, it feels like XCOM in how it feels to do well (or poorly), getting a few lucky dice rolls, or missing a few 90% shots, but there's usually enough wiggle room baked in that it doesn't ruin your run.

There's also a cool RPG-ish element of progression.  As you get further, you buy new programs and hardware to customize your abilities.  Do you want to be stealthy and slow?  Do you want to be fast and brash?  Do you need a sniper program to deal with a long range enemy, or one that helps you open additional paths from a distance to skirt a danger?

On top of all that, the presentation is much slicker in game than screenshots may reveal.  Everything is cohesive in feel, animated in a flashy, but appropriate manner.  The sound effects and music are very hacker feeling and enjoyable. 

Finally, there's actually a story!  I'm still going through it, so I can't comment on its entire arc, but it involves you working with friends to accomplish various goals, and there's a range of personal crisis, professional concerns, morality.  It actually feels somewhat real, like you're actually emailing other people, and it adds some reasons to what you're doing.

All in all, an unusual game that's well worth playing.","This is a game that while via screenshots, doesn't look like much, is a very very cool unique take on the ""hacking"" genre. It's entirely keyboard driven, and while that may feel like a hindrance, it actually adds to the game's immersion. All controls are well thought out and seamless, and there's no awkward switching between mouse and keyboard like many typical games might do. The gameplay itself is a little bit puzzle and a healthy dose of turn based tactics. There's some RNG involved, and while you can't save scum individual moves, restarting a level is quick and painless, so if you really get boned by RNG (rare but could happen), you don't feel bad giving it another shot. Honestly, it feels like XCOM in how it feels to do well (or poorly), getting a few lucky dice rolls, or missing a few 90% shots, but there's usually enough wiggle room baked in that it doesn't ruin your run. There's also a cool RPG-ish element of progression. As you get further, you buy new programs and hardware to customize your abilities. Do you want to be stealthy and slow? Do you want to be fast and brash? Do you need a sniper program to deal with a long range enemy, or one that helps you open additional paths from a distance to skirt a danger? On top of all that, the presentation is much slicker in game than screenshots may reveal. Everything is cohesive in feel, animated in a flashy, but appropriate manner. The sound effects and music are very hacker feeling and enjoyable. Finally, there's actually a story! I'm still going through it, so I can't comment on its entire arc, but it involves you working with friends to accomplish various goals, and there's a range of personal crisis, professional concerns, morality. It actually feels somewhat real, like you're actually emailing other people, and it adds some reasons to what you're doing. All in all, an unusual game that's well worth playing.",True,2022-01-19T14:13:24+00:00,2022-01-19T14:13:24+00:00,9145.0,7459.0,0.0,8.0,0.0,0.609128475189209,True,False,False,False,76561197968492728,,19.0,False,False,1896,334,152.41666666666666,124.31666666666666,10h+,positive
138750730,1162700,midnight-protocol,Midnight Protocol,english,"I don't normally write reviews, but considering this gem has only 162 reviews at the time of writing, I kinda have to do it - it just deserves much better visibility.

First thing's first - this is not a hacking game - you don't need any real hacking knowledge and you won't earn any either. It just borrows some general ""hacking aesthetic"" - you need to uncover secrets that was not supposed to ever go public, unlock new malware on black market that helps you proceed, you consult your fellow hack buddies, get to make some decisions that affect real people outside of the net - all that while combating the threat of being traced. And oh, all that is achieved exclusively by typing commands. Gameplay-wise, I found it pretty fun, but after you unlock some programs that might be a little too OP, the game might become a bit too easy and stale. You can unlock some challenges to make it harder though, but personally I didn't see a point. The game does everything to combat the staleness though - even the most broken combos won't work in every other situation - you have to change your loadout quite often. Also, the production value is on an unreal level - there are quite a lot of special one-time mechanics just for that level.

The main thing that made me glued to the monitor though, was the story. It starts a bit slow, but delivers EXPERTLY. It manages to make you care about your buddies - even though you don't really know much about them - anonymity is a thing in the hacking world after all. It telegraphs certain story points to make you feel like you know what's going to happen and still manages to throw you off. I also really adore how the writers leveraged the fact that it feels like you - the player, in our world - is doing all this nerdy stuff, hacking, emailing and so on - but no spoilers - you'd have to see that for yourself. 

The music though may be the weakest link in the game - it's nice, but I felt like there is only one track playing over and over and over. Even the boss music is a variation of the same track - this is actually pretty nice, because you feel there are some stakes involved. 

Concluding - you should really get the game - it's absolutely worth every penny. 
","I don't normally write reviews, but considering this gem has only 162 reviews at the time of writing, I kinda have to do it - it just deserves much better visibility. First thing's first - this is not a hacking game - you don't need any real hacking knowledge and you won't earn any either. It just borrows some general ""hacking aesthetic"" - you need to uncover secrets that was not supposed to ever go public, unlock new malware on black market that helps you proceed, you consult your fellow hack buddies, get to make some decisions that affect real people outside of the net - all that while combating the threat of being traced. And oh, all that is achieved exclusively by typing commands. Gameplay-wise, I found it pretty fun, but after you unlock some programs that might be a little too OP, the game might become a bit too easy and stale. You can unlock some challenges to make it harder though, but personally I didn't see a point. The game does everything to combat the staleness though - even the most broken combos won't work in every other situation - you have to change your loadout quite often. Also, the production value is on an unreal level - there are quite a lot of special one-time mechanics just for that level. The main thing that made me glued to the monitor though, was the story. It starts a bit slow, but delivers EXPERTLY. It manages to make you care about your buddies - even though you don't really know much about them - anonymity is a thing in the hacking world after all. It telegraphs certain story points to make you feel like you know what's going to happen and still manages to throw you off. I also really adore how the writers leveraged the fact that it feels like you - the player, in our world - is doing all this nerdy stuff, hacking, emailing and so on - but no spoilers - you'd have to see that for yourself. The music though may be the weakest link in the game - it's nice, but I felt like there is only one track playing over and over and over. Even the boss music is a variation of the same track - this is actually pretty nice, because you feel there are some stakes involved. Concluding - you should really get the game - it's absolutely worth every penny.",True,2023-05-22T10:09:15+00:00,2023-05-22T10:09:15+00:00,1107.0,1107.0,0.0,6.0,0.0,0.6009122133255005,True,False,False,False,76561198031858163,,5.0,False,False,2204,412,18.45,18.45,10h+,positive
116227604,1162700,midnight-protocol,Midnight Protocol,english,"Let me start off by saying that this game is way better than Uplink. (Despite being somewhat inspired by it)

Midnight Protocol is a turn-based strategy game with some RPG elements. The game is 100% played on your keyboard and you type the commands that you want to perform while moving around a board. Commands range from offensive or stealth, with a multitude of types to choose from and while navigating the board, you are destroying/avoiding antivirus programs called ICE as well as security system admins called Sys ops. While it might not sound like much at first,  the gameplay is a solid, intense and addictive experience.

The story and characters in Midnight Protocol are enthralling, and kept me constantly guessing as to what was going to happen next. To be brief, you are a reputable hacker named DATA taking on jobs for people from all walks of life. Your jobs range from hacking into banks, planting evidence, and deleting evidence of infidelity off of some couples' iCloud to prevent some idiot's divorce. (No, seriously.) 

One thing that this game handles very well, in my opinion, is choice. In almost every mission, you are given a choice that affects your moral standing in the game' s world. The game measures your choices and you have 3 meters: White hat (Good), Black hat (Bad), Gray hat (Morally grey). A nice touch considering that hackers in this world (as well as somewhat in our own) are considered to be modern day outlaws. A good chunk of your choices are meaningful for the ending, and almost none are easy which I think is where this game really shines.

To get into negatives, there is a warning when you open the game that tells you that the game is controlled solely through the keyboard. That's completely understandable the first time you launch the game, but not every time. There’s also no way to turn this off for some reason to my knowledge and it became pretty annoying after launching the game for the first time. Another negative I wanted to mention is that there is a MAJOR difficulty spike towards the end of the game. Having things get harder towards the end of a game makes absolute sense, but it felt like the game’s difficulty curve went from an incline to a straight up 90 degree angle. 

To conclude, I wanted to leave this great game a review seeing as how it doesn’t have enough of them and definitely deserves a bit more love.

4/5","Let me start off by saying that this game is way better than Uplink. (Despite being somewhat inspired by it) Midnight Protocol is a turn-based strategy game with some RPG elements. The game is 100% played on your keyboard and you type the commands that you want to perform while moving around a board. Commands range from offensive or stealth, with a multitude of types to choose from and while navigating the board, you are destroying/avoiding antivirus programs called ICE as well as security system admins called Sys ops. While it might not sound like much at first, the gameplay is a solid, intense and addictive experience. The story and characters in Midnight Protocol are enthralling, and kept me constantly guessing as to what was going to happen next. To be brief, you are a reputable hacker named DATA taking on jobs for people from all walks of life. Your jobs range from hacking into banks, planting evidence, and deleting evidence of infidelity off of some couples' iCloud to prevent some idiot's divorce. (No, seriously.) One thing that this game handles very well, in my opinion, is choice. In almost every mission, you are given a choice that affects your moral standing in the game' s world. The game measures your choices and you have 3 meters: White hat (Good), Black hat (Bad), Gray hat (Morally grey). A nice touch considering that hackers in this world (as well as somewhat in our own) are considered to be modern day outlaws. A good chunk of your choices are meaningful for the ending, and almost none are easy which I think is where this game really shines. To get into negatives, there is a warning when you open the game that tells you that the game is controlled solely through the keyboard. That's completely understandable the first time you launch the game, but not every time. There’s also no way to turn this off for some reason to my knowledge and it became pretty annoying after launching the game for the first time. Another negative I wanted to mention is that there is a MAJOR difficulty spike towards the end of the game. Having things get harder towards the end of a game makes absolute sense, but it felt like the game’s difficulty curve went from an incline to a straight up 90 degree angle. To conclude, I wanted to leave this great game a review seeing as how it doesn’t have enough of them and definitely deserves a bit more love. 4/5",True,2022-05-30T04:53:28+00:00,2022-05-30T04:53:28+00:00,1167.0,1167.0,0.0,6.0,0.0,0.5897814631462097,True,False,False,False,76561198927685997,,52.0,False,False,2378,421,19.45,19.45,10h+,positive
101008951,1162700,midnight-protocol,Midnight Protocol,english,This is the best hacking game I've tried. More on the puzzle side but It's really nice. Also the music and the visual style is great. If you enjoy hacking games this is it.,This is the best hacking game I've tried. More on the puzzle side but It's really nice. Also the music and the visual style is great. If you enjoy hacking games this is it.,True,2021-10-13T20:24:26+00:00,2021-10-13T20:24:26+00:00,54.0,54.0,0.0,5.0,0.0,0.5258620381355286,True,False,False,False,76561198059308458,,12.0,False,False,172,34,0.9,0.9,0-1h,positive
101420108,1162700,midnight-protocol,Midnight Protocol,english,"tl;dr: Game is pretty sweet, definitely worth a try if you like Uplink and Hacknet!


I'm always on the hunt for good hacking games on Steam, so when I saw Midnight Protocol, I just had to get it.
Turn based games usually put me off, however the devs really ironed this mechanic out and it gives you a good amount of breathing room to plan out your next steps. 

Having played Uplink (With Uplink OS), Hacknet, Grey Hack and Hackmud, I felt right at home with this game. Granted, it doesn't try to be what Grey Hack or Hackmud are (especially due to the lack of multiplayer) but I gotta say it really captures the classic atmosphere of Uplink and the vibe of Hacknet.

I guess the only negative point here would be the soundtrack, while it is definitely pretty good, it'd be cooler to have a bit more variety in tracks. Having a music player app of some sorts might also be cool.

The network intrusion happens by accepting a mission and moving from node to node, some you can interface with and some are just normal connection nodes. On the way to whatever target you have, you gotta evade enemy admins, maneuver around (or break through) ICE and make sure you don't get fully traced. 
To achieve all this, Midnight Protocol offers a good amount of programs that you can load onto your deck (kinda like your skillbar in an RPG), which allows for some really cool experimentation.

What I love the most about this game though is how active the developers are engaged with the community, big shoutout to y'all. 

All in all, you should definitely give this game a try if you liked Uplink and Hacknet, if the devs keep at it, it'll have a very bright future ahead.","tl;dr: Game is pretty sweet, definitely worth a try if you like Uplink and Hacknet! I'm always on the hunt for good hacking games on Steam, so when I saw Midnight Protocol, I just had to get it. Turn based games usually put me off, however the devs really ironed this mechanic out and it gives you a good amount of breathing room to plan out your next steps. Having played Uplink (With Uplink OS), Hacknet, Grey Hack and Hackmud, I felt right at home with this game. Granted, it doesn't try to be what Grey Hack or Hackmud are (especially due to the lack of multiplayer) but I gotta say it really captures the classic atmosphere of Uplink and the vibe of Hacknet. I guess the only negative point here would be the soundtrack, while it is definitely pretty good, it'd be cooler to have a bit more variety in tracks. Having a music player app of some sorts might also be cool. The network intrusion happens by accepting a mission and moving from node to node, some you can interface with and some are just normal connection nodes. On the way to whatever target you have, you gotta evade enemy admins, maneuver around (or break through) ICE and make sure you don't get fully traced. To achieve all this, Midnight Protocol offers a good amount of programs that you can load onto your deck (kinda like your skillbar in an RPG), which allows for some really cool experimentation. What I love the most about this game though is how active the developers are engaged with the community, big shoutout to y'all. All in all, you should definitely give this game a try if you liked Uplink and Hacknet, if the devs keep at it, it'll have a very bright future ahead.",True,2021-10-22T03:41:20+00:00,2021-10-22T03:41:20+00:00,531.0,270.0,0.0,5.0,0.0,0.5227248668670654,True,False,False,False,76561198007140700,,30.0,False,False,1652,303,8.85,4.5,3-10h,positive
126050357,1162700,midnight-protocol,Midnight Protocol,english,"Its gameplay doesn't have much to do with real-life hacking but it will make you feel like a hacker.
It's a collection of tactical minigames in which you move through abstract networks avoiding or eliminating obstacles and collecting resources. That's basically it. Comparing Midnight Protocol to Hacknet doesn't make much sense because the games are so different mechanically.

In addition to solid tactical puzzles that get more complex as the game progresses, there's a strong narrative wtih rpg elements - you choose to be a good or a bad guy and the story adapts. It would take at least 2 playthroughs to see all the content (one playtrough took me 21 hrs including all side missions in turn-based mode). Visuals are top notch, minimalistic and elegant. (However, I miss the ability to rotate the view like in Invisible Inc.). Soundtrack is beautiful and atmospheric and great to listen to on its own (though main theme is a bit too melancholic for this type of game). Level design is really solid and customizable loadout makes it fun to experiment with different approaches. My favourite level is Monarch&Reiter because it's multistage, complex and non-linear.

Make sure to try out real-time mode as it changes the gameplay completely, making it more exciting and similar to real-life hacking (and much less RNG reliant). It's ideal for a second playthrough once you're familiar with the commands and stuff. 

I'd recommend it to all tactical turn-based and hacking games fans and to keyboard ninjas. I really like the game setup and would love to see a sequel with improvements primarily in the story department - the game has huge potential.","Its gameplay doesn't have much to do with real-life hacking but it will make you feel like a hacker. It's a collection of tactical minigames in which you move through abstract networks avoiding or eliminating obstacles and collecting resources. That's basically it. Comparing Midnight Protocol to Hacknet doesn't make much sense because the games are so different mechanically. In addition to solid tactical puzzles that get more complex as the game progresses, there's a strong narrative wtih rpg elements - you choose to be a good or a bad guy and the story adapts. It would take at least 2 playthroughs to see all the content (one playtrough took me 21 hrs including all side missions in turn-based mode). Visuals are top notch, minimalistic and elegant. (However, I miss the ability to rotate the view like in Invisible Inc.). Soundtrack is beautiful and atmospheric and great to listen to on its own (though main theme is a bit too melancholic for this type of game). Level design is really solid and customizable loadout makes it fun to experiment with different approaches. My favourite level is Monarch&Reiter because it's multistage, complex and non-linear. Make sure to try out real-time mode as it changes the gameplay completely, making it more exciting and similar to real-life hacking (and much less RNG reliant). It's ideal for a second playthrough once you're familiar with the commands and stuff. I'd recommend it to all tactical turn-based and hacking games fans and to keyboard ninjas. I really like the game setup and would love to see a sequel with improvements primarily in the story department - the game has huge potential.",True,2022-11-22T21:22:51+00:00,2022-11-23T20:58:14+00:00,2541.0,2541.0,0.0,4.0,0.0,0.5667148232460022,False,False,False,False,76561198328774358,,18.0,False,False,1647,274,42.35,42.35,10h+,positive
101527529,1162700,midnight-protocol,Midnight Protocol,english,"I won't talk much about the gameplay as many other reviews have already touched on it. It's also just been released, so there are definitely a few balance adjustments that will be coming.

What I will talk about is the visual and audio design of Midnight Protocol, and how they mesh so beautifully well together to immerse you into the game world. Although the store screenshots may look simplistic, still pictures don't do justice for the overall atmosphere of the game. The developers play around with different themes as you progress through the game, and on one level even incorporate a narration reminiscent of a storyteller. 

There are also easter eggs and some real world detective work that you can do, which were intended to supplement the core gameplay and fits seamlessly into the hacking/puzzle aspect of it. 

Last of all the story is also an element that is woven into the very heart, and elevates it from simply being a puzzle game. As you settle in and begin to learn more about your past and friends, everything flips itself on the head. You begin to question yourself, and it slowly starts to make sense in hindsight. After I finished a playthrough, I was simply wowed by all of the little details that went into the game.

If you like a story driven puzzle game, then this is definitely for you. The quality and polish is exceptional, and it will even potentially a game playable for years if mod support arrives (which the developers are considering depending on the reception). As it stands, it's a complete single player experience that is worth every penny of the price.
","I won't talk much about the gameplay as many other reviews have already touched on it. It's also just been released, so there are definitely a few balance adjustments that will be coming. What I will talk about is the visual and audio design of Midnight Protocol, and how they mesh so beautifully well together to immerse you into the game world. Although the store screenshots may look simplistic, still pictures don't do justice for the overall atmosphere of the game. The developers play around with different themes as you progress through the game, and on one level even incorporate a narration reminiscent of a storyteller. There are also easter eggs and some real world detective work that you can do, which were intended to supplement the core gameplay and fits seamlessly into the hacking/puzzle aspect of it. Last of all the story is also an element that is woven into the very heart, and elevates it from simply being a puzzle game. As you settle in and begin to learn more about your past and friends, everything flips itself on the head. You begin to question yourself, and it slowly starts to make sense in hindsight. After I finished a playthrough, I was simply wowed by all of the little details that went into the game. If you like a story driven puzzle game, then this is definitely for you. The quality and polish is exceptional, and it will even potentially a game playable for years if mod support arrives (which the developers are considering depending on the reception). As it stands, it's a complete single player experience that is worth every penny of the price.",True,2021-10-24T02:06:29+00:00,2021-10-24T02:06:29+00:00,1387.0,1347.0,0.0,4.0,0.0,0.4681057035923004,True,False,False,False,76561198131769172,,5.0,False,False,1588,277,23.116666666666667,22.45,10h+,positive
108587095,1162700,midnight-protocol,Midnight Protocol,english,"Midnight Protocol is modern ""computer hacker"" in the vein of Uplink from 2001, and has a delightful cross between ""hollywood computer hacking"" and actual programming. The game requires no computer skills, and is turn based story rich puzzle. 

The graphics and sound work are top notch for the genre, and the story was actually amazing. There is a point in the middle, which I will not spoil and strongly suggest you play the game blind to avoid spoiling that seriously surprised me in a great way.

15$ for a 30ish hour well told story with solid gameplay, if all of my steam purchases were half this good. Major recommendation.","Midnight Protocol is modern ""computer hacker"" in the vein of Uplink from 2001, and has a delightful cross between ""hollywood computer hacking"" and actual programming. The game requires no computer skills, and is turn based story rich puzzle. The graphics and sound work are top notch for the genre, and the story was actually amazing. There is a point in the middle, which I will not spoil and strongly suggest you play the game blind to avoid spoiling that seriously surprised me in a great way. 15$ for a 30ish hour well told story with solid gameplay, if all of my steam purchases were half this good. Major recommendation.",True,2022-01-23T04:13:35+00:00,2022-01-23T04:13:35+00:00,2119.0,2119.0,0.0,3.0,0.0,0.5482082962989807,True,False,False,False,76561198005543782,,13.0,False,False,626,109,35.31666666666667,35.31666666666667,10h+,positive
109247794,1162700,midnight-protocol,Midnight Protocol,english,"An enjoyable investigative puzzle game, Midnight Protocol has good writing, reinforced by clever changes in the UI and the visual respresentation of dataspace with every level. The game succeeds in creating the appropriate mood when it needs to, with music that alters alongside the tension, or meta elements involving a desktop crash or UI corruption. Some of the puzzles require innovative thinking, or a re-examination of what is at your disposal, which makes it rewarding to find a solution.

The strategic part comes through the deck and hardware customisation, which is well-tied into the story and gameplay. Optional challenges for extra credits encourage change; combined with mission-required programs and the natural slot limit, it encourages you to think and change your plan as required. I found the 'rollback' command, allowing the player to retry the mission with a different loadout, to be an essential part of adapting an approach, as the tactics to complete an actual level is tied heavily into your loadout choices. No prior knowledge of programming is required to play, and the game provides in-level help for any command the player needs.

The percentage chance for trace progression, which leads to a level's failure condition, is something that might appear frustrating if the player has few options (such as near the beginning of the game with limited programs available), but no level is impossible, and as a turn-based game with unlimited retries, there is plenty of time to think and plan, which makes the eventual success more satisfying.

At face value I was uncertain, but after twenty-eight hours of playtime and playing nothing else until I finished it, I am certain that Midnight Protocol is a good game that could be worth your attention.","An enjoyable investigative puzzle game, Midnight Protocol has good writing, reinforced by clever changes in the UI and the visual respresentation of dataspace with every level. The game succeeds in creating the appropriate mood when it needs to, with music that alters alongside the tension, or meta elements involving a desktop crash or UI corruption. Some of the puzzles require innovative thinking, or a re-examination of what is at your disposal, which makes it rewarding to find a solution. The strategic part comes through the deck and hardware customisation, which is well-tied into the story and gameplay. Optional challenges for extra credits encourage change; combined with mission-required programs and the natural slot limit, it encourages you to think and change your plan as required. I found the 'rollback' command, allowing the player to retry the mission with a different loadout, to be an essential part of adapting an approach, as the tactics to complete an actual level is tied heavily into your loadout choices. No prior knowledge of programming is required to play, and the game provides in-level help for any command the player needs. The percentage chance for trace progression, which leads to a level's failure condition, is something that might appear frustrating if the player has few options (such as near the beginning of the game with limited programs available), but no level is impossible, and as a turn-based game with unlimited retries, there is plenty of time to think and plan, which makes the eventual success more satisfying. At face value I was uncertain, but after twenty-eight hours of playtime and playing nothing else until I finished it, I am certain that Midnight Protocol is a good game that could be worth your attention.",True,2022-02-01T13:09:41+00:00,2022-02-01T13:09:41+00:00,1711.0,1709.0,0.0,3.0,0.0,0.5447564125061035,False,False,False,False,76561198018965025,,6.0,False,False,1768,287,28.516666666666666,28.483333333333334,10h+,positive
108602509,1162700,midnight-protocol,Midnight Protocol,english,"Midnight protocol is a brilliant game.

The hacking is presented through awesome animations and graphics. The game would've been completely different without them. The enemies, the programs, the firewalls. All of them have their own models and animations. The graphics is one of the pillars that sets Midnight Protocol apart from others.

The mechanics themselves are solid - you presented with a myriad of ways to create your own playstyle. Full stealth, full damage, bypass and damage, randomness, certainty. There are so many viable combinations that everyone will find something that fits them. Ah, and also, you interact with the game only through keyboard, which adds to the atmosphere.

The plot is cool by itself, and I will eat my keyboard if you are able to predict all the twists.

The final piece - the music. It is wonderful. I go to sleep with one of the themes playing in my head.
The music sets the atmosphere for different situations. 
Are you okay or about to be caught? Are you in the menu or in the battle? Is that a boss battle? There are not many tracks, but all of them are awesome.

Even in its full price, the game is worth it.
It's a unique experience.","Midnight protocol is a brilliant game. The hacking is presented through awesome animations and graphics. The game would've been completely different without them. The enemies, the programs, the firewalls. All of them have their own models and animations. The graphics is one of the pillars that sets Midnight Protocol apart from others. The mechanics themselves are solid - you presented with a myriad of ways to create your own playstyle. Full stealth, full damage, bypass and damage, randomness, certainty. There are so many viable combinations that everyone will find something that fits them. Ah, and also, you interact with the game only through keyboard, which adds to the atmosphere. The plot is cool by itself, and I will eat my keyboard if you are able to predict all the twists. The final piece - the music. It is wonderful. I go to sleep with one of the themes playing in my head. The music sets the atmosphere for different situations. Are you okay or about to be caught? Are you in the menu or in the battle? Is that a boss battle? There are not many tracks, but all of them are awesome. Even in its full price, the game is worth it. It's a unique experience.",True,2022-01-23T09:47:45+00:00,2022-08-21T19:21:27+00:00,165.0,75.0,0.0,3.0,0.0,0.52642822265625,False,False,False,False,76561198095439777,,148.0,False,False,1172,207,2.75,1.25,1-3h,positive
101286107,1162700,midnight-protocol,Midnight Protocol,english,"Hacking games are among my favorites. Making one into a sort of hybrid RPG and turn-based strategy game was a good idea, and the execution is solid. I have a pretty low frustration threshold for games - I play everything on easy mode if it's available - but despite that and the fact I don't have much experience with strategy games, this one didn't ever make me angry. I will say the difficulty curve feels a bit awkward, as I found the most challenging mission by far to be one that happens before you head into the climax. It's followed by several really easy ones, and the final boss fight was also surprisingly quick and easy. Not a big complaint, but something to be aware of.

I liked the visual style of the game, with the sparse ""digital game board"" and its glowing TRON-ish aesthetic, the Hollywood Hacking style console readouts, error messages and the like, the single-color wireframe models for enemies and traps, and the pleasing, sleek UI of the terminal you use between missions. The music was also great and fit the theme perfectly. The keyboard-only controls were easy to pick up, and since the game doesn't require quick inputs or reflexes, they don't hinder playability.

The RPG elements were a bit hit-or-miss for me - a lot of the available upgrades or programs seemed fairly worthless, and I settled into ones I liked and stuck with them for the most part. Sometimes you will need a specific tool for a certain mission, and thankfully the game lets you restart any mission and change your loadout at any point. While some elements of the gameplay are randomized, things like trap placement and passwords you need to know aren't, so even if you fail a mission you usually learn something useful to remember on your next attempt. There is definitely some trial and error necessary, but it wasn't enough to bother me.

The game does offer a branching storyline, and it keeps track of and displays relevant decisions, but it wasn't always clear to me that I actually had a choice. I liked it enough that I'll probably try replaying it to make different choices and see some of the content I missed, but it was a little disappointing on occasion to feel like I was railroaded into doing something when I apparently could have gone a different route.

The plot is fine, but nothing particularly original or special. If you've played sci-fi hacking games before you're going to notice a lot of similar or recycled story elements, and none of the twists really surprised me. I didn't have the same sense of high stakes or tough moral decisions that I had in Hacknet, for example. Still, it was decently interesting as a complement to the gameplay.

If this seems like the sort of thing you might be interested in, I definitely recommend giving it a go. It's a well-put-together title in this little subgenre that may be a bit samey in narrative and visuals but offers a different and interesting take on the gameplay concepts.","Hacking games are among my favorites. Making one into a sort of hybrid RPG and turn-based strategy game was a good idea, and the execution is solid. I have a pretty low frustration threshold for games - I play everything on easy mode if it's available - but despite that and the fact I don't have much experience with strategy games, this one didn't ever make me angry. I will say the difficulty curve feels a bit awkward, as I found the most challenging mission by far to be one that happens before you head into the climax. It's followed by several really easy ones, and the final boss fight was also surprisingly quick and easy. Not a big complaint, but something to be aware of. I liked the visual style of the game, with the sparse ""digital game board"" and its glowing TRON-ish aesthetic, the Hollywood Hacking style console readouts, error messages and the like, the single-color wireframe models for enemies and traps, and the pleasing, sleek UI of the terminal you use between missions. The music was also great and fit the theme perfectly. The keyboard-only controls were easy to pick up, and since the game doesn't require quick inputs or reflexes, they don't hinder playability. The RPG elements were a bit hit-or-miss for me - a lot of the available upgrades or programs seemed fairly worthless, and I settled into ones I liked and stuck with them for the most part. Sometimes you will need a specific tool for a certain mission, and thankfully the game lets you restart any mission and change your loadout at any point. While some elements of the gameplay are randomized, things like trap placement and passwords you need to know aren't, so even if you fail a mission you usually learn something useful to remember on your next attempt. There is definitely some trial and error necessary, but it wasn't enough to bother me. The game does offer a branching storyline, and it keeps track of and displays relevant decisions, but it wasn't always clear to me that I actually had a choice. I liked it enough that I'll probably try replaying it to make different choices and see some of the content I missed, but it was a little disappointing on occasion to feel like I was railroaded into doing something when I apparently could have gone a different route. The plot is fine, but nothing particularly original or special. If you've played sci-fi hacking games before you're going to notice a lot of similar or recycled story elements, and none of the twists really surprised me. I didn't have the same sense of high stakes or tough moral decisions that I had in Hacknet, for example. Still, it was decently interesting as a complement to the gameplay. If this seems like the sort of thing you might be interested in, I definitely recommend giving it a go. It's a well-put-together title in this little subgenre that may be a bit samey in narrative and visuals but offers a different and interesting take on the gameplay concepts.",True,2021-10-19T09:00:55+00:00,2021-10-19T09:00:55+00:00,1120.0,1120.0,0.0,3.0,0.0,0.5192307829856873,True,False,False,False,76561198016934150,,6.0,False,False,2937,517,18.666666666666668,18.666666666666668,10h+,positive
107531506,1162700,midnight-protocol,Midnight Protocol,english,"Recommended for fans of network-hacking minigames like those in Deus Ex, as well as dystopian narratives such as in Orwell. This game finds a nice blend of both.

+Story
+Controls
+Variety of commands and programs
+Varying network types
+Turn-based network missions

-Fairly simple visuals, sound
-Limited program deck
-Many missions disappear if you cannot finish them
-Limited playstyles due to constant tracing
-Can get repetitive after a few missions","Recommended for fans of network-hacking minigames like those in Deus Ex, as well as dystopian narratives such as in Orwell. This game finds a nice blend of both. +Story +Controls +Variety of commands and programs +Varying network types +Turn-based network missions -Fairly simple visuals, sound -Limited program deck -Many missions disappear if you cannot finish them -Limited playstyles due to constant tracing -Can get repetitive after a few missions",True,2022-01-07T17:11:31+00:00,2022-01-07T17:11:31+00:00,98.0,98.0,0.0,3.0,0.0,0.5154373645782471,False,False,False,False,76561198040811698,,610.0,False,False,452,69,1.6333333333333333,1.6333333333333333,1-3h,positive
109556133,1162700,midnight-protocol,Midnight Protocol,english,"I started this game out of curiosity because of it's unique visual style and game mechanics, and I ended up spending a surprisingly large number of hours playing it.

One could call Midnight Protocol a [i]hacking simulator[/i]. In truth, it's a puzzle game that you drive with your own keyboard. You can equip different programs, which enable different moves, and different hardware components, which modify some of the game parameters. Some of the puzzles were genuinely challenging, though none of them was insurmountable.

While progressing through the level, you discover the game story and backdrop by reading email you get from other characters and intel you gather while playing missions. The game occasionally lets you send email to other character but you often only have to choose between a couple different options, which influence which direction some of the secondary story lines take.

The plot itself is quite engaging, with an unexpected plot twist roughly two thirds into the game. I did find it interesting enough to spend multiple nights playing until I got to the end.

I ran into a handful small bugs, none of which was insurmountable though. I had to restart a couple levels because the game was stuck when processing a new turn. The developers seem to have been quite active in the community and responsive to user feedback.

Overall, I'd recommend Midnight Protocol. It really does take inspiration from the Hollywood hacking aesthetic (in that, it does differ from games like Hacknet). However, it does that in a very measured way: the visual style and sound design add up to the atmosphere. The puzzle mechanics are quite novel, and I'd encourage you to give it a shot.","I started this game out of curiosity because of it's unique visual style and game mechanics, and I ended up spending a surprisingly large number of hours playing it. One could call Midnight Protocol a [i]hacking simulator[/i]. In truth, it's a puzzle game that you drive with your own keyboard. You can equip different programs, which enable different moves, and different hardware components, which modify some of the game parameters. Some of the puzzles were genuinely challenging, though none of them was insurmountable. While progressing through the level, you discover the game story and backdrop by reading email you get from other characters and intel you gather while playing missions. The game occasionally lets you send email to other character but you often only have to choose between a couple different options, which influence which direction some of the secondary story lines take. The plot itself is quite engaging, with an unexpected plot twist roughly two thirds into the game. I did find it interesting enough to spend multiple nights playing until I got to the end. I ran into a handful small bugs, none of which was insurmountable though. I had to restart a couple levels because the game was stuck when processing a new turn. The developers seem to have been quite active in the community and responsive to user feedback. Overall, I'd recommend Midnight Protocol. It really does take inspiration from the Hollywood hacking aesthetic (in that, it does differ from games like Hacknet). However, it does that in a very measured way: the visual style and sound design add up to the atmosphere. The puzzle mechanics are quite novel, and I'd encourage you to give it a shot.",True,2022-02-05T12:48:18+00:00,2022-02-05T12:48:18+00:00,2284.0,2208.0,0.0,2.0,0.0,0.523809552192688,False,False,False,False,76561197970403734,,9.0,False,False,1690,282,38.06666666666667,36.8,10h+,positive
114567543,1162700,midnight-protocol,Midnight Protocol,english,"This game is awesome but as a warning, if you have never been introduced to programming logic, taken a discrete structures course, or you are just not very good at coming up with creative solutions to complex problems then this game may be extremely difficult for you. Coming with that difficulty though is an extreme sense of accomplishment and reward! I am a CS student and I love automation, building software, solving problems, and generally just using my brain power so this game is a lot of fun for me! If this all sounds like fun then I highly recommend this game.","This game is awesome but as a warning, if you have never been introduced to programming logic, taken a discrete structures course, or you are just not very good at coming up with creative solutions to complex problems then this game may be extremely difficult for you. Coming with that difficulty though is an extreme sense of accomplishment and reward! I am a CS student and I love automation, building software, solving problems, and generally just using my brain power so this game is a lot of fun for me! If this all sounds like fun then I highly recommend this game.",True,2022-04-27T15:53:37+00:00,2022-04-27T15:54:13+00:00,328.0,130.0,0.0,2.0,0.0,0.4790256917476654,False,False,False,False,76561198081168629,,128.0,False,False,571,102,5.466666666666667,2.1666666666666665,1-3h,positive
101490978,1162700,midnight-protocol,Midnight Protocol,english,"This game is awesome, in many ways. It's got a great storyline, which changes according to your choices, a perfect soundtrack, and it brings such immersivity I've never experienced before! I've completed this game 3 times, my best save has 13 hours playtime. I'm hyped for the sequel and/or DLC.","This game is awesome, in many ways. It's got a great storyline, which changes according to your choices, a perfect soundtrack, and it brings such immersivity I've never experienced before! I've completed this game 3 times, my best save has 13 hours playtime. I'm hyped for the sequel and/or DLC.",True,2021-10-23T12:16:56+00:00,2021-10-23T12:16:56+00:00,7306.0,1767.0,0.0,1.0,0.0,0.523809552192688,True,False,False,False,76561198220602693,,4.0,False,False,295,50,121.76666666666667,29.45,10h+,positive
133471464,1162700,midnight-protocol,Midnight Protocol,english,"I was Zero Cool.

Obligatory reference aside, this is a really unique take on tactical games. I really like that there is no mouse and the entire game takes place using the keyboard. The atmosphere of the operating system combined with typing commands really made me feel like I was playing the part of a hacker. The emails received make the game feel surprisingly lifelike for the amount of text the game is made of. There were times I would send an email, go AFK for a bit, come back, and I'd have a response, felt legit. The music and noises all gave me a great vibe that was quite immersive.

I also appreciated that some progression is through actions that are altruistic, selfish, or ambiguous/neutral. The choices I made allowed me to unlock different upgrades, and at times I was making decisions I didn't necessarily agree with just so I could get an unlock, which certainly made me feel some type of way. At times I found myself examining the gray area in actions which were considered selfish. It's okay to steal from this lady's personal savings for this reason but not from her daughter's college fund, so I'll leave that alone. 

I spent around 20-25 hours completing the story, all side missions, and 66% of achievements. I would definitely recommend picking it up if you like tactical games. The game at full price is a steal, but if it's on sale it's a no-brainer. Much respect for the game and the devs. Thank you for making this great and unique game. Keep up the good work!","I was Zero Cool. Obligatory reference aside, this is a really unique take on tactical games. I really like that there is no mouse and the entire game takes place using the keyboard. The atmosphere of the operating system combined with typing commands really made me feel like I was playing the part of a hacker. The emails received make the game feel surprisingly lifelike for the amount of text the game is made of. There were times I would send an email, go AFK for a bit, come back, and I'd have a response, felt legit. The music and noises all gave me a great vibe that was quite immersive. I also appreciated that some progression is through actions that are altruistic, selfish, or ambiguous/neutral. The choices I made allowed me to unlock different upgrades, and at times I was making decisions I didn't necessarily agree with just so I could get an unlock, which certainly made me feel some type of way. At times I found myself examining the gray area in actions which were considered selfish. It's okay to steal from this lady's personal savings for this reason but not from her daughter's college fund, so I'll leave that alone. I spent around 20-25 hours completing the story, all side missions, and 66% of achievements. I would definitely recommend picking it up if you like tactical games. The game at full price is a steal, but if it's on sale it's a no-brainer. Much respect for the game and the devs. Thank you for making this great and unique game. Keep up the good work!",True,2023-02-24T06:19:00+00:00,2023-02-24T06:19:00+00:00,1754.0,1738.0,0.0,1.0,0.0,0.5010772943496704,True,False,False,False,76561197981180543,,340.0,False,False,1489,268,29.233333333333334,28.966666666666665,10h+,positive
108401555,1162700,midnight-protocol,Midnight Protocol,english,"A hacking turn-based tactical game.
  Its style is somewhat similar to hacking minigame in Deus Ex, but it is turn-based and significantly more complex. You have to navigate a grid of nodes, populated with ICE and sometimes hostile operators, while being traced by the system. There are many possible playstyles - from more cautious stealth oriented to quick, aggressive and dirty. These are also depending on loadout of your cyberdeck - both hardware and software. Managing limited number of actions in a turn, CPU slices for running programs and the system trace is the core of the strategy. And it is all exclusively controled by a very well implemented command line. The missions themselves are quite varied, sometimes even multi-phase, the special mention goes to the side quest styled as DnD dungeon adventure.
  On the strategic level you can choose missions and sometimes branch the story, participate in challenges and obtain programs and hardware to customize your deck. Some of the programs are useful only in a limited circumstances, while others are trusted universal tools. You are well advised to adapt your deck according to intel about the next mission. The story is quite interesting, heavy with cyberpunk and dystopian themes. Even side missions offer interesting look into the world. All of this is told using e-mails and text documents.
  The graphics and sound are clean and minimal, fitting with the setting. Sometimes music mixes in to support the change of atmosphere.
  It is a fresh concept and I recommend it for fans of cyberpunk and tactical/stealh games.","A hacking turn-based tactical game. Its style is somewhat similar to hacking minigame in Deus Ex, but it is turn-based and significantly more complex. You have to navigate a grid of nodes, populated with ICE and sometimes hostile operators, while being traced by the system. There are many possible playstyles - from more cautious stealth oriented to quick, aggressive and dirty. These are also depending on loadout of your cyberdeck - both hardware and software. Managing limited number of actions in a turn, CPU slices for running programs and the system trace is the core of the strategy. And it is all exclusively controled by a very well implemented command line. The missions themselves are quite varied, sometimes even multi-phase, the special mention goes to the side quest styled as DnD dungeon adventure. On the strategic level you can choose missions and sometimes branch the story, participate in challenges and obtain programs and hardware to customize your deck. Some of the programs are useful only in a limited circumstances, while others are trusted universal tools. You are well advised to adapt your deck according to intel about the next mission. The story is quite interesting, heavy with cyberpunk and dystopian themes. Even side missions offer interesting look into the world. All of this is told using e-mails and text documents. The graphics and sound are clean and minimal, fitting with the setting. Sometimes music mixes in to support the change of atmosphere. It is a fresh concept and I recommend it for fans of cyberpunk and tactical/stealh games.",True,2022-01-20T17:31:05+00:00,2022-01-20T17:31:05+00:00,1607.0,1607.0,0.0,1.0,0.0,0.5010772943496704,True,False,False,False,76561197971103804,,157.0,False,False,1577,258,26.783333333333335,26.783333333333335,10h+,positive
186976809,1162700,midnight-protocol,Midnight Protocol,english,"Got this as part of a bundle and put off playing it because it looked boring in the videos. But it's actually really chill and there is a lot of strategy involved. It's got a good soundtrack and the audio is very satisfying.

EDIT: Finished the game and had to come update. Straight up, this game is a masterpiece and I love it. The killswitch moment? For real? I shouted so loud I woke up my partner. 5 stars.","Got this as part of a bundle and put off playing it because it looked boring in the videos. But it's actually really chill and there is a lot of strategy involved. It's got a good soundtrack and the audio is very satisfying. EDIT: Finished the game and had to come update. Straight up, this game is a masterpiece and I love it. The killswitch moment? For real? I shouted so loud I woke up my partner. 5 stars.",True,2025-02-02T09:00:54+00:00,2025-02-16T16:54:06+00:00,2799.0,2799.0,0.0,1.0,0.0,0.5,True,False,False,False,76561198048348629,,11.0,False,False,409,79,46.65,46.65,10h+,positive
101142964,1162700,midnight-protocol,Midnight Protocol,english,"This is my first entry into hacking games. Super atmospheric thanks to amazing UI/graphics, music and storytelling. The gameplay mechanic is based around turn-based strategic decisions. So far I've completed only 4h of game time but I absolutely recommend to try it out, based on what I've played so far. Best surprise of the year for me.
I'll post more after some more time with the game.","This is my first entry into hacking games. Super atmospheric thanks to amazing UI/graphics, music and storytelling. The gameplay mechanic is based around turn-based strategic decisions. So far I've completed only 4h of game time but I absolutely recommend to try it out, based on what I've played so far. Best surprise of the year for me. I'll post more after some more time with the game.",True,2021-10-16T14:02:57+00:00,2021-10-20T20:11:32+00:00,334.0,68.0,0.0,1.0,0.0,0.5,True,False,False,False,76561197969669449,,6.0,False,False,389,67,5.566666666666666,1.1333333333333333,1-3h,positive
206260357,1162700,midnight-protocol,Midnight Protocol,english,"Midnight Protocol, developed by LuGus Studios and published by Iceberg Interactive, is a masterfully constructed cyberpunk hacking RPG that forgoes the flashy aesthetics of most games in its genre in favor of tension, intellect, and immersion. It tells the story of a hacker known as Data, who is drawn back into the digital underworld after being doxxed and exposed. The narrative unfolds through encrypted emails, terse chat messages, and system logs, building a world of espionage, distrust, and digital warfare without ever showing a single human face. The game’s story is deeply personal, portraying the isolation and moral grayness of living behind the screen, where every keystroke carries risk and consequence. What begins as a simple act of self-defense quickly evolves into a web of political intrigue, corporate corruption, and cyber rebellion, all told through the restrained, text-based aesthetic of a command-line interface.

The most striking element of Midnight Protocol is its complete commitment to its design philosophy. Every action is performed through the keyboard—no mouse, no icons, just commands typed into a digital terminal. This approach is not merely a stylistic choice but a fundamental part of the experience. It places the player directly in the mindset of a hacker, forcing you to think in terms of efficiency, logic, and spatial reasoning. Networks are depicted as interconnected nodes, each representing firewalls, data caches, security systems, or hidden traps. Your goal varies from mission to mission: infiltrate corporate systems, extract sensitive data, disable rival programs, or manipulate information to your advantage. Each network functions as a puzzle, requiring you to manage limited resources, stay ahead of traces, and decide how far you can push before the system locks you out. Every move carries tension, and the thrill of narrowly escaping detection provides a constant pulse of adrenaline.

What makes these mechanics so engrossing is how they combine strategic planning with improvisation. Each mission feels like a high-stakes chess match played against invisible opponents. You have a library of programs at your disposal—some for stealth, others for brute-force attacks—and choosing the right combination is crucial. The trace system, which measures how close the authorities are to locating you, ensures that every decision feels urgent. Some players might find the reliance on randomness in the trace and detection mechanics slightly frustrating, as even well-planned strategies can fall apart under bad luck. Yet, this unpredictability mirrors the nature of hacking itself—controlled chaos within an unstable system. As your reputation grows and your alignment shifts between white-hat idealism, gray-hat pragmatism, and black-hat ruthlessness, the missions, tools, and story outcomes evolve to reflect your choices. This morality system adds replayability and depth, as it allows players to craft a hacker identity that aligns with their philosophy.

The game’s progression system is intricately tied to its tone of calculated mastery. Through black markets and secret contacts, you acquire new software, upgrade existing tools, and refine your build into a precise digital arsenal. Different playstyles emerge naturally—one player may rely on stealth programs to bypass ICE unnoticed, while another might embrace aggressive, virus-based attacks to dismantle defenses entirely. The learning curve is smooth but demanding, gradually pushing players toward mastery without resorting to handholding. It’s the kind of game that rewards patience and experimentation; every failure is a lesson in systems thinking. The world expands organically through your own initiative: new missions arrive via encrypted emails, hidden coordinates, or anonymous requests. Even the mundane act of checking your in-game inbox feels immersive, as if you are living within a network of digital conspiracies.

Visually, Midnight Protocol is minimalist yet elegant. The interface is clean, the color palette subdued but purposeful—shades of neon blue, black, and red evoke the cold pulse of cyberspace. Despite its simplicity, the design feels immersive, capturing the essence of a digital battlefield through pure abstraction. Every flicker of light and distortion effect contributes to the illusion that you are operating from the edge of legality. The sound design amplifies this immersion with sharp beeps, data pulses, and the low hum of electronic machinery that underscore each command you enter. There is no voice acting or cinematic interlude, but this absence enhances the sense of isolation and authenticity. You are a ghost in the network, unseen and unheard, communicating only through code and action.

The pacing of Midnight Protocol is deliberate, structured around cycles of tension and relief. Missions can be completed in short bursts, yet each one feels meaningful. There are no filler objectives; everything you do contributes to the unraveling of the narrative or your personal evolution as a hacker. While the game never overstays its welcome, some players may wish for a broader scope or more diverse mission environments. The story’s intimate scale, however, fits the tone—this is not about saving the world but about surviving it, carving your path through the static and deceit of a system that’s stacked against you. The writing is terse and precise, and though the characters are only ever seen through text, they feel real, shaped by ideology and consequence rather than cliché.

Midnight Protocol succeeds because it understands exactly what it wants to be—a cerebral, atmospheric strategy game that thrives on immersion, tension, and mechanical purity. It captures the loneliness and allure of the digital frontier, where information is power and morality is fluid. Its stripped-down design and keyboard-driven gameplay make it a niche experience, but within that niche lies something exceptional: a game that makes you feel like a real hacker, navigating systems not through spectacle, but through intellect. It’s a rare experience that balances narrative intrigue with strategic complexity, one that demands attention and rewards mastery. For those who crave precision, immersion, and the thrill of the unknown, Midnight Protocol is a digital labyrinth worth exploring line by line, command by command.

Rating: 8/10","Midnight Protocol, developed by LuGus Studios and published by Iceberg Interactive, is a masterfully constructed cyberpunk hacking RPG that forgoes the flashy aesthetics of most games in its genre in favor of tension, intellect, and immersion. It tells the story of a hacker known as Data, who is drawn back into the digital underworld after being doxxed and exposed. The narrative unfolds through encrypted emails, terse chat messages, and system logs, building a world of espionage, distrust, and digital warfare without ever showing a single human face. The game’s story is deeply personal, portraying the isolation and moral grayness of living behind the screen, where every keystroke carries risk and consequence. What begins as a simple act of self-defense quickly evolves into a web of political intrigue, corporate corruption, and cyber rebellion, all told through the restrained, text-based aesthetic of a command-line interface. The most striking element of Midnight Protocol is its complete commitment to its design philosophy. Every action is performed through the keyboard—no mouse, no icons, just commands typed into a digital terminal. This approach is not merely a stylistic choice but a fundamental part of the experience. It places the player directly in the mindset of a hacker, forcing you to think in terms of efficiency, logic, and spatial reasoning. Networks are depicted as interconnected nodes, each representing firewalls, data caches, security systems, or hidden traps. Your goal varies from mission to mission: infiltrate corporate systems, extract sensitive data, disable rival programs, or manipulate information to your advantage. Each network functions as a puzzle, requiring you to manage limited resources, stay ahead of traces, and decide how far you can push before the system locks you out. Every move carries tension, and the thrill of narrowly escaping detection provides a constant pulse of adrenaline. What makes these mechanics so engrossing is how they combine strategic planning with improvisation. Each mission feels like a high-stakes chess match played against invisible opponents. You have a library of programs at your disposal—some for stealth, others for brute-force attacks—and choosing the right combination is crucial. The trace system, which measures how close the authorities are to locating you, ensures that every decision feels urgent. Some players might find the reliance on randomness in the trace and detection mechanics slightly frustrating, as even well-planned strategies can fall apart under bad luck. Yet, this unpredictability mirrors the nature of hacking itself—controlled chaos within an unstable system. As your reputation grows and your alignment shifts between white-hat idealism, gray-hat pragmatism, and black-hat ruthlessness, the missions, tools, and story outcomes evolve to reflect your choices. This morality system adds replayability and depth, as it allows players to craft a hacker identity that aligns with their philosophy. The game’s progression system is intricately tied to its tone of calculated mastery. Through black markets and secret contacts, you acquire new software, upgrade existing tools, and refine your build into a precise digital arsenal. Different playstyles emerge naturally—one player may rely on stealth programs to bypass ICE unnoticed, while another might embrace aggressive, virus-based attacks to dismantle defenses entirely. The learning curve is smooth but demanding, gradually pushing players toward mastery without resorting to handholding. It’s the kind of game that rewards patience and experimentation; every failure is a lesson in systems thinking. The world expands organically through your own initiative: new missions arrive via encrypted emails, hidden coordinates, or anonymous requests. Even the mundane act of checking your in-game inbox feels immersive, as if you are living within a network of digital conspiracies. Visually, Midnight Protocol is minimalist yet elegant. The interface is clean, the color palette subdued but purposeful—shades of neon blue, black, and red evoke the cold pulse of cyberspace. Despite its simplicity, the design feels immersive, capturing the essence of a digital battlefield through pure abstraction. Every flicker of light and distortion effect contributes to the illusion that you are operating from the edge of legality. The sound design amplifies this immersion with sharp beeps, data pulses, and the low hum of electronic machinery that underscore each command you enter. There is no voice acting or cinematic interlude, but this absence enhances the sense of isolation and authenticity. You are a ghost in the network, unseen and unheard, communicating only through code and action. The pacing of Midnight Protocol is deliberate, structured around cycles of tension and relief. Missions can be completed in short bursts, yet each one feels meaningful. There are no filler objectives; everything you do contributes to the unraveling of the narrative or your personal evolution as a hacker. While the game never overstays its welcome, some players may wish for a broader scope or more diverse mission environments. The story’s intimate scale, however, fits the tone—this is not about saving the world but about surviving it, carving your path through the static and deceit of a system that’s stacked against you. The writing is terse and precise, and though the characters are only ever seen through text, they feel real, shaped by ideology and consequence rather than cliché. Midnight Protocol succeeds because it understands exactly what it wants to be—a cerebral, atmospheric strategy game that thrives on immersion, tension, and mechanical purity. It captures the loneliness and allure of the digital frontier, where information is power and morality is fluid. Its stripped-down design and keyboard-driven gameplay make it a niche experience, but within that niche lies something exceptional: a game that makes you feel like a real hacker, navigating systems not through spectacle, but through intellect. It’s a rare experience that balances narrative intrigue with strategic complexity, one that demands attention and rewards mastery. For those who crave precision, immersion, and the thrill of the unknown, Midnight Protocol is a digital labyrinth worth exploring line by line, command by command. Rating: 8/10",True,2025-10-09T13:57:20+00:00,2025-10-09T13:57:20+00:00,729.0,729.0,0.0,1.0,0.0,0.49438202381134033,False,False,False,False,76561198367471798,,27587.0,False,False,6380,962,12.15,12.15,10h+,positive
117186320,1162700,midnight-protocol,Midnight Protocol,english,"Midnight Protocol is a great way to relax if you want to get away from realism and just enjoy the style.
If I wanted realism, I'd go to HackTheBox or TryHackMe and actually mess around with real-world stuff.  But if I want enough of an abstraction of the activity of hacking, Midnight Protocol gives me that.
One drawback is that I find the soundtrack to be a bit dour, but it's really a small criticism.  It's a great soundtrack, I just think that other hacking games have a more ""upbeat"" feel to them, and it would be the perfect complement.  There's not enough energy and tension in the music, but this is a really forgivable shortcoming.
I also enjoy the classic names given to the hacking tools, it gives it a really ""gamey"" feel that reminds me of the card game ""Android: Netrunner"".  I'm not here for deep technical stuff, I just want enough there to remind me of hacking without it actually being hacking.  If my hacking tool is an actual flurry of swords breaking down an actual wall, that's fine with me.
If you want realism, get a subscription or a free account on TryHackMe or HackTheBox.  But if you want a nice little hacking game that's pretty fun that gives you plenty of strategic moments, play this game.","Midnight Protocol is a great way to relax if you want to get away from realism and just enjoy the style. If I wanted realism, I'd go to HackTheBox or TryHackMe and actually mess around with real-world stuff. But if I want enough of an abstraction of the activity of hacking, Midnight Protocol gives me that. One drawback is that I find the soundtrack to be a bit dour, but it's really a small criticism. It's a great soundtrack, I just think that other hacking games have a more ""upbeat"" feel to them, and it would be the perfect complement. There's not enough energy and tension in the music, but this is a really forgivable shortcoming. I also enjoy the classic names given to the hacking tools, it gives it a really ""gamey"" feel that reminds me of the card game ""Android: Netrunner"". I'm not here for deep technical stuff, I just want enough there to remind me of hacking without it actually being hacking. If my hacking tool is an actual flurry of swords breaking down an actual wall, that's fine with me. If you want realism, get a subscription or a free account on TryHackMe or HackTheBox. But if you want a nice little hacking game that's pretty fun that gives you plenty of strategic moments, play this game.",True,2022-06-18T15:24:23+00:00,2022-06-18T15:24:23+00:00,1682.0,115.0,0.0,0.0,0.0,0.5,True,False,False,False,76561197988483616,,5.0,False,False,1216,221,28.033333333333335,1.9166666666666667,1-3h,positive
124357485,1162700,midnight-protocol,Midnight Protocol,english,"Very well-made game with great attention to detail. The aliases for the commands was a really nice touch too! (nmap, etc.) Graphics, and audio were also top-notch - it's really a shame this game doesn't get more publicity. It's like a more intricate version of the more well-known HackNet so if you've played that before you know what to expect. I will say though, the twist (no spoilers) was not as impactful as I had hoped. The story is easily the weakest part of this game, but it's still pretty good. I feel like the build-up just didn't justify the end, and too many context clues were given.","Very well-made game with great attention to detail. The aliases for the commands was a really nice touch too! (nmap, etc.) Graphics, and audio were also top-notch - it's really a shame this game doesn't get more publicity. It's like a more intricate version of the more well-known HackNet so if you've played that before you know what to expect. I will say though, the twist (no spoilers) was not as impactful as I had hoped. The story is easily the weakest part of this game, but it's still pretty good. I feel like the build-up just didn't justify the end, and too many context clues were given.",True,2022-10-25T06:35:48+00:00,2022-10-25T06:35:48+00:00,950.0,950.0,0.0,0.0,0.0,0.5,False,False,False,False,76561198354682834,,14.0,False,False,597,108,15.833333333333334,15.833333333333334,10h+,positive
116887774,1162700,midnight-protocol,Midnight Protocol,english,"[b]TL;DR:[/b] I do recommend. Even if ever so slightly.
[hr][/hr]This is a [i]tough[/i] cookie. On one hand the base premise is excellent, the whole conceit of controlling the game with just the keyboard in a command line does [i]wonders[/i] to immersion, the music and audio work is great and the visual style distinct. One the other hand the pacing is all over the place, the operator's tool set does not expand in interesting ways and the story end had me scratching my head. If you ever choose to play the game, focus on the main story line.[hr][/hr][i]Oh, look it has a demo![/i]","[b]TL;DR:[/b] I do recommend. Even if ever so slightly. [hr][/hr]This is a [i]tough[/i] cookie. On one hand the base premise is excellent, the whole conceit of controlling the game with just the keyboard in a command line does [i]wonders[/i] to immersion, the music and audio work is great and the visual style distinct. One the other hand the pacing is all over the place, the operator's tool set does not expand in interesting ways and the story end had me scratching my head. If you ever choose to play the game, focus on the main story line.[hr][/hr][i]Oh, look it has a demo![/i]",True,2022-06-12T20:26:03+00:00,2022-06-12T20:28:06+00:00,710.0,710.0,0.0,0.0,0.0,0.5,False,False,False,False,76561197999475416,,61.0,False,False,584,102,11.833333333333334,11.833333333333334,10h+,positive
132600056,1162700,midnight-protocol,Midnight Protocol,english,"A pretty solid game, with a haunting plot and accompanying sound track! Hits that sweet spot for 'hacker' games, where it can make you feel like your exercising skill without being too much like the real thing (I work in infosec, if I want to do real hacking I'll do it in TryHackMe or a bug bounty - it takes ages and is usually boring). A slick presentation, and the keyboard-only interface is really swift to navigate about after a very short learning curve. Good stuff!","A pretty solid game, with a haunting plot and accompanying sound track! Hits that sweet spot for 'hacker' games, where it can make you feel like your exercising skill without being too much like the real thing (I work in infosec, if I want to do real hacking I'll do it in TryHackMe or a bug bounty - it takes ages and is usually boring). A slick presentation, and the keyboard-only interface is really swift to navigate about after a very short learning curve. Good stuff!",True,2023-02-11T08:03:43+00:00,2023-02-11T08:03:43+00:00,1831.0,596.0,0.0,0.0,0.0,0.5,True,False,False,False,76561197969768202,,60.0,False,False,473,86,30.516666666666666,9.933333333333334,3-10h,positive
111320692,1162700,midnight-protocol,Midnight Protocol,english,"A great hacking-themed puzzle game. The story is interesting and the music is phenomenal. The only complaint I have is the amount of black hat rep you need to get the ""Rainbow"" program needed to complete some of the side missions.","A great hacking-themed puzzle game. The story is interesting and the music is phenomenal. The only complaint I have is the amount of black hat rep you need to get the ""Rainbow"" program needed to complete some of the side missions.",True,2022-03-01T18:22:40+00:00,2022-03-01T18:22:40+00:00,985.0,985.0,0.0,0.0,0.0,0.5,False,False,False,False,76561198049923064,,26.0,False,False,230,41,16.416666666666668,16.416666666666668,10h+,positive
118017614,1162700,midnight-protocol,Midnight Protocol,english,"Great strategy hacking arcade sim that only allows key strokes (no mouse clicking of anykind). 10/10 for originality and audio ambience. Can sometimes feel repetitive, but overall worth the purchase on discount if you are looking for something new.","Great strategy hacking arcade sim that only allows key strokes (no mouse clicking of anykind). 10/10 for originality and audio ambience. Can sometimes feel repetitive, but overall worth the purchase on discount if you are looking for something new.",True,2022-07-01T20:27:41+00:00,2022-07-01T20:27:41+00:00,255.0,255.0,0.0,0.0,0.0,0.5,False,False,False,False,76561197996862760,,103.0,False,False,248,39,4.25,4.25,3-10h,positive
158738890,1162700,midnight-protocol,Midnight Protocol,english,"Simple, yet great turn based game with an original concept, great music, aesthetics, plot and overall vibe!","Simple, yet great turn based game with an original concept, great music, aesthetics, plot and overall vibe!",True,2024-02-19T19:05:18+00:00,2024-02-19T19:05:18+00:00,1298.0,1107.0,0.0,0.0,0.0,0.5,False,False,False,False,76561198013016311,,6.0,False,False,107,17,21.633333333333333,18.45,10h+,positive
111662208,1162700,midnight-protocol,Midnight Protocol,english,"Very enjoyable hacking sim, tactical turn-based gameplay, music good as well.","Very enjoyable hacking sim, tactical turn-based gameplay, music good as well.",True,2022-03-06T09:04:21+00:00,2022-03-06T09:04:21+00:00,2329.0,748.0,0.0,0.0,1.0,0.5,True,False,False,False,76561199244602661,,47.0,False,False,77,11,38.81666666666667,12.466666666666667,10h+,positive
111493032,1162700,midnight-protocol,Midnight Protocol,english,"entertaining with an enjoyable sound track
",entertaining with an enjoyable sound track,True,2022-03-04T04:46:02+00:00,2022-03-04T04:46:02+00:00,2286.0,1520.0,0.0,0.0,0.0,0.5,True,False,False,False,76561199059988473,,7.0,False,False,42,6,38.1,25.333333333333332,10h+,positive
