review_id,steam_app_id,game_key,game_name,language,review_text_raw,review_text_clean,recommended,created_at,updated_at,playtime_forever_minutes,playtime_at_review_minutes,playtime_last_two_weeks_minutes,votes_up,votes_funny,weighted_vote_score,steam_purchase,received_for_free,written_during_early_access,refunded,author_steam_id,author_num_games_owned,author_num_reviews,is_empty,is_very_short,review_length_chars,review_length_words,playtime_forever_hours,playtime_at_review_hours,playtime_segment,overall_sentiment
95827903,1216710,cyber-manhunt,Cyber Manhunt,english,"Cyber Manhunt is a comprehensive internet sleuth game from Chinese developers, Aluba Studio. Players must search the darkest online corners to discover pivotal information. Similar to the [i]Orwell[/i] games but with a more sinister story, the title is sure to appease fans of the genre. However, it is not without its flaws and unfortunately suffers from lacklustre text due to its abysmally poor translation.

[b] [u]Pros[/u] [/b]
[list]
    [*] 5 extensive chapters that are all cleverly entwined.
    [*] Differing endings.
    [*] Inventive puzzles & minigames throughout.
    [*] Covers grim themes of crime and corruption.
    [*] Pleasant & simple user interface.
[/list]

[b] [u]Cons[/u] [/b]
[list]
    [*] Awful translation to English, dialogue can come across as robotic and insincere.
    [*] Cumbersome text scenes which do not flow naturally.
    [*] Lacks explanation of puzzle mechanics.
[/list]

[h1]Story: Malignant Data Corruption & Cybersecurity[/h1]
Cyber Manhunt features 5 extensive chapters which range from 1-3 hours each, depending on personal playstyle. Each chapter tackles new persons of interest and a seemingly unrelated story which all comes together upon completion of the game. The stories do feature quite sensitive themes including rape, bullying, female slave imprisonment and more. Whilst there is not any graphic imagery or descriptions, most of the chapters will centre around these topics. Thus, it is important for potential buyers to be aware that it is not an easy-going hacking game and is quite serious in nature.

https://steamcommunity.com/sharedfiles/filedetails/?id=2544733102

Players begin working for Titan, a large data storage company that can access unlimited personal information about the citizens of Allivia. Our job is to track down specific material to uncover the answers Titan seeks, typically involved in crime investigations or missing persons. The game purposefully questions the indefinite power of having easy access to this data and focuses on the consequences. Moral questions begin to arise, are we helping citizens or doing more damage than good? What is the goal of Titan? Is it something to be proud of?

Soon enough, the corruption can no longer be ignored and a self-proclaimed prophetic persona appears with vengeance for large data companies. Putting Titan in a negative spotlight and allowing players to shape the final acts.

[b] [u]Translation Issues[/u] [/b]
Unfortunately, the biggest disappointment of Cyber Manhunt was its poor translation. Although everything ""made sense"" and I knew what was going on, the general flow of dialogue was poorly executed. It was easily recognisable that some sections were a direct translation to English and sounded robotic. There were also an abundance of grammar issues and just misspellings such as ""CIO"" (CEO), ""Browbe"" (bribe?). Typically, I would not be too bothered as I enjoyed the gameplay immensely, but in a text-based online investigative game, it vastly impacted the games entirety and diminished the serious themes the developers attempt to convey. Some conversations were just laughable and came across as extremely fake. I understand that the Chinese developers are not native English speakers and the Indie nature of the title may prevent proper translation due to funding/time constraints, but it really was abysmal in parts, considering dialogue and text are the sole premise of the title. 

https://steamcommunity.com/sharedfiles/filedetails/?id=2546018709

[h1]Gameplay: Online Investigations, Puzzles & Minigames[/h1]
Majority of the game will be spent on a simple computer interface with access to very familiar applications, ""Toothbook"", ""Gogo"" and more. Players must use these programs to uncover information about a specific person. At the beginning of each chapter, we are typically only given the person’s name and a few bits of information. The name can be pasted into ""Gogo"" to find their ""Toothbook"" which will unveil their nicknames, hobbies, marital status, friends and so forth, furthering the investigation. This information is all collated into their profiles.

Useful information will be highlighted in red once the cursor scrolls over it, signalling that it can be collected. There are also a handful of other useful applications which can be used as phishing or anonymous calling. Once private information such as DOB is revealed, this can be used in the ""Crack"" program to obtain passwords. Essentially, keep finding more information which will unlock access to more pertinent data needed to complete the chapter. I found the data-collection to be much more complex than I had originally thought, with lots of different accounts, programs and areas to explore, it was difficult to keep track of it all. But this is in no way a criticism, I enjoyed the more challenging approach and it gave me a sense of achievement when new clues were discovered.

Scour through webpages, emails, private chats and assemble the clues to reveal the full story. There are 4 goals within each chapter and when one goal is fulfilled to 100%, players can enter ""reasoning"" mode which is essentially a minigame (which differs each time) that puts the story in chronological order and makes sense of all data already obtained.

[b] [u]Minigames & Puzzles[/u] [/b]
Despite this style of game being somewhat monotonous in design and virtually boils down to information-finding, it does include a myriad of minigames to spice things up. Minigames include ""hacking"" scenes with specific order-based puzzles, matching symbols in a designated layout. Another example was a more strategy-focused section where players must control the popularity of media articles in each state of the country. I found most of these puzzles to be rather inventive and thought-provoking, without succumbing to lazy mechanics or overusing the same concepts, it was kept fresh and interesting.

https://steamcommunity.com/sharedfiles/filedetails/?id=2548412313

Where this section failed was in its explanation of these puzzles. Sometimes there was a seemingly in-depth cinematic description of what was required, yet it was executed poorly and ultimately caused even more confusion. Other times, no attempt at an explanation was made and I was left with a daunting map filled with things to interact with that I had no idea of their purpose. Even worse, majority of the puzzles are timed and without any indication of what to do (with pausing also disabled), I had to figure it out by trial and error, which was easy enough but of course wastes time and typically resulted in me having to redo the section from scratch.

[h1]Graphics & Sound[/h1]
Being a cyber/hacking simulation title, there is little to comment on in terms of graphics, but the simple interface is clean and very straightforward. There are a handful of cinematic scenes that are actually quite decent and felt reminiscent of comic style art.

Some characters are voiced, as well as calls. The voice-overs are mediocre but do their job. The foreboding soundtrack is on a loop and felt nostalgic of investigative crime TV shows, almost putting pressure on players to uncover clues faster.


[h1]Conclusion[/h1]
Cyber Manhunt is an excellent online investigative game, taking inspiration from games such as [i]Orwell[/i] and [i]Papers Please[/i]. Its extensive chapters have an abundance of clues to discover, with countless puzzles and minigames to complete along the way. Despite suffering from severe translation issues which greatly impacted the dialogues flow, the gameplay holds strong and should appeal to any fans of the aforementioned titles. Taking approximately 10-14 hours to complete with differing endings and many achievements encouraging replays, for $15AUD, I highly recommend it to all who love an extensive online lurk.

This review copy was provided by Reviewers' Paradise

[url=https://store.steampowered.com/curator/34936724][quote]Follow my curator page, [b]Cookie Reviews[/b]","Cyber Manhunt is a comprehensive internet sleuth game from Chinese developers, Aluba Studio. Players must search the darkest online corners to discover pivotal information. Similar to the [i]Orwell[/i] games but with a more sinister story, the title is sure to appease fans of the genre. However, it is not without its flaws and unfortunately suffers from lacklustre text due to its abysmally poor translation. [b] [u]Pros[/u] [/b] [list] [*] 5 extensive chapters that are all cleverly entwined. [*] Differing endings. [*] Inventive puzzles & minigames throughout. [*] Covers grim themes of crime and corruption. [*] Pleasant & simple user interface. [/list] [b] [u]Cons[/u] [/b] [list] [*] Awful translation to English, dialogue can come across as robotic and insincere. [*] Cumbersome text scenes which do not flow naturally. [*] Lacks explanation of puzzle mechanics. [/list] [h1]Story: Malignant Data Corruption & Cybersecurity[/h1] Cyber Manhunt features 5 extensive chapters which range from 1-3 hours each, depending on personal playstyle. Each chapter tackles new persons of interest and a seemingly unrelated story which all comes together upon completion of the game. The stories do feature quite sensitive themes including rape, bullying, female slave imprisonment and more. Whilst there is not any graphic imagery or descriptions, most of the chapters will centre around these topics. Thus, it is important for potential buyers to be aware that it is not an easy-going hacking game and is quite serious in nature. https://steamcommunity.com/sharedfiles/filedetails/?id=2544733102 Players begin working for Titan, a large data storage company that can access unlimited personal information about the citizens of Allivia. Our job is to track down specific material to uncover the answers Titan seeks, typically involved in crime investigations or missing persons. The game purposefully questions the indefinite power of having easy access to this data and focuses on the consequences. Moral questions begin to arise, are we helping citizens or doing more damage than good? What is the goal of Titan? Is it something to be proud of? Soon enough, the corruption can no longer be ignored and a self-proclaimed prophetic persona appears with vengeance for large data companies. Putting Titan in a negative spotlight and allowing players to shape the final acts. [b] [u]Translation Issues[/u] [/b] Unfortunately, the biggest disappointment of Cyber Manhunt was its poor translation. Although everything ""made sense"" and I knew what was going on, the general flow of dialogue was poorly executed. It was easily recognisable that some sections were a direct translation to English and sounded robotic. There were also an abundance of grammar issues and just misspellings such as ""CIO"" (CEO), ""Browbe"" (bribe?). Typically, I would not be too bothered as I enjoyed the gameplay immensely, but in a text-based online investigative game, it vastly impacted the games entirety and diminished the serious themes the developers attempt to convey. Some conversations were just laughable and came across as extremely fake. I understand that the Chinese developers are not native English speakers and the Indie nature of the title may prevent proper translation due to funding/time constraints, but it really was abysmal in parts, considering dialogue and text are the sole premise of the title. https://steamcommunity.com/sharedfiles/filedetails/?id=2546018709 [h1]Gameplay: Online Investigations, Puzzles & Minigames[/h1] Majority of the game will be spent on a simple computer interface with access to very familiar applications, ""Toothbook"", ""Gogo"" and more. Players must use these programs to uncover information about a specific person. At the beginning of each chapter, we are typically only given the person’s name and a few bits of information. The name can be pasted into ""Gogo"" to find their ""Toothbook"" which will unveil their nicknames, hobbies, marital status, friends and so forth, furthering the investigation. This information is all collated into their profiles. Useful information will be highlighted in red once the cursor scrolls over it, signalling that it can be collected. There are also a handful of other useful applications which can be used as phishing or anonymous calling. Once private information such as DOB is revealed, this can be used in the ""Crack"" program to obtain passwords. Essentially, keep finding more information which will unlock access to more pertinent data needed to complete the chapter. I found the data-collection to be much more complex than I had originally thought, with lots of different accounts, programs and areas to explore, it was difficult to keep track of it all. But this is in no way a criticism, I enjoyed the more challenging approach and it gave me a sense of achievement when new clues were discovered. Scour through webpages, emails, private chats and assemble the clues to reveal the full story. There are 4 goals within each chapter and when one goal is fulfilled to 100%, players can enter ""reasoning"" mode which is essentially a minigame (which differs each time) that puts the story in chronological order and makes sense of all data already obtained. [b] [u]Minigames & Puzzles[/u] [/b] Despite this style of game being somewhat monotonous in design and virtually boils down to information-finding, it does include a myriad of minigames to spice things up. Minigames include ""hacking"" scenes with specific order-based puzzles, matching symbols in a designated layout. Another example was a more strategy-focused section where players must control the popularity of media articles in each state of the country. I found most of these puzzles to be rather inventive and thought-provoking, without succumbing to lazy mechanics or overusing the same concepts, it was kept fresh and interesting. https://steamcommunity.com/sharedfiles/filedetails/?id=2548412313 Where this section failed was in its explanation of these puzzles. Sometimes there was a seemingly in-depth cinematic description of what was required, yet it was executed poorly and ultimately caused even more confusion. Other times, no attempt at an explanation was made and I was left with a daunting map filled with things to interact with that I had no idea of their purpose. Even worse, majority of the puzzles are timed and without any indication of what to do (with pausing also disabled), I had to figure it out by trial and error, which was easy enough but of course wastes time and typically resulted in me having to redo the section from scratch. [h1]Graphics & Sound[/h1] Being a cyber/hacking simulation title, there is little to comment on in terms of graphics, but the simple interface is clean and very straightforward. There are a handful of cinematic scenes that are actually quite decent and felt reminiscent of comic style art. Some characters are voiced, as well as calls. The voice-overs are mediocre but do their job. The foreboding soundtrack is on a loop and felt nostalgic of investigative crime TV shows, almost putting pressure on players to uncover clues faster. [h1]Conclusion[/h1] Cyber Manhunt is an excellent online investigative game, taking inspiration from games such as [i]Orwell[/i] and [i]Papers Please[/i]. Its extensive chapters have an abundance of clues to discover, with countless puzzles and minigames to complete along the way. Despite suffering from severe translation issues which greatly impacted the dialogues flow, the gameplay holds strong and should appeal to any fans of the aforementioned titles. Taking approximately 10-14 hours to complete with differing endings and many achievements encouraging replays, for $15AUD, I highly recommend it to all who love an extensive online lurk. This review copy was provided by Reviewers' Paradise [url=https://store.steampowered.com/curator/34936724][quote]Follow my curator page, [b]Cookie Reviews[/b]",True,2021-07-16T07:18:32+00:00,2021-10-18T09:29:56+00:00,757.0,757.0,0.0,102.0,3.0,0.8676779866218567,False,True,False,False,76561198004496223,,268.0,False,False,7922,1212,12.616666666666667,12.616666666666667,10h+,positive
141971288,1216710,cyber-manhunt,Cyber Manhunt,english,"[h1] 8/10 [/h1]

Although Cyber Manhunt may appear to be a hacking simulation game, I believe it is more appropriate to call it a social engineering simulation game. Overall, the strengths and weaknesses of Cyber Manhunt are quite evident: it has an outstanding and thought-provoking storyline that is both contemporary and ironic, with significant real-world implications. However, its gameplay design may not satisfy all players.

If you do not know social engineering, this game can give you a glimpse into the popular social science of gathering information about others through various means. By unraveling the secrets and events behind each character through information gathered from various social media platforms, websites, emails, phone calls, and more, players can engage in activities such as hacking, deception, and disguises to gather intelligence. For players who enjoy puzzle-solving and have patience, Cyber Manhunt can provide an excellent gaming experience. Additionally, the game's storyline is quite deep, depicting various cybercrimes, school bullying, exchange of interests, and blackmail. The game connects the characters through numerous fragmented yet interconnected clues, presenting players with a captivating narrative filled with criticism, irony, reflection, and depth. It is definitely worth a try for any narrative game enthusiast.

The shortcomings of the game primarily lie in its gameplay design. The game itself is relatively short, and the process of collecting clues through mouse clicks takes up a significant portion of the gameplay time. Many puzzle mini-games added to enrich the game's content may not be particularly interesting. Although they diversify the gameplay, some players may find them off-putting. Players familiar with social engineering may also feel that the game's gameplay design and certain plot developments are somewhat contrived. Furthermore, the game's depiction of hacking techniques is rushed and lacks rigor.

Overall, Cyber Manhunt surprised me beyond expectations. I recommend it to those interested in social engineering but with limited knowledge, fans of realism, and enthusiasts of text-based adventure games. If you can accept its shortcomings, you will find that Cyber Manhunt offers great value. On the contrary, if you are not interested in its gameplay and storyline, there is no need to give it a try. It is worth noting that this game draws heavily on Osmotic Studios' Orwell series released in 2016, with the main difference being that this game focuses more on narrative description and characterization, while Orwell offers a stronger interactive gaming experience.","[h1] 8/10 [/h1] Although Cyber Manhunt may appear to be a hacking simulation game, I believe it is more appropriate to call it a social engineering simulation game. Overall, the strengths and weaknesses of Cyber Manhunt are quite evident: it has an outstanding and thought-provoking storyline that is both contemporary and ironic, with significant real-world implications. However, its gameplay design may not satisfy all players. If you do not know social engineering, this game can give you a glimpse into the popular social science of gathering information about others through various means. By unraveling the secrets and events behind each character through information gathered from various social media platforms, websites, emails, phone calls, and more, players can engage in activities such as hacking, deception, and disguises to gather intelligence. For players who enjoy puzzle-solving and have patience, Cyber Manhunt can provide an excellent gaming experience. Additionally, the game's storyline is quite deep, depicting various cybercrimes, school bullying, exchange of interests, and blackmail. The game connects the characters through numerous fragmented yet interconnected clues, presenting players with a captivating narrative filled with criticism, irony, reflection, and depth. It is definitely worth a try for any narrative game enthusiast. The shortcomings of the game primarily lie in its gameplay design. The game itself is relatively short, and the process of collecting clues through mouse clicks takes up a significant portion of the gameplay time. Many puzzle mini-games added to enrich the game's content may not be particularly interesting. Although they diversify the gameplay, some players may find them off-putting. Players familiar with social engineering may also feel that the game's gameplay design and certain plot developments are somewhat contrived. Furthermore, the game's depiction of hacking techniques is rushed and lacks rigor. Overall, Cyber Manhunt surprised me beyond expectations. I recommend it to those interested in social engineering but with limited knowledge, fans of realism, and enthusiasts of text-based adventure games. If you can accept its shortcomings, you will find that Cyber Manhunt offers great value. On the contrary, if you are not interested in its gameplay and storyline, there is no need to give it a try. It is worth noting that this game draws heavily on Osmotic Studios' Orwell series released in 2016, with the main difference being that this game focuses more on narrative description and characterization, while Orwell offers a stronger interactive gaming experience.",True,2023-07-13T08:32:27+00:00,2023-07-14T15:19:50+00:00,2124.0,2124.0,0.0,100.0,4.0,0.8758716583251953,True,False,False,False,76561199107888635,,202.0,False,False,2645,395,35.4,35.4,10h+,positive
106645752,1216710,cyber-manhunt,Cyber Manhunt,english,"Long story short - this is a really good game that lacks a lot of polish and has plenty of bugs. If you can look past that and appreciate the gameplay and the surprisingly accurate portrayals of hacking tactics, then you will find PLENTY to enjoy in this game.

First, I want to praise the game for its portrayal of hacking and the steps that make it possible. It's simple to grasp and communicates the very real threat of phishing and social engineering while keeping things entertaining. The opening title cards of the game say that this was one of their biggest reasons for making the game. In that respect, they 100% succeeded. If you are looking for a game that accurately and easily explains hacking, this is the best example I can think of.

As for the game loop, there are many similarities to the Ace Attorney/Phoenix Wright games.

- you are a given a small handful of clues
- you enter an investigation segment where you search for more clues/information by clicking on everything you see (just like Ace Attorney)
- you take your findings and confront someone, similar to cross-examinations in Ace Attorney
- you go through a [url=https://www.youtube.com/watch?v=mvDspWLhPhg] ""Revisualization Sequence"" [/url] and gather all the information you have to label somebody as killer/witness/hacker/etc
- repeat

This game loop works well and definitely encourages exploration, as any failures or mistakes made along the way will only send you back a few minutes at most, and usually only a few seconds. It also helps that the game focuses on depth rather than a wide variety of mechanics. There are many different minigames along the way, but they are usually one-offs or done a few times back to back. The core game mechanics are a small set and persist throughout the game. These mechanics are fairly open-ended, so the flexibility you have to work with his rather high. And what's more - the game often chains mechanics together to really test your mental flexibility. Sometimes, it can feel cheap - as in brute force would be a more efficient method than logic, but it rarely ever gets that bad.

That said, the game does have issues with polish. It's actually very similar to Ace Attorney where you have to select the exact piece of evidence that the game wants, regardless of how close or relevant the one you chose actually is. Other times, the game has race conditions that occur that don't exactly softlock the game, but certainly glitch it out and make it hard to progress. While I have never been softlocked in this game, I have run into glitches that force me to fail time sensitive tasks. And regardless, several people have reported softlocks exist in this game, so it's something to beware of.

Also, the UI is a bit finnicky. The primary UI you will be working with is meant to look like a computer desktop, which is really cool and makes a great backdrop for the rest of the game, but there are definitely some cut corners. For example, you cannot use your scroll wheel to scroll through content - you must click and drag the page or the scroll bar. That got annoying fast, but I got over it. Also, similar to Ace Attorney, investigation segments will involve you hovering over everything and anything you see until your cursor (or in this case, the background) changes to signify that a clue is here. This makes the process of finding clues a bit repetitive, even though the game throws a few new mechanics in for each chapter. And I could be wrong, but I am fairly certain that the color-change-on-hover mechanic has a weird hover detection, leading to false negatives. I am not sure, and even if it is the case, it is rare - maybe once or twice a chapter.

The story is surprisingly engaging. For starters, it is a fairly mature game, as it delves into some pretty painful and disgusting subject matter. Examples include permanent bodily injury and human trafficking. The game uses these subjects to explain the threat and danger of an insecure internet and how people exploit it for their benefit. We see recurring characters who struggle with these threats and dangers and feel the pull to use the elements for their own purposes. Seeing the struggle really makes the story feel impactful, real, and threatening, while not running into any form of power creep. The conflicts are unique, but self-contained. The characters grow and develop as the story progresses.

It's a bit difficult to say whether or not characters have depth. Technically, they have a lot of depth, but most of their depth is literally given to the player as bullet points on a board highlighting what the character went through. As more bullets are added, their motivations get further explained and then their justifications become revealed. In that light, I'd say almost every character we come across has depth and purpose for being in the story. But that said, it's still just bullet points on a page - there's a chance that the characters will feel cheap since their traits are rarely revealed through dialogue or conversation.

And on that note, it's important to say that the English version of the game is full of typos, bad grammar, run-on sentences, and otherwise broken english. And I don't mean once every few minutes. I mean multiple times per paragraph - sometimes, multiple times per sentence. It's clear that this game was translated into English, but not very well. The text is perfectly understandable, so I am not bothered at all by it, but I imagine others might.

As for the voice acting, most reviews seem to dislike the voices or find them passable, but I thought all of these voice actors did a phenomenal job. I was actually shocked at how good some of these portrayals were. The voices didn't just add another dimension, they actually communicated character traits that the text and story alone could not. For example, Van's voice actor really highlighted just how unhinged the character was - something that the story alone doesn't clearly portray. Another example is Coral's voice actor communicating shame and embarrassment on top of the fear that the text displayed. Every single voice was great, but special praise to the voice actors for Ashley, Van, and Quiller.

The music is surprisingly well done, but there aren't a wide variety of songs. The art has 2 styles - the computer desktop/applications and the people/locations. The desktop/applications are sleek and beautiful. The locales/characters are emotive and detailed. Character animations are a bit static/stiff, but I feel it adds to the charm.

All in all, I had a great time with the game. I finished it at 40 hours, but that was with me taking the long way around and digging through everything. This is more like a 5-15 hour game, depending on how much you guess right the first time. I enjoyed the accurate portrayal of hacking, the story, music, art, and mechanics. I got annoyed with glitches, but they were usually easy to resolve or easy to recover from.","Long story short - this is a really good game that lacks a lot of polish and has plenty of bugs. If you can look past that and appreciate the gameplay and the surprisingly accurate portrayals of hacking tactics, then you will find PLENTY to enjoy in this game. First, I want to praise the game for its portrayal of hacking and the steps that make it possible. It's simple to grasp and communicates the very real threat of phishing and social engineering while keeping things entertaining. The opening title cards of the game say that this was one of their biggest reasons for making the game. In that respect, they 100% succeeded. If you are looking for a game that accurately and easily explains hacking, this is the best example I can think of. As for the game loop, there are many similarities to the Ace Attorney/Phoenix Wright games. - you are a given a small handful of clues - you enter an investigation segment where you search for more clues/information by clicking on everything you see (just like Ace Attorney) - you take your findings and confront someone, similar to cross-examinations in Ace Attorney - you go through a [url=https://www.youtube.com/watch?v=mvDspWLhPhg] ""Revisualization Sequence"" [/url] and gather all the information you have to label somebody as killer/witness/hacker/etc - repeat This game loop works well and definitely encourages exploration, as any failures or mistakes made along the way will only send you back a few minutes at most, and usually only a few seconds. It also helps that the game focuses on depth rather than a wide variety of mechanics. There are many different minigames along the way, but they are usually one-offs or done a few times back to back. The core game mechanics are a small set and persist throughout the game. These mechanics are fairly open-ended, so the flexibility you have to work with his rather high. And what's more - the game often chains mechanics together to really test your mental flexibility. Sometimes, it can feel cheap - as in brute force would be a more efficient method than logic, but it rarely ever gets that bad. That said, the game does have issues with polish. It's actually very similar to Ace Attorney where you have to select the exact piece of evidence that the game wants, regardless of how close or relevant the one you chose actually is. Other times, the game has race conditions that occur that don't exactly softlock the game, but certainly glitch it out and make it hard to progress. While I have never been softlocked in this game, I have run into glitches that force me to fail time sensitive tasks. And regardless, several people have reported softlocks exist in this game, so it's something to beware of. Also, the UI is a bit finnicky. The primary UI you will be working with is meant to look like a computer desktop, which is really cool and makes a great backdrop for the rest of the game, but there are definitely some cut corners. For example, you cannot use your scroll wheel to scroll through content - you must click and drag the page or the scroll bar. That got annoying fast, but I got over it. Also, similar to Ace Attorney, investigation segments will involve you hovering over everything and anything you see until your cursor (or in this case, the background) changes to signify that a clue is here. This makes the process of finding clues a bit repetitive, even though the game throws a few new mechanics in for each chapter. And I could be wrong, but I am fairly certain that the color-change-on-hover mechanic has a weird hover detection, leading to false negatives. I am not sure, and even if it is the case, it is rare - maybe once or twice a chapter. The story is surprisingly engaging. For starters, it is a fairly mature game, as it delves into some pretty painful and disgusting subject matter. Examples include permanent bodily injury and human trafficking. The game uses these subjects to explain the threat and danger of an insecure internet and how people exploit it for their benefit. We see recurring characters who struggle with these threats and dangers and feel the pull to use the elements for their own purposes. Seeing the struggle really makes the story feel impactful, real, and threatening, while not running into any form of power creep. The conflicts are unique, but self-contained. The characters grow and develop as the story progresses. It's a bit difficult to say whether or not characters have depth. Technically, they have a lot of depth, but most of their depth is literally given to the player as bullet points on a board highlighting what the character went through. As more bullets are added, their motivations get further explained and then their justifications become revealed. In that light, I'd say almost every character we come across has depth and purpose for being in the story. But that said, it's still just bullet points on a page - there's a chance that the characters will feel cheap since their traits are rarely revealed through dialogue or conversation. And on that note, it's important to say that the English version of the game is full of typos, bad grammar, run-on sentences, and otherwise broken english. And I don't mean once every few minutes. I mean multiple times per paragraph - sometimes, multiple times per sentence. It's clear that this game was translated into English, but not very well. The text is perfectly understandable, so I am not bothered at all by it, but I imagine others might. As for the voice acting, most reviews seem to dislike the voices or find them passable, but I thought all of these voice actors did a phenomenal job. I was actually shocked at how good some of these portrayals were. The voices didn't just add another dimension, they actually communicated character traits that the text and story alone could not. For example, Van's voice actor really highlighted just how unhinged the character was - something that the story alone doesn't clearly portray. Another example is Coral's voice actor communicating shame and embarrassment on top of the fear that the text displayed. Every single voice was great, but special praise to the voice actors for Ashley, Van, and Quiller. The music is surprisingly well done, but there aren't a wide variety of songs. The art has 2 styles - the computer desktop/applications and the people/locations. The desktop/applications are sleek and beautiful. The locales/characters are emotive and detailed. Character animations are a bit static/stiff, but I feel it adds to the charm. All in all, I had a great time with the game. I finished it at 40 hours, but that was with me taking the long way around and digging through everything. This is more like a 5-15 hour game, depending on how much you guess right the first time. I enjoyed the accurate portrayal of hacking, the story, music, art, and mechanics. I got annoyed with glitches, but they were usually easy to resolve or easy to recover from.",True,2021-12-27T09:20:10+00:00,2021-12-27T09:48:07+00:00,2644.0,2427.0,0.0,48.0,1.0,0.7930359840393066,True,False,False,False,76561198218736355,,12.0,False,False,6942,1197,44.06666666666667,40.45,10h+,positive
77513106,1216710,cyber-manhunt,Cyber Manhunt,english,"i am so mixed on this game

the ""hacking"" is complete nonsense, and the thrust of the game is really you just guessing what information the developers want you to click. the UI, especially the fake webpages (such as... ""Toothbook"") look really awful, and the english is - at best - not very good. the UI has no shortcuts, you have to click a piece of text, click ""copy,"" then click a text box, and click ""paste"" - it's a hacking game with no keyboard controls. All the character art is awkwardly proportioned, sometimes-slightly-better-than-deviantart sketches, and every character talks like they're trying Very Hard to sound as Human as possible, especially in the ""phishing"" conversation minigame. the story is based on the horrible, basic-ass ""oh nooo everyone is too addicted to social media!!!"" old people trope, and then immediately puts you in the shoes of the hacker we're meant to be so afraid of?

really i should just get a refund and go back to play hacknet again, but... 

it's so unintentionally funny. the game is set in 2021, and the mission giver lady, right off the bat, gives you this impressive stat: the company you're working for has amassed ~*~over 1 billion bytes~*~ of user data. that's right, player, this company has amassed an entire One Gigabyte.

This game is one where no one (not even the tutorial text!) seems to understand how to communicate, and hacking is done by putting a person's name and birthdate into a form which will run nonsense Hacker Code and somehow figure out the One Password everybody uses for everything. and

...Toothbook.","i am so mixed on this game the ""hacking"" is complete nonsense, and the thrust of the game is really you just guessing what information the developers want you to click. the UI, especially the fake webpages (such as... ""Toothbook"") look really awful, and the english is - at best - not very good. the UI has no shortcuts, you have to click a piece of text, click ""copy,"" then click a text box, and click ""paste"" - it's a hacking game with no keyboard controls. All the character art is awkwardly proportioned, sometimes-slightly-better-than-deviantart sketches, and every character talks like they're trying Very Hard to sound as Human as possible, especially in the ""phishing"" conversation minigame. the story is based on the horrible, basic-ass ""oh nooo everyone is too addicted to social media!!!"" old people trope, and then immediately puts you in the shoes of the hacker we're meant to be so afraid of? really i should just get a refund and go back to play hacknet again, but... it's so unintentionally funny. the game is set in 2021, and the mission giver lady, right off the bat, gives you this impressive stat: the company you're working for has amassed ~*~over 1 billion bytes~*~ of user data. that's right, player, this company has amassed an entire One Gigabyte. This game is one where no one (not even the tutorial text!) seems to understand how to communicate, and hacking is done by putting a person's name and birthdate into a form which will run nonsense Hacker Code and somehow figure out the One Password everybody uses for everything. and ...Toothbook.",True,2020-10-13T19:19:37+00:00,2020-10-13T19:26:19+00:00,151.0,22.0,0.0,9.0,11.0,0.5679723024368286,True,False,True,False,76561197970834245,,439.0,False,False,1570,269,2.5166666666666666,0.36666666666666664,0-1h,positive
201175699,1216710,cyber-manhunt,Cyber Manhunt,english,"Reviewing (mostly) every game (or DLC) in my library, part 305:

⭐️⭐️⭐️⭐️⭐️⭐️⭐️⭐️☆☆ (8/10)

[i]Cyber Manhunt [/i]casts you as a hired hacker working for a shady tech company, diving deep into people’s digital footprints to expose secrets, manipulate outcomes, or destroy lives—depending on who’s paying. It’s a detective game wrapped in social commentary, mixing real-world open-source intelligence tools with a sharp narrative focus on privacy, morality, and the commodification of personal information. The experience is slick, addictive, and surprisingly emotionally charged, even as it drags you through increasingly uncomfortable territory.

🟢 [b]Pros:[/b]
[list]
[*] Clever mechanics that feel grounded and authentic. Each case involves scouring fake websites, piecing together social media data, inspecting photo metadata, and using context clues to crack security questions or passwords. It feels grounded in real techniques used by journalists, investigators, and malicious actors alike. Unlike many “hacker” games that default to flashy visuals and techno-babble, Cyber Manhunt leans into how frighteningly simple it can be to uncover personal details with just a little determination and context.

[*] Great UI. The in-game interface mimics a functioning operating system, complete with fake search engines, chat logs, financial apps, and internal company software. It’s clean, easy to navigate, and does a fantastic job of making you feel like you’re living inside a terminal window for hours. The interface becomes second nature quickly, allowing you to forget you're playing a game and focus entirely on the task of investigation.

[*]Complex moral themes. Rather than relying on one overarching conspiracy (though that's part of the game!), the game gives you a series of smaller, more intimate cases each one touching on different themes like revenge porn, mental illness, cyberbullying, or whistleblowing. What’s impressive is how effectively the game conveys the emotional stakes of these narratives through documents and data alone. You often start a case thinking someone’s in the wrong, only to slowly learn they were a victim all along.

[*] Creative twist on detective work. In many cases, you’ll impersonate people, craft fake identities, send phishing messages, or push emotionally manipulative texts to provoke responses from characters. It’s unsettling how good it feels to “win” a case this way, and that’s part of the point. The game forces you to reckon with your own sense of detachment—how far are you willing to go when the consequences aren’t real?
[/list]

🌐 [b]Cons:[/b]
[*] Can get predictable. While the first few investigations feel novel and rewarding, the structure doesn’t evolve much as you progress. Nearly every case involves the same general process: comb social media, find personal info, unlock emails, then exploit the target. The repetition is not boring per se—especially if you're a fan of detective work—but it can get overwhelming in the latter half of the game.

[*] Some logic leaps. While most of the investigations are well-designed, a handful of them include solutions that feel unintuitive—like needing to click on a very specific phrase buried in a long article or assume something that’s not clearly hinted at. The lack of an in-game hint system can make these roadblocks more frustrating than they need to be.
[/list]
[hr]
If you enjoyed this review, please check out my curator page to find more: [url=https://store.steampowered.com/curator/45814768-Verdict-Play-or-Pass/]Verdict: Play or Pass. [/url] Also, please leave a like and visit [url=https://steamcommunity.com/groups/Indie_Gems]IndieGems[/url] and our YouTube channel for more reviews like this one. 
[/hr]","Reviewing (mostly) every game (or DLC) in my library, part 305: ⭐️⭐️⭐️⭐️⭐️⭐️⭐️⭐️☆☆ (8/10) [i]Cyber Manhunt [/i]casts you as a hired hacker working for a shady tech company, diving deep into people’s digital footprints to expose secrets, manipulate outcomes, or destroy lives—depending on who’s paying. It’s a detective game wrapped in social commentary, mixing real-world open-source intelligence tools with a sharp narrative focus on privacy, morality, and the commodification of personal information. The experience is slick, addictive, and surprisingly emotionally charged, even as it drags you through increasingly uncomfortable territory. 🟢 [b]Pros:[/b] [list] [*] Clever mechanics that feel grounded and authentic. Each case involves scouring fake websites, piecing together social media data, inspecting photo metadata, and using context clues to crack security questions or passwords. It feels grounded in real techniques used by journalists, investigators, and malicious actors alike. Unlike many “hacker” games that default to flashy visuals and techno-babble, Cyber Manhunt leans into how frighteningly simple it can be to uncover personal details with just a little determination and context. [*] Great UI. The in-game interface mimics a functioning operating system, complete with fake search engines, chat logs, financial apps, and internal company software. It’s clean, easy to navigate, and does a fantastic job of making you feel like you’re living inside a terminal window for hours. The interface becomes second nature quickly, allowing you to forget you're playing a game and focus entirely on the task of investigation. [*]Complex moral themes. Rather than relying on one overarching conspiracy (though that's part of the game!), the game gives you a series of smaller, more intimate cases each one touching on different themes like revenge porn, mental illness, cyberbullying, or whistleblowing. What’s impressive is how effectively the game conveys the emotional stakes of these narratives through documents and data alone. You often start a case thinking someone’s in the wrong, only to slowly learn they were a victim all along. [*] Creative twist on detective work. In many cases, you’ll impersonate people, craft fake identities, send phishing messages, or push emotionally manipulative texts to provoke responses from characters. It’s unsettling how good it feels to “win” a case this way, and that’s part of the point. The game forces you to reckon with your own sense of detachment—how far are you willing to go when the consequences aren’t real? [/list] 🌐 [b]Cons:[/b] [*] Can get predictable. While the first few investigations feel novel and rewarding, the structure doesn’t evolve much as you progress. Nearly every case involves the same general process: comb social media, find personal info, unlock emails, then exploit the target. The repetition is not boring per se—especially if you're a fan of detective work—but it can get overwhelming in the latter half of the game. [*] Some logic leaps. While most of the investigations are well-designed, a handful of them include solutions that feel unintuitive—like needing to click on a very specific phrase buried in a long article or assume something that’s not clearly hinted at. The lack of an in-game hint system can make these roadblocks more frustrating than they need to be. [/list] [hr] If you enjoyed this review, please check out my curator page to find more: [url=https://store.steampowered.com/curator/45814768-Verdict-Play-or-Pass/]Verdict: Play or Pass. [/url] Also, please leave a like and visit [url=https://steamcommunity.com/groups/Indie_Gems]IndieGems[/url] and our YouTube channel for more reviews like this one. [/hr]",True,2025-07-31T23:44:33+00:00,2025-11-11T08:17:14+00:00,627.0,627.0,0.0,8.0,0.0,0.561589777469635,True,False,False,False,76561198984656750,,667.0,False,False,3721,556,10.45,10.45,10h+,positive
116538026,1216710,cyber-manhunt,Cyber Manhunt,english,"IF you liked Papers, Please and Orwell, you'll like this.

It has an interesting story (if not a bit cliche), nice artwork, decent voice acting, and I don't think it overstays its welcome. I do suggest getting the 2 DLC missions and playing them after completing the base game. I think it's well worth its asking price, even with the extra few dollars.

There are a couple of design decisions that I do not understand however:
1. You can't use the escape key to get to any sort of menu. It will just bring up a little graphic saying that you cant use it.
2. When you're using one of the tools (phone calls, phishing, hacking, etc.), you usually can't get out of them by anyway but failing. This is a problem specifically for the phone calls, where they will ask you specific information about the case and you can't look at any info. It's frustrating
3. Some information you collect will not increase the objective progress, which is fine, but if you're missing some of that info, the only way to find it is to go through EVERYTHING again. You don't need all the info to complete the mission, but I wanted to. THere is one level I had to so through 3 times with a guide and still couldn't find it. It would be nice if they included a sort of hint system to find the final information you're missing.

Those are small gripes for a fun game. And the translation isn't bad (though in English, you'll see a couple of silly errors here and there, nothing bad).","IF you liked Papers, Please and Orwell, you'll like this. It has an interesting story (if not a bit cliche), nice artwork, decent voice acting, and I don't think it overstays its welcome. I do suggest getting the 2 DLC missions and playing them after completing the base game. I think it's well worth its asking price, even with the extra few dollars. There are a couple of design decisions that I do not understand however: 1. You can't use the escape key to get to any sort of menu. It will just bring up a little graphic saying that you cant use it. 2. When you're using one of the tools (phone calls, phishing, hacking, etc.), you usually can't get out of them by anyway but failing. This is a problem specifically for the phone calls, where they will ask you specific information about the case and you can't look at any info. It's frustrating 3. Some information you collect will not increase the objective progress, which is fine, but if you're missing some of that info, the only way to find it is to go through EVERYTHING again. You don't need all the info to complete the mission, but I wanted to. THere is one level I had to so through 3 times with a guide and still couldn't find it. It would be nice if they included a sort of hint system to find the final information you're missing. Those are small gripes for a fun game. And the translation isn't bad (though in English, you'll see a couple of silly errors here and there, nothing bad).",True,2022-06-05T17:56:25+00:00,2022-06-05T17:56:25+00:00,726.0,726.0,0.0,6.0,0.0,0.6208077669143677,True,False,False,False,76561198057534283,,19.0,False,False,1452,270,12.1,12.1,10h+,positive
175148407,1216710,cyber-manhunt,Cyber Manhunt,english,"I give Cyber Manhunt a middle B. It's a fun investigation game that is similar to Orwell and Analogue: A Hate Story where you piece together the plot by using ""hacking,"" or really Hollywood-style hacking in between social engineering.

The gameplay suffers a bit for its loop, in which the majority of your time is spent looking through in-game social media logs of your subjects. That's a fun premise, but the game proceeds by having you click on relevant lines of text. When you hover your cursor over lines you can ""collect"" to add to your case file, the lines turn red, but otherwise there is no indication which bits are relevant. There are many times early on I just missed the lines in question, and so I spent the last few chapter meticulously mousing over EVERYTHING so I didn't miss anything, but I STILL missed things. It was a little frustrating and I had to use a guide a couple times to find what I had overlooked, even though I read everything.

More frustrating than that though are the mini-games. Usually when doing something more intense than reading, you're playing a mini-game to hack a system or reason out a situation. For the most part these mini-games aren't difficult and I appreciate the variety. However, in later chapters the mini-games start getting time limits, and some of these are unnecessarily harsh. A particular hacking mini-game in Chapter 5 nearly made me rage quit, and even with a video tutorial from YouTube, I was really struggling to get past it. Maybe I'm just a slow reader, but I think it's just less-than-good game design.

The developer seemed to understand those criticisms too because in the Home Sweet Home DLC there aren't any time limits, and in Hello World there is only one mini-game with a time limit that's [i]incredibly[/i] generous. Also in the DLCs, the mini-games can be straight up skipped. I wish that had been in the base game.

Luckily, all mini-games and gameplay loop tedium are absolutely overshadowed by the excellent story. All seven chapters (DLC included) had great twists and turns. All the cases are connected in subtle ways, and almost no one ended up how they began. All the characters were complex, and the writers absolutely nailed social media posts, including strangers of all genders uncomfortably randomly hitting on strangers in their own feeds. And what starts off as a ""simple"" matter of investigation eventually spirals into sci-fi and metaphysical questions. I loved it.

The English translation is unfortunately wonky, and there are typos or ""just doesn't sound right"" issues in just about every other sentence. There's also some polish issues where the voice acting doesn't quite match up with what's on the screen, like the script changed after the line were recorded. Even so, the translation is good enough that you can follow what's going on and there's nothing more egregious than mixing up pronouns. But man, if the story had been run through a native English speaker/writer before being released, this would have been an [i]incredible[/i] story.

The music is awesome as well, and really sets the mood, but the story really caries the game. I'm excited to try the sequel now, though I'm hoping the gameplay loop for Cyber Manhunt 2 is less tedious.","I give Cyber Manhunt a middle B. It's a fun investigation game that is similar to Orwell and Analogue: A Hate Story where you piece together the plot by using ""hacking,"" or really Hollywood-style hacking in between social engineering. The gameplay suffers a bit for its loop, in which the majority of your time is spent looking through in-game social media logs of your subjects. That's a fun premise, but the game proceeds by having you click on relevant lines of text. When you hover your cursor over lines you can ""collect"" to add to your case file, the lines turn red, but otherwise there is no indication which bits are relevant. There are many times early on I just missed the lines in question, and so I spent the last few chapter meticulously mousing over EVERYTHING so I didn't miss anything, but I STILL missed things. It was a little frustrating and I had to use a guide a couple times to find what I had overlooked, even though I read everything. More frustrating than that though are the mini-games. Usually when doing something more intense than reading, you're playing a mini-game to hack a system or reason out a situation. For the most part these mini-games aren't difficult and I appreciate the variety. However, in later chapters the mini-games start getting time limits, and some of these are unnecessarily harsh. A particular hacking mini-game in Chapter 5 nearly made me rage quit, and even with a video tutorial from YouTube, I was really struggling to get past it. Maybe I'm just a slow reader, but I think it's just less-than-good game design. The developer seemed to understand those criticisms too because in the Home Sweet Home DLC there aren't any time limits, and in Hello World there is only one mini-game with a time limit that's [i]incredibly[/i] generous. Also in the DLCs, the mini-games can be straight up skipped. I wish that had been in the base game. Luckily, all mini-games and gameplay loop tedium are absolutely overshadowed by the excellent story. All seven chapters (DLC included) had great twists and turns. All the cases are connected in subtle ways, and almost no one ended up how they began. All the characters were complex, and the writers absolutely nailed social media posts, including strangers of all genders uncomfortably randomly hitting on strangers in their own feeds. And what starts off as a ""simple"" matter of investigation eventually spirals into sci-fi and metaphysical questions. I loved it. The English translation is unfortunately wonky, and there are typos or ""just doesn't sound right"" issues in just about every other sentence. There's also some polish issues where the voice acting doesn't quite match up with what's on the screen, like the script changed after the line were recorded. Even so, the translation is good enough that you can follow what's going on and there's nothing more egregious than mixing up pronouns. But man, if the story had been run through a native English speaker/writer before being released, this would have been an [i]incredible[/i] story. The music is awesome as well, and really sets the mood, but the story really caries the game. I'm excited to try the sequel now, though I'm hoping the gameplay loop for Cyber Manhunt 2 is less tedious.",True,2024-09-17T05:39:22+00:00,2024-09-17T05:42:02+00:00,1377.0,1377.0,0.0,3.0,0.0,0.5524723529815674,True,False,False,False,76561197998946727,,39.0,False,False,3239,551,22.95,22.95,10h+,positive
86494532,1216710,cyber-manhunt,Cyber Manhunt,english,"I became intrigued by the game based upon the concept and decided to purchase it while it was still in early access, however, did not fully delve into the game until it was fully released.

[h1] Gameplay loop [/h1]
The basic principle the game follows is that you are working for a company named Titan Matrix, and are assigned cases where you need to investigate a specific person or event. This is done by investigating a person’s online presence, gathering information from for example articles, messaging services and social media. While the game might have the tag of “hacking” this game play element is reduced to using automatic tools for cracking passwords or invading someone’s phone. Most of the game play consists of the player searching for possible clues, in most of the game automatically highlighted in red while moving the cursor over them, with the notable exception starting Chapter 4 where the player can choose the play the chapter without this assisting tool. The found clues can then be used to investigate other events and uncover more of the story. As a last note, not all clues need to be found to solve a case, however finding all can show a new perspective on the story,

[h1] Story [/h1]
As stated earlier, you are working for a company named Titan Matrix. Your job is to uncover the reasons why certain events occurred during the game by investigating the people involved. The reason for this seems to be financial or even political gain for the company. Story lines from earlier chapters do pop up in the later chapters, and do play a part in the events that unfold. [spoiler] This leads to a conflict with a hacker (the main antagonist), who is seemingly doing the same thing as you and seems to know you quite well [/spoiler] For now I will leave it at this, as this is primarily a story-driven game.

[h1] Strengths [/h1]
The game has a nice design and art style with an intuitive user interface making it easy to get into. The story line despite becoming more convoluted as the game progresses manages to capture and hold the player’s attention without overstaying its welcome. The core idea is something many people can relate to, as I can imagine quite a few people fell into the rabbit hole of researching someone online.

[h1] Weaknesses [/h1]
There are a few glaring issues currently in the game. 

[b] Language [/b]
For a story driven game there are quite a few grammatical and/or spelling errors. While this seems to have improved over time this issue still persists. This can easily lead to immersion being broken, or in the worst case confusing clues halting progress. The worst offenders seem to be passwords that are based upon dates, as most of the time the format YYYY-MM-DD is used, but in rare cases a format such as MM-DD-YYYY occurs, leading to unnecessary frustration. Overall, some issues in translation can be overlooked, but the sometimes confusing clues or weird formatting of certain clues are an issue I would implore the developers to address.


[spoiler] [b] Chapter 4: Public Opinion [/b]
At the end of the fourth chapter a certain mini-game needs to be played where the goal is to sway the public opinion. After retrying this section multiple times I just made a spreadsheet noting down all the results from my inputs, and then replayed it with “perfect” inputs, and still had difficulty. This mini-game is not much of a puzzle as it is a test of endurance and trial-and-error. This mini-game is not intuitive in the slightest and unnecessarily difficult. I implore the developers to either change the set-up of this mini-game, or at the least write a better explanation for this mini-game. [/spoiler]

[b] Puzzles and phishing [/b]
While the smallest issue, I did find that the difficulty for certain puzzles are very odd. Some puzzles are incredibly easy, to the point I would hardly argue that they are even puzzles. While others can suddenly be quite difficult. Some of these more difficult puzzles are quite clever in hindsight, but when looking at a broader definition of the word and including the phishing “puzzles” these seem to sometimes lack rhyme or reason, quickly devolving into trail-and-error. Perhaps this latter part is also due to the issues with the translation. As DLC seems to be in the works currently, I would like the developers to reassess how they set-up these phishing sections, as a simple rewrite of dialogue options might not solve the issue.

[h1] Conclusion [/h1]
While this game is far from perfect it is an admirable attempt from a young studio. It is a fun short delve into a concept that is becoming more and more to the forefront in current day society. While I primarily focused on the flaws in this review (in an effort to help the reader know the current issues as well as bring them to the developers attention) I can wholeheartedly say that I did enjoy my time with this game and found it to be worth the couple of euros I put down for it. While the story at times predictable it did enough to lure me in and left me wanting more. I will most likely be back for the sequel/DLC.

[i]As the studio still seems to be pushing updates and fixing some of the issues this review might be updated in the future to more accurately represent the state of the game. [/i]","I became intrigued by the game based upon the concept and decided to purchase it while it was still in early access, however, did not fully delve into the game until it was fully released. [h1] Gameplay loop [/h1] The basic principle the game follows is that you are working for a company named Titan Matrix, and are assigned cases where you need to investigate a specific person or event. This is done by investigating a person’s online presence, gathering information from for example articles, messaging services and social media. While the game might have the tag of “hacking” this game play element is reduced to using automatic tools for cracking passwords or invading someone’s phone. Most of the game play consists of the player searching for possible clues, in most of the game automatically highlighted in red while moving the cursor over them, with the notable exception starting Chapter 4 where the player can choose the play the chapter without this assisting tool. The found clues can then be used to investigate other events and uncover more of the story. As a last note, not all clues need to be found to solve a case, however finding all can show a new perspective on the story, [h1] Story [/h1] As stated earlier, you are working for a company named Titan Matrix. Your job is to uncover the reasons why certain events occurred during the game by investigating the people involved. The reason for this seems to be financial or even political gain for the company. Story lines from earlier chapters do pop up in the later chapters, and do play a part in the events that unfold. [spoiler] This leads to a conflict with a hacker (the main antagonist), who is seemingly doing the same thing as you and seems to know you quite well [/spoiler] For now I will leave it at this, as this is primarily a story-driven game. [h1] Strengths [/h1] The game has a nice design and art style with an intuitive user interface making it easy to get into. The story line despite becoming more convoluted as the game progresses manages to capture and hold the player’s attention without overstaying its welcome. The core idea is something many people can relate to, as I can imagine quite a few people fell into the rabbit hole of researching someone online. [h1] Weaknesses [/h1] There are a few glaring issues currently in the game. [b] Language [/b] For a story driven game there are quite a few grammatical and/or spelling errors. While this seems to have improved over time this issue still persists. This can easily lead to immersion being broken, or in the worst case confusing clues halting progress. The worst offenders seem to be passwords that are based upon dates, as most of the time the format YYYY-MM-DD is used, but in rare cases a format such as MM-DD-YYYY occurs, leading to unnecessary frustration. Overall, some issues in translation can be overlooked, but the sometimes confusing clues or weird formatting of certain clues are an issue I would implore the developers to address. [spoiler] [b] Chapter 4: Public Opinion [/b] At the end of the fourth chapter a certain mini-game needs to be played where the goal is to sway the public opinion. After retrying this section multiple times I just made a spreadsheet noting down all the results from my inputs, and then replayed it with “perfect” inputs, and still had difficulty. This mini-game is not much of a puzzle as it is a test of endurance and trial-and-error. This mini-game is not intuitive in the slightest and unnecessarily difficult. I implore the developers to either change the set-up of this mini-game, or at the least write a better explanation for this mini-game. [/spoiler] [b] Puzzles and phishing [/b] While the smallest issue, I did find that the difficulty for certain puzzles are very odd. Some puzzles are incredibly easy, to the point I would hardly argue that they are even puzzles. While others can suddenly be quite difficult. Some of these more difficult puzzles are quite clever in hindsight, but when looking at a broader definition of the word and including the phishing “puzzles” these seem to sometimes lack rhyme or reason, quickly devolving into trail-and-error. Perhaps this latter part is also due to the issues with the translation. As DLC seems to be in the works currently, I would like the developers to reassess how they set-up these phishing sections, as a simple rewrite of dialogue options might not solve the issue. [h1] Conclusion [/h1] While this game is far from perfect it is an admirable attempt from a young studio. It is a fun short delve into a concept that is becoming more and more to the forefront in current day society. While I primarily focused on the flaws in this review (in an effort to help the reader know the current issues as well as bring them to the developers attention) I can wholeheartedly say that I did enjoy my time with this game and found it to be worth the couple of euros I put down for it. While the story at times predictable it did enough to lure me in and left me wanting more. I will most likely be back for the sequel/DLC. [i]As the studio still seems to be pushing updates and fixing some of the issues this review might be updated in the future to more accurately represent the state of the game. [/i]",True,2021-02-12T21:25:38+00:00,2021-02-12T21:29:55+00:00,2157.0,888.0,0.0,3.0,0.0,0.5419847369194031,True,False,False,False,76561198066837971,,1.0,False,False,5252,920,35.95,14.8,10h+,positive
114635074,1216710,cyber-manhunt,Cyber Manhunt,english,"Labor of love from a small team, the game is a fun social engineering experience. The investigative gameplay puts a unique spin to storytelling. I also admire the hard work the devs put in responding to all bug reports and endeavor for a quick response time.","Labor of love from a small team, the game is a fun social engineering experience. The investigative gameplay puts a unique spin to storytelling. I also admire the hard work the devs put in responding to all bug reports and endeavor for a quick response time.",True,2022-04-28T22:03:52+00:00,2022-04-28T22:03:52+00:00,909.0,304.0,0.0,2.0,0.0,0.5477387309074402,False,False,False,False,76561198175631642,,185.0,False,False,258,46,15.15,5.066666666666666,3-10h,positive
94838786,1216710,cyber-manhunt,Cyber Manhunt,english,"Cyber Manhunt is a pretty good game. The story is well-written, if a bit difficult to follow sometimes, and has a lot of good elements to it. There are flaws, however, and many of them interfere with the immersion. This review will be free of major spoilers, with only a few plot points hinted at. I won't ruin your play experience if you decide to buy it yourself.

In terms of visuals, the game looks great. The art and animation are well done and have their own unique style to them. The UI looks pretty great too, though there are problems there that lie beyond their sleek exteriors. One of the most annoying parts (something that could have been easily implemented, I'll bet) is that you can't use the TAB key to move between fields. The password cracker requires you to input several pieces of information in across multiple fields, and you'll do this several times in each case. You can't use TAB, though, so you pretty much have to do everything with your mouse. It's a minor gripe, but I found myself annoyed at these sections of the game. They included CTRL+C and CTRL+V, but not TAB?

Sound design is mixed. The music is great, from the actual lyrical songs, to the general background music. It's a little repetitive, but it fits the game and doesn't distract from what you're trying to do. I think the Reasoning music is my favorite just for how nice it sounds, adding a bit of urgency to the normal background music. The voice acting, however, is mixed at best. Some roles sound better than others, but the game would have benefited from better voice direction.

However, the story suffers the most, because whoever was in charge of localizing the game [i]seriously dropped the ball[/i]. The tutorial and first case (so the content included in the demo) have the best localization, but even then it's not great. The wording of hundreds of messages in the game is awkward and fake-sounding, some parts even sounding like those phishing e-mails written by the prince of Nigeria. There were places where the localization was downright unintelligible, and I ended up having to make guesses in certain parts of the game to progress the story because I couldn't make sense of the options provided.

The story itself, localization issues aside, is good, but feels disjointed at times. There are two major plots that run simultaneously, and they seem completely separate from each other, even when they should be working together. Also, characterization for the main NPC was just wrong - through other dialogue and flavor text, the game seems to be trying to establish this character as your friend, but they act distant at best and antagonistic at worst, so your motivations get muddled at certain parts of the story. Puzzle design is pretty good, though there are two or three puzzles that will practically force you to look up a guide because their design is pretty obtuse. But overall, the game has a good message about privacy in the digital age - it's just a bit hampered by the way the game is presented.

Overall, Cyber Manhunt is a good, but flawed game. After playing other hacking games like Code7, Hacknet, and Uplink, I found it to be more on the point-and-click adventure side of things rather than an actual hacking simulator, but it really needed a final layer of polish if it wanted to be one of the greats in the genre. I think the game's overall appeal would be greatly increased by having a good localization team go through and fix a lot of the rough translations and making the game more accessible and immersive.","Cyber Manhunt is a pretty good game. The story is well-written, if a bit difficult to follow sometimes, and has a lot of good elements to it. There are flaws, however, and many of them interfere with the immersion. This review will be free of major spoilers, with only a few plot points hinted at. I won't ruin your play experience if you decide to buy it yourself. In terms of visuals, the game looks great. The art and animation are well done and have their own unique style to them. The UI looks pretty great too, though there are problems there that lie beyond their sleek exteriors. One of the most annoying parts (something that could have been easily implemented, I'll bet) is that you can't use the TAB key to move between fields. The password cracker requires you to input several pieces of information in across multiple fields, and you'll do this several times in each case. You can't use TAB, though, so you pretty much have to do everything with your mouse. It's a minor gripe, but I found myself annoyed at these sections of the game. They included CTRL+C and CTRL+V, but not TAB? Sound design is mixed. The music is great, from the actual lyrical songs, to the general background music. It's a little repetitive, but it fits the game and doesn't distract from what you're trying to do. I think the Reasoning music is my favorite just for how nice it sounds, adding a bit of urgency to the normal background music. The voice acting, however, is mixed at best. Some roles sound better than others, but the game would have benefited from better voice direction. However, the story suffers the most, because whoever was in charge of localizing the game [i]seriously dropped the ball[/i]. The tutorial and first case (so the content included in the demo) have the best localization, but even then it's not great. The wording of hundreds of messages in the game is awkward and fake-sounding, some parts even sounding like those phishing e-mails written by the prince of Nigeria. There were places where the localization was downright unintelligible, and I ended up having to make guesses in certain parts of the game to progress the story because I couldn't make sense of the options provided. The story itself, localization issues aside, is good, but feels disjointed at times. There are two major plots that run simultaneously, and they seem completely separate from each other, even when they should be working together. Also, characterization for the main NPC was just wrong - through other dialogue and flavor text, the game seems to be trying to establish this character as your friend, but they act distant at best and antagonistic at worst, so your motivations get muddled at certain parts of the story. Puzzle design is pretty good, though there are two or three puzzles that will practically force you to look up a guide because their design is pretty obtuse. But overall, the game has a good message about privacy in the digital age - it's just a bit hampered by the way the game is presented. Overall, Cyber Manhunt is a good, but flawed game. After playing other hacking games like Code7, Hacknet, and Uplink, I found it to be more on the point-and-click adventure side of things rather than an actual hacking simulator, but it really needed a final layer of polish if it wanted to be one of the greats in the genre. I think the game's overall appeal would be greatly increased by having a good localization team go through and fix a lot of the rough translations and making the game more accessible and immersive.",True,2021-07-01T21:07:58+00:00,2021-07-01T21:13:42+00:00,740.0,740.0,0.0,1.0,0.0,0.523809552192688,True,False,False,False,76561198114134673,,7.0,False,False,3536,620,12.333333333333334,12.333333333333334,10h+,positive
184057143,1216710,cyber-manhunt,Cyber Manhunt,english,"An interesting and fun game with an great story with lots of twists, as you explore people's hidden lives.

I think the game hits a sweet spot between making the game too easy by holding you hand through everything, and too hard where where you actually need a computer science degree to understand whats happening. It highlights important text for you as well as automatically recording any important information you get. The game also gives you a few clues if your lost, but you still need to pay attention and understand whats happening. 

A few complaints however, firstly the voice acting is not the best. Most of the time it's just bland delivery but Van is outright cringy and annoying. There are a few times when i thought ""That's not fair,"" or ""how was i suppose to figure that out."" But these moments aren't common, and you always get a couple of those in these type of games. They're are a few moments (mainly during phishing and hacking minigames) where you aren't given enough information to chose the right answer so i usually had to just trial and error these parts.          

Overall Its game that strikes a perfect difficulty, (mostly). Combined with a good and engaging story and you've got a good indie game. There is a lot of reading however so it may not be for everyone, but if you don't mind then i would pick this up.","An interesting and fun game with an great story with lots of twists, as you explore people's hidden lives. I think the game hits a sweet spot between making the game too easy by holding you hand through everything, and too hard where where you actually need a computer science degree to understand whats happening. It highlights important text for you as well as automatically recording any important information you get. The game also gives you a few clues if your lost, but you still need to pay attention and understand whats happening. A few complaints however, firstly the voice acting is not the best. Most of the time it's just bland delivery but Van is outright cringy and annoying. There are a few times when i thought ""That's not fair,"" or ""how was i suppose to figure that out."" But these moments aren't common, and you always get a couple of those in these type of games. They're are a few moments (mainly during phishing and hacking minigames) where you aren't given enough information to chose the right answer so i usually had to just trial and error these parts. Overall Its game that strikes a perfect difficulty, (mostly). Combined with a good and engaging story and you've got a good indie game. There is a lot of reading however so it may not be for everyone, but if you don't mind then i would pick this up.",True,2024-12-29T03:12:57+00:00,2024-12-29T03:12:57+00:00,1006.0,1006.0,0.0,1.0,0.0,0.52173912525177,True,False,False,False,76561198281072985,,175.0,False,False,1328,239,16.766666666666666,16.766666666666666,10h+,positive
86217460,1216710,cyber-manhunt,Cyber Manhunt,english,"First I've played the demo version of the game, then finally I came to decide that this game can be worthy. The first chapter's story is amazing. I like how you figure out the whole story by hacking, phishing and little bit of your own psychological theories, thoughts. I want to dig out more hidden secrets  from it. Overall, game is good, worthy. Should've add little bit more realistic in hacking part and it will be more fun.","First I've played the demo version of the game, then finally I came to decide that this game can be worthy. The first chapter's story is amazing. I like how you figure out the whole story by hacking, phishing and little bit of your own psychological theories, thoughts. I want to dig out more hidden secrets from it. Overall, game is good, worthy. Should've add little bit more realistic in hacking part and it will be more fun.",True,2021-02-08T17:38:14+00:00,2021-02-08T17:38:14+00:00,961.0,89.0,0.0,1.0,1.0,0.52173912525177,True,False,False,False,76561198426756557,,4.0,False,False,428,78,16.016666666666666,1.4833333333333334,1-3h,positive
204914795,1216710,cyber-manhunt,Cyber Manhunt,english,"Cyber Manhunt delivers a sharp investigative experience built on digital sleuthing. Mechanics integrate social engineering, data mining, and puzzle-solving into a coherent framework. The interface supports logical deduction without excess handholding. Narrative threads sustain tension while remaining grounded in plausible cyber tactics. Difficulty curve rewards methodical reasoning rather than reflex play. Replay value emerges from branching outcomes and layered evidence trails. The game achieves immersion through realistic digital environments and sustained moral ambiguity.","Cyber Manhunt delivers a sharp investigative experience built on digital sleuthing. Mechanics integrate social engineering, data mining, and puzzle-solving into a coherent framework. The interface supports logical deduction without excess handholding. Narrative threads sustain tension while remaining grounded in plausible cyber tactics. Difficulty curve rewards methodical reasoning rather than reflex play. Replay value emerges from branching outcomes and layered evidence trails. The game achieves immersion through realistic digital environments and sustained moral ambiguity.",True,2025-09-22T00:42:07+00:00,2025-09-22T00:42:07+00:00,802.0,802.0,0.0,1.0,0.0,0.5199999809265137,True,False,False,False,76561198044367162,,21.0,False,False,581,73,13.366666666666667,13.366666666666667,10h+,positive
176918436,1216710,cyber-manhunt,Cyber Manhunt,english,"This game is more social engineering than networking.
Detective game with cyber make up.",This game is more social engineering than networking. Detective game with cyber make up.,True,2024-10-12T19:54:43+00:00,2024-10-12T19:54:43+00:00,995.0,995.0,0.0,1.0,0.0,0.5151515007019043,True,False,False,False,76561198037506841,,32.0,False,False,88,14,16.583333333333332,16.583333333333332,10h+,positive
201186446,1216710,cyber-manhunt,Cyber Manhunt,english,"Cyber Manhunt is a unique and unsettling narrative-driven puzzle game that places players in the morally murky role of a professional hacker. Developed by Aluba Studio and available on Steam, the game presents itself as a cyber-investigation simulator, mixing detective gameplay with social engineering, data mining, and psychological manipulation. While its interface is minimalist, the themes it explores—digital privacy, online harassment, data vulnerability, and the ethics of surveillance—are far from simple. It’s a modern thriller that unfolds not through action-packed sequences or traditional storytelling, but by letting players piece together lives through clues scattered across emails, social media, and digital records.

Set in a near-future version of our own internet-saturated society, Cyber Manhunt casts the player as an operative for an organization known as ""SIVA,"" which conducts cyber investigations for corporations and government agencies. The game is structured around individual cases, each with its own set of objectives, suspects, and twists. What starts as routine data gathering—finding an email address, uncovering a password, identifying a workplace—quickly escalates into complex moral dilemmas. The deeper you dig into someone’s digital footprint, the more invasive your methods become, forcing you to reckon with the consequences of your virtual actions.

The core gameplay is rooted in investigation and logic puzzles, but what sets Cyber Manhunt apart is how immersive and believable its digital world feels. You spend much of your time trawling through fake but convincingly designed social media platforms, browsing private messages, scanning photos for hidden clues, and exploiting psychological weaknesses to manipulate individuals. The game offers a variety of tools: phishing attacks, password crackers, facial recognition programs, and psychological profiling software, all of which mimic real-world hacking techniques without becoming too technical or inaccessible. The interface, while simple—a desktop environment filled with windows and tabs—creates an atmosphere of quiet tension, as every click feels like crossing an ethical line.

What makes the experience so impactful is the human element. The stories you uncover are deeply personal and often tragic. You’re not just solving abstract puzzles; you’re uncovering infidelities, financial struggles, secrets, traumas, and vulnerabilities. Each case dives into topical issues like revenge porn, cyberbullying, workplace exploitation, doxxing, and the fine line between whistleblowing and invasion of privacy. As the player progresses, the narrative becomes darker and more morally ambiguous. The writing is sharp, and the character development—despite being limited to text, photos, and online profiles—is emotionally resonant. The game challenges you to not only solve a case, but also to reflect on what justice means in a digital age.

Visually, the game keeps things stripped down to focus on content. The UI mimics a clean, modern operating system with elements like chat windows, fake browser tabs, file systems, and message threads. Character portraits and photo attachments are stylized but grounded in realism, helping reinforce the immersion. The visual design cleverly avoids unnecessary distractions, making it easier to focus on parsing clues and tracking connections. Sound design also plays a subtle but important role—keyboard clicks, notification pings, and ambient background noise enhance the feeling of being locked into a high-stakes hacking operation, with minimal music to keep the mood tense and subdued.

One of the most compelling aspects of Cyber Manhunt is how it encourages nonlinear thinking. Often, you’ll need to piece together multiple fragments of information—dates, IP addresses, usernames, workplace gossip, even innocuous photos—to gain access to the next layer of information. The satisfaction of finally cracking a password or realizing a key detail hidden in plain sight is genuinely rewarding. This emphasis on deduction and intuition makes it more engaging than a traditional point-and-click adventure or dialogue-based detective game.

The game isn’t without its limitations. Its structure, while immersive, can sometimes become repetitive in later cases if you're not invested in the unfolding narrative. Some puzzles lean too heavily on trial and error or obscure details, which may frustrate players who prefer more explicit logic. Occasionally, the text-based nature of the game can become a bit overwhelming, especially in later chapters when multiple message threads and platforms must be monitored simultaneously. Additionally, while the game offers strong storytelling, it doesn’t provide much player agency in how outcomes unfold; you’re largely executing a script with little room to change the moral arc of a case.

Still, Cyber Manhunt thrives on the strength of its atmosphere, writing, and relevance. In an age where personal data is a currency and social media has become both weapon and witness, the game’s scenarios hit uncomfortably close to home. It manages to be entertaining, thought-provoking, and disturbing all at once. Each case plays like a mini cyber-thriller, and the emotional weight of the characters’ stories lingers long after the investigation is over. Few games tackle the modern digital landscape with such a grounded and incisive lens.

Overall, Cyber Manhunt is a compelling blend of investigation, narrative, and social commentary. It’s a rare kind of game that treats its players like intelligent observers and asks difficult questions without offering easy answers. For those intrigued by ethical dilemmas, digital privacy, and the psychological impacts of technology, it offers a focused, meaningful experience unlike much else on Steam. It’s not just about solving puzzles—it’s about understanding the cost of digital omniscience and asking yourself whether you’ve gone too far, even when the job is done.

Rating: 8/10","Cyber Manhunt is a unique and unsettling narrative-driven puzzle game that places players in the morally murky role of a professional hacker. Developed by Aluba Studio and available on Steam, the game presents itself as a cyber-investigation simulator, mixing detective gameplay with social engineering, data mining, and psychological manipulation. While its interface is minimalist, the themes it explores—digital privacy, online harassment, data vulnerability, and the ethics of surveillance—are far from simple. It’s a modern thriller that unfolds not through action-packed sequences or traditional storytelling, but by letting players piece together lives through clues scattered across emails, social media, and digital records. Set in a near-future version of our own internet-saturated society, Cyber Manhunt casts the player as an operative for an organization known as ""SIVA,"" which conducts cyber investigations for corporations and government agencies. The game is structured around individual cases, each with its own set of objectives, suspects, and twists. What starts as routine data gathering—finding an email address, uncovering a password, identifying a workplace—quickly escalates into complex moral dilemmas. The deeper you dig into someone’s digital footprint, the more invasive your methods become, forcing you to reckon with the consequences of your virtual actions. The core gameplay is rooted in investigation and logic puzzles, but what sets Cyber Manhunt apart is how immersive and believable its digital world feels. You spend much of your time trawling through fake but convincingly designed social media platforms, browsing private messages, scanning photos for hidden clues, and exploiting psychological weaknesses to manipulate individuals. The game offers a variety of tools: phishing attacks, password crackers, facial recognition programs, and psychological profiling software, all of which mimic real-world hacking techniques without becoming too technical or inaccessible. The interface, while simple—a desktop environment filled with windows and tabs—creates an atmosphere of quiet tension, as every click feels like crossing an ethical line. What makes the experience so impactful is the human element. The stories you uncover are deeply personal and often tragic. You’re not just solving abstract puzzles; you’re uncovering infidelities, financial struggles, secrets, traumas, and vulnerabilities. Each case dives into topical issues like revenge porn, cyberbullying, workplace exploitation, doxxing, and the fine line between whistleblowing and invasion of privacy. As the player progresses, the narrative becomes darker and more morally ambiguous. The writing is sharp, and the character development—despite being limited to text, photos, and online profiles—is emotionally resonant. The game challenges you to not only solve a case, but also to reflect on what justice means in a digital age. Visually, the game keeps things stripped down to focus on content. The UI mimics a clean, modern operating system with elements like chat windows, fake browser tabs, file systems, and message threads. Character portraits and photo attachments are stylized but grounded in realism, helping reinforce the immersion. The visual design cleverly avoids unnecessary distractions, making it easier to focus on parsing clues and tracking connections. Sound design also plays a subtle but important role—keyboard clicks, notification pings, and ambient background noise enhance the feeling of being locked into a high-stakes hacking operation, with minimal music to keep the mood tense and subdued. One of the most compelling aspects of Cyber Manhunt is how it encourages nonlinear thinking. Often, you’ll need to piece together multiple fragments of information—dates, IP addresses, usernames, workplace gossip, even innocuous photos—to gain access to the next layer of information. The satisfaction of finally cracking a password or realizing a key detail hidden in plain sight is genuinely rewarding. This emphasis on deduction and intuition makes it more engaging than a traditional point-and-click adventure or dialogue-based detective game. The game isn’t without its limitations. Its structure, while immersive, can sometimes become repetitive in later cases if you're not invested in the unfolding narrative. Some puzzles lean too heavily on trial and error or obscure details, which may frustrate players who prefer more explicit logic. Occasionally, the text-based nature of the game can become a bit overwhelming, especially in later chapters when multiple message threads and platforms must be monitored simultaneously. Additionally, while the game offers strong storytelling, it doesn’t provide much player agency in how outcomes unfold; you’re largely executing a script with little room to change the moral arc of a case. Still, Cyber Manhunt thrives on the strength of its atmosphere, writing, and relevance. In an age where personal data is a currency and social media has become both weapon and witness, the game’s scenarios hit uncomfortably close to home. It manages to be entertaining, thought-provoking, and disturbing all at once. Each case plays like a mini cyber-thriller, and the emotional weight of the characters’ stories lingers long after the investigation is over. Few games tackle the modern digital landscape with such a grounded and incisive lens. Overall, Cyber Manhunt is a compelling blend of investigation, narrative, and social commentary. It’s a rare kind of game that treats its players like intelligent observers and asks difficult questions without offering easy answers. For those intrigued by ethical dilemmas, digital privacy, and the psychological impacts of technology, it offers a focused, meaningful experience unlike much else on Steam. It’s not just about solving puzzles—it’s about understanding the cost of digital omniscience and asking yourself whether you’ve gone too far, even when the job is done. Rating: 8/10",True,2025-08-01T03:59:27+00:00,2025-08-01T03:59:27+00:00,1442.0,906.0,0.0,1.0,0.0,0.4339112937450409,True,False,False,False,76561198367471798,,27587.0,False,False,5996,877,24.033333333333335,15.1,10h+,positive
172099428,1216710,cyber-manhunt,Cyber Manhunt,english,"Cyber Manhunt, first episode is a 50/50 success, cautious positive recommendation here.

i obviously liked the game and finished it in the course of several days. Don't look too much at my game time, I often left the game running while attending some irl obligations.

I would like to first thank the dev for this game and for having taken the time to translate the game  (whatever may be the tools used for it) so we, non-chinese players, could venture into your universe. I've bought this game along with its DLC and the second game that is currently in Early access (I'll start that one when I've got some time).

But let's jump in the meat of the review. 

1)  I can't start without addressing the main issue of this game, for us non-chinese readers/speakers : the translation. Many things have been said about it and while the two DLC's do display a better text than the main game, let's be honest and say that it's the major con of the software. 

I would like to tone this concern down in regard with my earlier praise to the dev for translating it, but nonetheless it led me to check for guides on Steam and videos on youtube to solve some problems that were either due to a vague translation or to more problematic issues as I'll develop below.

2) Voice acting.... not necessary and not very welcome either. You've got a range of icons to tell us that we're listening to a phone call, it's not like we need to listen to anything in particular. Let's take the good examples of Orwell and Song of Farca that don't have any voice acting and yet have a great atmosphere, great writing, etc. And also, no option to mute voices only, Or you mute all the sounds (music being dealt with apart from it) or you have to listen to .... quite robotic or emotionless or otherwise misplayed dialogues. Again, DLC's level up the game a little more on that matter.

3) My main concern is definitely the lack of ""respect"" that I felt sometimes during the game. I understand that the dev team is very small, but then select what you display on screen, please. And make it, if not useful, at least usable. 
   - many web articles are just there for lore purpose, nothing else ;
   - tapped phone calls received through mail are not always usable to make the case progress ; 
   - some hinted leads are dead ends from the start, no way to investigate them ;
   - No way to direct call people we know the phone numbers.... ;
   - Sometimes, the chuncks of info that you have to select make little sense, mostly due to the translation. Why should I 
      select an obvious conclusion to a drama (for instance : ""I'm alone in the world now that they're gone"") and not the fact 
      themselves (for example : ""They died in a car accident last month"") ? ;
      Ok, it's not always that simplistic, but it's sometimes the case and in the end, it becomes more of a clicker game where 
      you hunt down info at random than an actual investigation. Again, respect your player intelligence or try to have a 
      better translated and adapted script, because while I'm grateful to you for your effort, it was a bit underwhelming...;
   - maybe my main grip here : you often have to select the information in a particular document and not anywhere else. 
      And that is a huge concern of mine. Let's say you see that NPC 1 got divorced while skimming through a web article. You could extract the data here and add it to the share folder, right ? No, you will have to wait for the same info to appear on an obscure Darknet-ish forum or on social medias, etc. Which is.... not unseen before but still annoying. 

Do respect your players. Be conscious of your own limitations and restrict our freedom of action right from the start instead of giving us the illusion of ""freedom of action"". Again, not unseen before in this kind of games and others genres. Indeed, it has been a recurring pattern since the beginning of gaming, but... maybe there are elegant ways to deal with it. Again, Orwell dealt with it quite nicely by focusing on what was relevant for us, for the story, for the game. Another thing that can be done is letting us ""phone"" the characters and just letting them or not answering, or blocking us, or just repeating the same automatic response. It would still tell us that it is a dead end, but at least we wouldn't feel like heavily disabled persons unable to put 2 and 2 and take action. 

4) Good writing, good story, good characters. I liked all the cases and the general story. Nothing new under the sky, but well done. The themes were indeed a bit stressful and character writing was deep enough for me to like/love/dislike/hate them and how corrupt or mischievous they can be. Good thriller all in all. Maybe the last DLC was a bit underwhelming. the tower-defence mini-game was interesting though !

5) Music, like voice acting, was a bit redundant, I quickly muted it and put my own in the background. The problem was the same with Song of Farca but at least you could change the track before muting it completely. Orwell did handle it better with a soft lift-like music. 


Ok, I talked too much.

TL;DR => buy it both because it's a good game and to support its dev(s). Despite the caveats I mentioned, I still mostly enjoyed my journey in this universe and will launch the second game when I get time. both gameplay DLC (the only paid DLC, that is) are of good value. ""Home Sweet Home"" being the better story-wise and the second DLC being better gameplay-wise (because of the mini tower-defence game ^^). 

Regards","Cyber Manhunt, first episode is a 50/50 success, cautious positive recommendation here. i obviously liked the game and finished it in the course of several days. Don't look too much at my game time, I often left the game running while attending some irl obligations. I would like to first thank the dev for this game and for having taken the time to translate the game (whatever may be the tools used for it) so we, non-chinese players, could venture into your universe. I've bought this game along with its DLC and the second game that is currently in Early access (I'll start that one when I've got some time). But let's jump in the meat of the review. 1) I can't start without addressing the main issue of this game, for us non-chinese readers/speakers : the translation. Many things have been said about it and while the two DLC's do display a better text than the main game, let's be honest and say that it's the major con of the software. I would like to tone this concern down in regard with my earlier praise to the dev for translating it, but nonetheless it led me to check for guides on Steam and videos on youtube to solve some problems that were either due to a vague translation or to more problematic issues as I'll develop below. 2) Voice acting.... not necessary and not very welcome either. You've got a range of icons to tell us that we're listening to a phone call, it's not like we need to listen to anything in particular. Let's take the good examples of Orwell and Song of Farca that don't have any voice acting and yet have a great atmosphere, great writing, etc. And also, no option to mute voices only, Or you mute all the sounds (music being dealt with apart from it) or you have to listen to .... quite robotic or emotionless or otherwise misplayed dialogues. Again, DLC's level up the game a little more on that matter. 3) My main concern is definitely the lack of ""respect"" that I felt sometimes during the game. I understand that the dev team is very small, but then select what you display on screen, please. And make it, if not useful, at least usable. - many web articles are just there for lore purpose, nothing else ; - tapped phone calls received through mail are not always usable to make the case progress ; - some hinted leads are dead ends from the start, no way to investigate them ; - No way to direct call people we know the phone numbers.... ; - Sometimes, the chuncks of info that you have to select make little sense, mostly due to the translation. Why should I select an obvious conclusion to a drama (for instance : ""I'm alone in the world now that they're gone"") and not the fact themselves (for example : ""They died in a car accident last month"") ? ; Ok, it's not always that simplistic, but it's sometimes the case and in the end, it becomes more of a clicker game where you hunt down info at random than an actual investigation. Again, respect your player intelligence or try to have a better translated and adapted script, because while I'm grateful to you for your effort, it was a bit underwhelming...; - maybe my main grip here : you often have to select the information in a particular document and not anywhere else. And that is a huge concern of mine. Let's say you see that NPC 1 got divorced while skimming through a web article. You could extract the data here and add it to the share folder, right ? No, you will have to wait for the same info to appear on an obscure Darknet-ish forum or on social medias, etc. Which is.... not unseen before but still annoying. Do respect your players. Be conscious of your own limitations and restrict our freedom of action right from the start instead of giving us the illusion of ""freedom of action"". Again, not unseen before in this kind of games and others genres. Indeed, it has been a recurring pattern since the beginning of gaming, but... maybe there are elegant ways to deal with it. Again, Orwell dealt with it quite nicely by focusing on what was relevant for us, for the story, for the game. Another thing that can be done is letting us ""phone"" the characters and just letting them or not answering, or blocking us, or just repeating the same automatic response. It would still tell us that it is a dead end, but at least we wouldn't feel like heavily disabled persons unable to put 2 and 2 and take action. 4) Good writing, good story, good characters. I liked all the cases and the general story. Nothing new under the sky, but well done. The themes were indeed a bit stressful and character writing was deep enough for me to like/love/dislike/hate them and how corrupt or mischievous they can be. Good thriller all in all. Maybe the last DLC was a bit underwhelming. the tower-defence mini-game was interesting though ! 5) Music, like voice acting, was a bit redundant, I quickly muted it and put my own in the background. The problem was the same with Song of Farca but at least you could change the track before muting it completely. Orwell did handle it better with a soft lift-like music. Ok, I talked too much. TL;DR => buy it both because it's a good game and to support its dev(s). Despite the caveats I mentioned, I still mostly enjoyed my journey in this universe and will launch the second game when I get time. both gameplay DLC (the only paid DLC, that is) are of good value. ""Home Sweet Home"" being the better story-wise and the second DLC being better gameplay-wise (because of the mini tower-defence game ^^). Regards",True,2024-08-14T10:24:03+00:00,2024-08-14T10:24:03+00:00,1720.0,1720.0,0.0,0.0,0.0,0.5,True,False,False,False,76561198007490346,,48.0,False,False,5446,997,28.666666666666668,28.666666666666668,10h+,positive
114936387,1216710,cyber-manhunt,Cyber Manhunt,english,"6/10 Decent.

It's an okay investigation game, where you basically act through a computer terminal and utilise database tools to compile profile/evidence.

Sometimes you'll 'phish' someone with link to get their phone information, sometimes you'll call them and impersonate someone to steal information etc, it's all very simplistic, like a rudimentary version of Orwell (similar themes really).

So, if you liked Orwell, you'll probably enjoy this one.

The downsides?

The translation is iffy, there's a lot of broken English, some atrocious pronunciation (dahtah (for data) and yet they say database absolutely fine?), and dialogue always doesn't flow very well. 

The game is also keen to throw one off mechanics at you that never crop up again, rather than focus on the fundamentals of the investigation story ~ you can also sequence break by accident, which can skew the flow of the narrative as well.

It's nothing like Ace Attorney series as one review has misleadingly pointed out ~ you're not presenting evidence, cross examining witnesses, or coming to any conclusions on a regular basis, or even at all. You're essentially collecting data as a whole and then submitting it as a data sheet. You never, ever, come to any conclusions within the game or within any the cases in the game. You go round hunting information and clues and submitting it to your boss, who makes any inferences etc, but you, yourself won't have anything to do with this.

You also won't have any sway in changing the outcomes; You can't wrongfully accuse anyone or anything like that, it's a very linear investigative information collation game ~ and that's absolutely fine, it works, it's an enjoyable one with a bit of a try hard story and bad English, and it's worth it for £5 or whatever it goes for on sale. 

But please, don't come into this game thinking you have much power to change things (beyond the ending), don't come in thinking this is an indie Ace Attorney sort of game, it's nowhere near in terms of mechanics or otherwise.

Do I recommend it? Based on the price, yes. I think the pricing is absolutely fair for what they're offering. If you can put up with some broken English, you'll be fine playing through this one.","6/10 Decent. It's an okay investigation game, where you basically act through a computer terminal and utilise database tools to compile profile/evidence. Sometimes you'll 'phish' someone with link to get their phone information, sometimes you'll call them and impersonate someone to steal information etc, it's all very simplistic, like a rudimentary version of Orwell (similar themes really). So, if you liked Orwell, you'll probably enjoy this one. The downsides? The translation is iffy, there's a lot of broken English, some atrocious pronunciation (dahtah (for data) and yet they say database absolutely fine?), and dialogue always doesn't flow very well. The game is also keen to throw one off mechanics at you that never crop up again, rather than focus on the fundamentals of the investigation story ~ you can also sequence break by accident, which can skew the flow of the narrative as well. It's nothing like Ace Attorney series as one review has misleadingly pointed out ~ you're not presenting evidence, cross examining witnesses, or coming to any conclusions on a regular basis, or even at all. You're essentially collecting data as a whole and then submitting it as a data sheet. You never, ever, come to any conclusions within the game or within any the cases in the game. You go round hunting information and clues and submitting it to your boss, who makes any inferences etc, but you, yourself won't have anything to do with this. You also won't have any sway in changing the outcomes; You can't wrongfully accuse anyone or anything like that, it's a very linear investigative information collation game ~ and that's absolutely fine, it works, it's an enjoyable one with a bit of a try hard story and bad English, and it's worth it for £5 or whatever it goes for on sale. But please, don't come into this game thinking you have much power to change things (beyond the ending), don't come in thinking this is an indie Ace Attorney sort of game, it's nowhere near in terms of mechanics or otherwise. Do I recommend it? Based on the price, yes. I think the pricing is absolutely fair for what they're offering. If you can put up with some broken English, you'll be fine playing through this one.",True,2022-05-04T13:39:05+00:00,2022-05-04T13:39:05+00:00,1551.0,463.0,0.0,0.0,0.0,0.5,True,False,False,False,76561198000896253,,251.0,False,False,2209,377,25.85,7.716666666666667,3-10h,positive
75152966,1216710,cyber-manhunt,Cyber Manhunt,english,"I am thoroughly enjoying this game. The gameplay and story are both super interesting, and I quite like that you have the option to continue the investigation after the required information has been collected.

A few criticisms: The dialogue left me wanting a bit, the writing and grammar can be a bit clunky and often characters will use specific uncommon phrases often enough that it becomes noticeable. There were also quite a few spelling and grammatical errors, as well as spoken dialogue not properly matching the subtitles, which can be distracting. 

I also noticed that though dialogue can be skipped sometimes, often in a phone call, if the player has just spoken, the preceding sentence cannot be skipped. I'm aware this is a minor nitpick, but it can be annoying when replaying a certain chapter.

Gameplay wise I have very few criticisms, though I did find that controls in both the inference and telephone passcode sections are not outright broken, but can be quite finicky at times. Also, after a failed attempt at Phishing or Hacking, Ashley has a voiceline where she says she will give you ""one more chance"". Though this doesn't really make sense within the story of the game, because it is assumed that after you failed in one of these crucial sections and you try again, you're not doing so directly after, but instead you're reverting to a save before you tried the first time. Also a bit of a nitpick, but it still bothered me personally. I don't know if this would be possible to implement, but I think it would be a lot more interesting if the player were reprimanded by Ashley, as usual, but then instead of simply retrying the task again, the player would continue, and have to find a different way to gain the information that they were seeking. 

Overall, I think the idea for this game was amazing, the story is gripping, the gameplay is decent, and the dialogue is lacking. I would definitely reccomend this game, though I do think it's in need of improvements.","I am thoroughly enjoying this game. The gameplay and story are both super interesting, and I quite like that you have the option to continue the investigation after the required information has been collected. A few criticisms: The dialogue left me wanting a bit, the writing and grammar can be a bit clunky and often characters will use specific uncommon phrases often enough that it becomes noticeable. There were also quite a few spelling and grammatical errors, as well as spoken dialogue not properly matching the subtitles, which can be distracting. I also noticed that though dialogue can be skipped sometimes, often in a phone call, if the player has just spoken, the preceding sentence cannot be skipped. I'm aware this is a minor nitpick, but it can be annoying when replaying a certain chapter. Gameplay wise I have very few criticisms, though I did find that controls in both the inference and telephone passcode sections are not outright broken, but can be quite finicky at times. Also, after a failed attempt at Phishing or Hacking, Ashley has a voiceline where she says she will give you ""one more chance"". Though this doesn't really make sense within the story of the game, because it is assumed that after you failed in one of these crucial sections and you try again, you're not doing so directly after, but instead you're reverting to a save before you tried the first time. Also a bit of a nitpick, but it still bothered me personally. I don't know if this would be possible to implement, but I think it would be a lot more interesting if the player were reprimanded by Ashley, as usual, but then instead of simply retrying the task again, the player would continue, and have to find a different way to gain the information that they were seeking. Overall, I think the idea for this game was amazing, the story is gripping, the gameplay is decent, and the dialogue is lacking. I would definitely reccomend this game, though I do think it's in need of improvements.",True,2020-08-30T08:01:37+00:00,2020-08-30T08:01:37+00:00,292.0,292.0,0.0,0.0,0.0,0.5,True,False,True,False,76561198213845500,,7.0,False,False,1984,346,4.866666666666666,4.866666666666666,3-10h,positive
94100269,1216710,cyber-manhunt,Cyber Manhunt,english,"Game & Board Game review IG (Chinese): @alixe.ecila

Used around 8 hours to complete the game. To be honest, Cyber Manhunt is an excellent game but to deduction gamer like me, it is a bit overrated. The game is recommended for newbies who are interested in hacking, deduction and social engineering.

The script is better than I have expected. The cases are inter-related as usual, but the difficulty advanced in each chapter, so the experience is not v repeating. Yet, the deduction part is a bit simple and less challenging to experienced player. I love the last intensive hacking part but it reminds me a lot of the stage design of Hacknet: Labyrinths. It is a good try though, may explore the collaboration with Team Fractal Alligator i think?

Compared to Black Watchman, which in the same social engineering game genre, I prefer the latter one for experienced player. Reason behind is that the latter one provides a more immersive game experience than Cyber Manhunt. However, Cyber Manhunt is still an exciting and outstanding game for those who have not played similar games before, in which the game gives player good knowledge in social engineering while delivers a positive message about data privacy.

The UX has rooms for improvement. Many steps of cracking can be simplified and the ""copy and paste"" part keep repeats and annoys me a lot. I found myself not patience and concentrated enough to focus on the cracking part and this is quite pity and a waste to the wonderful story of CM. Though, the UI part such as graphics, music and videos are surprisingly well-established. 

Overall, the game is outstanding. Just keep in mind that data privacy is important and although you may have a good means of improving the society, invasion to other privacy is still illegal and an act to breach human rights.","Game & Board Game review IG (Chinese): @alixe.ecila Used around 8 hours to complete the game. To be honest, Cyber Manhunt is an excellent game but to deduction gamer like me, it is a bit overrated. The game is recommended for newbies who are interested in hacking, deduction and social engineering. The script is better than I have expected. The cases are inter-related as usual, but the difficulty advanced in each chapter, so the experience is not v repeating. Yet, the deduction part is a bit simple and less challenging to experienced player. I love the last intensive hacking part but it reminds me a lot of the stage design of Hacknet: Labyrinths. It is a good try though, may explore the collaboration with Team Fractal Alligator i think? Compared to Black Watchman, which in the same social engineering game genre, I prefer the latter one for experienced player. Reason behind is that the latter one provides a more immersive game experience than Cyber Manhunt. However, Cyber Manhunt is still an exciting and outstanding game for those who have not played similar games before, in which the game gives player good knowledge in social engineering while delivers a positive message about data privacy. The UX has rooms for improvement. Many steps of cracking can be simplified and the ""copy and paste"" part keep repeats and annoys me a lot. I found myself not patience and concentrated enough to focus on the cracking part and this is quite pity and a waste to the wonderful story of CM. Though, the UI part such as graphics, music and videos are surprisingly well-established. Overall, the game is outstanding. Just keep in mind that data privacy is important and although you may have a good means of improving the society, invasion to other privacy is still illegal and an act to breach human rights.",True,2021-06-21T06:32:16+00:00,2021-06-21T07:36:05+00:00,650.0,650.0,0.0,0.0,0.0,0.5,True,False,False,False,76561198048810267,,1.0,False,False,1810,310,10.833333333333334,10.833333333333334,10h+,positive
84063430,1216710,cyber-manhunt,Cyber Manhunt,english,"Overall a good game, especially if you enjoyed Orwell and Hypnospace Outlaw. Here the major focus is on compiling peoples information, so that you can generate their passwords and find out more about them. All that works well enough and it's fun working out what happened, along with how everyone connects together.

However the game does have some issues that stuck out to me:
The first chapters has a poorer English translation, than the rest. It's not so bad that you can't understand whats going on, but it's still kind of annoying.
While the translation improves, a few issues do creep in later on, such as a female character being referred to as 'he' in a phone call, or the voiced dialogue not quite matching the text.
Considering the type of game, it was probably inevitable but I sometime found myself pouring over everything trying to find the one piece of information I needed to continue.
Sometimes, even when I had collected enough data, the related event would fail to trigger, leaving me unable to progress. I was always able to reload an auto-save, and the event would then play normally, but it often took me a few minutes to realise I needed to do this.
One type of puzzle , is a mobile phone lock-screen which was very annoying to solve. Even with a clue it was tedious to work out the answer, resulting in a lot of guess-work. It also was done under a time-limit.

It's still a good game despite these issues, and I look forward to more content being added in future.","Overall a good game, especially if you enjoyed Orwell and Hypnospace Outlaw. Here the major focus is on compiling peoples information, so that you can generate their passwords and find out more about them. All that works well enough and it's fun working out what happened, along with how everyone connects together. However the game does have some issues that stuck out to me: The first chapters has a poorer English translation, than the rest. It's not so bad that you can't understand whats going on, but it's still kind of annoying. While the translation improves, a few issues do creep in later on, such as a female character being referred to as 'he' in a phone call, or the voiced dialogue not quite matching the text. Considering the type of game, it was probably inevitable but I sometime found myself pouring over everything trying to find the one piece of information I needed to continue. Sometimes, even when I had collected enough data, the related event would fail to trigger, leaving me unable to progress. I was always able to reload an auto-save, and the event would then play normally, but it often took me a few minutes to realise I needed to do this. One type of puzzle , is a mobile phone lock-screen which was very annoying to solve. Even with a clue it was tedious to work out the answer, resulting in a lot of guess-work. It also was done under a time-limit. It's still a good game despite these issues, and I look forward to more content being added in future.",True,2021-01-05T11:52:24+00:00,2021-01-05T11:52:24+00:00,1290.0,540.0,0.0,0.0,0.0,0.5,True,False,True,False,76561198364031946,,16.0,False,False,1485,266,21.5,9.0,3-10h,positive
136890201,1216710,cyber-manhunt,Cyber Manhunt,english,"The gameplay itself is worth recommending but the rest leaves a bit to be desired. Of all the similar “you’re a hacker collecting info online” games this one does have the best mechanics. It’s honestly more similar to real hacking or social engineering since you’re just mostly googling people and using found data. It becomes a familiar and somewhat repetitive process once you complete the first chapter but it never becomes boring. It is often inconsistent that 99% of the data you need is collected and added your your tray but every once in a while you’re just expected to manually find and enter a date or phone number. It’s hard to trust what data is important and what isn’t because of this. 

The writing and subsequent voice acting is what keeps this game from being great. Every character is so one dimensional that the final credits actually recaps them all with a single word to define each of them like “mean,” “snobbish,”  and “greedy.” As a result all the dialogue is so simple and matter of fact. There’s are also a handful of mini games ranging from stressful to frustrating due to often unclear directions. There’s a PR mini game in the back half that made me want to quit and my 4th attempt at guessing what it wanted from me. 

At 12 hours it honestly starts to feel a bit exhausting by the end but all in all it’s a decent effort that kind of reminds me some of the more interesting 3rd party titles that used to drop on the Nintendo DS.","The gameplay itself is worth recommending but the rest leaves a bit to be desired. Of all the similar “you’re a hacker collecting info online” games this one does have the best mechanics. It’s honestly more similar to real hacking or social engineering since you’re just mostly googling people and using found data. It becomes a familiar and somewhat repetitive process once you complete the first chapter but it never becomes boring. It is often inconsistent that 99% of the data you need is collected and added your your tray but every once in a while you’re just expected to manually find and enter a date or phone number. It’s hard to trust what data is important and what isn’t because of this. The writing and subsequent voice acting is what keeps this game from being great. Every character is so one dimensional that the final credits actually recaps them all with a single word to define each of them like “mean,” “snobbish,” and “greedy.” As a result all the dialogue is so simple and matter of fact. There’s are also a handful of mini games ranging from stressful to frustrating due to often unclear directions. There’s a PR mini game in the back half that made me want to quit and my 4th attempt at guessing what it wanted from me. At 12 hours it honestly starts to feel a bit exhausting by the end but all in all it’s a decent effort that kind of reminds me some of the more interesting 3rd party titles that used to drop on the Nintendo DS.",True,2023-04-18T04:10:30+00:00,2023-04-18T04:13:31+00:00,694.0,694.0,0.0,0.0,0.0,0.5,True,False,False,False,76561198089474102,,181.0,False,False,1454,265,11.566666666666666,11.566666666666666,10h+,positive
102658604,1216710,cyber-manhunt,Cyber Manhunt,english,"Overall a great entry into the ""big brother big data hacking"" genre that has become popular lately. A really good story although it is held back a little bit by inconsistent voice acting (the main characters are decent but some of the side characters aren't the greatest) and really frustrating ""phishing"" challenges where you talk to the person and just fail repeatedly until you guess the moon logic dialogue tree choices. 

I think the biggest problem I had with this is during the ""tests"" they give you, you're given all your notes for reference so you're not expected to memorize copious amounts of info but during the phone conversations the person will say ""Hey who was your friend?"" and you're given three choices and if you didn't happen to remember that and choose wrong it is instant fail. The big thing that keeps this from being totally game breaking is that it lets you very quickly reload your game and choose again but it is very frustrating and immersion breaking to just hammer the same obtuse dialogue tree over and over again. 

However the rest of it is really well done. It is a nice combination of handing you the answers and letting you hunt for them yourself and the ""Deduction"" mini-game is really well done because it forces you to synthesize all this data you've collected into actual information.","Overall a great entry into the ""big brother big data hacking"" genre that has become popular lately. A really good story although it is held back a little bit by inconsistent voice acting (the main characters are decent but some of the side characters aren't the greatest) and really frustrating ""phishing"" challenges where you talk to the person and just fail repeatedly until you guess the moon logic dialogue tree choices. I think the biggest problem I had with this is during the ""tests"" they give you, you're given all your notes for reference so you're not expected to memorize copious amounts of info but during the phone conversations the person will say ""Hey who was your friend?"" and you're given three choices and if you didn't happen to remember that and choose wrong it is instant fail. The big thing that keeps this from being totally game breaking is that it lets you very quickly reload your game and choose again but it is very frustrating and immersion breaking to just hammer the same obtuse dialogue tree over and over again. However the rest of it is really well done. It is a nice combination of handing you the answers and letting you hunt for them yourself and the ""Deduction"" mini-game is really well done because it forces you to synthesize all this data you've collected into actual information.",True,2021-11-12T16:38:37+00:00,2021-11-12T16:38:37+00:00,870.0,669.0,0.0,0.0,0.0,0.5,True,False,False,False,76561197991534797,,150.0,False,False,1321,230,14.5,11.15,10h+,positive
87977089,1216710,cyber-manhunt,Cyber Manhunt,english,"Its an interesting game. There are not many faults with it. It lets you unravel what happened like those detective shows.

I think after a few times, the animation can become a little tiring and distracting. I wish they had an option to skip them all-together after tutorial. (I mean the animations that trigger when you find a new clue)

Also sometimes the game would prevent you from pausing/using escape key. I think that needs to be fixed. The settings/menu should always be available to the player. It just feels bad design.

I wish I had a little bit more freedom to use more ""tools"" available to me as I see fit. Many tools are essentially locked behind narrative till they are needed. It would add a lot more to the experience if I can actually try out more things.
For example if I get a phone number (any number in any chapter), I should have the option to try to phish or hack it.
It might fail but that's totally ok. Or it could be an easter egg or something. 

Anyways, A solid game for people who like unraveling mysteries. Looking forward to their next release.","Its an interesting game. There are not many faults with it. It lets you unravel what happened like those detective shows. I think after a few times, the animation can become a little tiring and distracting. I wish they had an option to skip them all-together after tutorial. (I mean the animations that trigger when you find a new clue) Also sometimes the game would prevent you from pausing/using escape key. I think that needs to be fixed. The settings/menu should always be available to the player. It just feels bad design. I wish I had a little bit more freedom to use more ""tools"" available to me as I see fit. Many tools are essentially locked behind narrative till they are needed. It would add a lot more to the experience if I can actually try out more things. For example if I get a phone number (any number in any chapter), I should have the option to try to phish or hack it. It might fail but that's totally ok. Or it could be an easter egg or something. Anyways, A solid game for people who like unraveling mysteries. Looking forward to their next release.",True,2021-03-06T20:33:42+00:00,2021-03-06T20:35:05+00:00,608.0,608.0,0.0,0.0,0.0,0.5,True,False,False,False,76561198013162000,,23.0,False,False,1071,197,10.133333333333333,10.133333333333333,10h+,positive
195610340,1216710,cyber-manhunt,Cyber Manhunt,english,"While hacking is listed as one keyword, I would rather say this game is more towards plot and social engineering. Pros and cons are very clear. The story line, the topics to discuss, the relations among characters, how the different chapters associate with each other, how immersive the visuals and audios are, etc. are really all good for you to experience the stories and give you the flavor of thinking about social topics. Downside of the game is the gameplay mechanism. Interactions are not many, you are not allowed to have many flexible twists, and it is annoying when you make some wrong decisions and need to go over the entire conversation/mini game again. The main characters can have more depth in their background. 

I would still overall gives it a thumb up - cuz When I hit the last chapter and see how the previous ones are connected as a web, I felt quite immersive at that moment. The game actually made me think of the movie Searching. I would recommend it as an interactive novel, but not as a hacking game.","While hacking is listed as one keyword, I would rather say this game is more towards plot and social engineering. Pros and cons are very clear. The story line, the topics to discuss, the relations among characters, how the different chapters associate with each other, how immersive the visuals and audios are, etc. are really all good for you to experience the stories and give you the flavor of thinking about social topics. Downside of the game is the gameplay mechanism. Interactions are not many, you are not allowed to have many flexible twists, and it is annoying when you make some wrong decisions and need to go over the entire conversation/mini game again. The main characters can have more depth in their background. I would still overall gives it a thumb up - cuz When I hit the last chapter and see how the previous ones are connected as a web, I felt quite immersive at that moment. The game actually made me think of the movie Searching. I would recommend it as an interactive novel, but not as a hacking game.",True,2025-05-25T09:32:40+00:00,2025-05-25T09:32:40+00:00,740.0,537.0,0.0,0.0,0.0,0.5,True,False,False,False,76561199443010680,,37.0,False,False,1025,183,12.333333333333334,8.95,3-10h,positive
92421996,1216710,cyber-manhunt,Cyber Manhunt,english,"Similar to Orwell, only a bit less refined and slow.
Would be nice to be able to resize windows on screen and not have that forced pause whenever you input any data, being able to continue on searching whilst it goes into the data bank. Also, to be able to skip dialogue through phone calls / text messages to get through them faster after failing on the phishing missions, and having to click after to get the dialogue choices every time! Another nitpick - show us the dialogue choices rather than 'intimidate' and 'assure', as it's like a TellTale game where you want to say something but then it comes out with a completely different tone. And on a preference note... maybe different voice actors - they all sound very bland and forced, not like actual conversations.

Despite all these complaints, it's a good game so far. Not many of these type of games on the market, which is a shame, so I'll just about play anything of this genre.","Similar to Orwell, only a bit less refined and slow. Would be nice to be able to resize windows on screen and not have that forced pause whenever you input any data, being able to continue on searching whilst it goes into the data bank. Also, to be able to skip dialogue through phone calls / text messages to get through them faster after failing on the phishing missions, and having to click after to get the dialogue choices every time! Another nitpick - show us the dialogue choices rather than 'intimidate' and 'assure', as it's like a TellTale game where you want to say something but then it comes out with a completely different tone. And on a preference note... maybe different voice actors - they all sound very bland and forced, not like actual conversations. Despite all these complaints, it's a good game so far. Not many of these type of games on the market, which is a shame, so I'll just about play anything of this genre.",True,2021-05-22T17:18:24+00:00,2021-05-22T17:18:24+00:00,73.0,73.0,0.0,0.0,0.0,0.5,True,False,False,False,76561198083447688,,22.0,False,False,938,170,1.2166666666666666,1.2166666666666666,1-3h,positive
168909184,1216710,cyber-manhunt,Cyber Manhunt,english,"Cyber Manhunt plunges players into the gritty and morally ambiguous world of cyber investigation. As an investigator, you use hacking, social engineering, and deduction skills to uncover hidden truths behind various cases. The game's strengths lie in its immersive narrative and realistic depiction of the internet's darker corners.

Pros:

Compelling Storyline: Each case is engaging, with twists that keep you hooked.
Realistic Mechanics: The hacking and investigative processes feel authentic, enhancing immersion.
Ethical Dilemmas: The game forces you to confront tough moral choices, adding depth to the gameplay.

Cons:

Steep Learning Curve: The mechanics can be challenging for newcomers, potentially leading to frustration.
Pacing Issues: Some parts of the game feel slow, which can disrupt the overall flow. 
Making a mistake while in a dialogue section requires you to sit through it all again because you can't skip dialogue. 

Overall, Cyber Manhunt offers a fun experience for fans of investigative and narrative-driven games.","Cyber Manhunt plunges players into the gritty and morally ambiguous world of cyber investigation. As an investigator, you use hacking, social engineering, and deduction skills to uncover hidden truths behind various cases. The game's strengths lie in its immersive narrative and realistic depiction of the internet's darker corners. Pros: Compelling Storyline: Each case is engaging, with twists that keep you hooked. Realistic Mechanics: The hacking and investigative processes feel authentic, enhancing immersion. Ethical Dilemmas: The game forces you to confront tough moral choices, adding depth to the gameplay. Cons: Steep Learning Curve: The mechanics can be challenging for newcomers, potentially leading to frustration. Pacing Issues: Some parts of the game feel slow, which can disrupt the overall flow. Making a mistake while in a dialogue section requires you to sit through it all again because you can't skip dialogue. Overall, Cyber Manhunt offers a fun experience for fans of investigative and narrative-driven games.",True,2024-07-03T19:19:00+00:00,2024-07-03T19:19:00+00:00,295.0,239.0,0.0,0.0,0.0,0.5,True,False,False,False,76561198048950212,,17.0,False,False,1033,153,4.916666666666667,3.9833333333333334,3-10h,positive
141184394,1216710,cyber-manhunt,Cyber Manhunt,english,"Overall I enjoyed this game and was drawn to it because of the hacking theme. The story lines are interesting, and also on the mature side. The game play is fun, and I enjoyed the way the game prepared you to use the hacking tools and let you explore on your own. There were some parts of the game that I found a bit unbearable, like the long phone call audios and the parts where you called from anonymous number. Those sequences mainly called for using your best guess to choose the right voice prompt, and often I found it intuitive and just wanted to get it over with. Otherwise, I  enjoyed the hacking game play style of this game and the attention to detail in many small parts of the game.","Overall I enjoyed this game and was drawn to it because of the hacking theme. The story lines are interesting, and also on the mature side. The game play is fun, and I enjoyed the way the game prepared you to use the hacking tools and let you explore on your own. There were some parts of the game that I found a bit unbearable, like the long phone call audios and the parts where you called from anonymous number. Those sequences mainly called for using your best guess to choose the right voice prompt, and often I found it intuitive and just wanted to get it over with. Otherwise, I enjoyed the hacking game play style of this game and the attention to detail in many small parts of the game.",True,2023-07-03T02:49:50+00:00,2023-07-03T02:49:50+00:00,294.0,294.0,0.0,0.0,0.0,0.5,True,False,False,False,76561199117819022,,5.0,False,False,695,132,4.9,4.9,3-10h,positive
75604518,1216710,cyber-manhunt,Cyber Manhunt,english,"Reviewing at Early Access (completed). A good game with a great foundation that feels original. I didn't find any bugs that were game breaking, sure there were some grammatical errors and sometimes the speech didn't match the text, but it didn't ruin the experience.
Pros:
[list]
    [*]Good storyline, solid gameplay.
    [*]Bought on sale when released, good price.
    [*]Devs seem welcome to feedback, not by me personally but reading other reviews and discussion threads. 
[/list]
Cons:
[list]
    [*]Phone call phishing game was VERY tedious, having to guess the right answers, mostly trial and error.
    [*]Turned the 8-bit style music down low as can get a bit annoying.
    [*]Only 3 chapters to complete it is (at the moment) quite short (10 hours maybe?)
[/list]
Yes did enjoy 7/10","Reviewing at Early Access (completed). A good game with a great foundation that feels original. I didn't find any bugs that were game breaking, sure there were some grammatical errors and sometimes the speech didn't match the text, but it didn't ruin the experience. Pros: [list] [*]Good storyline, solid gameplay. [*]Bought on sale when released, good price. [*]Devs seem welcome to feedback, not by me personally but reading other reviews and discussion threads. [/list] Cons: [list] [*]Phone call phishing game was VERY tedious, having to guess the right answers, mostly trial and error. [*]Turned the 8-bit style music down low as can get a bit annoying. [*]Only 3 chapters to complete it is (at the moment) quite short (10 hours maybe?) [/list] Yes did enjoy 7/10",True,2020-09-07T16:37:31+00:00,2020-09-07T16:38:20+00:00,573.0,573.0,0.0,0.0,0.0,0.5,True,False,True,False,76561198011629550,,22.0,False,False,768,126,9.55,9.55,3-10h,positive
88397081,1216710,cyber-manhunt,Cyber Manhunt,english,"The game is very different and unique and requires more thinking than fast keyboarding. I really enjoy playing it. 

There are a few negatives:

- sometimes you have to phish somebody, and you're supposed to answer their questions, but there's not really any way to know how to answer them. For instance, you have to decide whether to answer ""aggressively"" or not, and if you're wrong the call is over, and there's no previous information that gives you a hint which option you should choose.

- your handler ""Ashley Clayson"" is incredibly annoying. 

- the music is very good but also very repetitive. At least there could be new music for each level.","The game is very different and unique and requires more thinking than fast keyboarding. I really enjoy playing it. There are a few negatives: - sometimes you have to phish somebody, and you're supposed to answer their questions, but there's not really any way to know how to answer them. For instance, you have to decide whether to answer ""aggressively"" or not, and if you're wrong the call is over, and there's no previous information that gives you a hint which option you should choose. - your handler ""Ashley Clayson"" is incredibly annoying. - the music is very good but also very repetitive. At least there could be new music for each level.",True,2021-03-14T02:05:14+00:00,2021-03-14T02:05:14+00:00,550.0,461.0,0.0,0.0,0.0,0.5,True,False,False,False,76561198305205079,,1.0,False,False,646,113,9.166666666666666,7.683333333333334,3-10h,positive
96463383,1216710,cyber-manhunt,Cyber Manhunt,english,"Cyber Manhunt is a phishing/hacking/social engineering simulator in the vein of Orwell. You play an investigator for a cyber security firm in a fictional country, but unlike Orwell you don't go after anti-government activists. Instead your prey consists of internet extortionists, perverts and other kinds of antisocial creeps, as you dig through their online profiles and uncover their sordid secrets.

Other reviews have described the gameplay at length, so I won't be repeating it. I will say this though: this game is amazing ... if not for the reasons you might think. But you'll have to play it to find out ...","Cyber Manhunt is a phishing/hacking/social engineering simulator in the vein of Orwell. You play an investigator for a cyber security firm in a fictional country, but unlike Orwell you don't go after anti-government activists. Instead your prey consists of internet extortionists, perverts and other kinds of antisocial creeps, as you dig through their online profiles and uncover their sordid secrets. Other reviews have described the gameplay at length, so I won't be repeating it. I will say this though: this game is amazing ... if not for the reasons you might think. But you'll have to play it to find out ...",True,2021-07-27T15:25:11+00:00,2021-07-27T15:25:11+00:00,1879.0,667.0,0.0,0.0,0.0,0.5,True,False,False,False,76561197997737028,,33.0,False,False,615,102,31.316666666666666,11.116666666666667,10h+,positive
86953645,1216710,cyber-manhunt,Cyber Manhunt,english,"[h1]HIGH QUALITY GAME[/h1]

- [b]Incredible story line[/b] filled with intense build up and huge plot twists.
- [b]Immersive[/b] implementations of cyber security/hacking/social engineering.
- [b]Hard Puzzle[/b] makes the gameplay longer.
- [b]Fun to be played along side friends[/b] to test cognitive thinking and synergy.

[b]10/10 recommended[/b]
",[h1]HIGH QUALITY GAME[/h1] - [b]Incredible story line[/b] filled with intense build up and huge plot twists. - [b]Immersive[/b] implementations of cyber security/hacking/social engineering. - [b]Hard Puzzle[/b] makes the gameplay longer. - [b]Fun to be played along side friends[/b] to test cognitive thinking and synergy. [b]10/10 recommended[/b],True,2021-02-18T13:17:01+00:00,2021-02-18T13:17:01+00:00,1981.0,241.0,0.0,0.0,0.0,0.5,True,False,False,False,76561198114345856,,6.0,False,False,347,46,33.016666666666666,4.016666666666667,3-10h,positive
95482376,1216710,cyber-manhunt,Cyber Manhunt,english,"As a hardcore rpg gamer, this is an refreshing and awesome game! A rich story, social engineering hacking skills and fantasy, this is a must play game! Thank you Aluba studio, looking forward to future works!","As a hardcore rpg gamer, this is an refreshing and awesome game! A rich story, social engineering hacking skills and fantasy, this is a must play game! Thank you Aluba studio, looking forward to future works!",True,2021-07-10T16:38:49+00:00,2021-07-10T16:38:49+00:00,477.0,468.0,0.0,0.0,0.0,0.5,True,False,False,False,76561199084637005,,4.0,False,False,208,36,7.95,7.8,3-10h,positive
76200844,1216710,cyber-manhunt,Cyber Manhunt,english,Such a fun game for social engineering! I'm eager for more of this content.,Such a fun game for social engineering! I'm eager for more of this content.,True,2020-09-19T02:22:14+00:00,2020-11-26T14:10:54+00:00,247.0,247.0,0.0,0.0,0.0,0.5,True,False,True,False,76561198012250178,,14.0,False,False,75,14,4.116666666666666,4.116666666666666,3-10h,positive
94153843,1216710,cyber-manhunt,Cyber Manhunt,english,Fun exposure to social engineering.,Fun exposure to social engineering.,True,2021-06-22T08:07:25+00:00,2021-06-22T08:07:25+00:00,922.0,647.0,0.0,0.0,0.0,0.5,True,False,False,False,76561198992714252,,3.0,False,False,35,5,15.366666666666667,10.783333333333333,10h+,positive
