review_id,steam_app_id,game_key,game_name,language,review_text_raw,review_text_clean,recommended,created_at,updated_at,playtime_forever_minutes,playtime_at_review_minutes,playtime_last_two_weeks_minutes,votes_up,votes_funny,weighted_vote_score,steam_purchase,received_for_free,written_during_early_access,refunded,author_steam_id,author_num_games_owned,author_num_reviews,is_empty,is_very_short,review_length_chars,review_length_words,playtime_forever_hours,playtime_at_review_hours,playtime_segment,overall_sentiment
77513106,1216710,cyber-manhunt,Cyber Manhunt,english,"i am so mixed on this game

the ""hacking"" is complete nonsense, and the thrust of the game is really you just guessing what information the developers want you to click. the UI, especially the fake webpages (such as... ""Toothbook"") look really awful, and the english is - at best - not very good. the UI has no shortcuts, you have to click a piece of text, click ""copy,"" then click a text box, and click ""paste"" - it's a hacking game with no keyboard controls. All the character art is awkwardly proportioned, sometimes-slightly-better-than-deviantart sketches, and every character talks like they're trying Very Hard to sound as Human as possible, especially in the ""phishing"" conversation minigame. the story is based on the horrible, basic-ass ""oh nooo everyone is too addicted to social media!!!"" old people trope, and then immediately puts you in the shoes of the hacker we're meant to be so afraid of?

really i should just get a refund and go back to play hacknet again, but... 

it's so unintentionally funny. the game is set in 2021, and the mission giver lady, right off the bat, gives you this impressive stat: the company you're working for has amassed ~*~over 1 billion bytes~*~ of user data. that's right, player, this company has amassed an entire One Gigabyte.

This game is one where no one (not even the tutorial text!) seems to understand how to communicate, and hacking is done by putting a person's name and birthdate into a form which will run nonsense Hacker Code and somehow figure out the One Password everybody uses for everything. and

...Toothbook.","i am so mixed on this game the ""hacking"" is complete nonsense, and the thrust of the game is really you just guessing what information the developers want you to click. the UI, especially the fake webpages (such as... ""Toothbook"") look really awful, and the english is - at best - not very good. the UI has no shortcuts, you have to click a piece of text, click ""copy,"" then click a text box, and click ""paste"" - it's a hacking game with no keyboard controls. All the character art is awkwardly proportioned, sometimes-slightly-better-than-deviantart sketches, and every character talks like they're trying Very Hard to sound as Human as possible, especially in the ""phishing"" conversation minigame. the story is based on the horrible, basic-ass ""oh nooo everyone is too addicted to social media!!!"" old people trope, and then immediately puts you in the shoes of the hacker we're meant to be so afraid of? really i should just get a refund and go back to play hacknet again, but... it's so unintentionally funny. the game is set in 2021, and the mission giver lady, right off the bat, gives you this impressive stat: the company you're working for has amassed ~*~over 1 billion bytes~*~ of user data. that's right, player, this company has amassed an entire One Gigabyte. This game is one where no one (not even the tutorial text!) seems to understand how to communicate, and hacking is done by putting a person's name and birthdate into a form which will run nonsense Hacker Code and somehow figure out the One Password everybody uses for everything. and ...Toothbook.",True,2020-10-13T19:19:37+00:00,2020-10-13T19:26:19+00:00,151.0,22.0,0.0,9.0,11.0,0.5679723024368286,True,False,True,False,76561197970834245,,439.0,False,False,1570,269,2.5166666666666666,0.36666666666666664,0-1h,positive
74841427,1216710,cyber-manhunt,Cyber Manhunt,english,"the game was very good

good control
good looking story
im very interested in the gogo thing XD
so much apps and programs that you can use

but 

i know the game is on early access right now but what if aluba studio add co-op for this game?
a puzzle based game about hacking  with your friends would be a good for 2 friend who has team speak or discord 
to talk in them and do the story line together

it was a good game at all, if you are searching for a puzzle and hacking game, just buy it","the game was very good good control good looking story im very interested in the gogo thing XD so much apps and programs that you can use but i know the game is on early access right now but what if aluba studio add co-op for this game? a puzzle based game about hacking with your friends would be a good for 2 friend who has team speak or discord to talk in them and do the story line together it was a good game at all, if you are searching for a puzzle and hacking game, just buy it",True,2020-08-24T15:32:47+00:00,2020-08-24T15:32:47+00:00,518.0,100.0,0.0,49.0,0.0,0.7759170532226562,True,False,True,False,76561198259523558,,34.0,False,False,485,100,8.633333333333333,1.6666666666666667,1-3h,positive
78932015,1216710,cyber-manhunt,Cyber Manhunt,english,"Game good, it has elements of detective thinking for sure, but because the script elements the game restricts you for many creative elements. Its as if the game narrows you what to do by giving things such as 2/4 info found, eh? Here is another, you grant the individuals password that uses same password for everything, how come I cant acses Hintak if it is clearly shown and proved that that person uses hintalk but when you put the password and nick name of a person, it accords by script and says The user not found, X2 Ehhh? Ok, here is another one, the individual uses/used dating site but if you type the person in dating site it just dose not exist. Damn I can go on like that for a long time because the game lacks of freedom choice and creativity. For example Grey Hack is the closest one to be titled [ creative approaches to coplete one task] type of game.

As currently I have not seen any grammatical errors so far.

Now with the criticism away we can now see the good sides of the game

The theme of the game is pleasing, the whole interface is nice, well developed music themes aspecally the reasoning [ piano fits nicely with thinking]  

Well developed stories and ideas well put together. 

The game is not so complicated, you have to think some time the solution is closer than you think, re analyze all the steps because you will miss the detailes but of corse you might come up with a solution that would work in real world but wont work in a scripted game. Thats why you got to think in a scripted way, like giving questions to your self [What does the game want for me to do next in order to continue?] 

So far as a detective game that is based on hacking ideas, it is worth your time and money. 

It would be good to have more options to choose diolog instead of yes and no option covered with text but as always

It has many chapter that you will spent hours on trust me on that, but I dont recomend watching you tube walk through, 
Try to come up with your own solution it is more satisfactory than just watch how some one solve it. 

I give it 7.5/10 
+1 = Hours of intresting gameplay
+1 = Visualy pleasing, including nicely illustrated charecter's 
+1 = Story lines and the set up the overall scenarios that are simular to real world, makes you more awere of your self
+1 = Many chapters
+1 = The game is supported and being updated, the project is alive
+1 = Most of the time you will feel as if you're stuck in this huge puzzle game 
+1 = Music is greatly themed, it has this ambient that fits the game theme
-1 = Scripted options, missing multiple approaches for completing an objective
-1 = Dilog based on Yes No covered with text
-1 = Gave gides you all the time with giving you a list of how much info you have to collect when failed it will give you multiple tryes to repeat the Hack!  No outcomes what so ever which ruinds the feeling of risk and increases the feeling of grind and not so sereous gameplay.

That is all and ofcorse It is still a game worth your time as we all have to understad
that it was a big efford and the amounts of coding planning just to make the game.
And to implement something new into the game it requires more resources[money]
This game has a right direction, the only thing it needs from us is support the same support 
as devs supporting the game with updates.

If you're into Detective thinking and learning basic consepts of hacking cracking and learning about life form another prospective to be awere.

Than this game is for you) 
      $10 is not $40 so it is worth buying","Game good, it has elements of detective thinking for sure, but because the script elements the game restricts you for many creative elements. Its as if the game narrows you what to do by giving things such as 2/4 info found, eh? Here is another, you grant the individuals password that uses same password for everything, how come I cant acses Hintak if it is clearly shown and proved that that person uses hintalk but when you put the password and nick name of a person, it accords by script and says The user not found, X2 Ehhh? Ok, here is another one, the individual uses/used dating site but if you type the person in dating site it just dose not exist. Damn I can go on like that for a long time because the game lacks of freedom choice and creativity. For example Grey Hack is the closest one to be titled [ creative approaches to coplete one task] type of game. As currently I have not seen any grammatical errors so far. Now with the criticism away we can now see the good sides of the game The theme of the game is pleasing, the whole interface is nice, well developed music themes aspecally the reasoning [ piano fits nicely with thinking] Well developed stories and ideas well put together. The game is not so complicated, you have to think some time the solution is closer than you think, re analyze all the steps because you will miss the detailes but of corse you might come up with a solution that would work in real world but wont work in a scripted game. Thats why you got to think in a scripted way, like giving questions to your self [What does the game want for me to do next in order to continue?] So far as a detective game that is based on hacking ideas, it is worth your time and money. It would be good to have more options to choose diolog instead of yes and no option covered with text but as always It has many chapter that you will spent hours on trust me on that, but I dont recomend watching you tube walk through, Try to come up with your own solution it is more satisfactory than just watch how some one solve it. I give it 7.5/10 +1 = Hours of intresting gameplay +1 = Visualy pleasing, including nicely illustrated charecter's +1 = Story lines and the set up the overall scenarios that are simular to real world, makes you more awere of your self +1 = Many chapters +1 = The game is supported and being updated, the project is alive +1 = Most of the time you will feel as if you're stuck in this huge puzzle game +1 = Music is greatly themed, it has this ambient that fits the game theme -1 = Scripted options, missing multiple approaches for completing an objective -1 = Dilog based on Yes No covered with text -1 = Gave gides you all the time with giving you a list of how much info you have to collect when failed it will give you multiple tryes to repeat the Hack! No outcomes what so ever which ruinds the feeling of risk and increases the feeling of grind and not so sereous gameplay. That is all and ofcorse It is still a game worth your time as we all have to understad that it was a big efford and the amounts of coding planning just to make the game. And to implement something new into the game it requires more resources[money] This game has a right direction, the only thing it needs from us is support the same support as devs supporting the game with updates. If you're into Detective thinking and learning basic consepts of hacking cracking and learning about life form another prospective to be awere. Than this game is for you) $10 is not $40 so it is worth buying",True,2020-11-08T09:34:26+00:00,2020-11-08T09:34:26+00:00,2555.0,519.0,0.0,0.0,0.0,0.5,True,False,True,False,76561198197466122,,5.0,False,False,3517,668,42.583333333333336,8.65,3-10h,positive
95827903,1216710,cyber-manhunt,Cyber Manhunt,english,"Cyber Manhunt is a comprehensive internet sleuth game from Chinese developers, Aluba Studio. Players must search the darkest online corners to discover pivotal information. Similar to the [i]Orwell[/i] games but with a more sinister story, the title is sure to appease fans of the genre. However, it is not without its flaws and unfortunately suffers from lacklustre text due to its abysmally poor translation.

[b] [u]Pros[/u] [/b]
[list]
    [*] 5 extensive chapters that are all cleverly entwined.
    [*] Differing endings.
    [*] Inventive puzzles & minigames throughout.
    [*] Covers grim themes of crime and corruption.
    [*] Pleasant & simple user interface.
[/list]

[b] [u]Cons[/u] [/b]
[list]
    [*] Awful translation to English, dialogue can come across as robotic and insincere.
    [*] Cumbersome text scenes which do not flow naturally.
    [*] Lacks explanation of puzzle mechanics.
[/list]

[h1]Story: Malignant Data Corruption & Cybersecurity[/h1]
Cyber Manhunt features 5 extensive chapters which range from 1-3 hours each, depending on personal playstyle. Each chapter tackles new persons of interest and a seemingly unrelated story which all comes together upon completion of the game. The stories do feature quite sensitive themes including rape, bullying, female slave imprisonment and more. Whilst there is not any graphic imagery or descriptions, most of the chapters will centre around these topics. Thus, it is important for potential buyers to be aware that it is not an easy-going hacking game and is quite serious in nature.

https://steamcommunity.com/sharedfiles/filedetails/?id=2544733102

Players begin working for Titan, a large data storage company that can access unlimited personal information about the citizens of Allivia. Our job is to track down specific material to uncover the answers Titan seeks, typically involved in crime investigations or missing persons. The game purposefully questions the indefinite power of having easy access to this data and focuses on the consequences. Moral questions begin to arise, are we helping citizens or doing more damage than good? What is the goal of Titan? Is it something to be proud of?

Soon enough, the corruption can no longer be ignored and a self-proclaimed prophetic persona appears with vengeance for large data companies. Putting Titan in a negative spotlight and allowing players to shape the final acts.

[b] [u]Translation Issues[/u] [/b]
Unfortunately, the biggest disappointment of Cyber Manhunt was its poor translation. Although everything ""made sense"" and I knew what was going on, the general flow of dialogue was poorly executed. It was easily recognisable that some sections were a direct translation to English and sounded robotic. There were also an abundance of grammar issues and just misspellings such as ""CIO"" (CEO), ""Browbe"" (bribe?). Typically, I would not be too bothered as I enjoyed the gameplay immensely, but in a text-based online investigative game, it vastly impacted the games entirety and diminished the serious themes the developers attempt to convey. Some conversations were just laughable and came across as extremely fake. I understand that the Chinese developers are not native English speakers and the Indie nature of the title may prevent proper translation due to funding/time constraints, but it really was abysmal in parts, considering dialogue and text are the sole premise of the title. 

https://steamcommunity.com/sharedfiles/filedetails/?id=2546018709

[h1]Gameplay: Online Investigations, Puzzles & Minigames[/h1]
Majority of the game will be spent on a simple computer interface with access to very familiar applications, ""Toothbook"", ""Gogo"" and more. Players must use these programs to uncover information about a specific person. At the beginning of each chapter, we are typically only given the person’s name and a few bits of information. The name can be pasted into ""Gogo"" to find their ""Toothbook"" which will unveil their nicknames, hobbies, marital status, friends and so forth, furthering the investigation. This information is all collated into their profiles.

Useful information will be highlighted in red once the cursor scrolls over it, signalling that it can be collected. There are also a handful of other useful applications which can be used as phishing or anonymous calling. Once private information such as DOB is revealed, this can be used in the ""Crack"" program to obtain passwords. Essentially, keep finding more information which will unlock access to more pertinent data needed to complete the chapter. I found the data-collection to be much more complex than I had originally thought, with lots of different accounts, programs and areas to explore, it was difficult to keep track of it all. But this is in no way a criticism, I enjoyed the more challenging approach and it gave me a sense of achievement when new clues were discovered.

Scour through webpages, emails, private chats and assemble the clues to reveal the full story. There are 4 goals within each chapter and when one goal is fulfilled to 100%, players can enter ""reasoning"" mode which is essentially a minigame (which differs each time) that puts the story in chronological order and makes sense of all data already obtained.

[b] [u]Minigames & Puzzles[/u] [/b]
Despite this style of game being somewhat monotonous in design and virtually boils down to information-finding, it does include a myriad of minigames to spice things up. Minigames include ""hacking"" scenes with specific order-based puzzles, matching symbols in a designated layout. Another example was a more strategy-focused section where players must control the popularity of media articles in each state of the country. I found most of these puzzles to be rather inventive and thought-provoking, without succumbing to lazy mechanics or overusing the same concepts, it was kept fresh and interesting.

https://steamcommunity.com/sharedfiles/filedetails/?id=2548412313

Where this section failed was in its explanation of these puzzles. Sometimes there was a seemingly in-depth cinematic description of what was required, yet it was executed poorly and ultimately caused even more confusion. Other times, no attempt at an explanation was made and I was left with a daunting map filled with things to interact with that I had no idea of their purpose. Even worse, majority of the puzzles are timed and without any indication of what to do (with pausing also disabled), I had to figure it out by trial and error, which was easy enough but of course wastes time and typically resulted in me having to redo the section from scratch.

[h1]Graphics & Sound[/h1]
Being a cyber/hacking simulation title, there is little to comment on in terms of graphics, but the simple interface is clean and very straightforward. There are a handful of cinematic scenes that are actually quite decent and felt reminiscent of comic style art.

Some characters are voiced, as well as calls. The voice-overs are mediocre but do their job. The foreboding soundtrack is on a loop and felt nostalgic of investigative crime TV shows, almost putting pressure on players to uncover clues faster.


[h1]Conclusion[/h1]
Cyber Manhunt is an excellent online investigative game, taking inspiration from games such as [i]Orwell[/i] and [i]Papers Please[/i]. Its extensive chapters have an abundance of clues to discover, with countless puzzles and minigames to complete along the way. Despite suffering from severe translation issues which greatly impacted the dialogues flow, the gameplay holds strong and should appeal to any fans of the aforementioned titles. Taking approximately 10-14 hours to complete with differing endings and many achievements encouraging replays, for $15AUD, I highly recommend it to all who love an extensive online lurk.

This review copy was provided by Reviewers' Paradise

[url=https://store.steampowered.com/curator/34936724][quote]Follow my curator page, [b]Cookie Reviews[/b]","Cyber Manhunt is a comprehensive internet sleuth game from Chinese developers, Aluba Studio. Players must search the darkest online corners to discover pivotal information. Similar to the [i]Orwell[/i] games but with a more sinister story, the title is sure to appease fans of the genre. However, it is not without its flaws and unfortunately suffers from lacklustre text due to its abysmally poor translation. [b] [u]Pros[/u] [/b] [list] [*] 5 extensive chapters that are all cleverly entwined. [*] Differing endings. [*] Inventive puzzles & minigames throughout. [*] Covers grim themes of crime and corruption. [*] Pleasant & simple user interface. [/list] [b] [u]Cons[/u] [/b] [list] [*] Awful translation to English, dialogue can come across as robotic and insincere. [*] Cumbersome text scenes which do not flow naturally. [*] Lacks explanation of puzzle mechanics. [/list] [h1]Story: Malignant Data Corruption & Cybersecurity[/h1] Cyber Manhunt features 5 extensive chapters which range from 1-3 hours each, depending on personal playstyle. Each chapter tackles new persons of interest and a seemingly unrelated story which all comes together upon completion of the game. The stories do feature quite sensitive themes including rape, bullying, female slave imprisonment and more. Whilst there is not any graphic imagery or descriptions, most of the chapters will centre around these topics. Thus, it is important for potential buyers to be aware that it is not an easy-going hacking game and is quite serious in nature. https://steamcommunity.com/sharedfiles/filedetails/?id=2544733102 Players begin working for Titan, a large data storage company that can access unlimited personal information about the citizens of Allivia. Our job is to track down specific material to uncover the answers Titan seeks, typically involved in crime investigations or missing persons. The game purposefully questions the indefinite power of having easy access to this data and focuses on the consequences. Moral questions begin to arise, are we helping citizens or doing more damage than good? What is the goal of Titan? Is it something to be proud of? Soon enough, the corruption can no longer be ignored and a self-proclaimed prophetic persona appears with vengeance for large data companies. Putting Titan in a negative spotlight and allowing players to shape the final acts. [b] [u]Translation Issues[/u] [/b] Unfortunately, the biggest disappointment of Cyber Manhunt was its poor translation. Although everything ""made sense"" and I knew what was going on, the general flow of dialogue was poorly executed. It was easily recognisable that some sections were a direct translation to English and sounded robotic. There were also an abundance of grammar issues and just misspellings such as ""CIO"" (CEO), ""Browbe"" (bribe?). Typically, I would not be too bothered as I enjoyed the gameplay immensely, but in a text-based online investigative game, it vastly impacted the games entirety and diminished the serious themes the developers attempt to convey. Some conversations were just laughable and came across as extremely fake. I understand that the Chinese developers are not native English speakers and the Indie nature of the title may prevent proper translation due to funding/time constraints, but it really was abysmal in parts, considering dialogue and text are the sole premise of the title. https://steamcommunity.com/sharedfiles/filedetails/?id=2546018709 [h1]Gameplay: Online Investigations, Puzzles & Minigames[/h1] Majority of the game will be spent on a simple computer interface with access to very familiar applications, ""Toothbook"", ""Gogo"" and more. Players must use these programs to uncover information about a specific person. At the beginning of each chapter, we are typically only given the person’s name and a few bits of information. The name can be pasted into ""Gogo"" to find their ""Toothbook"" which will unveil their nicknames, hobbies, marital status, friends and so forth, furthering the investigation. This information is all collated into their profiles. Useful information will be highlighted in red once the cursor scrolls over it, signalling that it can be collected. There are also a handful of other useful applications which can be used as phishing or anonymous calling. Once private information such as DOB is revealed, this can be used in the ""Crack"" program to obtain passwords. Essentially, keep finding more information which will unlock access to more pertinent data needed to complete the chapter. I found the data-collection to be much more complex than I had originally thought, with lots of different accounts, programs and areas to explore, it was difficult to keep track of it all. But this is in no way a criticism, I enjoyed the more challenging approach and it gave me a sense of achievement when new clues were discovered. Scour through webpages, emails, private chats and assemble the clues to reveal the full story. There are 4 goals within each chapter and when one goal is fulfilled to 100%, players can enter ""reasoning"" mode which is essentially a minigame (which differs each time) that puts the story in chronological order and makes sense of all data already obtained. [b] [u]Minigames & Puzzles[/u] [/b] Despite this style of game being somewhat monotonous in design and virtually boils down to information-finding, it does include a myriad of minigames to spice things up. Minigames include ""hacking"" scenes with specific order-based puzzles, matching symbols in a designated layout. Another example was a more strategy-focused section where players must control the popularity of media articles in each state of the country. I found most of these puzzles to be rather inventive and thought-provoking, without succumbing to lazy mechanics or overusing the same concepts, it was kept fresh and interesting. https://steamcommunity.com/sharedfiles/filedetails/?id=2548412313 Where this section failed was in its explanation of these puzzles. Sometimes there was a seemingly in-depth cinematic description of what was required, yet it was executed poorly and ultimately caused even more confusion. Other times, no attempt at an explanation was made and I was left with a daunting map filled with things to interact with that I had no idea of their purpose. Even worse, majority of the puzzles are timed and without any indication of what to do (with pausing also disabled), I had to figure it out by trial and error, which was easy enough but of course wastes time and typically resulted in me having to redo the section from scratch. [h1]Graphics & Sound[/h1] Being a cyber/hacking simulation title, there is little to comment on in terms of graphics, but the simple interface is clean and very straightforward. There are a handful of cinematic scenes that are actually quite decent and felt reminiscent of comic style art. Some characters are voiced, as well as calls. The voice-overs are mediocre but do their job. The foreboding soundtrack is on a loop and felt nostalgic of investigative crime TV shows, almost putting pressure on players to uncover clues faster. [h1]Conclusion[/h1] Cyber Manhunt is an excellent online investigative game, taking inspiration from games such as [i]Orwell[/i] and [i]Papers Please[/i]. Its extensive chapters have an abundance of clues to discover, with countless puzzles and minigames to complete along the way. Despite suffering from severe translation issues which greatly impacted the dialogues flow, the gameplay holds strong and should appeal to any fans of the aforementioned titles. Taking approximately 10-14 hours to complete with differing endings and many achievements encouraging replays, for $15AUD, I highly recommend it to all who love an extensive online lurk. This review copy was provided by Reviewers' Paradise [url=https://store.steampowered.com/curator/34936724][quote]Follow my curator page, [b]Cookie Reviews[/b]",True,2021-07-16T07:18:32+00:00,2021-10-18T09:29:56+00:00,757.0,757.0,0.0,102.0,3.0,0.8676779866218567,False,True,False,False,76561198004496223,,268.0,False,False,7922,1212,12.616666666666667,12.616666666666667,10h+,positive
232048732,1216710,cyber-manhunt,Cyber Manhunt,english,"The mechanics are that of an uninspired phishing simulation. Which contrasts with the narrative framing of ""you are a really dangerous nerd"". I feel like a game like grayhack or hacknet is fit more for that framing. Even the tutorial was highly boring for me. Maybe the story you get after the tutorial is good, but i didn't get that far.

Well you see I understand that a game would need some embellishing and effects to sell the power fantasy and divert from the seams of skipping real life logic, but the choices this game made regarding that front makes me see those seams harder rather than immersing me in the fantasy.

very light spoilers ahead from the first ten minutes of gameplay(tutorial and intro)

First, i got whiplashed right off with the phrase ""our company got a BILLION BYTES of customer data"". Holy shit dude, that's a lot for a large tech company at the like 90s maybe. Not for the presented ""everyone is glued to their phones using social media"" setting.  Less than a god damn gigabyte, basically three times less than the space this game takes on your ssd.

Then we got the random code prompts opening every time we copy the details from the browser about someone's facebook account to some contacts type information collection software. It feels less hackery and more like the ""linux users when x"" memes, because why would code prompts open when you are just copy pasting something from one gui to some other gui.


Then apparently we have access to the data of almost all citizens in our nation through the company database software. For some reason when accessing the data we or the software executes almost totally unrelated linux commands, which i don't understand why since it is not a cli tool but poses as a professional corpo gui software, but i guess the company in the story fired the user interface designer/programmer before they finished their job.

Then there is the password ""cracker"" software. Except this game's version makes me feel like a loser script kiddie the most. All you do is fill in a bunch of details you gathered from the dude's social media page, and the ""cracker"" spits out some password guess with very few amount of characters based on the entered information. And somehow it's correct like it's some oracle.

It reminds me of that one CheeseParade skit where the guy goes ""He's not a hacker, he's a password guesser"", and then the guy proceeds to get locked out of the system for inputting the wrong password since it was a guess based on a whim.

Also the OS apparently can't handle a bunch of high speed showcase of cyber security news, crashes and has to restart, which felt like a funny unintentional commentary on the ram shortage crisis. That was the most fun part of the game for me. 

Anyways, so if you like an overly dressed up phishing simulator with seemingly nice worldbuilding and perhaps a good story if you ignore the technical knowledge shortcomings of the writers here and there, maybe its your thing, Otherwise, nah.","The mechanics are that of an uninspired phishing simulation. Which contrasts with the narrative framing of ""you are a really dangerous nerd"". I feel like a game like grayhack or hacknet is fit more for that framing. Even the tutorial was highly boring for me. Maybe the story you get after the tutorial is good, but i didn't get that far. Well you see I understand that a game would need some embellishing and effects to sell the power fantasy and divert from the seams of skipping real life logic, but the choices this game made regarding that front makes me see those seams harder rather than immersing me in the fantasy. very light spoilers ahead from the first ten minutes of gameplay(tutorial and intro) First, i got whiplashed right off with the phrase ""our company got a BILLION BYTES of customer data"". Holy shit dude, that's a lot for a large tech company at the like 90s maybe. Not for the presented ""everyone is glued to their phones using social media"" setting. Less than a god damn gigabyte, basically three times less than the space this game takes on your ssd. Then we got the random code prompts opening every time we copy the details from the browser about someone's facebook account to some contacts type information collection software. It feels less hackery and more like the ""linux users when x"" memes, because why would code prompts open when you are just copy pasting something from one gui to some other gui. Then apparently we have access to the data of almost all citizens in our nation through the company database software. For some reason when accessing the data we or the software executes almost totally unrelated linux commands, which i don't understand why since it is not a cli tool but poses as a professional corpo gui software, but i guess the company in the story fired the user interface designer/programmer before they finished their job. Then there is the password ""cracker"" software. Except this game's version makes me feel like a loser script kiddie the most. All you do is fill in a bunch of details you gathered from the dude's social media page, and the ""cracker"" spits out some password guess with very few amount of characters based on the entered information. And somehow it's correct like it's some oracle. It reminds me of that one CheeseParade skit where the guy goes ""He's not a hacker, he's a password guesser"", and then the guy proceeds to get locked out of the system for inputting the wrong password since it was a guess based on a whim. Also the OS apparently can't handle a bunch of high speed showcase of cyber security news, crashes and has to restart, which felt like a funny unintentional commentary on the ram shortage crisis. That was the most fun part of the game for me. Anyways, so if you like an overly dressed up phishing simulator with seemingly nice worldbuilding and perhaps a good story if you ignore the technical knowledge shortcomings of the writers here and there, maybe its your thing, Otherwise, nah.",False,2026-08-04T15:11:19+00:00,2026-08-04T15:11:19+00:00,27.0,27.0,0.0,5.0,2.0,0.5527949929237366,True,False,False,False,76561199060340679,,13.0,False,False,2981,523,0.45,0.45,0-1h,negative
111076545,1216710,cyber-manhunt,Cyber Manhunt,english,"The characters don't talk, write or act like normal people at all, which does make the game kinda hilarious at times, but also makes it extremely hard to take the cases and characters seriously. You can tell that the creators are not native english speakers, which also results in some facepalming, but funny, mistakes at times. 

Even looking past all this though, the actual investigating that you will be doing isn't at all as free as i would like it to be. It mostly consists of you finding details about people, which you usually get from one specific source. Gaining information this way, does not make the player come up with any kind of creative solution to finding info, since they know they just have to find that one spot where someone mentions it, which you usually just have to guess how to find. 

When you have gathered enough information, you need to try to make deductions from it, which is one of the more fun parts of the game i guess. After you do this correctly you have reached a sort of ""milestone"" which results in the boss lady giving you some kind of detail, so you can continue the search. Making the game this way does not make you feel like a detective at all. Why not just give the player all the details from the beginning, and let them explore the case openly?

I could probably write more about why i don't like this game, but i don't really wanna spend more time on it. It's not a horrible game, but i would say it's decent AT BEST. Some people will probably enjoy it a lot, but it doesn't really do anything that other games haven't done in a better way.","The characters don't talk, write or act like normal people at all, which does make the game kinda hilarious at times, but also makes it extremely hard to take the cases and characters seriously. You can tell that the creators are not native english speakers, which also results in some facepalming, but funny, mistakes at times. Even looking past all this though, the actual investigating that you will be doing isn't at all as free as i would like it to be. It mostly consists of you finding details about people, which you usually get from one specific source. Gaining information this way, does not make the player come up with any kind of creative solution to finding info, since they know they just have to find that one spot where someone mentions it, which you usually just have to guess how to find. When you have gathered enough information, you need to try to make deductions from it, which is one of the more fun parts of the game i guess. After you do this correctly you have reached a sort of ""milestone"" which results in the boss lady giving you some kind of detail, so you can continue the search. Making the game this way does not make you feel like a detective at all. Why not just give the player all the details from the beginning, and let them explore the case openly? I could probably write more about why i don't like this game, but i don't really wanna spend more time on it. It's not a horrible game, but i would say it's decent AT BEST. Some people will probably enjoy it a lot, but it doesn't really do anything that other games haven't done in a better way.",False,2022-02-26T14:08:21+00:00,2022-02-26T14:08:59+00:00,98.0,97.0,0.0,6.0,0.0,0.5455241203308105,True,False,False,False,76561198023774039,,36.0,False,False,1584,294,1.6333333333333333,1.6166666666666667,1-3h,negative
86164039,1216710,cyber-manhunt,Cyber Manhunt,english,"So, as others have said I picked this up originally as it looked quite similar to Orwell. It had a lot of the same ideas and actually was a bit more creative in some aspects but it really fell short when it came to the story. I played the demo and was intrigued and ended up buying the game and while I don't regret it I can't see myself playing through it again or recommending anyone to play through it without knowing the issues that it has. We'll start with the Cons:

1. While yes, the English is not perfect - it's not game breaking by any means and apart from a few funny lines (liver streamer??) it really didn't affect my game that much. Definitely not the biggest weakness of the game.

2. The stories for each of the chapters were very unique but they got more complex as time went on and ended up just being confusing (again this could be a language issue?). Lots of times I was finding information out about the stories that was telling what actually happened only for it to be ignored and unable to be collected. It felt like we weren't getting the true aspect of the story and that was hinted at later in the game but nothing ever happened with this? For example - It's highly alluded to that [spoiler] Jim and Isabella killed Austin multiple times. But nothing ever confirms this and I don't know what the point of alluding to it was if it's never confirmed. [/spoiler] It felt like they were throwing twists at you just to throw twists at you, and they ended up not making much sense.

3 - The endgame was a MESS. Dates going in weird orders, changes happening to the story that didn't make sense and it left me feeling really unsatisfied. Trying to complete every chapter to 100% was so rough, not collecting one snippet of an email you checked at the beginning of a chapter could be your downfall for the next three hours... And instead of having a hint system you can choose to use, you're left to going back through everything you've already been through throwing your cursor around looking for a red box. It takes away from the story and is boring gameplay. Definitely would be better to be able to contact Ashley for a hint when you're stuck.

Pros:

1 - Look I beat the game and it is certainly not the worst game I've ever played. I enjoyed the good parts of the game. Each chapter was super unique, the game wasn't afraid to go a bit dark, and it did have SOME good twists thrown in.

2 - The voice lines were pretty clear and had very little grammatical mistakes. Quite good voice acting and added to the characters - unfortunately there weren't loads of them but the ones that were there really added to the games vibe.

3 - It is the closest thing to Orwell I've found and I appreciated the game play and the way the devs tried to adapt it to change it up as the chapters progressed. 

If you're desperately looking for something like Orwell then get the demo and see if it's your thing. But otherwise I really can't recommend the game right now.","So, as others have said I picked this up originally as it looked quite similar to Orwell. It had a lot of the same ideas and actually was a bit more creative in some aspects but it really fell short when it came to the story. I played the demo and was intrigued and ended up buying the game and while I don't regret it I can't see myself playing through it again or recommending anyone to play through it without knowing the issues that it has. We'll start with the Cons: 1. While yes, the English is not perfect - it's not game breaking by any means and apart from a few funny lines (liver streamer??) it really didn't affect my game that much. Definitely not the biggest weakness of the game. 2. The stories for each of the chapters were very unique but they got more complex as time went on and ended up just being confusing (again this could be a language issue?). Lots of times I was finding information out about the stories that was telling what actually happened only for it to be ignored and unable to be collected. It felt like we weren't getting the true aspect of the story and that was hinted at later in the game but nothing ever happened with this? For example - It's highly alluded to that [spoiler] Jim and Isabella killed Austin multiple times. But nothing ever confirms this and I don't know what the point of alluding to it was if it's never confirmed. [/spoiler] It felt like they were throwing twists at you just to throw twists at you, and they ended up not making much sense. 3 - The endgame was a MESS. Dates going in weird orders, changes happening to the story that didn't make sense and it left me feeling really unsatisfied. Trying to complete every chapter to 100% was so rough, not collecting one snippet of an email you checked at the beginning of a chapter could be your downfall for the next three hours... And instead of having a hint system you can choose to use, you're left to going back through everything you've already been through throwing your cursor around looking for a red box. It takes away from the story and is boring gameplay. Definitely would be better to be able to contact Ashley for a hint when you're stuck. Pros: 1 - Look I beat the game and it is certainly not the worst game I've ever played. I enjoyed the good parts of the game. Each chapter was super unique, the game wasn't afraid to go a bit dark, and it did have SOME good twists thrown in. 2 - The voice lines were pretty clear and had very little grammatical mistakes. Quite good voice acting and added to the characters - unfortunately there weren't loads of them but the ones that were there really added to the games vibe. 3 - It is the closest thing to Orwell I've found and I appreciated the game play and the way the devs tried to adapt it to change it up as the chapters progressed. If you're desperately looking for something like Orwell then get the demo and see if it's your thing. But otherwise I really can't recommend the game right now.",False,2021-02-07T20:45:57+00:00,2021-02-07T23:22:55+00:00,501.0,501.0,0.0,15.0,1.0,0.6751484870910645,False,False,False,False,76561198111695507,,23.0,False,False,2966,556,8.35,8.35,3-10h,negative
102168137,1216710,cyber-manhunt,Cyber Manhunt,english,"I rarely post negative reviews cause I usually pick the games I buy very carefully. I was looking for a fun hacking game though and with the limited selection out there I chose this based on its ""Very positive"" user reviews. I was actually going to give it a thumbs up too, until I actually read the question Steam asks:
""Would you recommend this game to other players"".
To that specific question I would definitely have to say: No.
It's tough, cause I kinda like the game, I just wouldn't expect other players or a friend to have the amount of patience with it that I've had. Subjectively, I'd score it a 7/10, objectively I'd give it a 4/10.

TL;DR The game sets you up for failure. Timers on puzzles mean replaying sections where you fail to solve the puzzle on time, which in some cases are virtually impossible to do on your first try. Then short cutting the info gathering to buy time on your next try, because you already have the info in your head, sometimes introduces game breaking bugs. All this also pushes the player towards walkthroughs completely ruining the experience. Game also has some immersion breaking unnatural language issues.

PROS:
- Interesting story with some good twists.
- Immersive. You can really get into following along with the stories of the people you ""hack"" and the hacking makes you feel empowered.
- Valuable message around personal data, AI and social media in general.
- A few fun, innovative puzzles.
- Well made UI and visuals (Nothing special, but not bad)

CONS:
- Convoluted puzzles. Some puzzles require you to assume things that aren't intuitive. Like having to use concatenated dates as a password but not being told that specific parts of the dates need to be left out. Having these on a timer seriously exasperates the problem.
- Language issues. Whoever wrote the script and content for this game is definitely not a natural English speaker. All the spelling is correct but the grammar is flawed and the manner of speaking is jarringly foreign. Like everything was written in Japanese and then run through Google translate or something. Unnecessary extra words in places and weird grammar immediately make you feel like ""This is not the way people speak"". It's honestly quite immersion breaking in a game that involves a lot of reading.
- One or two bugs. Mostly the game runs just fine, in fact you could pretty much run it on a potato. I literally only encountered one bug, but it was game breaking and required that I reload which lost me some progress. The biggest issue about it is that it was caused by trying to short cut problems with the first con I mentioned meaning that alleviating the biggest issue of the game isn't an option.","I rarely post negative reviews cause I usually pick the games I buy very carefully. I was looking for a fun hacking game though and with the limited selection out there I chose this based on its ""Very positive"" user reviews. I was actually going to give it a thumbs up too, until I actually read the question Steam asks: ""Would you recommend this game to other players"". To that specific question I would definitely have to say: No. It's tough, cause I kinda like the game, I just wouldn't expect other players or a friend to have the amount of patience with it that I've had. Subjectively, I'd score it a 7/10, objectively I'd give it a 4/10. TL;DR The game sets you up for failure. Timers on puzzles mean replaying sections where you fail to solve the puzzle on time, which in some cases are virtually impossible to do on your first try. Then short cutting the info gathering to buy time on your next try, because you already have the info in your head, sometimes introduces game breaking bugs. All this also pushes the player towards walkthroughs completely ruining the experience. Game also has some immersion breaking unnatural language issues. PROS: - Interesting story with some good twists. - Immersive. You can really get into following along with the stories of the people you ""hack"" and the hacking makes you feel empowered. - Valuable message around personal data, AI and social media in general. - A few fun, innovative puzzles. - Well made UI and visuals (Nothing special, but not bad) CONS: - Convoluted puzzles. Some puzzles require you to assume things that aren't intuitive. Like having to use concatenated dates as a password but not being told that specific parts of the dates need to be left out. Having these on a timer seriously exasperates the problem. - Language issues. Whoever wrote the script and content for this game is definitely not a natural English speaker. All the spelling is correct but the grammar is flawed and the manner of speaking is jarringly foreign. Like everything was written in Japanese and then run through Google translate or something. Unnecessary extra words in places and weird grammar immediately make you feel like ""This is not the way people speak"". It's honestly quite immersion breaking in a game that involves a lot of reading. - One or two bugs. Mostly the game runs just fine, in fact you could pretty much run it on a potato. I literally only encountered one bug, but it was game breaking and required that I reload which lost me some progress. The biggest issue about it is that it was caused by trying to short cut problems with the first con I mentioned meaning that alleviating the biggest issue of the game isn't an option.",False,2021-11-03T19:49:48+00:00,2021-11-03T20:06:42+00:00,1701.0,1679.0,0.0,1.0,0.0,0.5,True,False,False,False,76561198053304170,,61.0,False,False,2690,473,28.35,27.983333333333334,10h+,negative
115322151,1216710,cyber-manhunt,Cyber Manhunt,english,"First off, I like this game. I see the potential, and I do recommend it for anyone who likes a good hacking/detective story. The plot is phenomenal, while adult. Through, the game does have its bugs. You will have to be relatively patient. Maybe it's just on macOS, but the mouse does not line up with selection bars. It makes it very challenging to copy, paste, and select with any amount of accuracy, and I felt myself getting frustrated. It's honestly been the hardest part of the game to navigate for me, but once you get used to it I guarantee you'll manage. I'd love to see some more bug fixes with the mouse and select, but overall I'd definitely recommend.","First off, I like this game. I see the potential, and I do recommend it for anyone who likes a good hacking/detective story. The plot is phenomenal, while adult. Through, the game does have its bugs. You will have to be relatively patient. Maybe it's just on macOS, but the mouse does not line up with selection bars. It makes it very challenging to copy, paste, and select with any amount of accuracy, and I felt myself getting frustrated. It's honestly been the hardest part of the game to navigate for me, but once you get used to it I guarantee you'll manage. I'd love to see some more bug fixes with the mouse and select, but overall I'd definitely recommend.",True,2022-05-12T00:06:28+00:00,2022-05-12T00:06:28+00:00,52.0,52.0,0.0,0.0,0.0,0.5,True,False,False,False,76561198976339443,,2.0,False,False,664,121,0.8666666666666667,0.8666666666666667,0-1h,positive
86217460,1216710,cyber-manhunt,Cyber Manhunt,english,"First I've played the demo version of the game, then finally I came to decide that this game can be worthy. The first chapter's story is amazing. I like how you figure out the whole story by hacking, phishing and little bit of your own psychological theories, thoughts. I want to dig out more hidden secrets  from it. Overall, game is good, worthy. Should've add little bit more realistic in hacking part and it will be more fun.","First I've played the demo version of the game, then finally I came to decide that this game can be worthy. The first chapter's story is amazing. I like how you figure out the whole story by hacking, phishing and little bit of your own psychological theories, thoughts. I want to dig out more hidden secrets from it. Overall, game is good, worthy. Should've add little bit more realistic in hacking part and it will be more fun.",True,2021-02-08T17:38:14+00:00,2021-02-08T17:38:14+00:00,961.0,89.0,0.0,1.0,1.0,0.52173912525177,True,False,False,False,76561198426756557,,4.0,False,False,428,78,16.016666666666666,1.4833333333333334,1-3h,positive
75199313,1216710,cyber-manhunt,Cyber Manhunt,english,"Even though it's not perfect I really recommend the game, also cause it's for a small coin. But instead of giving a full review I just write what issues the game has as it is still work in progress:

I really loved the investigation parts like looking up stuff but I felt that there was not all possibilities used. Like in the last episode where Cyclops wasn't mentioned as a character even though he was one of the prime persons. I would have loved to get into his case as side investigation instead of having him just as a pressure against Isabelle. The last investigation felt off overall, where I saw the lack of information on major stuff. Like they talk about the lost person but not the fire, you also couldn't ""gogo"" the fire. The situation was pretty complex where I saw that the information also has to get more complex as well but it stayed the same amount as the other cases. So I would look at the cases and think about what the players might look for and provide some information even though it gets nowhere like the novel with its summary. That was a good example, interesting to read and giving the idea what may have happened. 

Secondly I didn't like the phone calls, they felt like try and error for the most time and in many cases it didn't make sense that the other side just cut the line and you get yelled by your boss. Dialogue systems like these need more finesse, you still can bring other arguments until you completely mess it up. One good thing was the girl which you had to bring into almost a mental breakdown to get your information. But instead of being just hit or miss you need maybe to say: 70% of the choices are enough for your goal, so you can like mess up 1 or 2 choices and still win. That feels more RPG like in these situations, you just don't get burned to dust instantly if your counterpart gets an answer he/she doesn't like. 

Thirdly the hacks of the phones have been a bit strange. I don't even know why you don't have much time, cause it makes no sense. Its not like the user of the phone is counter hacking or whatever. But yeah I understand the urge to make it difficult through that. Just a bit waste of the nice informations inside the phone. The idea of finding swipes was cool but the one of Jim made me crazy that the ""2"" was a part of starting at the second dot of the swiping patern was a critical one. The rainbow one was far more intuitive. The main issue in puzzle games is when the puzzles start to make not much sense in a logical chain. And this one was pretty close to that imo still I got it after some time, but phew. Then the time issue is really annoying going through the whole ""hacking in"" again. Instead of the time trial I would rather fill the phone with more information where you have to dig through to get what I want. Don't know if it's too much to ask for but that would be just my idea of making that part more enjoyable than stressful and annoying sometimes.

As I said the game overall is super interesting, like Welcome to the Game without murderers, just investigation how many fans of WttG wished for. I hope it goes on. I played the cases again to get missing info etc. Just my type of game. Keep up the good work.","Even though it's not perfect I really recommend the game, also cause it's for a small coin. But instead of giving a full review I just write what issues the game has as it is still work in progress: I really loved the investigation parts like looking up stuff but I felt that there was not all possibilities used. Like in the last episode where Cyclops wasn't mentioned as a character even though he was one of the prime persons. I would have loved to get into his case as side investigation instead of having him just as a pressure against Isabelle. The last investigation felt off overall, where I saw the lack of information on major stuff. Like they talk about the lost person but not the fire, you also couldn't ""gogo"" the fire. The situation was pretty complex where I saw that the information also has to get more complex as well but it stayed the same amount as the other cases. So I would look at the cases and think about what the players might look for and provide some information even though it gets nowhere like the novel with its summary. That was a good example, interesting to read and giving the idea what may have happened. Secondly I didn't like the phone calls, they felt like try and error for the most time and in many cases it didn't make sense that the other side just cut the line and you get yelled by your boss. Dialogue systems like these need more finesse, you still can bring other arguments until you completely mess it up. One good thing was the girl which you had to bring into almost a mental breakdown to get your information. But instead of being just hit or miss you need maybe to say: 70% of the choices are enough for your goal, so you can like mess up 1 or 2 choices and still win. That feels more RPG like in these situations, you just don't get burned to dust instantly if your counterpart gets an answer he/she doesn't like. Thirdly the hacks of the phones have been a bit strange. I don't even know why you don't have much time, cause it makes no sense. Its not like the user of the phone is counter hacking or whatever. But yeah I understand the urge to make it difficult through that. Just a bit waste of the nice informations inside the phone. The idea of finding swipes was cool but the one of Jim made me crazy that the ""2"" was a part of starting at the second dot of the swiping patern was a critical one. The rainbow one was far more intuitive. The main issue in puzzle games is when the puzzles start to make not much sense in a logical chain. And this one was pretty close to that imo still I got it after some time, but phew. Then the time issue is really annoying going through the whole ""hacking in"" again. Instead of the time trial I would rather fill the phone with more information where you have to dig through to get what I want. Don't know if it's too much to ask for but that would be just my idea of making that part more enjoyable than stressful and annoying sometimes. As I said the game overall is super interesting, like Welcome to the Game without murderers, just investigation how many fans of WttG wished for. I hope it goes on. I played the cases again to get missing info etc. Just my type of game. Keep up the good work.",True,2020-08-31T02:36:19+00:00,2020-08-31T02:36:38+00:00,2336.0,570.0,0.0,0.0,0.0,0.5,True,False,True,False,76561197980147701,,25.0,False,False,3195,608,38.93333333333333,9.5,3-10h,positive
106645752,1216710,cyber-manhunt,Cyber Manhunt,english,"Long story short - this is a really good game that lacks a lot of polish and has plenty of bugs. If you can look past that and appreciate the gameplay and the surprisingly accurate portrayals of hacking tactics, then you will find PLENTY to enjoy in this game.

First, I want to praise the game for its portrayal of hacking and the steps that make it possible. It's simple to grasp and communicates the very real threat of phishing and social engineering while keeping things entertaining. The opening title cards of the game say that this was one of their biggest reasons for making the game. In that respect, they 100% succeeded. If you are looking for a game that accurately and easily explains hacking, this is the best example I can think of.

As for the game loop, there are many similarities to the Ace Attorney/Phoenix Wright games.

- you are a given a small handful of clues
- you enter an investigation segment where you search for more clues/information by clicking on everything you see (just like Ace Attorney)
- you take your findings and confront someone, similar to cross-examinations in Ace Attorney
- you go through a [url=https://www.youtube.com/watch?v=mvDspWLhPhg] ""Revisualization Sequence"" [/url] and gather all the information you have to label somebody as killer/witness/hacker/etc
- repeat

This game loop works well and definitely encourages exploration, as any failures or mistakes made along the way will only send you back a few minutes at most, and usually only a few seconds. It also helps that the game focuses on depth rather than a wide variety of mechanics. There are many different minigames along the way, but they are usually one-offs or done a few times back to back. The core game mechanics are a small set and persist throughout the game. These mechanics are fairly open-ended, so the flexibility you have to work with his rather high. And what's more - the game often chains mechanics together to really test your mental flexibility. Sometimes, it can feel cheap - as in brute force would be a more efficient method than logic, but it rarely ever gets that bad.

That said, the game does have issues with polish. It's actually very similar to Ace Attorney where you have to select the exact piece of evidence that the game wants, regardless of how close or relevant the one you chose actually is. Other times, the game has race conditions that occur that don't exactly softlock the game, but certainly glitch it out and make it hard to progress. While I have never been softlocked in this game, I have run into glitches that force me to fail time sensitive tasks. And regardless, several people have reported softlocks exist in this game, so it's something to beware of.

Also, the UI is a bit finnicky. The primary UI you will be working with is meant to look like a computer desktop, which is really cool and makes a great backdrop for the rest of the game, but there are definitely some cut corners. For example, you cannot use your scroll wheel to scroll through content - you must click and drag the page or the scroll bar. That got annoying fast, but I got over it. Also, similar to Ace Attorney, investigation segments will involve you hovering over everything and anything you see until your cursor (or in this case, the background) changes to signify that a clue is here. This makes the process of finding clues a bit repetitive, even though the game throws a few new mechanics in for each chapter. And I could be wrong, but I am fairly certain that the color-change-on-hover mechanic has a weird hover detection, leading to false negatives. I am not sure, and even if it is the case, it is rare - maybe once or twice a chapter.

The story is surprisingly engaging. For starters, it is a fairly mature game, as it delves into some pretty painful and disgusting subject matter. Examples include permanent bodily injury and human trafficking. The game uses these subjects to explain the threat and danger of an insecure internet and how people exploit it for their benefit. We see recurring characters who struggle with these threats and dangers and feel the pull to use the elements for their own purposes. Seeing the struggle really makes the story feel impactful, real, and threatening, while not running into any form of power creep. The conflicts are unique, but self-contained. The characters grow and develop as the story progresses.

It's a bit difficult to say whether or not characters have depth. Technically, they have a lot of depth, but most of their depth is literally given to the player as bullet points on a board highlighting what the character went through. As more bullets are added, their motivations get further explained and then their justifications become revealed. In that light, I'd say almost every character we come across has depth and purpose for being in the story. But that said, it's still just bullet points on a page - there's a chance that the characters will feel cheap since their traits are rarely revealed through dialogue or conversation.

And on that note, it's important to say that the English version of the game is full of typos, bad grammar, run-on sentences, and otherwise broken english. And I don't mean once every few minutes. I mean multiple times per paragraph - sometimes, multiple times per sentence. It's clear that this game was translated into English, but not very well. The text is perfectly understandable, so I am not bothered at all by it, but I imagine others might.

As for the voice acting, most reviews seem to dislike the voices or find them passable, but I thought all of these voice actors did a phenomenal job. I was actually shocked at how good some of these portrayals were. The voices didn't just add another dimension, they actually communicated character traits that the text and story alone could not. For example, Van's voice actor really highlighted just how unhinged the character was - something that the story alone doesn't clearly portray. Another example is Coral's voice actor communicating shame and embarrassment on top of the fear that the text displayed. Every single voice was great, but special praise to the voice actors for Ashley, Van, and Quiller.

The music is surprisingly well done, but there aren't a wide variety of songs. The art has 2 styles - the computer desktop/applications and the people/locations. The desktop/applications are sleek and beautiful. The locales/characters are emotive and detailed. Character animations are a bit static/stiff, but I feel it adds to the charm.

All in all, I had a great time with the game. I finished it at 40 hours, but that was with me taking the long way around and digging through everything. This is more like a 5-15 hour game, depending on how much you guess right the first time. I enjoyed the accurate portrayal of hacking, the story, music, art, and mechanics. I got annoyed with glitches, but they were usually easy to resolve or easy to recover from.","Long story short - this is a really good game that lacks a lot of polish and has plenty of bugs. If you can look past that and appreciate the gameplay and the surprisingly accurate portrayals of hacking tactics, then you will find PLENTY to enjoy in this game. First, I want to praise the game for its portrayal of hacking and the steps that make it possible. It's simple to grasp and communicates the very real threat of phishing and social engineering while keeping things entertaining. The opening title cards of the game say that this was one of their biggest reasons for making the game. In that respect, they 100% succeeded. If you are looking for a game that accurately and easily explains hacking, this is the best example I can think of. As for the game loop, there are many similarities to the Ace Attorney/Phoenix Wright games. - you are a given a small handful of clues - you enter an investigation segment where you search for more clues/information by clicking on everything you see (just like Ace Attorney) - you take your findings and confront someone, similar to cross-examinations in Ace Attorney - you go through a [url=https://www.youtube.com/watch?v=mvDspWLhPhg] ""Revisualization Sequence"" [/url] and gather all the information you have to label somebody as killer/witness/hacker/etc - repeat This game loop works well and definitely encourages exploration, as any failures or mistakes made along the way will only send you back a few minutes at most, and usually only a few seconds. It also helps that the game focuses on depth rather than a wide variety of mechanics. There are many different minigames along the way, but they are usually one-offs or done a few times back to back. The core game mechanics are a small set and persist throughout the game. These mechanics are fairly open-ended, so the flexibility you have to work with his rather high. And what's more - the game often chains mechanics together to really test your mental flexibility. Sometimes, it can feel cheap - as in brute force would be a more efficient method than logic, but it rarely ever gets that bad. That said, the game does have issues with polish. It's actually very similar to Ace Attorney where you have to select the exact piece of evidence that the game wants, regardless of how close or relevant the one you chose actually is. Other times, the game has race conditions that occur that don't exactly softlock the game, but certainly glitch it out and make it hard to progress. While I have never been softlocked in this game, I have run into glitches that force me to fail time sensitive tasks. And regardless, several people have reported softlocks exist in this game, so it's something to beware of. Also, the UI is a bit finnicky. The primary UI you will be working with is meant to look like a computer desktop, which is really cool and makes a great backdrop for the rest of the game, but there are definitely some cut corners. For example, you cannot use your scroll wheel to scroll through content - you must click and drag the page or the scroll bar. That got annoying fast, but I got over it. Also, similar to Ace Attorney, investigation segments will involve you hovering over everything and anything you see until your cursor (or in this case, the background) changes to signify that a clue is here. This makes the process of finding clues a bit repetitive, even though the game throws a few new mechanics in for each chapter. And I could be wrong, but I am fairly certain that the color-change-on-hover mechanic has a weird hover detection, leading to false negatives. I am not sure, and even if it is the case, it is rare - maybe once or twice a chapter. The story is surprisingly engaging. For starters, it is a fairly mature game, as it delves into some pretty painful and disgusting subject matter. Examples include permanent bodily injury and human trafficking. The game uses these subjects to explain the threat and danger of an insecure internet and how people exploit it for their benefit. We see recurring characters who struggle with these threats and dangers and feel the pull to use the elements for their own purposes. Seeing the struggle really makes the story feel impactful, real, and threatening, while not running into any form of power creep. The conflicts are unique, but self-contained. The characters grow and develop as the story progresses. It's a bit difficult to say whether or not characters have depth. Technically, they have a lot of depth, but most of their depth is literally given to the player as bullet points on a board highlighting what the character went through. As more bullets are added, their motivations get further explained and then their justifications become revealed. In that light, I'd say almost every character we come across has depth and purpose for being in the story. But that said, it's still just bullet points on a page - there's a chance that the characters will feel cheap since their traits are rarely revealed through dialogue or conversation. And on that note, it's important to say that the English version of the game is full of typos, bad grammar, run-on sentences, and otherwise broken english. And I don't mean once every few minutes. I mean multiple times per paragraph - sometimes, multiple times per sentence. It's clear that this game was translated into English, but not very well. The text is perfectly understandable, so I am not bothered at all by it, but I imagine others might. As for the voice acting, most reviews seem to dislike the voices or find them passable, but I thought all of these voice actors did a phenomenal job. I was actually shocked at how good some of these portrayals were. The voices didn't just add another dimension, they actually communicated character traits that the text and story alone could not. For example, Van's voice actor really highlighted just how unhinged the character was - something that the story alone doesn't clearly portray. Another example is Coral's voice actor communicating shame and embarrassment on top of the fear that the text displayed. Every single voice was great, but special praise to the voice actors for Ashley, Van, and Quiller. The music is surprisingly well done, but there aren't a wide variety of songs. The art has 2 styles - the computer desktop/applications and the people/locations. The desktop/applications are sleek and beautiful. The locales/characters are emotive and detailed. Character animations are a bit static/stiff, but I feel it adds to the charm. All in all, I had a great time with the game. I finished it at 40 hours, but that was with me taking the long way around and digging through everything. This is more like a 5-15 hour game, depending on how much you guess right the first time. I enjoyed the accurate portrayal of hacking, the story, music, art, and mechanics. I got annoyed with glitches, but they were usually easy to resolve or easy to recover from.",True,2021-12-27T09:20:10+00:00,2021-12-27T09:48:07+00:00,2644.0,2427.0,0.0,48.0,1.0,0.7930359840393066,True,False,False,False,76561198218736355,,12.0,False,False,6942,1197,44.06666666666667,40.45,10h+,positive
96695549,1216710,cyber-manhunt,Cyber Manhunt,english,"Eh. Cyber Manhunt isn't a bad game, but if you were expecting an immersive experience like Hypnospace Outlaw or even Orwell, this isn't it. The mechanics of browsing and finding information is heavily streamlined for the sake of keeping the story moving, and the story is pretty whatever morality play stuff. There's also a big issue for English speakers,as the translation is very rough, not the worst I've seen as translations go but rough enough that nobody feels like they're speaking like normal people. The grammar wasn't corrected, meaning it's still using structure of the original language instead of English, which is a problem for a game based heavily around immersion.

I would have liked it if the game trusted its players a bit more to figure out what to do then what the game is like currently.","Eh. Cyber Manhunt isn't a bad game, but if you were expecting an immersive experience like Hypnospace Outlaw or even Orwell, this isn't it. The mechanics of browsing and finding information is heavily streamlined for the sake of keeping the story moving, and the story is pretty whatever morality play stuff. There's also a big issue for English speakers,as the translation is very rough, not the worst I've seen as translations go but rough enough that nobody feels like they're speaking like normal people. The grammar wasn't corrected, meaning it's still using structure of the original language instead of English, which is a problem for a game based heavily around immersion. I would have liked it if the game trusted its players a bit more to figure out what to do then what the game is like currently.",False,2021-07-31T14:52:09+00:00,2021-07-31T14:52:09+00:00,17.0,17.0,0.0,5.0,0.0,0.598271369934082,True,False,False,False,76561198044053079,,177.0,False,False,808,138,0.2833333333333333,0.2833333333333333,0-1h,negative
89072100,1216710,cyber-manhunt,Cyber Manhunt,english,"Bear in mind, although I can't recommend this, I'll still play it until the end. I have a high tolerance for the things I will criticise, but I wouldn't recommend the game.

The game is solid for it's price. The story is very intriguing, and the mysteries are pretty dope. But in a game that is almost 100% about reading, the language can't be broken. I can understand using broken English as a tool of storytelling, but when you find broken English in places where it wouldn't normally be, immersion is broken. And having a disclaimer of ""please e-mail me if you find something wrong"" is very lazy; quality control it yourselves dude.

I hope this serves as an incentive to fix it, because I love this kind of game.

Peace!","Bear in mind, although I can't recommend this, I'll still play it until the end. I have a high tolerance for the things I will criticise, but I wouldn't recommend the game. The game is solid for it's price. The story is very intriguing, and the mysteries are pretty dope. But in a game that is almost 100% about reading, the language can't be broken. I can understand using broken English as a tool of storytelling, but when you find broken English in places where it wouldn't normally be, immersion is broken. And having a disclaimer of ""please e-mail me if you find something wrong"" is very lazy; quality control it yourselves dude. I hope this serves as an incentive to fix it, because I love this kind of game. Peace!",False,2021-03-25T17:52:44+00:00,2021-03-29T08:07:04+00:00,242.0,177.0,0.0,24.0,1.0,0.586813747882843,True,False,False,False,76561198058417522,,55.0,False,False,721,131,4.033333333333333,2.95,1-3h,negative
131296327,1216710,cyber-manhunt,Cyber Manhunt,english,"I normally avoid leaving negative reviews on games that didn't work for me. The way I see it, my personal dislike of particular features or plot points doesn't necessarily add up to a bad game for someone else. Unfortunately, in the case of Cyber Manhunt, I feel justified in leaving this review because I think the game fails at what it sets out to do: making the player feel like a hacker solving a compelling mystery.

The first, and perhaps greatest challenge to immersion I encountered here is the writing. To clarify, my primary issue is not with the English translation. I do believe there are many odd choices that add up to very stilted and unnatural-sounding conversations, but I would have been able to see past this if the characters and stories involved were more thoughtfully written to begin with. 

Most of the characters you investigate in Cyber Manhunt embody one-dimensional stereotypes. This makes the stories you uncover about them highly predictable. The social issues the game claims to focus on (according to the blurb: cyber violence and privacy breaches) are explored in what I personally believe to be an equally shallow, one-dimensional way. There are also additional social issues, such as sexual violence and human trafficking, which I believe the writers were simply not equipped to handle at all—and I say that as someone who has had to deal with these issues in my past work. The behaviour of both the victims and the perpetrators is painfully unrealistic, to the point that I suspect the writers took more inspiration from internet creepypastas than real life cases. 

Because the puzzles rely on narrative complexity to be interesting, I believe the game falls flat on this front as well. You scour social media accounts, emails and webpages for names and other personally identifiable information. Databases and password cracking tools help you access more data to scour. There are occasionally phishing sequences where you select dialogue choices. All of these mechanics have the potential to be a fun, highly simplified social hacking simulation, and I can see Cyber Manhunt is trying its best to do just that. I even believe it might have worked—if there was more thought put into how the characters communicate and what their motivations might be as full-fledged human beings. A predictable story with one-dimensional characters who speak and write in a stilted, unnatural sounding way just doesn't make for a very engaging data-scouring experience.

All in all, I am disappointed with the wasted potential in Cyber Manhunt. I hope that if the devs go on to make more narrative games, they will make quality writing a higher priority of the overall experience.","I normally avoid leaving negative reviews on games that didn't work for me. The way I see it, my personal dislike of particular features or plot points doesn't necessarily add up to a bad game for someone else. Unfortunately, in the case of Cyber Manhunt, I feel justified in leaving this review because I think the game fails at what it sets out to do: making the player feel like a hacker solving a compelling mystery. The first, and perhaps greatest challenge to immersion I encountered here is the writing. To clarify, my primary issue is not with the English translation. I do believe there are many odd choices that add up to very stilted and unnatural-sounding conversations, but I would have been able to see past this if the characters and stories involved were more thoughtfully written to begin with. Most of the characters you investigate in Cyber Manhunt embody one-dimensional stereotypes. This makes the stories you uncover about them highly predictable. The social issues the game claims to focus on (according to the blurb: cyber violence and privacy breaches) are explored in what I personally believe to be an equally shallow, one-dimensional way. There are also additional social issues, such as sexual violence and human trafficking, which I believe the writers were simply not equipped to handle at all—and I say that as someone who has had to deal with these issues in my past work. The behaviour of both the victims and the perpetrators is painfully unrealistic, to the point that I suspect the writers took more inspiration from internet creepypastas than real life cases. Because the puzzles rely on narrative complexity to be interesting, I believe the game falls flat on this front as well. You scour social media accounts, emails and webpages for names and other personally identifiable information. Databases and password cracking tools help you access more data to scour. There are occasionally phishing sequences where you select dialogue choices. All of these mechanics have the potential to be a fun, highly simplified social hacking simulation, and I can see Cyber Manhunt is trying its best to do just that. I even believe it might have worked—if there was more thought put into how the characters communicate and what their motivations might be as full-fledged human beings. A predictable story with one-dimensional characters who speak and write in a stilted, unnatural sounding way just doesn't make for a very engaging data-scouring experience. All in all, I am disappointed with the wasted potential in Cyber Manhunt. I hope that if the devs go on to make more narrative games, they will make quality writing a higher priority of the overall experience.",False,2023-01-21T21:26:33+00:00,2023-01-21T21:26:33+00:00,350.0,350.0,0.0,16.0,0.0,0.674750030040741,True,False,False,False,76561198051833822,,6.0,False,False,2694,446,5.833333333333333,5.833333333333333,3-10h,negative
100075705,1216710,cyber-manhunt,Cyber Manhunt,english,"I was 80% of the way to giving this a thumbs because hey, it's ten bucks and it will kill a few hours of your life, the puzzles are somewhat challenging and clicking around playing pretend-hacker is always diverting.

It doesn't quite get over the finish line for a few reasons:

As much there are ominous warnings about sensitive subject matter and deep thoughts concerning your privacy, the game is REALLY rough from a narrative standpoint. The game is translated from Chinese, and while their English is a great deal better than my non-existent Mandarin, it's still not good, with really clunky dialogue that kills any emotional heft the story may be going for and some variable (but mostly bad) voice acting. And when you're tackling serious topics like sexual assault and bullying and online harassment and such, you shouldn't be giggling at deadpan ""he attacked me like an animal"" deliveries. In other words, don't expect to lose yourself in the story here.

But whatever, it's a budget game, they couldn't shell out for a localization team, that's forgivable. You can still have a good time playing pretend-hacker and solving puzzles, right?

Well... you could have, maybe, if the game weren't so full of bugs. Some are merely annoying, like someone asking you over the phone the name they used when they e-mailed you and you put in that name and they say it's wrong, so you double-check and look for one of the two other options there, but you don't see it, so you throw your hands up, look at a guide, see the answer, look again at the e-mail wondering where they ever used the name and then just put it in because you've already wasted ten minutes and just want to get on with it. Someone quizzes you on what part of their body was injured, and that information was never made available anywhere. You can try these puzzles repeatedly, but you can't back out if you fail and go double-check stuff again, you have to go all the way out to the main menu and then re-continue the game.

None of this was enough to turn me off the game until I hit Chapter 5. Without going into details, Chapter 5 was so buggy, it forced me to quit and re-load the game three times, and finally reached a point where I really couldn't progress because a specific tool I needed to finish a puzzle wouldn't load. By that point, I was done.

What inevitably earns this game the thumbs down is just that there are much better hacking games and ""surveillance is bad"" games out there. TIS-100, Hacknet, Grey Hack, Orwell. Even if this game is cheaper, go spend the extra money elsewhere. It will be worth it.","I was 80% of the way to giving this a thumbs because hey, it's ten bucks and it will kill a few hours of your life, the puzzles are somewhat challenging and clicking around playing pretend-hacker is always diverting. It doesn't quite get over the finish line for a few reasons: As much there are ominous warnings about sensitive subject matter and deep thoughts concerning your privacy, the game is REALLY rough from a narrative standpoint. The game is translated from Chinese, and while their English is a great deal better than my non-existent Mandarin, it's still not good, with really clunky dialogue that kills any emotional heft the story may be going for and some variable (but mostly bad) voice acting. And when you're tackling serious topics like sexual assault and bullying and online harassment and such, you shouldn't be giggling at deadpan ""he attacked me like an animal"" deliveries. In other words, don't expect to lose yourself in the story here. But whatever, it's a budget game, they couldn't shell out for a localization team, that's forgivable. You can still have a good time playing pretend-hacker and solving puzzles, right? Well... you could have, maybe, if the game weren't so full of bugs. Some are merely annoying, like someone asking you over the phone the name they used when they e-mailed you and you put in that name and they say it's wrong, so you double-check and look for one of the two other options there, but you don't see it, so you throw your hands up, look at a guide, see the answer, look again at the e-mail wondering where they ever used the name and then just put it in because you've already wasted ten minutes and just want to get on with it. Someone quizzes you on what part of their body was injured, and that information was never made available anywhere. You can try these puzzles repeatedly, but you can't back out if you fail and go double-check stuff again, you have to go all the way out to the main menu and then re-continue the game. None of this was enough to turn me off the game until I hit Chapter 5. Without going into details, Chapter 5 was so buggy, it forced me to quit and re-load the game three times, and finally reached a point where I really couldn't progress because a specific tool I needed to finish a puzzle wouldn't load. By that point, I was done. What inevitably earns this game the thumbs down is just that there are much better hacking games and ""surveillance is bad"" games out there. TIS-100, Hacknet, Grey Hack, Orwell. Even if this game is cheaper, go spend the extra money elsewhere. It will be worth it.",False,2021-09-28T07:13:28+00:00,2021-09-28T07:13:28+00:00,828.0,828.0,0.0,3.0,2.0,0.5358649492263794,True,False,False,False,76561198023820129,,57.0,False,False,2584,463,13.8,13.8,10h+,negative
96449421,1216710,cyber-manhunt,Cyber Manhunt,english,"Such a fun game, the story works really well with the gameplay. Its also pretty great to become a hacker!","Such a fun game, the story works really well with the gameplay. Its also pretty great to become a hacker!",True,2021-07-27T09:53:15+00:00,2021-07-27T09:53:15+00:00,452.0,21.0,0.0,0.0,0.0,0.5,True,False,False,False,76561198828954515,,5.0,False,False,105,20,7.533333333333333,0.35,0-1h,positive
78107399,1216710,cyber-manhunt,Cyber Manhunt,english,"So far I'm enjoying the game.  Looks like there are some localization issues, but it's minor and you can still understand the story.  You just feel like a hacker uncovering mysteries.  It's a lot of fun.","So far I'm enjoying the game. Looks like there are some localization issues, but it's minor and you can still understand the story. You just feel like a hacker uncovering mysteries. It's a lot of fun.",True,2020-10-25T02:42:03+00:00,2020-10-25T02:42:03+00:00,333.0,98.0,0.0,0.0,0.0,0.5,True,False,True,False,76561198066840810,,10.0,False,False,200,36,5.55,1.6333333333333333,1-3h,positive
77893923,1216710,cyber-manhunt,Cyber Manhunt,english,"I am a big fan of adventure games since the early 90s.Any game that uses your mind to work things out be it in graphical and text or animated. This is the first time i played a game like this and after playing i did look at other games with demo but decided to come back to this one and go full purchase. The game is great to put on in the evening when all is quite, have your glass of malibu and coke and try crack the cases. The game is a mixture of detective cyber hunt using all the tools available to track, trace and gather evidence to complete the chapters. WIth the use of social media in all our lives this is  glimpse of what can be found online and how scary things can be online but its a great version in a game. Once of the only things i can say is if you have seen the film searching and you liked it then you have to play this game ( cant help thinking about the similarities in the way you search for stuff and also the title music very similar, but this is a good thing as i loved the film ( a must see ) and this game puts me in that mode and a great buy. I can see this going further and further with the introduction of more cases never ending. The play time is very good and cases are quite diverse and expanding. THere is a great urgency to complete the cases and with each development there is a twist . Detective cyber hacker all in one. Its presented in a lovely way with with great touched to the social media sites online with a great internet browse search engine along with other tools to play the game. Looking through transcripts and reports with what ever you find to gather the clues and come to a conclusion really keeps you on your toes. You can not go wrong for the price and if your worried play the demo like i did once you get to as far as you can with the demo you will want more and end up purchasing the full game. ( as developer says remember the saved game in the demo will not work with the full game) So if you get the idea of the game quite early on buy it and start a new game. I played to the end of the demo and loved it so much and wanted more that i sacrificed to play all the up to that point again and completed the first chapter. My play time on the chapter was 58 out of 58 information gathered with a play time of around an hour  each evening spanning over a few days with some extra play time in between as i wanted to see what happens next. Play the demo like what you see in the first 15 mins then go straight to the purchase","I am a big fan of adventure games since the early 90s.Any game that uses your mind to work things out be it in graphical and text or animated. This is the first time i played a game like this and after playing i did look at other games with demo but decided to come back to this one and go full purchase. The game is great to put on in the evening when all is quite, have your glass of malibu and coke and try crack the cases. The game is a mixture of detective cyber hunt using all the tools available to track, trace and gather evidence to complete the chapters. WIth the use of social media in all our lives this is glimpse of what can be found online and how scary things can be online but its a great version in a game. Once of the only things i can say is if you have seen the film searching and you liked it then you have to play this game ( cant help thinking about the similarities in the way you search for stuff and also the title music very similar, but this is a good thing as i loved the film ( a must see ) and this game puts me in that mode and a great buy. I can see this going further and further with the introduction of more cases never ending. The play time is very good and cases are quite diverse and expanding. THere is a great urgency to complete the cases and with each development there is a twist . Detective cyber hacker all in one. Its presented in a lovely way with with great touched to the social media sites online with a great internet browse search engine along with other tools to play the game. Looking through transcripts and reports with what ever you find to gather the clues and come to a conclusion really keeps you on your toes. You can not go wrong for the price and if your worried play the demo like i did once you get to as far as you can with the demo you will want more and end up purchasing the full game. ( as developer says remember the saved game in the demo will not work with the full game) So if you get the idea of the game quite early on buy it and start a new game. I played to the end of the demo and loved it so much and wanted more that i sacrificed to play all the up to that point again and completed the first chapter. My play time on the chapter was 58 out of 58 information gathered with a play time of around an hour each evening spanning over a few days with some extra play time in between as i wanted to see what happens next. Play the demo like what you see in the first 15 mins then go straight to the purchase",True,2020-10-20T22:59:42+00:00,2020-10-20T22:59:42+00:00,1446.0,192.0,7.0,0.0,0.0,0.5,True,False,True,False,76561198040447523,,50.0,False,False,2484,504,24.1,3.2,3-10h,positive
88228214,1216710,cyber-manhunt,Cyber Manhunt,english,"*You need to buy the DLC to get all achievements.

[b]My playtime:[/b] 17.2h (based on Steam, 27/38 achievement)
[b]Grindy Achievement(s):[/b] No  (1 achievement require you to idle for ~30 minutes).
[b]Optional Achievement(s):[/b] Yes (26 achievements).
[b]Difficult Achievement(s):[/b] No.

[h1]Intro[/h1]
You work for [i]Titan[/i], one of the big companies in [i]Allivia[/i]. Your job? Looking for people's information on the internet. [b]Cyber Manhunt[/b] is a game that will show you the dark side of the internet from leaving your personal information everywhere.

[b]Pros:[/b]
- 5 chapters
- Minigames and riddles on some chapters
- All voices are dubbed

[b]Cons:[/b]
- Some riddles are too vague to solve
- Most timed events are too short, relying you on retrying the event again to get the job done

[h1]Should you buy this game?[/h1]
[b]Yes.[/b]
[i]If you are looking for other games that look like [url=https://store.steampowered.com/app/491950/Orwell_Keeping_an_Eye_On_You/][b]Orwell: Keeping an Eye On You[/b][/url] ([url=https://steamcommunity.com/profiles/76561198132503739/recommended/491950]my review[/url]), buy this game at a sale.[/i]

[hr][/hr]
[h1]In-Depth Review[/h1]

[h3]Graphics[/h3]
The game uses a similar design as the [i]Mac[/i] operating system. A list of applications is available at the bottom of the screen, centered with some additional info such as news, objectives, and collected information on each corner of the screen. Although the game incorporates applications and websites that you usually use every day, some applications are also specifically designed for the game. However, they are not maximized, leaving a lot of empty spaces behind. Some people with reading difficulties might benefit from the use of space and bigger text, especially the browser.

[h3]Story[/h3]
The story is divided into 5 chapters, each with a different focus in mind. You'll investigate different people in each chapter except for a few characters that will appear in more than one chapters, connecting their involvement in a bigger picture. While you'll benefit more from the story by remembering these reoccurring characters, each chapter can still be enjoyed separately.

Some cutscenes are also introduced between each chapter, focusing on you and the company that you worked in. Everything will be wrapped up in the ending, which is also connected with the conclusion of the last chapter. While the story might come as a surprise to some people, it didn't affect me much since I played a game with a similar concept before. However, some parts of the story feel a bit odd, mostly due to the translation and different dialogue choices in the game.

https://steamcommunity.com/sharedfiles/filedetails/?id=2421076473 

[h3]The Game[/h3]
[b]Investigation[/b]
The main feature of [b]Cyber Manhunt[/b] is a cyber investigation, where you have to collect someone’s profile by gathering information online. It tries to make it as realistic as the real world by collecting data from social media, news portals, and other websites while incorporating some fantasy elements as well. A company database is available at your disposal, which you can use to gather more detailed data from some input.

However, finding the correct information tend to be troublesome since you need to hover your mouse to the text before collecting them. Some information that seems to be useful also tends to not be collectible if the developer chooses not to make it so, turning everything into a “hovering my mouse to every sentence that I could see” game just to satisfy the condition. The game also has no clue system which might halt your progression if you accidentally miss one piece of information that is buried beneath the haystack of information.

https://steamcommunity.com/sharedfiles/filedetails/?id=2421076590 

The introduction of the cracking tool is also a bit ridiculous. You can put some personal information of the target on the app and voila, you'll get the target's password. The game doesn't seem to give a quick option to copy and paste all of the required info in one click though - there are 6 fields to fill, and filling them one by one every time is very tiring. Moreover, the tool only gives one password and strangely, it works for almost every account that the target uses. While this doesn't make sense, some people actually do these kinds of stuff so I'm not sure whether the game does this on purpose to remind us not to do this practice or not. 

[b]Riddles and Minigames[/b]
Some riddles are tricky and not obvious enough to solve. Although some clues are available, they tend to be confusing since you need to know various things beforehand, such as how house numbering works and the date format that the developer intended to use. The game tends to use the MMDD format for dates and I kept on using the DDMM format out of habit, which goes worse when the year is also involved. One riddle also requires you to unlock a phone with a pattern that is not possible to do in an actual phone, triggering some confusion. To make it worse, everything must be done within a time limit, which is almost impossible to accomplish on your first try.

On the other hand, I had fun playing the minigames. Some of them are similar to other puzzle games like [url=https://store.steampowered.com/app/367580/Hook/][b]Hook[/b][/url], while some are more original. The tutorials that are provided before you start some minigames also help you to understand how they work. However, one minigame is quite difficult to understand, especially if you want to unlock a certain achievement.

https://steamcommunity.com/sharedfiles/filedetails/?id=2421077117 

[b]Length and Replayability[/b]
Steam says that I finished the game in 12.6h, while the in-game clock states that I did it in ~12.2h. Each chapter can be finished in 1-2 hours, which can take longer if you want to get some achievements. Despite the achievement mentioning three endings, two of them are similar to each other while the last one is a bad ending that will lead you to a game over screen. There is no reason to replay the game apart from unlocking achievements.

[b]Problem[/b]
You can't skip cutscenes. The game also doesn't allow you to open the menu to load your save at some point, forcing you to restart the game manually. While I usually don't mind with this, the game has a slow loading time, making achievement hunting to be annoying sometimes.

[h1]Specs[/h1]
Intel Core i5-9300H 2.40GHz, 8GB RAM, NVIDIA GeForce GTX 1650

[h1]Conclusion[/h1]
To be honest, I thought that the game will be similar to [url=https://store.steampowered.com/app/365450/Hacknet/][b]Hacknet[/b][/url] ([url=https://steamcommunity.com/profiles/76561198132503739/recommended/365450]my review[/url]) where you have to hack into servers and steal some information. It turns out that it's more similar to [url=https://store.steampowered.com/app/491950/Orwell_Keeping_an_Eye_On_You/][b]Orwell: Keeping an Eye On You[/b][/url] ([url=https://steamcommunity.com/profiles/76561198132503739/recommended/491950]my review[/url]) and although I don't mind with the similarity, this game feels like an inferior version of that game with some additional features. It was tiring to hover my mouse on every text to find clues and doing it when I was reading the text ruins my concentration. Some translations are also a bit off and although it's still possible to understand the story, it can ruin the immersion sometimes. However, the game is still enjoyable if you are looking for a similar game to [b]Orwell[/b] and don't mind with some annoyances.

[quote]This game was reviewed with a key provided by the developer for free through [url=https://discord.gg/xc22zZP]Reviewers' Paradise[/url], a group that connects both developers and reviewers in one place[/quote]

[quote]Visit SaveOrQuit.com for detailed game reviews, posted daily![/quote]","*You need to buy the DLC to get all achievements. [b]My playtime:[/b] 17.2h (based on Steam, 27/38 achievement) [b]Grindy Achievement(s):[/b] No (1 achievement require you to idle for ~30 minutes). [b]Optional Achievement(s):[/b] Yes (26 achievements). [b]Difficult Achievement(s):[/b] No. [h1]Intro[/h1] You work for [i]Titan[/i], one of the big companies in [i]Allivia[/i]. Your job? Looking for people's information on the internet. [b]Cyber Manhunt[/b] is a game that will show you the dark side of the internet from leaving your personal information everywhere. [b]Pros:[/b] - 5 chapters - Minigames and riddles on some chapters - All voices are dubbed [b]Cons:[/b] - Some riddles are too vague to solve - Most timed events are too short, relying you on retrying the event again to get the job done [h1]Should you buy this game?[/h1] [b]Yes.[/b] [i]If you are looking for other games that look like [url=https://store.steampowered.com/app/491950/Orwell_Keeping_an_Eye_On_You/][b]Orwell: Keeping an Eye On You[/b][/url] ([url=https://steamcommunity.com/profiles/76561198132503739/recommended/491950]my review[/url]), buy this game at a sale.[/i] [hr][/hr] [h1]In-Depth Review[/h1] [h3]Graphics[/h3] The game uses a similar design as the [i]Mac[/i] operating system. A list of applications is available at the bottom of the screen, centered with some additional info such as news, objectives, and collected information on each corner of the screen. Although the game incorporates applications and websites that you usually use every day, some applications are also specifically designed for the game. However, they are not maximized, leaving a lot of empty spaces behind. Some people with reading difficulties might benefit from the use of space and bigger text, especially the browser. [h3]Story[/h3] The story is divided into 5 chapters, each with a different focus in mind. You'll investigate different people in each chapter except for a few characters that will appear in more than one chapters, connecting their involvement in a bigger picture. While you'll benefit more from the story by remembering these reoccurring characters, each chapter can still be enjoyed separately. Some cutscenes are also introduced between each chapter, focusing on you and the company that you worked in. Everything will be wrapped up in the ending, which is also connected with the conclusion of the last chapter. While the story might come as a surprise to some people, it didn't affect me much since I played a game with a similar concept before. However, some parts of the story feel a bit odd, mostly due to the translation and different dialogue choices in the game. https://steamcommunity.com/sharedfiles/filedetails/?id=2421076473 [h3]The Game[/h3] [b]Investigation[/b] The main feature of [b]Cyber Manhunt[/b] is a cyber investigation, where you have to collect someone’s profile by gathering information online. It tries to make it as realistic as the real world by collecting data from social media, news portals, and other websites while incorporating some fantasy elements as well. A company database is available at your disposal, which you can use to gather more detailed data from some input. However, finding the correct information tend to be troublesome since you need to hover your mouse to the text before collecting them. Some information that seems to be useful also tends to not be collectible if the developer chooses not to make it so, turning everything into a “hovering my mouse to every sentence that I could see” game just to satisfy the condition. The game also has no clue system which might halt your progression if you accidentally miss one piece of information that is buried beneath the haystack of information. https://steamcommunity.com/sharedfiles/filedetails/?id=2421076590 The introduction of the cracking tool is also a bit ridiculous. You can put some personal information of the target on the app and voila, you'll get the target's password. The game doesn't seem to give a quick option to copy and paste all of the required info in one click though - there are 6 fields to fill, and filling them one by one every time is very tiring. Moreover, the tool only gives one password and strangely, it works for almost every account that the target uses. While this doesn't make sense, some people actually do these kinds of stuff so I'm not sure whether the game does this on purpose to remind us not to do this practice or not. [b]Riddles and Minigames[/b] Some riddles are tricky and not obvious enough to solve. Although some clues are available, they tend to be confusing since you need to know various things beforehand, such as how house numbering works and the date format that the developer intended to use. The game tends to use the MMDD format for dates and I kept on using the DDMM format out of habit, which goes worse when the year is also involved. One riddle also requires you to unlock a phone with a pattern that is not possible to do in an actual phone, triggering some confusion. To make it worse, everything must be done within a time limit, which is almost impossible to accomplish on your first try. On the other hand, I had fun playing the minigames. Some of them are similar to other puzzle games like [url=https://store.steampowered.com/app/367580/Hook/][b]Hook[/b][/url], while some are more original. The tutorials that are provided before you start some minigames also help you to understand how they work. However, one minigame is quite difficult to understand, especially if you want to unlock a certain achievement. https://steamcommunity.com/sharedfiles/filedetails/?id=2421077117 [b]Length and Replayability[/b] Steam says that I finished the game in 12.6h, while the in-game clock states that I did it in ~12.2h. Each chapter can be finished in 1-2 hours, which can take longer if you want to get some achievements. Despite the achievement mentioning three endings, two of them are similar to each other while the last one is a bad ending that will lead you to a game over screen. There is no reason to replay the game apart from unlocking achievements. [b]Problem[/b] You can't skip cutscenes. The game also doesn't allow you to open the menu to load your save at some point, forcing you to restart the game manually. While I usually don't mind with this, the game has a slow loading time, making achievement hunting to be annoying sometimes. [h1]Specs[/h1] Intel Core i5-9300H 2.40GHz, 8GB RAM, NVIDIA GeForce GTX 1650 [h1]Conclusion[/h1] To be honest, I thought that the game will be similar to [url=https://store.steampowered.com/app/365450/Hacknet/][b]Hacknet[/b][/url] ([url=https://steamcommunity.com/profiles/76561198132503739/recommended/365450]my review[/url]) where you have to hack into servers and steal some information. It turns out that it's more similar to [url=https://store.steampowered.com/app/491950/Orwell_Keeping_an_Eye_On_You/][b]Orwell: Keeping an Eye On You[/b][/url] ([url=https://steamcommunity.com/profiles/76561198132503739/recommended/491950]my review[/url]) and although I don't mind with the similarity, this game feels like an inferior version of that game with some additional features. It was tiring to hover my mouse on every text to find clues and doing it when I was reading the text ruins my concentration. Some translations are also a bit off and although it's still possible to understand the story, it can ruin the immersion sometimes. However, the game is still enjoyable if you are looking for a similar game to [b]Orwell[/b] and don't mind with some annoyances. [quote]This game was reviewed with a key provided by the developer for free through [url=https://discord.gg/xc22zZP]Reviewers' Paradise[/url], a group that connects both developers and reviewers in one place[/quote] [quote]Visit SaveOrQuit.com for detailed game reviews, posted daily![/quote]",True,2021-03-11T05:52:02+00:00,2021-08-01T03:17:57+00:00,1215.0,1033.0,0.0,60.0,1.0,0.7810111045837402,False,True,False,False,76561198132503739,,806.0,False,False,7863,1188,20.25,17.216666666666665,10h+,positive
74916213,1216710,cyber-manhunt,Cyber Manhunt,english,"very boring and long animations. Yes, I know that this is a simple arcade game. But I was expecting a breakthrough in the hacker simulator genre. But this is just a story, comparable to text quests. Those who wanted to dive deeper into the life of a hacker are better off playing Gray Hack or at least Uplink","very boring and long animations. Yes, I know that this is a simple arcade game. But I was expecting a breakthrough in the hacker simulator genre. But this is just a story, comparable to text quests. Those who wanted to dive deeper into the life of a hacker are better off playing Gray Hack or at least Uplink",False,2020-08-26T00:30:11+00:00,2020-08-26T00:30:11+00:00,26.0,26.0,0.0,2.0,0.0,0.45949429273605347,True,False,True,False,76561198030578700,,75.0,False,False,308,58,0.43333333333333335,0.43333333333333335,0-1h,negative
74922274,1216710,cyber-manhunt,Cyber Manhunt,english,"Like the game's description reads, this game is similar to Orwell. Seeing that, I figured I'll buy it and try it out and have enjoyed it so far. The writing is good, albeit full of grammar errors especially past case 1, the pace at which I found new information was enjoyable. My only problem is with the actual plot, and the complete lack of preparation the game and store page gave me. While there's no nudity, this game needs a massive content warning for sexual violence. I sincerely wish I had preparation for it as I just feel too uncomfortable to continue.

Until the game or its store page has a content warning, I don't feel comfortable recommending it.","Like the game's description reads, this game is similar to Orwell. Seeing that, I figured I'll buy it and try it out and have enjoyed it so far. The writing is good, albeit full of grammar errors especially past case 1, the pace at which I found new information was enjoyable. My only problem is with the actual plot, and the complete lack of preparation the game and store page gave me. While there's no nudity, this game needs a massive content warning for sexual violence. I sincerely wish I had preparation for it as I just feel too uncomfortable to continue. Until the game or its store page has a content warning, I don't feel comfortable recommending it.",False,2020-08-26T03:40:09+00:00,2020-08-26T03:40:09+00:00,247.0,148.0,0.0,2.0,1.0,0.43617138266563416,True,False,True,False,76561198142007983,,11.0,False,False,661,119,4.116666666666666,2.466666666666667,1-3h,negative
87640712,1216710,cyber-manhunt,Cyber Manhunt,english,"TL;DR: What it lacks in interesting mechanics it makes up for in repetetiveness.

Slightly longer review: 

You google names, go to their facebook page, click on interesting info and then google that, or enter it into the same five programs while the UI makes you wait for 10 seconds every time you found a hint. Then you answer some exams to check if you paid attention. If you expect deductions or logic puzzles, you will not find those here. It is all simply about reading and remembering information.

Sometimes there are minigames but they are also not interesting. One in particular really sucks, because you simply aren't given the information necessary to make the correct decisions, so you just click on random stuff until it somehow works.

It is one of those games where I suffered through the last 3 hours because I wanted to see the ending, but I had my head in my hands a couple times because it was just so annoying sometimes.

The writing.. well first of all, from a purely technical standpoint, it is bad. Clearly whoever wrote this is not fluent in english. There are tons of typos and grammatical errors all over the place. Things which could have easily been fixed by proofreading. Funnily, it gets better torwards the end. Or I just stopped paying attention, which is probably more likely.

From a stroy perspective, it is actually *ok*. Not great, not terrible. There were definitely some good parts, some twists, and some hateable characters. The main issue is that the gameplay is so boring that torwards the end you just use your mouse to scan over text really quickly to find hints, and stop actually reading it.

Overall score: meh/5.","TL;DR: What it lacks in interesting mechanics it makes up for in repetetiveness. Slightly longer review: You google names, go to their facebook page, click on interesting info and then google that, or enter it into the same five programs while the UI makes you wait for 10 seconds every time you found a hint. Then you answer some exams to check if you paid attention. If you expect deductions or logic puzzles, you will not find those here. It is all simply about reading and remembering information. Sometimes there are minigames but they are also not interesting. One in particular really sucks, because you simply aren't given the information necessary to make the correct decisions, so you just click on random stuff until it somehow works. It is one of those games where I suffered through the last 3 hours because I wanted to see the ending, but I had my head in my hands a couple times because it was just so annoying sometimes. The writing.. well first of all, from a purely technical standpoint, it is bad. Clearly whoever wrote this is not fluent in english. There are tons of typos and grammatical errors all over the place. Things which could have easily been fixed by proofreading. Funnily, it gets better torwards the end. Or I just stopped paying attention, which is probably more likely. From a stroy perspective, it is actually *ok*. Not great, not terrible. There were definitely some good parts, some twists, and some hateable characters. The main issue is that the gameplay is so boring that torwards the end you just use your mouse to scan over text really quickly to find hints, and stop actually reading it. Overall score: meh/5.",False,2021-03-01T00:37:30+00:00,2021-03-01T00:37:30+00:00,493.0,493.0,0.0,3.0,1.0,0.5334593653678894,True,False,False,False,76561198011351873,,97.0,False,False,1653,288,8.216666666666667,8.216666666666667,3-10h,negative
162143905,1216710,cyber-manhunt,Cyber Manhunt,english,"I want to like this, but there are a number of things that make it hard to recommend this:

* A majority of the game involves finding text that will highlight in red when you click it to allow you to ""gather clues"" -- which leads to clicking every line of text, just in case. At some points, you'll be missing a single clue and have to go slogging back through all that you've previously read to find the one little sentence or phrase that you didn't click to highlight and collect. 
* The translation to English is absolutely terrible. In some places, that actually makes trying to figure out what the game wants you to do more difficult.  
* There's also some comically bad voice acting at times. To make matters worse YOU CAN'T FUCKING SKIP the spoken dialogue scenes. This is particularly egregious because in many sections you have to listen to entire conversations before you can collect any of the evidence (that is, click every sentence trying to find what will be highlighted in red as clues). 
* At some points, you're asked to piece together what happens, but you CAN'T TAB BACK TO WHERE THE INFO YOU COLLECTED IS STORED TO FIND THOSE ANSWERS!
* While it can be satisfying to poke around to get the info you need in the investigation stages, some of the other minigames/puzzles are just not fun to play. This is particularly bad when you reach the final stage(s) of the game. I was on my way to 100% completion, but that final stage is a such a slog of *TIMED* minigames, I stopped playing the main story and moved on to the DLC (they were cheap, so I thought I'd give them a try).
* A few stages are timed, and although some portions are generous with how much time you're given, it definitely makes it far less fun.
* The main story takes a twist that is just... asinine. [spoiler] You discover you're not a real person, but an AI--just like the antagonist. [/spoiler] Seriously, it killed the immersion the gameplay and story had managed to build.

It's a very low cost game, and I did get some fun out of it--but I don't think I can, in good conscience, recommend it to others.","I want to like this, but there are a number of things that make it hard to recommend this: * A majority of the game involves finding text that will highlight in red when you click it to allow you to ""gather clues"" -- which leads to clicking every line of text, just in case. At some points, you'll be missing a single clue and have to go slogging back through all that you've previously read to find the one little sentence or phrase that you didn't click to highlight and collect. * The translation to English is absolutely terrible. In some places, that actually makes trying to figure out what the game wants you to do more difficult. * There's also some comically bad voice acting at times. To make matters worse YOU CAN'T FUCKING SKIP the spoken dialogue scenes. This is particularly egregious because in many sections you have to listen to entire conversations before you can collect any of the evidence (that is, click every sentence trying to find what will be highlighted in red as clues). * At some points, you're asked to piece together what happens, but you CAN'T TAB BACK TO WHERE THE INFO YOU COLLECTED IS STORED TO FIND THOSE ANSWERS! * While it can be satisfying to poke around to get the info you need in the investigation stages, some of the other minigames/puzzles are just not fun to play. This is particularly bad when you reach the final stage(s) of the game. I was on my way to 100% completion, but that final stage is a such a slog of *TIMED* minigames, I stopped playing the main story and moved on to the DLC (they were cheap, so I thought I'd give them a try). * A few stages are timed, and although some portions are generous with how much time you're given, it definitely makes it far less fun. * The main story takes a twist that is just... asinine. [spoiler] You discover you're not a real person, but an AI--just like the antagonist. [/spoiler] Seriously, it killed the immersion the gameplay and story had managed to build. It's a very low cost game, and I did get some fun out of it--but I don't think I can, in good conscience, recommend it to others.",False,2024-04-03T22:06:42+00:00,2024-04-03T22:20:02+00:00,3025.0,2160.0,0.0,6.0,0.0,0.6022268533706665,True,False,False,False,76561197997214372,,5.0,False,False,2086,385,50.416666666666664,36.0,10h+,negative
114936387,1216710,cyber-manhunt,Cyber Manhunt,english,"6/10 Decent.

It's an okay investigation game, where you basically act through a computer terminal and utilise database tools to compile profile/evidence.

Sometimes you'll 'phish' someone with link to get their phone information, sometimes you'll call them and impersonate someone to steal information etc, it's all very simplistic, like a rudimentary version of Orwell (similar themes really).

So, if you liked Orwell, you'll probably enjoy this one.

The downsides?

The translation is iffy, there's a lot of broken English, some atrocious pronunciation (dahtah (for data) and yet they say database absolutely fine?), and dialogue always doesn't flow very well. 

The game is also keen to throw one off mechanics at you that never crop up again, rather than focus on the fundamentals of the investigation story ~ you can also sequence break by accident, which can skew the flow of the narrative as well.

It's nothing like Ace Attorney series as one review has misleadingly pointed out ~ you're not presenting evidence, cross examining witnesses, or coming to any conclusions on a regular basis, or even at all. You're essentially collecting data as a whole and then submitting it as a data sheet. You never, ever, come to any conclusions within the game or within any the cases in the game. You go round hunting information and clues and submitting it to your boss, who makes any inferences etc, but you, yourself won't have anything to do with this.

You also won't have any sway in changing the outcomes; You can't wrongfully accuse anyone or anything like that, it's a very linear investigative information collation game ~ and that's absolutely fine, it works, it's an enjoyable one with a bit of a try hard story and bad English, and it's worth it for £5 or whatever it goes for on sale. 

But please, don't come into this game thinking you have much power to change things (beyond the ending), don't come in thinking this is an indie Ace Attorney sort of game, it's nowhere near in terms of mechanics or otherwise.

Do I recommend it? Based on the price, yes. I think the pricing is absolutely fair for what they're offering. If you can put up with some broken English, you'll be fine playing through this one.","6/10 Decent. It's an okay investigation game, where you basically act through a computer terminal and utilise database tools to compile profile/evidence. Sometimes you'll 'phish' someone with link to get their phone information, sometimes you'll call them and impersonate someone to steal information etc, it's all very simplistic, like a rudimentary version of Orwell (similar themes really). So, if you liked Orwell, you'll probably enjoy this one. The downsides? The translation is iffy, there's a lot of broken English, some atrocious pronunciation (dahtah (for data) and yet they say database absolutely fine?), and dialogue always doesn't flow very well. The game is also keen to throw one off mechanics at you that never crop up again, rather than focus on the fundamentals of the investigation story ~ you can also sequence break by accident, which can skew the flow of the narrative as well. It's nothing like Ace Attorney series as one review has misleadingly pointed out ~ you're not presenting evidence, cross examining witnesses, or coming to any conclusions on a regular basis, or even at all. You're essentially collecting data as a whole and then submitting it as a data sheet. You never, ever, come to any conclusions within the game or within any the cases in the game. You go round hunting information and clues and submitting it to your boss, who makes any inferences etc, but you, yourself won't have anything to do with this. You also won't have any sway in changing the outcomes; You can't wrongfully accuse anyone or anything like that, it's a very linear investigative information collation game ~ and that's absolutely fine, it works, it's an enjoyable one with a bit of a try hard story and bad English, and it's worth it for £5 or whatever it goes for on sale. But please, don't come into this game thinking you have much power to change things (beyond the ending), don't come in thinking this is an indie Ace Attorney sort of game, it's nowhere near in terms of mechanics or otherwise. Do I recommend it? Based on the price, yes. I think the pricing is absolutely fair for what they're offering. If you can put up with some broken English, you'll be fine playing through this one.",True,2022-05-04T13:39:05+00:00,2022-05-04T13:39:05+00:00,1551.0,463.0,0.0,0.0,0.0,0.5,True,False,False,False,76561198000896253,,251.0,False,False,2209,377,25.85,7.716666666666667,3-10h,positive
172099428,1216710,cyber-manhunt,Cyber Manhunt,english,"Cyber Manhunt, first episode is a 50/50 success, cautious positive recommendation here.

i obviously liked the game and finished it in the course of several days. Don't look too much at my game time, I often left the game running while attending some irl obligations.

I would like to first thank the dev for this game and for having taken the time to translate the game  (whatever may be the tools used for it) so we, non-chinese players, could venture into your universe. I've bought this game along with its DLC and the second game that is currently in Early access (I'll start that one when I've got some time).

But let's jump in the meat of the review. 

1)  I can't start without addressing the main issue of this game, for us non-chinese readers/speakers : the translation. Many things have been said about it and while the two DLC's do display a better text than the main game, let's be honest and say that it's the major con of the software. 

I would like to tone this concern down in regard with my earlier praise to the dev for translating it, but nonetheless it led me to check for guides on Steam and videos on youtube to solve some problems that were either due to a vague translation or to more problematic issues as I'll develop below.

2) Voice acting.... not necessary and not very welcome either. You've got a range of icons to tell us that we're listening to a phone call, it's not like we need to listen to anything in particular. Let's take the good examples of Orwell and Song of Farca that don't have any voice acting and yet have a great atmosphere, great writing, etc. And also, no option to mute voices only, Or you mute all the sounds (music being dealt with apart from it) or you have to listen to .... quite robotic or emotionless or otherwise misplayed dialogues. Again, DLC's level up the game a little more on that matter.

3) My main concern is definitely the lack of ""respect"" that I felt sometimes during the game. I understand that the dev team is very small, but then select what you display on screen, please. And make it, if not useful, at least usable. 
   - many web articles are just there for lore purpose, nothing else ;
   - tapped phone calls received through mail are not always usable to make the case progress ; 
   - some hinted leads are dead ends from the start, no way to investigate them ;
   - No way to direct call people we know the phone numbers.... ;
   - Sometimes, the chuncks of info that you have to select make little sense, mostly due to the translation. Why should I 
      select an obvious conclusion to a drama (for instance : ""I'm alone in the world now that they're gone"") and not the fact 
      themselves (for example : ""They died in a car accident last month"") ? ;
      Ok, it's not always that simplistic, but it's sometimes the case and in the end, it becomes more of a clicker game where 
      you hunt down info at random than an actual investigation. Again, respect your player intelligence or try to have a 
      better translated and adapted script, because while I'm grateful to you for your effort, it was a bit underwhelming...;
   - maybe my main grip here : you often have to select the information in a particular document and not anywhere else. 
      And that is a huge concern of mine. Let's say you see that NPC 1 got divorced while skimming through a web article. You could extract the data here and add it to the share folder, right ? No, you will have to wait for the same info to appear on an obscure Darknet-ish forum or on social medias, etc. Which is.... not unseen before but still annoying. 

Do respect your players. Be conscious of your own limitations and restrict our freedom of action right from the start instead of giving us the illusion of ""freedom of action"". Again, not unseen before in this kind of games and others genres. Indeed, it has been a recurring pattern since the beginning of gaming, but... maybe there are elegant ways to deal with it. Again, Orwell dealt with it quite nicely by focusing on what was relevant for us, for the story, for the game. Another thing that can be done is letting us ""phone"" the characters and just letting them or not answering, or blocking us, or just repeating the same automatic response. It would still tell us that it is a dead end, but at least we wouldn't feel like heavily disabled persons unable to put 2 and 2 and take action. 

4) Good writing, good story, good characters. I liked all the cases and the general story. Nothing new under the sky, but well done. The themes were indeed a bit stressful and character writing was deep enough for me to like/love/dislike/hate them and how corrupt or mischievous they can be. Good thriller all in all. Maybe the last DLC was a bit underwhelming. the tower-defence mini-game was interesting though !

5) Music, like voice acting, was a bit redundant, I quickly muted it and put my own in the background. The problem was the same with Song of Farca but at least you could change the track before muting it completely. Orwell did handle it better with a soft lift-like music. 


Ok, I talked too much.

TL;DR => buy it both because it's a good game and to support its dev(s). Despite the caveats I mentioned, I still mostly enjoyed my journey in this universe and will launch the second game when I get time. both gameplay DLC (the only paid DLC, that is) are of good value. ""Home Sweet Home"" being the better story-wise and the second DLC being better gameplay-wise (because of the mini tower-defence game ^^). 

Regards","Cyber Manhunt, first episode is a 50/50 success, cautious positive recommendation here. i obviously liked the game and finished it in the course of several days. Don't look too much at my game time, I often left the game running while attending some irl obligations. I would like to first thank the dev for this game and for having taken the time to translate the game (whatever may be the tools used for it) so we, non-chinese players, could venture into your universe. I've bought this game along with its DLC and the second game that is currently in Early access (I'll start that one when I've got some time). But let's jump in the meat of the review. 1) I can't start without addressing the main issue of this game, for us non-chinese readers/speakers : the translation. Many things have been said about it and while the two DLC's do display a better text than the main game, let's be honest and say that it's the major con of the software. I would like to tone this concern down in regard with my earlier praise to the dev for translating it, but nonetheless it led me to check for guides on Steam and videos on youtube to solve some problems that were either due to a vague translation or to more problematic issues as I'll develop below. 2) Voice acting.... not necessary and not very welcome either. You've got a range of icons to tell us that we're listening to a phone call, it's not like we need to listen to anything in particular. Let's take the good examples of Orwell and Song of Farca that don't have any voice acting and yet have a great atmosphere, great writing, etc. And also, no option to mute voices only, Or you mute all the sounds (music being dealt with apart from it) or you have to listen to .... quite robotic or emotionless or otherwise misplayed dialogues. Again, DLC's level up the game a little more on that matter. 3) My main concern is definitely the lack of ""respect"" that I felt sometimes during the game. I understand that the dev team is very small, but then select what you display on screen, please. And make it, if not useful, at least usable. - many web articles are just there for lore purpose, nothing else ; - tapped phone calls received through mail are not always usable to make the case progress ; - some hinted leads are dead ends from the start, no way to investigate them ; - No way to direct call people we know the phone numbers.... ; - Sometimes, the chuncks of info that you have to select make little sense, mostly due to the translation. Why should I select an obvious conclusion to a drama (for instance : ""I'm alone in the world now that they're gone"") and not the fact themselves (for example : ""They died in a car accident last month"") ? ; Ok, it's not always that simplistic, but it's sometimes the case and in the end, it becomes more of a clicker game where you hunt down info at random than an actual investigation. Again, respect your player intelligence or try to have a better translated and adapted script, because while I'm grateful to you for your effort, it was a bit underwhelming...; - maybe my main grip here : you often have to select the information in a particular document and not anywhere else. And that is a huge concern of mine. Let's say you see that NPC 1 got divorced while skimming through a web article. You could extract the data here and add it to the share folder, right ? No, you will have to wait for the same info to appear on an obscure Darknet-ish forum or on social medias, etc. Which is.... not unseen before but still annoying. Do respect your players. Be conscious of your own limitations and restrict our freedom of action right from the start instead of giving us the illusion of ""freedom of action"". Again, not unseen before in this kind of games and others genres. Indeed, it has been a recurring pattern since the beginning of gaming, but... maybe there are elegant ways to deal with it. Again, Orwell dealt with it quite nicely by focusing on what was relevant for us, for the story, for the game. Another thing that can be done is letting us ""phone"" the characters and just letting them or not answering, or blocking us, or just repeating the same automatic response. It would still tell us that it is a dead end, but at least we wouldn't feel like heavily disabled persons unable to put 2 and 2 and take action. 4) Good writing, good story, good characters. I liked all the cases and the general story. Nothing new under the sky, but well done. The themes were indeed a bit stressful and character writing was deep enough for me to like/love/dislike/hate them and how corrupt or mischievous they can be. Good thriller all in all. Maybe the last DLC was a bit underwhelming. the tower-defence mini-game was interesting though ! 5) Music, like voice acting, was a bit redundant, I quickly muted it and put my own in the background. The problem was the same with Song of Farca but at least you could change the track before muting it completely. Orwell did handle it better with a soft lift-like music. Ok, I talked too much. TL;DR => buy it both because it's a good game and to support its dev(s). Despite the caveats I mentioned, I still mostly enjoyed my journey in this universe and will launch the second game when I get time. both gameplay DLC (the only paid DLC, that is) are of good value. ""Home Sweet Home"" being the better story-wise and the second DLC being better gameplay-wise (because of the mini tower-defence game ^^). Regards",True,2024-08-14T10:24:03+00:00,2024-08-14T10:24:03+00:00,1720.0,1720.0,0.0,0.0,0.0,0.5,True,False,False,False,76561198007490346,,48.0,False,False,5446,997,28.666666666666668,28.666666666666668,10h+,positive
230304157,1216710,cyber-manhunt,Cyber Manhunt,english,"Story didn't really captivate me, so I stopped playing. Mechanics are a bit boring and not too challenging","Story didn't really captivate me, so I stopped playing. Mechanics are a bit boring and not too challenging",False,2026-07-12T14:53:49+00:00,2026-07-12T14:53:49+00:00,49.0,49.0,0.0,2.0,0.0,0.5334685444831848,True,False,False,False,76561197991837421,,86.0,False,False,106,18,0.8166666666666667,0.8166666666666667,0-1h,negative
144517033,1216710,cyber-manhunt,Cyber Manhunt,english,"What could be an interesting game heavily bogged down by tedium.  At one point I couldn't progress for 30 minutes because I hadn't collected a random picture of a bed off a website.  The bed wasn't used for anything, and was only a promotional shot, but for whatever reason, it was critical to collect.  I also found the quizzes you take to solve a portion of the case to often not make sense as to the story I had gathered thus far.

I'm 2.5 hours in at this point and honestly have no interest in going back.","What could be an interesting game heavily bogged down by tedium. At one point I couldn't progress for 30 minutes because I hadn't collected a random picture of a bed off a website. The bed wasn't used for anything, and was only a promotional shot, but for whatever reason, it was critical to collect. I also found the quizzes you take to solve a portion of the case to often not make sense as to the story I had gathered thus far. I'm 2.5 hours in at this point and honestly have no interest in going back.",False,2023-08-18T21:27:07+00:00,2023-08-18T21:27:07+00:00,148.0,147.0,0.0,5.0,2.0,0.5899471044540405,True,False,False,False,76561197981588360,,621.0,False,False,506,97,2.466666666666667,2.45,1-3h,negative
219016212,1216710,cyber-manhunt,Cyber Manhunt,english,"I played through the first 3 chapters and it's getting pretty repetitive, especially the database searching and cracking functions are pretty much the exact same for all characters. It's kind of a shame that the clue snippet system wasn't better used to let players interact more - any clue snippet that didn't appear under the characters' primary info sections is pretty much useless and only exists to fill the progress bar with very few exceptions. The only clues found that are interactable are basically the name, DOB, email address, etc. Solving parts of the story with the progress bar also felt kind lacking with about 3 mini-puzzles to solve for each one. The writing is okay, but felt kind of generic and easily-guessable, mostly because there are so few characters in each case.

There were a lot of gameplay elements I did not enjoy, for example dialogue scenes like phone calls can't be fast-forwarded (or click to advance faster), and if I make one wrong choice then the whole dialogue has to start from the beginning. What's worse is there are clue snippets to collect after those dialogues and I'm not sure if it was a problem on my end but I couldn't click on them during the scenes, so I was frequently left wondering where the run went wrong. The repetition of the snippet upload animation is also frustrating as it leaves a few seconds where I can't interact with anything while waiting for it to finish.","I played through the first 3 chapters and it's getting pretty repetitive, especially the database searching and cracking functions are pretty much the exact same for all characters. It's kind of a shame that the clue snippet system wasn't better used to let players interact more - any clue snippet that didn't appear under the characters' primary info sections is pretty much useless and only exists to fill the progress bar with very few exceptions. The only clues found that are interactable are basically the name, DOB, email address, etc. Solving parts of the story with the progress bar also felt kind lacking with about 3 mini-puzzles to solve for each one. The writing is okay, but felt kind of generic and easily-guessable, mostly because there are so few characters in each case. There were a lot of gameplay elements I did not enjoy, for example dialogue scenes like phone calls can't be fast-forwarded (or click to advance faster), and if I make one wrong choice then the whole dialogue has to start from the beginning. What's worse is there are clue snippets to collect after those dialogues and I'm not sure if it was a problem on my end but I couldn't click on them during the scenes, so I was frequently left wondering where the run went wrong. The repetition of the snippet upload animation is also frustrating as it leaves a few seconds where I can't interact with anything while waiting for it to finish.",False,2026-02-23T04:37:58+00:00,2026-02-23T04:37:58+00:00,250.0,250.0,0.0,0.0,0.0,0.5,True,False,False,False,76561198141454681,,36.0,False,False,1423,248,4.166666666666667,4.166666666666667,3-10h,negative
90212967,1216710,cyber-manhunt,Cyber Manhunt,english,"Due to story content I can not recommend this game.

I played through the entire story in 13 hours and I really wish I hadn't played it. The core game play loop of the game is enjoyable. There are clear translation errors both linguistically and probably culturally but those can be fixed. There is a prologue and 5 chapters and each chapter is a good length for a gaming session. The prologue and Chapters 1, 3, and 4 are quite interesting with the end of Chapter 3 and Chapter 4 being where the game shines. 

The store page does not mention anything about the plot of the game. Every time you start the game there is an unskippable content warning. It recommends only players 16 and up. It mentions abuse and bullying as subjects that come up in the game. I was not prepared for Chapter 2 where the story centers around sex slavery of a young woman. Nor was I prepared that part way through Chapter 5 you read a website about human trafficking and animal abuse. You get one ""clue"" from that website and it tells you a little bit about the plot, but both points are brought up later in a much less graphic and traumatizing way. If I hadn't guessed that Chapter 5 was the last chapter I would have quit the game right there. 

If the game was just the prologue and Chapters 1, 3, 4, and the end sequence of Chapter 5, I would highly recommend this game. If the animal abuse and human trafficking parts of Chapter 5 were not there in any way shape or form, I would recommend the game with some caveats. With the story as is, I can not recommend that people play it. Chapter 5 made me feel violated, and that I had not consented to what it put me through. If I had known the plot I would not have bought this game. 

Due to story content I can not recommend this game.","Due to story content I can not recommend this game. I played through the entire story in 13 hours and I really wish I hadn't played it. The core game play loop of the game is enjoyable. There are clear translation errors both linguistically and probably culturally but those can be fixed. There is a prologue and 5 chapters and each chapter is a good length for a gaming session. The prologue and Chapters 1, 3, and 4 are quite interesting with the end of Chapter 3 and Chapter 4 being where the game shines. The store page does not mention anything about the plot of the game. Every time you start the game there is an unskippable content warning. It recommends only players 16 and up. It mentions abuse and bullying as subjects that come up in the game. I was not prepared for Chapter 2 where the story centers around sex slavery of a young woman. Nor was I prepared that part way through Chapter 5 you read a website about human trafficking and animal abuse. You get one ""clue"" from that website and it tells you a little bit about the plot, but both points are brought up later in a much less graphic and traumatizing way. If I hadn't guessed that Chapter 5 was the last chapter I would have quit the game right there. If the game was just the prologue and Chapters 1, 3, 4, and the end sequence of Chapter 5, I would highly recommend this game. If the animal abuse and human trafficking parts of Chapter 5 were not there in any way shape or form, I would recommend the game with some caveats. With the story as is, I can not recommend that people play it. Chapter 5 made me feel violated, and that I had not consented to what it put me through. If I had known the plot I would not have bought this game. Due to story content I can not recommend this game.",False,2021-04-12T22:22:50+00:00,2021-04-12T22:22:50+00:00,781.0,781.0,0.0,4.0,3.0,0.4618377685546875,False,False,False,False,76561198004616576,,2.0,False,False,1760,336,13.016666666666667,13.016666666666667,10h+,negative
186748992,1216710,cyber-manhunt,Cyber Manhunt,english,"Tl;dr: game good. fake internet is fun to search and solve puzzles in. Minigames can be annoying, but are made up for by the unique style and strong storytelling.

What an incredibly unique and engaging game this is. I would normally advise anyone who is even a little interested to simply go in blind, but if you want a short description of the moment-to-moment: imagine a point and click adventure game, where you must locate certain information to progress, using internet search engines and personal e-mails as your setting.

If there is a flaw in the 7 hours/2 chapters that I've played, it's that sometimes you will be timed while searching for ""key information"" in a designated area. You often aren't told exactly what you're looking for, leading to, essentially, a pixel hunt where you sift through all the data as fast as you can, hoping you get lucky before time runs out. It's actually pretty effective at building tension, but failing often means a reset to a checkpoint that's JUST far back enough to be annoying, but not ruinous. Given this, for the love of all that's holy, leave the ""hints"" option turned on in settings. As far as I can tell, it doesn't hold your hand or spoil any deductions you need to make. It simply highlights relevant text when your mouse hovers over it, which I find invaluable.

Honestly, this hiccup is a small blemish on an otherwise fascinating and truly cool game. The gameplay is a form of social information gathering and hacking that I've never seen done in this way, nor organized as well as it is. You have all the info you need to deduce your next step at any time in your onscreen folder, and getting stuck, in my experience, is due to a lack of thoroughness on my part. Also, the stories really deliver some truly good gut-punches (again, of the two main chapters I've played). Maybe I'm a sap, but the conclusions always left me feeling bad, in the ""best"" way possible. On a related note, the translation is pretty solid. Some phrasing can come off as odd or unnatural, but the meaning of the sentence is never confused. Awkward from time to time, but perfectly understandable.","Tl;dr: game good. fake internet is fun to search and solve puzzles in. Minigames can be annoying, but are made up for by the unique style and strong storytelling. What an incredibly unique and engaging game this is. I would normally advise anyone who is even a little interested to simply go in blind, but if you want a short description of the moment-to-moment: imagine a point and click adventure game, where you must locate certain information to progress, using internet search engines and personal e-mails as your setting. If there is a flaw in the 7 hours/2 chapters that I've played, it's that sometimes you will be timed while searching for ""key information"" in a designated area. You often aren't told exactly what you're looking for, leading to, essentially, a pixel hunt where you sift through all the data as fast as you can, hoping you get lucky before time runs out. It's actually pretty effective at building tension, but failing often means a reset to a checkpoint that's JUST far back enough to be annoying, but not ruinous. Given this, for the love of all that's holy, leave the ""hints"" option turned on in settings. As far as I can tell, it doesn't hold your hand or spoil any deductions you need to make. It simply highlights relevant text when your mouse hovers over it, which I find invaluable. Honestly, this hiccup is a small blemish on an otherwise fascinating and truly cool game. The gameplay is a form of social information gathering and hacking that I've never seen done in this way, nor organized as well as it is. You have all the info you need to deduce your next step at any time in your onscreen folder, and getting stuck, in my experience, is due to a lack of thoroughness on my part. Also, the stories really deliver some truly good gut-punches (again, of the two main chapters I've played). Maybe I'm a sap, but the conclusions always left me feeling bad, in the ""best"" way possible. On a related note, the translation is pretty solid. Some phrasing can come off as odd or unnatural, but the meaning of the sentence is never confused. Awkward from time to time, but perfectly understandable.",True,2025-01-30T14:43:26+00:00,2025-01-30T14:43:26+00:00,602.0,430.0,0.0,2.0,1.0,0.523809552192688,True,False,False,False,76561198096242972,,5.0,False,False,2128,376,10.033333333333333,7.166666666666667,3-10h,positive
86494532,1216710,cyber-manhunt,Cyber Manhunt,english,"I became intrigued by the game based upon the concept and decided to purchase it while it was still in early access, however, did not fully delve into the game until it was fully released.

[h1] Gameplay loop [/h1]
The basic principle the game follows is that you are working for a company named Titan Matrix, and are assigned cases where you need to investigate a specific person or event. This is done by investigating a person’s online presence, gathering information from for example articles, messaging services and social media. While the game might have the tag of “hacking” this game play element is reduced to using automatic tools for cracking passwords or invading someone’s phone. Most of the game play consists of the player searching for possible clues, in most of the game automatically highlighted in red while moving the cursor over them, with the notable exception starting Chapter 4 where the player can choose the play the chapter without this assisting tool. The found clues can then be used to investigate other events and uncover more of the story. As a last note, not all clues need to be found to solve a case, however finding all can show a new perspective on the story,

[h1] Story [/h1]
As stated earlier, you are working for a company named Titan Matrix. Your job is to uncover the reasons why certain events occurred during the game by investigating the people involved. The reason for this seems to be financial or even political gain for the company. Story lines from earlier chapters do pop up in the later chapters, and do play a part in the events that unfold. [spoiler] This leads to a conflict with a hacker (the main antagonist), who is seemingly doing the same thing as you and seems to know you quite well [/spoiler] For now I will leave it at this, as this is primarily a story-driven game.

[h1] Strengths [/h1]
The game has a nice design and art style with an intuitive user interface making it easy to get into. The story line despite becoming more convoluted as the game progresses manages to capture and hold the player’s attention without overstaying its welcome. The core idea is something many people can relate to, as I can imagine quite a few people fell into the rabbit hole of researching someone online.

[h1] Weaknesses [/h1]
There are a few glaring issues currently in the game. 

[b] Language [/b]
For a story driven game there are quite a few grammatical and/or spelling errors. While this seems to have improved over time this issue still persists. This can easily lead to immersion being broken, or in the worst case confusing clues halting progress. The worst offenders seem to be passwords that are based upon dates, as most of the time the format YYYY-MM-DD is used, but in rare cases a format such as MM-DD-YYYY occurs, leading to unnecessary frustration. Overall, some issues in translation can be overlooked, but the sometimes confusing clues or weird formatting of certain clues are an issue I would implore the developers to address.


[spoiler] [b] Chapter 4: Public Opinion [/b]
At the end of the fourth chapter a certain mini-game needs to be played where the goal is to sway the public opinion. After retrying this section multiple times I just made a spreadsheet noting down all the results from my inputs, and then replayed it with “perfect” inputs, and still had difficulty. This mini-game is not much of a puzzle as it is a test of endurance and trial-and-error. This mini-game is not intuitive in the slightest and unnecessarily difficult. I implore the developers to either change the set-up of this mini-game, or at the least write a better explanation for this mini-game. [/spoiler]

[b] Puzzles and phishing [/b]
While the smallest issue, I did find that the difficulty for certain puzzles are very odd. Some puzzles are incredibly easy, to the point I would hardly argue that they are even puzzles. While others can suddenly be quite difficult. Some of these more difficult puzzles are quite clever in hindsight, but when looking at a broader definition of the word and including the phishing “puzzles” these seem to sometimes lack rhyme or reason, quickly devolving into trail-and-error. Perhaps this latter part is also due to the issues with the translation. As DLC seems to be in the works currently, I would like the developers to reassess how they set-up these phishing sections, as a simple rewrite of dialogue options might not solve the issue.

[h1] Conclusion [/h1]
While this game is far from perfect it is an admirable attempt from a young studio. It is a fun short delve into a concept that is becoming more and more to the forefront in current day society. While I primarily focused on the flaws in this review (in an effort to help the reader know the current issues as well as bring them to the developers attention) I can wholeheartedly say that I did enjoy my time with this game and found it to be worth the couple of euros I put down for it. While the story at times predictable it did enough to lure me in and left me wanting more. I will most likely be back for the sequel/DLC.

[i]As the studio still seems to be pushing updates and fixing some of the issues this review might be updated in the future to more accurately represent the state of the game. [/i]","I became intrigued by the game based upon the concept and decided to purchase it while it was still in early access, however, did not fully delve into the game until it was fully released. [h1] Gameplay loop [/h1] The basic principle the game follows is that you are working for a company named Titan Matrix, and are assigned cases where you need to investigate a specific person or event. This is done by investigating a person’s online presence, gathering information from for example articles, messaging services and social media. While the game might have the tag of “hacking” this game play element is reduced to using automatic tools for cracking passwords or invading someone’s phone. Most of the game play consists of the player searching for possible clues, in most of the game automatically highlighted in red while moving the cursor over them, with the notable exception starting Chapter 4 where the player can choose the play the chapter without this assisting tool. The found clues can then be used to investigate other events and uncover more of the story. As a last note, not all clues need to be found to solve a case, however finding all can show a new perspective on the story, [h1] Story [/h1] As stated earlier, you are working for a company named Titan Matrix. Your job is to uncover the reasons why certain events occurred during the game by investigating the people involved. The reason for this seems to be financial or even political gain for the company. Story lines from earlier chapters do pop up in the later chapters, and do play a part in the events that unfold. [spoiler] This leads to a conflict with a hacker (the main antagonist), who is seemingly doing the same thing as you and seems to know you quite well [/spoiler] For now I will leave it at this, as this is primarily a story-driven game. [h1] Strengths [/h1] The game has a nice design and art style with an intuitive user interface making it easy to get into. The story line despite becoming more convoluted as the game progresses manages to capture and hold the player’s attention without overstaying its welcome. The core idea is something many people can relate to, as I can imagine quite a few people fell into the rabbit hole of researching someone online. [h1] Weaknesses [/h1] There are a few glaring issues currently in the game. [b] Language [/b] For a story driven game there are quite a few grammatical and/or spelling errors. While this seems to have improved over time this issue still persists. This can easily lead to immersion being broken, or in the worst case confusing clues halting progress. The worst offenders seem to be passwords that are based upon dates, as most of the time the format YYYY-MM-DD is used, but in rare cases a format such as MM-DD-YYYY occurs, leading to unnecessary frustration. Overall, some issues in translation can be overlooked, but the sometimes confusing clues or weird formatting of certain clues are an issue I would implore the developers to address. [spoiler] [b] Chapter 4: Public Opinion [/b] At the end of the fourth chapter a certain mini-game needs to be played where the goal is to sway the public opinion. After retrying this section multiple times I just made a spreadsheet noting down all the results from my inputs, and then replayed it with “perfect” inputs, and still had difficulty. This mini-game is not much of a puzzle as it is a test of endurance and trial-and-error. This mini-game is not intuitive in the slightest and unnecessarily difficult. I implore the developers to either change the set-up of this mini-game, or at the least write a better explanation for this mini-game. [/spoiler] [b] Puzzles and phishing [/b] While the smallest issue, I did find that the difficulty for certain puzzles are very odd. Some puzzles are incredibly easy, to the point I would hardly argue that they are even puzzles. While others can suddenly be quite difficult. Some of these more difficult puzzles are quite clever in hindsight, but when looking at a broader definition of the word and including the phishing “puzzles” these seem to sometimes lack rhyme or reason, quickly devolving into trail-and-error. Perhaps this latter part is also due to the issues with the translation. As DLC seems to be in the works currently, I would like the developers to reassess how they set-up these phishing sections, as a simple rewrite of dialogue options might not solve the issue. [h1] Conclusion [/h1] While this game is far from perfect it is an admirable attempt from a young studio. It is a fun short delve into a concept that is becoming more and more to the forefront in current day society. While I primarily focused on the flaws in this review (in an effort to help the reader know the current issues as well as bring them to the developers attention) I can wholeheartedly say that I did enjoy my time with this game and found it to be worth the couple of euros I put down for it. While the story at times predictable it did enough to lure me in and left me wanting more. I will most likely be back for the sequel/DLC. [i]As the studio still seems to be pushing updates and fixing some of the issues this review might be updated in the future to more accurately represent the state of the game. [/i]",True,2021-02-12T21:25:38+00:00,2021-02-12T21:29:55+00:00,2157.0,888.0,0.0,3.0,0.0,0.5419847369194031,True,False,False,False,76561198066837971,,1.0,False,False,5252,920,35.95,14.8,10h+,positive
184114665,1216710,cyber-manhunt,Cyber Manhunt,english,After one hour I finished the first actual mission and I must say that the story is indeed interesting but the game is so linear and doesn't really let you do anything I didn't find any motivation to continue with it.,After one hour I finished the first actual mission and I must say that the story is indeed interesting but the game is so linear and doesn't really let you do anything I didn't find any motivation to continue with it.,False,2024-12-29T16:41:16+00:00,2024-12-29T16:41:16+00:00,63.0,63.0,0.0,3.0,0.0,0.5634920597076416,True,False,False,False,76561198019251229,,27.0,False,False,217,41,1.05,1.05,1-3h,negative
218571579,1216710,cyber-manhunt,Cyber Manhunt,english,"I enjoy mystery/investigation and hacking games, so I was looking forward to trying this one out for a while. That said, I didn't have high expectations going in to this game because it doesn't cost that much. 
However, I wouldn't recommend this game for the following reasons:

1. My choices didn't matter and there was only one correct answer. I was excited to play this because I thought it would have a multi-layered investigation, like ""The Roottress are Dead,"" but it's far short of that. Grabbing data from various documents is the main mechanic, which lead to ""inferences,"" which are mostly guesswork to get the right answer so you can go forward. There were no consequences to getting something wrong, thus no multiple endings.

2. The story lines for the two missions I played were kinda gross to me. [spoiler] Both centered on blond, white women. In the first mission, the woman lied about her domestic abuse and scammed multiple husbands. And in the second the woman was a college student who was forced to be a ""sex slave."" This trite theme was repulsive to me and not fleshed out in an interesting way.[/spoiler] I quit playing because I lost interest in the overarching story or how the missions were connected.

3. The scripts (and some of the corresponding voice acting) were really bad. They didn't suit the characters at all, so much so that it broke my immersion.



","I enjoy mystery/investigation and hacking games, so I was looking forward to trying this one out for a while. That said, I didn't have high expectations going in to this game because it doesn't cost that much. However, I wouldn't recommend this game for the following reasons: 1. My choices didn't matter and there was only one correct answer. I was excited to play this because I thought it would have a multi-layered investigation, like ""The Roottress are Dead,"" but it's far short of that. Grabbing data from various documents is the main mechanic, which lead to ""inferences,"" which are mostly guesswork to get the right answer so you can go forward. There were no consequences to getting something wrong, thus no multiple endings. 2. The story lines for the two missions I played were kinda gross to me. [spoiler] Both centered on blond, white women. In the first mission, the woman lied about her domestic abuse and scammed multiple husbands. And in the second the woman was a college student who was forced to be a ""sex slave."" This trite theme was repulsive to me and not fleshed out in an interesting way.[/spoiler] I quit playing because I lost interest in the overarching story or how the missions were connected. 3. The scripts (and some of the corresponding voice acting) were really bad. They didn't suit the characters at all, so much so that it broke my immersion.",False,2026-02-17T22:23:50+00:00,2026-02-17T22:23:50+00:00,271.0,271.0,0.0,11.0,0.0,0.5412830710411072,True,False,False,False,76561198312591427,,8.0,False,False,1379,239,4.516666666666667,4.516666666666667,3-10h,negative
107417488,1216710,cyber-manhunt,Cyber Manhunt,english,"I wanted to like this game as it's clear that quite a bit of effort was put into making it, and (at least at the date of this review) the developer is still trying to improve on it.  The graphics are nice and I like this genre of game.  Game play length is decent, you can complete it within 9-10 hours at a leisurely pace.

Having said that, I can't bring myself to recommend it.  The worst part of the game is the writing. Aside from some translation and grammatical errors which I can ignore, the nicest way I can put it is that the writing style is simply not for me. The characters are so incredibly tropey, dramatic and honestly cringey in the way they speak. The twists and turns are juvenile and the themes are simplistic and shallow. The game doesn't say anything you don't already know (i.e. wouldn't it be bad if hackers are able to use your private data on social media for nefarious means? Really makes you think!).

Aside from the writing, the game play is okay though fairly repetitive.  The game does try to keep you engaged with new mini games that pop up, though at least one puzzle right at the end of the game is completely frustrating in a way that makes no sense and when you're under time pressure as well. By that point, I just wanted the game to be finished.

I'm sure there's an audience for this game (maybe younger people?) but it's not for me unfortunately.","I wanted to like this game as it's clear that quite a bit of effort was put into making it, and (at least at the date of this review) the developer is still trying to improve on it. The graphics are nice and I like this genre of game. Game play length is decent, you can complete it within 9-10 hours at a leisurely pace. Having said that, I can't bring myself to recommend it. The worst part of the game is the writing. Aside from some translation and grammatical errors which I can ignore, the nicest way I can put it is that the writing style is simply not for me. The characters are so incredibly tropey, dramatic and honestly cringey in the way they speak. The twists and turns are juvenile and the themes are simplistic and shallow. The game doesn't say anything you don't already know (i.e. wouldn't it be bad if hackers are able to use your private data on social media for nefarious means? Really makes you think!). Aside from the writing, the game play is okay though fairly repetitive. The game does try to keep you engaged with new mini games that pop up, though at least one puzzle right at the end of the game is completely frustrating in a way that makes no sense and when you're under time pressure as well. By that point, I just wanted the game to be finished. I'm sure there's an audience for this game (maybe younger people?) but it's not for me unfortunately.",False,2022-01-06T01:28:14+00:00,2022-01-06T01:28:14+00:00,717.0,717.0,0.0,3.0,0.0,0.517241358757019,False,False,False,False,76561197997846529,,20.0,False,False,1379,258,11.95,11.95,10h+,negative
75152966,1216710,cyber-manhunt,Cyber Manhunt,english,"I am thoroughly enjoying this game. The gameplay and story are both super interesting, and I quite like that you have the option to continue the investigation after the required information has been collected.

A few criticisms: The dialogue left me wanting a bit, the writing and grammar can be a bit clunky and often characters will use specific uncommon phrases often enough that it becomes noticeable. There were also quite a few spelling and grammatical errors, as well as spoken dialogue not properly matching the subtitles, which can be distracting. 

I also noticed that though dialogue can be skipped sometimes, often in a phone call, if the player has just spoken, the preceding sentence cannot be skipped. I'm aware this is a minor nitpick, but it can be annoying when replaying a certain chapter.

Gameplay wise I have very few criticisms, though I did find that controls in both the inference and telephone passcode sections are not outright broken, but can be quite finicky at times. Also, after a failed attempt at Phishing or Hacking, Ashley has a voiceline where she says she will give you ""one more chance"". Though this doesn't really make sense within the story of the game, because it is assumed that after you failed in one of these crucial sections and you try again, you're not doing so directly after, but instead you're reverting to a save before you tried the first time. Also a bit of a nitpick, but it still bothered me personally. I don't know if this would be possible to implement, but I think it would be a lot more interesting if the player were reprimanded by Ashley, as usual, but then instead of simply retrying the task again, the player would continue, and have to find a different way to gain the information that they were seeking. 

Overall, I think the idea for this game was amazing, the story is gripping, the gameplay is decent, and the dialogue is lacking. I would definitely reccomend this game, though I do think it's in need of improvements.","I am thoroughly enjoying this game. The gameplay and story are both super interesting, and I quite like that you have the option to continue the investigation after the required information has been collected. A few criticisms: The dialogue left me wanting a bit, the writing and grammar can be a bit clunky and often characters will use specific uncommon phrases often enough that it becomes noticeable. There were also quite a few spelling and grammatical errors, as well as spoken dialogue not properly matching the subtitles, which can be distracting. I also noticed that though dialogue can be skipped sometimes, often in a phone call, if the player has just spoken, the preceding sentence cannot be skipped. I'm aware this is a minor nitpick, but it can be annoying when replaying a certain chapter. Gameplay wise I have very few criticisms, though I did find that controls in both the inference and telephone passcode sections are not outright broken, but can be quite finicky at times. Also, after a failed attempt at Phishing or Hacking, Ashley has a voiceline where she says she will give you ""one more chance"". Though this doesn't really make sense within the story of the game, because it is assumed that after you failed in one of these crucial sections and you try again, you're not doing so directly after, but instead you're reverting to a save before you tried the first time. Also a bit of a nitpick, but it still bothered me personally. I don't know if this would be possible to implement, but I think it would be a lot more interesting if the player were reprimanded by Ashley, as usual, but then instead of simply retrying the task again, the player would continue, and have to find a different way to gain the information that they were seeking. Overall, I think the idea for this game was amazing, the story is gripping, the gameplay is decent, and the dialogue is lacking. I would definitely reccomend this game, though I do think it's in need of improvements.",True,2020-08-30T08:01:37+00:00,2020-08-30T08:01:37+00:00,292.0,292.0,0.0,0.0,0.0,0.5,True,False,True,False,76561198213845500,,7.0,False,False,1984,346,4.866666666666666,4.866666666666666,3-10h,positive
201186446,1216710,cyber-manhunt,Cyber Manhunt,english,"Cyber Manhunt is a unique and unsettling narrative-driven puzzle game that places players in the morally murky role of a professional hacker. Developed by Aluba Studio and available on Steam, the game presents itself as a cyber-investigation simulator, mixing detective gameplay with social engineering, data mining, and psychological manipulation. While its interface is minimalist, the themes it explores—digital privacy, online harassment, data vulnerability, and the ethics of surveillance—are far from simple. It’s a modern thriller that unfolds not through action-packed sequences or traditional storytelling, but by letting players piece together lives through clues scattered across emails, social media, and digital records.

Set in a near-future version of our own internet-saturated society, Cyber Manhunt casts the player as an operative for an organization known as ""SIVA,"" which conducts cyber investigations for corporations and government agencies. The game is structured around individual cases, each with its own set of objectives, suspects, and twists. What starts as routine data gathering—finding an email address, uncovering a password, identifying a workplace—quickly escalates into complex moral dilemmas. The deeper you dig into someone’s digital footprint, the more invasive your methods become, forcing you to reckon with the consequences of your virtual actions.

The core gameplay is rooted in investigation and logic puzzles, but what sets Cyber Manhunt apart is how immersive and believable its digital world feels. You spend much of your time trawling through fake but convincingly designed social media platforms, browsing private messages, scanning photos for hidden clues, and exploiting psychological weaknesses to manipulate individuals. The game offers a variety of tools: phishing attacks, password crackers, facial recognition programs, and psychological profiling software, all of which mimic real-world hacking techniques without becoming too technical or inaccessible. The interface, while simple—a desktop environment filled with windows and tabs—creates an atmosphere of quiet tension, as every click feels like crossing an ethical line.

What makes the experience so impactful is the human element. The stories you uncover are deeply personal and often tragic. You’re not just solving abstract puzzles; you’re uncovering infidelities, financial struggles, secrets, traumas, and vulnerabilities. Each case dives into topical issues like revenge porn, cyberbullying, workplace exploitation, doxxing, and the fine line between whistleblowing and invasion of privacy. As the player progresses, the narrative becomes darker and more morally ambiguous. The writing is sharp, and the character development—despite being limited to text, photos, and online profiles—is emotionally resonant. The game challenges you to not only solve a case, but also to reflect on what justice means in a digital age.

Visually, the game keeps things stripped down to focus on content. The UI mimics a clean, modern operating system with elements like chat windows, fake browser tabs, file systems, and message threads. Character portraits and photo attachments are stylized but grounded in realism, helping reinforce the immersion. The visual design cleverly avoids unnecessary distractions, making it easier to focus on parsing clues and tracking connections. Sound design also plays a subtle but important role—keyboard clicks, notification pings, and ambient background noise enhance the feeling of being locked into a high-stakes hacking operation, with minimal music to keep the mood tense and subdued.

One of the most compelling aspects of Cyber Manhunt is how it encourages nonlinear thinking. Often, you’ll need to piece together multiple fragments of information—dates, IP addresses, usernames, workplace gossip, even innocuous photos—to gain access to the next layer of information. The satisfaction of finally cracking a password or realizing a key detail hidden in plain sight is genuinely rewarding. This emphasis on deduction and intuition makes it more engaging than a traditional point-and-click adventure or dialogue-based detective game.

The game isn’t without its limitations. Its structure, while immersive, can sometimes become repetitive in later cases if you're not invested in the unfolding narrative. Some puzzles lean too heavily on trial and error or obscure details, which may frustrate players who prefer more explicit logic. Occasionally, the text-based nature of the game can become a bit overwhelming, especially in later chapters when multiple message threads and platforms must be monitored simultaneously. Additionally, while the game offers strong storytelling, it doesn’t provide much player agency in how outcomes unfold; you’re largely executing a script with little room to change the moral arc of a case.

Still, Cyber Manhunt thrives on the strength of its atmosphere, writing, and relevance. In an age where personal data is a currency and social media has become both weapon and witness, the game’s scenarios hit uncomfortably close to home. It manages to be entertaining, thought-provoking, and disturbing all at once. Each case plays like a mini cyber-thriller, and the emotional weight of the characters’ stories lingers long after the investigation is over. Few games tackle the modern digital landscape with such a grounded and incisive lens.

Overall, Cyber Manhunt is a compelling blend of investigation, narrative, and social commentary. It’s a rare kind of game that treats its players like intelligent observers and asks difficult questions without offering easy answers. For those intrigued by ethical dilemmas, digital privacy, and the psychological impacts of technology, it offers a focused, meaningful experience unlike much else on Steam. It’s not just about solving puzzles—it’s about understanding the cost of digital omniscience and asking yourself whether you’ve gone too far, even when the job is done.

Rating: 8/10","Cyber Manhunt is a unique and unsettling narrative-driven puzzle game that places players in the morally murky role of a professional hacker. Developed by Aluba Studio and available on Steam, the game presents itself as a cyber-investigation simulator, mixing detective gameplay with social engineering, data mining, and psychological manipulation. While its interface is minimalist, the themes it explores—digital privacy, online harassment, data vulnerability, and the ethics of surveillance—are far from simple. It’s a modern thriller that unfolds not through action-packed sequences or traditional storytelling, but by letting players piece together lives through clues scattered across emails, social media, and digital records. Set in a near-future version of our own internet-saturated society, Cyber Manhunt casts the player as an operative for an organization known as ""SIVA,"" which conducts cyber investigations for corporations and government agencies. The game is structured around individual cases, each with its own set of objectives, suspects, and twists. What starts as routine data gathering—finding an email address, uncovering a password, identifying a workplace—quickly escalates into complex moral dilemmas. The deeper you dig into someone’s digital footprint, the more invasive your methods become, forcing you to reckon with the consequences of your virtual actions. The core gameplay is rooted in investigation and logic puzzles, but what sets Cyber Manhunt apart is how immersive and believable its digital world feels. You spend much of your time trawling through fake but convincingly designed social media platforms, browsing private messages, scanning photos for hidden clues, and exploiting psychological weaknesses to manipulate individuals. The game offers a variety of tools: phishing attacks, password crackers, facial recognition programs, and psychological profiling software, all of which mimic real-world hacking techniques without becoming too technical or inaccessible. The interface, while simple—a desktop environment filled with windows and tabs—creates an atmosphere of quiet tension, as every click feels like crossing an ethical line. What makes the experience so impactful is the human element. The stories you uncover are deeply personal and often tragic. You’re not just solving abstract puzzles; you’re uncovering infidelities, financial struggles, secrets, traumas, and vulnerabilities. Each case dives into topical issues like revenge porn, cyberbullying, workplace exploitation, doxxing, and the fine line between whistleblowing and invasion of privacy. As the player progresses, the narrative becomes darker and more morally ambiguous. The writing is sharp, and the character development—despite being limited to text, photos, and online profiles—is emotionally resonant. The game challenges you to not only solve a case, but also to reflect on what justice means in a digital age. Visually, the game keeps things stripped down to focus on content. The UI mimics a clean, modern operating system with elements like chat windows, fake browser tabs, file systems, and message threads. Character portraits and photo attachments are stylized but grounded in realism, helping reinforce the immersion. The visual design cleverly avoids unnecessary distractions, making it easier to focus on parsing clues and tracking connections. Sound design also plays a subtle but important role—keyboard clicks, notification pings, and ambient background noise enhance the feeling of being locked into a high-stakes hacking operation, with minimal music to keep the mood tense and subdued. One of the most compelling aspects of Cyber Manhunt is how it encourages nonlinear thinking. Often, you’ll need to piece together multiple fragments of information—dates, IP addresses, usernames, workplace gossip, even innocuous photos—to gain access to the next layer of information. The satisfaction of finally cracking a password or realizing a key detail hidden in plain sight is genuinely rewarding. This emphasis on deduction and intuition makes it more engaging than a traditional point-and-click adventure or dialogue-based detective game. The game isn’t without its limitations. Its structure, while immersive, can sometimes become repetitive in later cases if you're not invested in the unfolding narrative. Some puzzles lean too heavily on trial and error or obscure details, which may frustrate players who prefer more explicit logic. Occasionally, the text-based nature of the game can become a bit overwhelming, especially in later chapters when multiple message threads and platforms must be monitored simultaneously. Additionally, while the game offers strong storytelling, it doesn’t provide much player agency in how outcomes unfold; you’re largely executing a script with little room to change the moral arc of a case. Still, Cyber Manhunt thrives on the strength of its atmosphere, writing, and relevance. In an age where personal data is a currency and social media has become both weapon and witness, the game’s scenarios hit uncomfortably close to home. It manages to be entertaining, thought-provoking, and disturbing all at once. Each case plays like a mini cyber-thriller, and the emotional weight of the characters’ stories lingers long after the investigation is over. Few games tackle the modern digital landscape with such a grounded and incisive lens. Overall, Cyber Manhunt is a compelling blend of investigation, narrative, and social commentary. It’s a rare kind of game that treats its players like intelligent observers and asks difficult questions without offering easy answers. For those intrigued by ethical dilemmas, digital privacy, and the psychological impacts of technology, it offers a focused, meaningful experience unlike much else on Steam. It’s not just about solving puzzles—it’s about understanding the cost of digital omniscience and asking yourself whether you’ve gone too far, even when the job is done. Rating: 8/10",True,2025-08-01T03:59:27+00:00,2025-08-01T03:59:27+00:00,1442.0,906.0,0.0,1.0,0.0,0.4339112937450409,True,False,False,False,76561198367471798,,27587.0,False,False,5996,877,24.033333333333335,15.1,10h+,positive
204256136,1216710,cyber-manhunt,Cyber Manhunt,english,"Interesting idea, but the gameplay gets repetitive very quickly. The story doesn’t have enough depth to keep things engaging, and after a while it just feels more like busywork than real investigation.","Interesting idea, but the gameplay gets repetitive very quickly. The story doesn’t have enough depth to keep things engaging, and after a while it just feels more like busywork than real investigation.",False,2025-09-13T17:37:13+00:00,2025-09-13T17:37:13+00:00,113.0,113.0,0.0,3.0,1.0,0.5502198338508606,True,False,False,False,76561198285635216,,18.0,False,False,201,32,1.8833333333333333,1.8833333333333333,1-3h,negative
107184632,1216710,cyber-manhunt,Cyber Manhunt,english,"The game feels too linear for a game like this to work. There is either too much hand holding or very little, so the design is extremely inconsistent and I have encountered a bug where one of the vital information piece was changed in text in my version, (probably due to an update) which made me hard locked and unable to progress without a guide/walkthrough.  SPOILER!  [spoiler] I got 18th May 1983 for Ito's birthday when the game only accepted 16th in the database search. The calculation wasn't wrong, the information given was incorrect [/spoiler] SPOILER !

Voice acting is atrocious and so is many of the mini games/puzzles. It would be more tolerable had some of the phone calls didn't require some form of trial and error and worse yet, is unskippable and unbelievably slow. Bad voice acting is fine when its optional. It's garbage when its mandatory. I am still waiting for someone to perfect this game style (Browser/internet/hacker detective subgenra). But while this one is pretty decent as an attempt, it is still a bad experience.

I still play it from time to time but each time I relaunch the game with renewed excitement and renewed disappointment.

The closest game I can think of to this that is actually any good is Her Story, and it pales in comparison because Cyber Manhunt has twice the ambition yet half the execution of Her Story. Overall severely disappointed.","The game feels too linear for a game like this to work. There is either too much hand holding or very little, so the design is extremely inconsistent and I have encountered a bug where one of the vital information piece was changed in text in my version, (probably due to an update) which made me hard locked and unable to progress without a guide/walkthrough. SPOILER! [spoiler] I got 18th May 1983 for Ito's birthday when the game only accepted 16th in the database search. The calculation wasn't wrong, the information given was incorrect [/spoiler] SPOILER ! Voice acting is atrocious and so is many of the mini games/puzzles. It would be more tolerable had some of the phone calls didn't require some form of trial and error and worse yet, is unskippable and unbelievably slow. Bad voice acting is fine when its optional. It's garbage when its mandatory. I am still waiting for someone to perfect this game style (Browser/internet/hacker detective subgenra). But while this one is pretty decent as an attempt, it is still a bad experience. I still play it from time to time but each time I relaunch the game with renewed excitement and renewed disappointment. The closest game I can think of to this that is actually any good is Her Story, and it pales in comparison because Cyber Manhunt has twice the ambition yet half the execution of Her Story. Overall severely disappointed.",False,2022-01-03T01:10:44+00:00,2022-01-03T01:14:00+00:00,449.0,449.0,0.0,1.0,0.0,0.47193068265914917,True,False,False,False,76561198072010737,,162.0,False,False,1384,239,7.483333333333333,7.483333333333333,3-10h,negative
195660318,1216710,cyber-manhunt,Cyber Manhunt,english,"I don't mean to sound cruel, but I'm shocked that is game is so highly rated at the time of my review as it is marred by several critical flaws. 

Most glaringly, the English translation and localisation is atrocious. Considering this is coming from a non-native English speaking studio, I was willing to overlook some of the inaccuracies since there is a lot of text you have to sift through, but even some of the phrases in the ""connecting the dots"" puzzles, the crux of the game, are unintelligible, and could only solved after looking up the solution. The voice acting is painfully subpar and its apparent that they were not given much direction for their performance. While I don't mind when a game explores dark subject matter, the discovery of the plot is often sapped of any suspense when the villain(s) often brag the same way Dr. Doofenshmirtz does with his evil inventions.

Even if you plan to not play this game in English, I would still recommend avoiding as you will spend the entire game clicking away at every sentence on every site in case it has a meaningful clue to record, as they are the very puzzle pieces you will need to literally connect later. There is more I can say about the game, but I think you get the picture. Instead, consider getting ""The Roottrees are Dead"" if you want to get your internet sleuth on.","I don't mean to sound cruel, but I'm shocked that is game is so highly rated at the time of my review as it is marred by several critical flaws. Most glaringly, the English translation and localisation is atrocious. Considering this is coming from a non-native English speaking studio, I was willing to overlook some of the inaccuracies since there is a lot of text you have to sift through, but even some of the phrases in the ""connecting the dots"" puzzles, the crux of the game, are unintelligible, and could only solved after looking up the solution. The voice acting is painfully subpar and its apparent that they were not given much direction for their performance. While I don't mind when a game explores dark subject matter, the discovery of the plot is often sapped of any suspense when the villain(s) often brag the same way Dr. Doofenshmirtz does with his evil inventions. Even if you plan to not play this game in English, I would still recommend avoiding as you will spend the entire game clicking away at every sentence on every site in case it has a meaningful clue to record, as they are the very puzzle pieces you will need to literally connect later. There is more I can say about the game, but I think you get the picture. Instead, consider getting ""The Roottrees are Dead"" if you want to get your internet sleuth on.",False,2025-05-25T22:33:30+00:00,2025-05-25T22:33:30+00:00,753.0,753.0,0.0,17.0,1.0,0.6822777390480042,True,False,False,False,76561198116914593,,5.0,False,False,1335,240,12.55,12.55,10h+,negative
123511948,1216710,cyber-manhunt,Cyber Manhunt,english,"I had a good time playing this game. I've never played any input-based type experience in which you feel like you are scouring the web for information, learning about people's secrets, logging into their accounts, etc. and I really liked feeling like I was immersed in what I was doing and in all the info I was collecting. 
However, I would say I would only recommend this game to people that aren't looking for some in-depth hacking simulator. This is more of a guided story experience, which is my preference, so I liked it. It was a good balance of feeling like I had to do stuff on my own plus a few indicators that I'm on the right track.

A few critiques I have are that some of the clues are very easy to scroll over and not collect, which made me want to look up a guide for a lot of the sequences. I tried to do the majority on my own, but towards the end of the game especially, I was heavily leaning on online guides to know what to do. But with that being said I am REALLY bad at puzzles and have little patience, so maybe take that part with a grain of salt. 
Also, the translations and awkwardness of the dialogue in this game is very prominent. It can be a bit jarring to have such a graphically unique and interesting game have those awkward dialogue moments that a lot of the time didn't make complete sense. But if you can look past those issues and just have fun hacking away, it's a fun game at its core and you can tell that the developers put a lot of love and effort into it. 


All in all, it held my attention as a destressor from everyday life (besides the minigames, which I wasn't good at, so they kind of stressed me out. lmao). I might return and play the DLC sometime. I don't think I'm invested enough to collect all of the achievements.","I had a good time playing this game. I've never played any input-based type experience in which you feel like you are scouring the web for information, learning about people's secrets, logging into their accounts, etc. and I really liked feeling like I was immersed in what I was doing and in all the info I was collecting. However, I would say I would only recommend this game to people that aren't looking for some in-depth hacking simulator. This is more of a guided story experience, which is my preference, so I liked it. It was a good balance of feeling like I had to do stuff on my own plus a few indicators that I'm on the right track. A few critiques I have are that some of the clues are very easy to scroll over and not collect, which made me want to look up a guide for a lot of the sequences. I tried to do the majority on my own, but towards the end of the game especially, I was heavily leaning on online guides to know what to do. But with that being said I am REALLY bad at puzzles and have little patience, so maybe take that part with a grain of salt. Also, the translations and awkwardness of the dialogue in this game is very prominent. It can be a bit jarring to have such a graphically unique and interesting game have those awkward dialogue moments that a lot of the time didn't make complete sense. But if you can look past those issues and just have fun hacking away, it's a fun game at its core and you can tell that the developers put a lot of love and effort into it. All in all, it held my attention as a destressor from everyday life (besides the minigames, which I wasn't good at, so they kind of stressed me out. lmao). I might return and play the DLC sometime. I don't think I'm invested enough to collect all of the achievements.",True,2022-10-08T01:20:32+00:00,2022-10-08T01:22:23+00:00,586.0,586.0,0.0,3.0,0.0,0.5454545617103577,True,False,False,False,76561198195398163,,4.0,False,False,1764,339,9.766666666666667,9.766666666666667,3-10h,positive
94838786,1216710,cyber-manhunt,Cyber Manhunt,english,"Cyber Manhunt is a pretty good game. The story is well-written, if a bit difficult to follow sometimes, and has a lot of good elements to it. There are flaws, however, and many of them interfere with the immersion. This review will be free of major spoilers, with only a few plot points hinted at. I won't ruin your play experience if you decide to buy it yourself.

In terms of visuals, the game looks great. The art and animation are well done and have their own unique style to them. The UI looks pretty great too, though there are problems there that lie beyond their sleek exteriors. One of the most annoying parts (something that could have been easily implemented, I'll bet) is that you can't use the TAB key to move between fields. The password cracker requires you to input several pieces of information in across multiple fields, and you'll do this several times in each case. You can't use TAB, though, so you pretty much have to do everything with your mouse. It's a minor gripe, but I found myself annoyed at these sections of the game. They included CTRL+C and CTRL+V, but not TAB?

Sound design is mixed. The music is great, from the actual lyrical songs, to the general background music. It's a little repetitive, but it fits the game and doesn't distract from what you're trying to do. I think the Reasoning music is my favorite just for how nice it sounds, adding a bit of urgency to the normal background music. The voice acting, however, is mixed at best. Some roles sound better than others, but the game would have benefited from better voice direction.

However, the story suffers the most, because whoever was in charge of localizing the game [i]seriously dropped the ball[/i]. The tutorial and first case (so the content included in the demo) have the best localization, but even then it's not great. The wording of hundreds of messages in the game is awkward and fake-sounding, some parts even sounding like those phishing e-mails written by the prince of Nigeria. There were places where the localization was downright unintelligible, and I ended up having to make guesses in certain parts of the game to progress the story because I couldn't make sense of the options provided.

The story itself, localization issues aside, is good, but feels disjointed at times. There are two major plots that run simultaneously, and they seem completely separate from each other, even when they should be working together. Also, characterization for the main NPC was just wrong - through other dialogue and flavor text, the game seems to be trying to establish this character as your friend, but they act distant at best and antagonistic at worst, so your motivations get muddled at certain parts of the story. Puzzle design is pretty good, though there are two or three puzzles that will practically force you to look up a guide because their design is pretty obtuse. But overall, the game has a good message about privacy in the digital age - it's just a bit hampered by the way the game is presented.

Overall, Cyber Manhunt is a good, but flawed game. After playing other hacking games like Code7, Hacknet, and Uplink, I found it to be more on the point-and-click adventure side of things rather than an actual hacking simulator, but it really needed a final layer of polish if it wanted to be one of the greats in the genre. I think the game's overall appeal would be greatly increased by having a good localization team go through and fix a lot of the rough translations and making the game more accessible and immersive.","Cyber Manhunt is a pretty good game. The story is well-written, if a bit difficult to follow sometimes, and has a lot of good elements to it. There are flaws, however, and many of them interfere with the immersion. This review will be free of major spoilers, with only a few plot points hinted at. I won't ruin your play experience if you decide to buy it yourself. In terms of visuals, the game looks great. The art and animation are well done and have their own unique style to them. The UI looks pretty great too, though there are problems there that lie beyond their sleek exteriors. One of the most annoying parts (something that could have been easily implemented, I'll bet) is that you can't use the TAB key to move between fields. The password cracker requires you to input several pieces of information in across multiple fields, and you'll do this several times in each case. You can't use TAB, though, so you pretty much have to do everything with your mouse. It's a minor gripe, but I found myself annoyed at these sections of the game. They included CTRL+C and CTRL+V, but not TAB? Sound design is mixed. The music is great, from the actual lyrical songs, to the general background music. It's a little repetitive, but it fits the game and doesn't distract from what you're trying to do. I think the Reasoning music is my favorite just for how nice it sounds, adding a bit of urgency to the normal background music. The voice acting, however, is mixed at best. Some roles sound better than others, but the game would have benefited from better voice direction. However, the story suffers the most, because whoever was in charge of localizing the game [i]seriously dropped the ball[/i]. The tutorial and first case (so the content included in the demo) have the best localization, but even then it's not great. The wording of hundreds of messages in the game is awkward and fake-sounding, some parts even sounding like those phishing e-mails written by the prince of Nigeria. There were places where the localization was downright unintelligible, and I ended up having to make guesses in certain parts of the game to progress the story because I couldn't make sense of the options provided. The story itself, localization issues aside, is good, but feels disjointed at times. There are two major plots that run simultaneously, and they seem completely separate from each other, even when they should be working together. Also, characterization for the main NPC was just wrong - through other dialogue and flavor text, the game seems to be trying to establish this character as your friend, but they act distant at best and antagonistic at worst, so your motivations get muddled at certain parts of the story. Puzzle design is pretty good, though there are two or three puzzles that will practically force you to look up a guide because their design is pretty obtuse. But overall, the game has a good message about privacy in the digital age - it's just a bit hampered by the way the game is presented. Overall, Cyber Manhunt is a good, but flawed game. After playing other hacking games like Code7, Hacknet, and Uplink, I found it to be more on the point-and-click adventure side of things rather than an actual hacking simulator, but it really needed a final layer of polish if it wanted to be one of the greats in the genre. I think the game's overall appeal would be greatly increased by having a good localization team go through and fix a lot of the rough translations and making the game more accessible and immersive.",True,2021-07-01T21:07:58+00:00,2021-07-01T21:13:42+00:00,740.0,740.0,0.0,1.0,0.0,0.523809552192688,True,False,False,False,76561198114134673,,7.0,False,False,3536,620,12.333333333333334,12.333333333333334,10h+,positive
91770155,1216710,cyber-manhunt,Cyber Manhunt,english,"Predictable storyline, boring narrative, abysmal voice acting. Has some design issues that is engineered to waste your time and tickle your ADHD. Steer clear.","Predictable storyline, boring narrative, abysmal voice acting. Has some design issues that is engineered to waste your time and tickle your ADHD. Steer clear.",False,2021-05-10T15:04:36+00:00,2021-05-10T15:04:36+00:00,155.0,155.0,0.0,0.0,1.0,0.4655172526836395,True,False,False,False,76561198037324642,,14.0,False,False,158,24,2.5833333333333335,2.5833333333333335,1-3h,negative
166064707,1216710,cyber-manhunt,Cyber Manhunt,english,"The game really can't decide if it wants to be puzzly or hold your hand constantly, even artificially blocking your progression until it deems you ""ready"".

The UX is outright abyssmal, with every action having some sort of artificial delay, like waiting for some voice line to finish, or have an arbitrary fake progress bar go up. This will happen dozens and dozens of times. It can not be turned off. It can not be skipped.

It adds up to a LOT of time wasted, even if you aren't forced to repeat them because of the random minute ""quizzes"" the game occasionally throws at you, marking the only time where the game won't let you look up anything. You remember exactly WHERE the info would be, but no - you have to game over, retry, look it up, go through 1 or 2 minutes of unskippable very mediocre voiced lines again, and only THEN are you allowed to progress... to the next question. Rinse and repeat, unless you literally memorized every single little remark and detail from dozens of random conversations and social media posts.

The game ist just so incredibly tedious to play. It actively doesn't want you to have any fun. The story could be decent enough I guess, but it's certainly not enough of a payoff for the awful, awful gameplay.","The game really can't decide if it wants to be puzzly or hold your hand constantly, even artificially blocking your progression until it deems you ""ready"". The UX is outright abyssmal, with every action having some sort of artificial delay, like waiting for some voice line to finish, or have an arbitrary fake progress bar go up. This will happen dozens and dozens of times. It can not be turned off. It can not be skipped. It adds up to a LOT of time wasted, even if you aren't forced to repeat them because of the random minute ""quizzes"" the game occasionally throws at you, marking the only time where the game won't let you look up anything. You remember exactly WHERE the info would be, but no - you have to game over, retry, look it up, go through 1 or 2 minutes of unskippable very mediocre voiced lines again, and only THEN are you allowed to progress... to the next question. Rinse and repeat, unless you literally memorized every single little remark and detail from dozens of random conversations and social media posts. The game ist just so incredibly tedious to play. It actively doesn't want you to have any fun. The story could be decent enough I guess, but it's certainly not enough of a payoff for the awful, awful gameplay.",False,2024-05-25T22:58:35+00:00,2024-05-25T22:58:35+00:00,1349.0,392.0,0.0,2.0,0.0,0.5279049873352051,True,False,False,False,76561198036456994,,11.0,False,False,1242,224,22.483333333333334,6.533333333333333,3-10h,negative
91448069,1216710,cyber-manhunt,Cyber Manhunt,english,"Really wish I could recommend this game but the bugs and poor translation ruin what would have otherwise been a cool experience. Ran into two game breaking bugs, one fixed after a reset and the other remains to be fixed, in the last chapter. After solving a puzzle the game reverts back to a state before the puzzle was solved, while the timer continues to countdown.

Another huge problem, especially in the last chapter, is the game is throwing a ton of background lore at you while an onscreen timer ticks away, in a scenario where the game can't even be paused. The interface already makes it hard to quickly grab information, but now you have to grab it while racing the clock, and solving puzzles. Your option is either to go slow and actually absorb the lore (failing and having to repeat after multiple attempts), or go quickly and miss anything story related. 

The concept of this game is great and almost done well here. ALMOST. It needs better translation and better writing, way less bugs and a better UI. Whether it was script or direction, the voice acting was not up to par either.

Playing for so long only for the game to break at the end really soured me on it, but I'm hoping the devs can fix it for their next iteration, because there is definite potential here.","Really wish I could recommend this game but the bugs and poor translation ruin what would have otherwise been a cool experience. Ran into two game breaking bugs, one fixed after a reset and the other remains to be fixed, in the last chapter. After solving a puzzle the game reverts back to a state before the puzzle was solved, while the timer continues to countdown. Another huge problem, especially in the last chapter, is the game is throwing a ton of background lore at you while an onscreen timer ticks away, in a scenario where the game can't even be paused. The interface already makes it hard to quickly grab information, but now you have to grab it while racing the clock, and solving puzzles. Your option is either to go slow and actually absorb the lore (failing and having to repeat after multiple attempts), or go quickly and miss anything story related. The concept of this game is great and almost done well here. ALMOST. It needs better translation and better writing, way less bugs and a better UI. Whether it was script or direction, the voice acting was not up to par either. Playing for so long only for the game to break at the end really soured me on it, but I'm hoping the devs can fix it for their next iteration, because there is definite potential here.",False,2021-05-04T23:36:34+00:00,2021-05-04T23:36:34+00:00,1505.0,1476.0,0.0,4.0,0.0,0.5930331349372864,True,False,False,False,76561197975678852,,56.0,False,False,1279,232,25.083333333333332,24.6,10h+,negative
193279155,1216710,cyber-manhunt,Cyber Manhunt,english,"I bought this game months ago because it was cheap (I believe it was on sale at the time) and completely forgot about it until now. I went into this game with not knowing what to expect, and now I am addicted to it. I think it is a perfect game for those who like to find clues and solve mysteries. I can see how this could be boring for some other people since all you do is clicking different buttons on the screen to find clues. However, the back stories are very interesting and I think that alone make this game worth playing.

I do have some criticisms for this game though. When I was trying to complete the first chapter, the game kept telling I have one more clue to find, I looked up guides online and saw that I already found everything. I figured it was a bug and had to restart the chapter. Some of the voice acting also feel a bit unnatural, it's almost like the voice actors were just reading from the script which kind of threw me off. In a few dialogues, what the voice actors said also did not match the subtitle, which is fine if they have the same meaning but for example, there is one part where the subtitle said ""hacker"" while the voice actor said ""leader"" which feels a bit off since the character we play as isn't really a ""leader"". I am also not too crazy about the illustrations, some of the characters' anatomy look weird and not consistent (when there are 3 illustrations of the same character from different angles, they almost look like 3 different people) I do like how painterly it looks but in some areas they used actual photos with a filter while some of them they kept the painterly illustrations which is a bit odd.

Nevertheless for me, it was a game worth playing and I definitely would be interested to check out the DLCs and the next game after this one.","I bought this game months ago because it was cheap (I believe it was on sale at the time) and completely forgot about it until now. I went into this game with not knowing what to expect, and now I am addicted to it. I think it is a perfect game for those who like to find clues and solve mysteries. I can see how this could be boring for some other people since all you do is clicking different buttons on the screen to find clues. However, the back stories are very interesting and I think that alone make this game worth playing. I do have some criticisms for this game though. When I was trying to complete the first chapter, the game kept telling I have one more clue to find, I looked up guides online and saw that I already found everything. I figured it was a bug and had to restart the chapter. Some of the voice acting also feel a bit unnatural, it's almost like the voice actors were just reading from the script which kind of threw me off. In a few dialogues, what the voice actors said also did not match the subtitle, which is fine if they have the same meaning but for example, there is one part where the subtitle said ""hacker"" while the voice actor said ""leader"" which feels a bit off since the character we play as isn't really a ""leader"". I am also not too crazy about the illustrations, some of the characters' anatomy look weird and not consistent (when there are 3 illustrations of the same character from different angles, they almost look like 3 different people) I do like how painterly it looks but in some areas they used actual photos with a filter while some of them they kept the painterly illustrations which is a bit odd. Nevertheless for me, it was a game worth playing and I definitely would be interested to check out the DLCs and the next game after this one.",True,2025-04-21T16:56:40+00:00,2025-04-21T16:56:40+00:00,953.0,191.0,0.0,1.0,0.0,0.5,True,False,False,False,76561198446333681,,41.0,False,False,1794,339,15.883333333333333,3.183333333333333,3-10h,positive
118519454,1216710,cyber-manhunt,Cyber Manhunt,english,"Pros: I enjoyed the gameplay since it reminded me of the Orwell games and the investigation and twists reminded me of a Ace Attorney game. The story is pretty good as its combined into 5 or so chapters where you have to find out what happened to a certain person why this person was killed. So if you're a fan of detective games like LA Noir, this definitely a good game to buy. Also it adds some pretty heavy topics that may be triggering for some people but I feel like it was a good attempt at trying to address them.

Cons: With all the pros, theres some things that really bug me about this game. 

[list]
    [*]Story - As I said, the story is really good and the investigation keeps you engrossed to find out what exactly happened or led to the incident that took place. But around Chapter 4, the game shifts from a political/suspense thriller to a weird sci-fi ""Deus Ex"" type story. It really didn't mesh well with me in trying to connect all the previous chapters. And this is around the same part where the main antagonist gets introduced. And by God is this one of the most over-dramatic mustache twirling villains I've ever seen. Their backstory is slightly explored in one of the DLCs but even then it doesn't really help to justify their actions in the main campaign nor those it add any really depth to their character. The only sub-antagonist that got any type of depth and I went ""Oh wow, I can see why they did this"" was [spoiler] Lisa Snyder [/spoiler] in Chapter 1 and returned in one of the DLC chapters which in turn made the later my favorite chapter. 
   
 [*]Puzzles - I don't normally criticize puzzles because I dont want to come off as that guy that cant do puzzles because I'm too dumb or whatever. But I'll take that risk for this game. Some of the puzzles and mini games here are difficult to a frustrating degree. Mainly because I felt there was little hints given to me on how to solve them. And this definitely goes for the mini games. There's one at the very end of the last DLC chapter that was so hard, I pretty much just gave up after going at it for an hour or two and just watched the ending on YouTube. One of the walkthroughs I found online even made the statement that some of the puzzles were not explained well so I'm gonna guess its not just me who feels this way.
   
 [*]Voices - While the DLC chapters are fully voiced, I suspect some of the main campaign voices are synthetic and were maybe spoken by AI generated software [spoiler] A bit ironic considering the story of the game [/spoiler]. For the most part it sounds ok but some words come out very weird. 
[/list]



Summary: Cyber Manhunt is a good game and very much worth the price you pay for it. But the weird Deus Ex story keeps me from fully enjoying it. Had it stuck with the political/corporate drama of Company X trying to sway and control the population through Big Data, I would've absolutely loved it. It really did not need the Deus Ex element and should've been completely left out. And when you do take it out of the game, it really doesn't take a whole lot away from the story, so its strange as to why it was even added in the first place.","Pros: I enjoyed the gameplay since it reminded me of the Orwell games and the investigation and twists reminded me of a Ace Attorney game. The story is pretty good as its combined into 5 or so chapters where you have to find out what happened to a certain person why this person was killed. So if you're a fan of detective games like LA Noir, this definitely a good game to buy. Also it adds some pretty heavy topics that may be triggering for some people but I feel like it was a good attempt at trying to address them. Cons: With all the pros, theres some things that really bug me about this game. [list] [*]Story - As I said, the story is really good and the investigation keeps you engrossed to find out what exactly happened or led to the incident that took place. But around Chapter 4, the game shifts from a political/suspense thriller to a weird sci-fi ""Deus Ex"" type story. It really didn't mesh well with me in trying to connect all the previous chapters. And this is around the same part where the main antagonist gets introduced. And by God is this one of the most over-dramatic mustache twirling villains I've ever seen. Their backstory is slightly explored in one of the DLCs but even then it doesn't really help to justify their actions in the main campaign nor those it add any really depth to their character. The only sub-antagonist that got any type of depth and I went ""Oh wow, I can see why they did this"" was [spoiler] Lisa Snyder [/spoiler] in Chapter 1 and returned in one of the DLC chapters which in turn made the later my favorite chapter. [*]Puzzles - I don't normally criticize puzzles because I dont want to come off as that guy that cant do puzzles because I'm too dumb or whatever. But I'll take that risk for this game. Some of the puzzles and mini games here are difficult to a frustrating degree. Mainly because I felt there was little hints given to me on how to solve them. And this definitely goes for the mini games. There's one at the very end of the last DLC chapter that was so hard, I pretty much just gave up after going at it for an hour or two and just watched the ending on YouTube. One of the walkthroughs I found online even made the statement that some of the puzzles were not explained well so I'm gonna guess its not just me who feels this way. [*]Voices - While the DLC chapters are fully voiced, I suspect some of the main campaign voices are synthetic and were maybe spoken by AI generated software [spoiler] A bit ironic considering the story of the game [/spoiler]. For the most part it sounds ok but some words come out very weird. [/list] Summary: Cyber Manhunt is a good game and very much worth the price you pay for it. But the weird Deus Ex story keeps me from fully enjoying it. Had it stuck with the political/corporate drama of Company X trying to sway and control the population through Big Data, I would've absolutely loved it. It really did not need the Deus Ex element and should've been completely left out. And when you do take it out of the game, it really doesn't take a whole lot away from the story, so its strange as to why it was even added in the first place.",True,2022-07-09T16:09:38+00:00,2022-07-09T16:14:53+00:00,1481.0,1257.0,0.0,8.0,0.0,0.6260743141174316,True,False,False,False,76561198042935880,,9.0,False,False,3139,590,24.683333333333334,20.95,10h+,positive
229413694,1216710,cyber-manhunt,Cyber Manhunt,english,The UI annoyed me and I the world and characters were all very surface level,The UI annoyed me and I the world and characters were all very surface level,False,2026-07-02T13:17:21+00:00,2026-07-02T13:17:21+00:00,134.0,134.0,0.0,4.0,1.0,0.573283851146698,True,False,False,False,76561198276723267,,86.0,False,False,76,15,2.2333333333333334,2.2333333333333334,1-3h,negative
155084694,1216710,cyber-manhunt,Cyber Manhunt,english,"2/5

Cyber Manhunt falls disappointingly short of what I was expecting. While it's evident that the developers poured time and effort into this game, the end result is a mediocre experience. Nothing is horribly bad, but nothing is great either.

One of the major letdowns is the story line, which is... cliched. I could figure out where it was going almost beat-for-beat. The characters feel two-dimensional, and most of the time I could skip past their dialogue and just find the highlighted bits I was meant to find without losing anything meaningful from the parts I skipped. 
Sleuthing, he game's core mechanic, turns out to be a painfully limited and repetitive experience. The investigative elements promised are reduced to basic point-and-click tasks, and copy-and-pasting things into boxes. The puzzles lack complexity and fail to challenge the player's intellect, resulting a cycle that gets old after chapter 2.
The dialogue delivery is often wooden, making it difficult to immerse oneself in the story.

I can tell the devs really tried, which redeems this to a point, but the overall experience falls flat. With a more engaging story line and more diverse detective mechanics, Cyber Manhunt could have been a standout title.","2/5 Cyber Manhunt falls disappointingly short of what I was expecting. While it's evident that the developers poured time and effort into this game, the end result is a mediocre experience. Nothing is horribly bad, but nothing is great either. One of the major letdowns is the story line, which is... cliched. I could figure out where it was going almost beat-for-beat. The characters feel two-dimensional, and most of the time I could skip past their dialogue and just find the highlighted bits I was meant to find without losing anything meaningful from the parts I skipped. Sleuthing, he game's core mechanic, turns out to be a painfully limited and repetitive experience. The investigative elements promised are reduced to basic point-and-click tasks, and copy-and-pasting things into boxes. The puzzles lack complexity and fail to challenge the player's intellect, resulting a cycle that gets old after chapter 2. The dialogue delivery is often wooden, making it difficult to immerse oneself in the story. I can tell the devs really tried, which redeems this to a point, but the overall experience falls flat. With a more engaging story line and more diverse detective mechanics, Cyber Manhunt could have been a standout title.",False,2024-01-02T19:45:05+00:00,2024-01-02T19:45:05+00:00,246.0,246.0,0.0,0.0,0.0,0.5,True,False,False,False,76561198306080482,,5.0,False,False,1232,200,4.1,4.1,3-10h,negative
179770068,1216710,cyber-manhunt,Cyber Manhunt,english,"The concept of the game is great. The Narrative is interesting, but you have to go so fast that you don't really get to enjoy the story. The mechanics of the game are terrible. Playing on a laptop with a trackpad/clicker, I spent way too much time pushing the various windows around trying to get the right window that had the info that I needed. When you have to go so fast, you don't have time for all the opening, closing, pushing windows around. Also, having to look up the same info twice in different chapters of the game is silly, because a real computer-based detective would have had it already. But overall, I enjoyed using the many digital forms of hacking info, cracking codes, and piecing together the story. I like the way the game brought in social media influencers too, that felt very 'real'.  Another critique is that the game is very violent in parts, violent stories of torture, rape and killing; demeaning to women on the whole.There is no need for it to be so violent; it doesn't make it a better story. For that, I would not recommend it.","The concept of the game is great. The Narrative is interesting, but you have to go so fast that you don't really get to enjoy the story. The mechanics of the game are terrible. Playing on a laptop with a trackpad/clicker, I spent way too much time pushing the various windows around trying to get the right window that had the info that I needed. When you have to go so fast, you don't have time for all the opening, closing, pushing windows around. Also, having to look up the same info twice in different chapters of the game is silly, because a real computer-based detective would have had it already. But overall, I enjoyed using the many digital forms of hacking info, cracking codes, and piecing together the story. I like the way the game brought in social media influencers too, that felt very 'real'. Another critique is that the game is very violent in parts, violent stories of torture, rape and killing; demeaning to women on the whole.There is no need for it to be so violent; it doesn't make it a better story. For that, I would not recommend it.",False,2024-11-25T04:27:47+00:00,2024-11-25T04:40:38+00:00,1547.0,1547.0,0.0,2.0,0.0,0.5151515007019043,True,False,False,False,76561199121249943,,7.0,False,False,1060,193,25.783333333333335,25.783333333333335,10h+,negative
