review_id,steam_app_id,game_key,game_name,language,review_text_raw,review_text_clean,recommended,created_at,updated_at,playtime_forever_minutes,playtime_at_review_minutes,playtime_last_two_weeks_minutes,votes_up,votes_funny,weighted_vote_score,steam_purchase,received_for_free,written_during_early_access,refunded,author_steam_id,author_num_games_owned,author_num_reviews,is_empty,is_very_short,review_length_chars,review_length_words,playtime_forever_hours,playtime_at_review_hours,playtime_segment,overall_sentiment
90637518,1216710,cyber-manhunt,Cyber Manhunt,english,"""Cyber Manhunt"" is a visual novel disguised as a detective game: it has a few timed puzzles and optional information, but in general the game is linear.
The story is far from perfect: it is too dark and not depressing enough at the same time to be realistic. The ending chapter is just meh. The gameplay has a few shortcomings: the in-game desktop is not responsive enough, the data gathering process is tedious, and the puzzles can be bothersome given the running timer. The stylization is fine, I guess, until it comes to anything computer-related (Of course, it is of little importance, but now I know that viruses are always written in C and bash while any database with private data utilizes systemd. Wait. What?) The English translation is sub-par and has lots of typos.
It is a bit sad, because I see the potential in this game, but I cannot recommend it.","""Cyber Manhunt"" is a visual novel disguised as a detective game: it has a few timed puzzles and optional information, but in general the game is linear. The story is far from perfect: it is too dark and not depressing enough at the same time to be realistic. The ending chapter is just meh. The gameplay has a few shortcomings: the in-game desktop is not responsive enough, the data gathering process is tedious, and the puzzles can be bothersome given the running timer. The stylization is fine, I guess, until it comes to anything computer-related (Of course, it is of little importance, but now I know that viruses are always written in C and bash while any database with private data utilizes systemd. Wait. What?) The English translation is sub-par and has lots of typos. It is a bit sad, because I see the potential in this game, but I cannot recommend it.",False,2021-04-20T16:40:56+00:00,2021-07-07T21:10:28+00:00,631.0,631.0,0.0,25.0,4.0,0.7173854112625122,True,False,False,False,76561198057386857,,1051.0,False,False,862,153,10.516666666666667,10.516666666666667,10h+,negative
89072100,1216710,cyber-manhunt,Cyber Manhunt,english,"Bear in mind, although I can't recommend this, I'll still play it until the end. I have a high tolerance for the things I will criticise, but I wouldn't recommend the game.

The game is solid for it's price. The story is very intriguing, and the mysteries are pretty dope. But in a game that is almost 100% about reading, the language can't be broken. I can understand using broken English as a tool of storytelling, but when you find broken English in places where it wouldn't normally be, immersion is broken. And having a disclaimer of ""please e-mail me if you find something wrong"" is very lazy; quality control it yourselves dude.

I hope this serves as an incentive to fix it, because I love this kind of game.

Peace!","Bear in mind, although I can't recommend this, I'll still play it until the end. I have a high tolerance for the things I will criticise, but I wouldn't recommend the game. The game is solid for it's price. The story is very intriguing, and the mysteries are pretty dope. But in a game that is almost 100% about reading, the language can't be broken. I can understand using broken English as a tool of storytelling, but when you find broken English in places where it wouldn't normally be, immersion is broken. And having a disclaimer of ""please e-mail me if you find something wrong"" is very lazy; quality control it yourselves dude. I hope this serves as an incentive to fix it, because I love this kind of game. Peace!",False,2021-03-25T17:52:44+00:00,2021-03-29T08:07:04+00:00,242.0,177.0,0.0,24.0,1.0,0.586813747882843,True,False,False,False,76561198058417522,,55.0,False,False,721,131,4.033333333333333,2.95,1-3h,negative
195660318,1216710,cyber-manhunt,Cyber Manhunt,english,"I don't mean to sound cruel, but I'm shocked that is game is so highly rated at the time of my review as it is marred by several critical flaws. 

Most glaringly, the English translation and localisation is atrocious. Considering this is coming from a non-native English speaking studio, I was willing to overlook some of the inaccuracies since there is a lot of text you have to sift through, but even some of the phrases in the ""connecting the dots"" puzzles, the crux of the game, are unintelligible, and could only solved after looking up the solution. The voice acting is painfully subpar and its apparent that they were not given much direction for their performance. While I don't mind when a game explores dark subject matter, the discovery of the plot is often sapped of any suspense when the villain(s) often brag the same way Dr. Doofenshmirtz does with his evil inventions.

Even if you plan to not play this game in English, I would still recommend avoiding as you will spend the entire game clicking away at every sentence on every site in case it has a meaningful clue to record, as they are the very puzzle pieces you will need to literally connect later. There is more I can say about the game, but I think you get the picture. Instead, consider getting ""The Roottrees are Dead"" if you want to get your internet sleuth on.","I don't mean to sound cruel, but I'm shocked that is game is so highly rated at the time of my review as it is marred by several critical flaws. Most glaringly, the English translation and localisation is atrocious. Considering this is coming from a non-native English speaking studio, I was willing to overlook some of the inaccuracies since there is a lot of text you have to sift through, but even some of the phrases in the ""connecting the dots"" puzzles, the crux of the game, are unintelligible, and could only solved after looking up the solution. The voice acting is painfully subpar and its apparent that they were not given much direction for their performance. While I don't mind when a game explores dark subject matter, the discovery of the plot is often sapped of any suspense when the villain(s) often brag the same way Dr. Doofenshmirtz does with his evil inventions. Even if you plan to not play this game in English, I would still recommend avoiding as you will spend the entire game clicking away at every sentence on every site in case it has a meaningful clue to record, as they are the very puzzle pieces you will need to literally connect later. There is more I can say about the game, but I think you get the picture. Instead, consider getting ""The Roottrees are Dead"" if you want to get your internet sleuth on.",False,2025-05-25T22:33:30+00:00,2025-05-25T22:33:30+00:00,753.0,753.0,0.0,17.0,1.0,0.6822777390480042,True,False,False,False,76561198116914593,,5.0,False,False,1335,240,12.55,12.55,10h+,negative
95374930,1216710,cyber-manhunt,Cyber Manhunt,english,"I cannot recommend this game if you're playing the English version.  The game starts out okay, but the grammar and structure of sentences starts to degrade as the game goes on.  It really ruins the story and immersion, and it makes puzzles that much more difficult and frustrating to solve.  I also think the puzzles are unnecessarily obtuse, and it boils down to guessing ""what is it that the game thinks I should choose"" rather than intuitive answers.  I am glad that the studio is seeing some success.  It would be nice to see a sequel with more polish in their non-native market.","I cannot recommend this game if you're playing the English version. The game starts out okay, but the grammar and structure of sentences starts to degrade as the game goes on. It really ruins the story and immersion, and it makes puzzles that much more difficult and frustrating to solve. I also think the puzzles are unnecessarily obtuse, and it boils down to guessing ""what is it that the game thinks I should choose"" rather than intuitive answers. I am glad that the studio is seeing some success. It would be nice to see a sequel with more polish in their non-native market.",False,2021-07-09T04:01:33+00:00,2021-07-09T04:01:33+00:00,1323.0,768.0,0.0,17.0,2.0,0.6580415368080139,True,False,False,False,76561197976642270,,37.0,False,False,578,103,22.05,12.8,10h+,negative
131296327,1216710,cyber-manhunt,Cyber Manhunt,english,"I normally avoid leaving negative reviews on games that didn't work for me. The way I see it, my personal dislike of particular features or plot points doesn't necessarily add up to a bad game for someone else. Unfortunately, in the case of Cyber Manhunt, I feel justified in leaving this review because I think the game fails at what it sets out to do: making the player feel like a hacker solving a compelling mystery.

The first, and perhaps greatest challenge to immersion I encountered here is the writing. To clarify, my primary issue is not with the English translation. I do believe there are many odd choices that add up to very stilted and unnatural-sounding conversations, but I would have been able to see past this if the characters and stories involved were more thoughtfully written to begin with. 

Most of the characters you investigate in Cyber Manhunt embody one-dimensional stereotypes. This makes the stories you uncover about them highly predictable. The social issues the game claims to focus on (according to the blurb: cyber violence and privacy breaches) are explored in what I personally believe to be an equally shallow, one-dimensional way. There are also additional social issues, such as sexual violence and human trafficking, which I believe the writers were simply not equipped to handle at all—and I say that as someone who has had to deal with these issues in my past work. The behaviour of both the victims and the perpetrators is painfully unrealistic, to the point that I suspect the writers took more inspiration from internet creepypastas than real life cases. 

Because the puzzles rely on narrative complexity to be interesting, I believe the game falls flat on this front as well. You scour social media accounts, emails and webpages for names and other personally identifiable information. Databases and password cracking tools help you access more data to scour. There are occasionally phishing sequences where you select dialogue choices. All of these mechanics have the potential to be a fun, highly simplified social hacking simulation, and I can see Cyber Manhunt is trying its best to do just that. I even believe it might have worked—if there was more thought put into how the characters communicate and what their motivations might be as full-fledged human beings. A predictable story with one-dimensional characters who speak and write in a stilted, unnatural sounding way just doesn't make for a very engaging data-scouring experience.

All in all, I am disappointed with the wasted potential in Cyber Manhunt. I hope that if the devs go on to make more narrative games, they will make quality writing a higher priority of the overall experience.","I normally avoid leaving negative reviews on games that didn't work for me. The way I see it, my personal dislike of particular features or plot points doesn't necessarily add up to a bad game for someone else. Unfortunately, in the case of Cyber Manhunt, I feel justified in leaving this review because I think the game fails at what it sets out to do: making the player feel like a hacker solving a compelling mystery. The first, and perhaps greatest challenge to immersion I encountered here is the writing. To clarify, my primary issue is not with the English translation. I do believe there are many odd choices that add up to very stilted and unnatural-sounding conversations, but I would have been able to see past this if the characters and stories involved were more thoughtfully written to begin with. Most of the characters you investigate in Cyber Manhunt embody one-dimensional stereotypes. This makes the stories you uncover about them highly predictable. The social issues the game claims to focus on (according to the blurb: cyber violence and privacy breaches) are explored in what I personally believe to be an equally shallow, one-dimensional way. There are also additional social issues, such as sexual violence and human trafficking, which I believe the writers were simply not equipped to handle at all—and I say that as someone who has had to deal with these issues in my past work. The behaviour of both the victims and the perpetrators is painfully unrealistic, to the point that I suspect the writers took more inspiration from internet creepypastas than real life cases. Because the puzzles rely on narrative complexity to be interesting, I believe the game falls flat on this front as well. You scour social media accounts, emails and webpages for names and other personally identifiable information. Databases and password cracking tools help you access more data to scour. There are occasionally phishing sequences where you select dialogue choices. All of these mechanics have the potential to be a fun, highly simplified social hacking simulation, and I can see Cyber Manhunt is trying its best to do just that. I even believe it might have worked—if there was more thought put into how the characters communicate and what their motivations might be as full-fledged human beings. A predictable story with one-dimensional characters who speak and write in a stilted, unnatural sounding way just doesn't make for a very engaging data-scouring experience. All in all, I am disappointed with the wasted potential in Cyber Manhunt. I hope that if the devs go on to make more narrative games, they will make quality writing a higher priority of the overall experience.",False,2023-01-21T21:26:33+00:00,2023-01-21T21:26:33+00:00,350.0,350.0,0.0,16.0,0.0,0.674750030040741,True,False,False,False,76561198051833822,,6.0,False,False,2694,446,5.833333333333333,5.833333333333333,3-10h,negative
126776837,1216710,cyber-manhunt,Cyber Manhunt,english,"The concept of combing through social media and hacking into people's information is engaging. But the overall design doesn't hold up. Key information doesn't feel satisfying to find, because it's often random. You ""collect"" it by hovering the cursor over the line of text. I found myself hovering over every single line of text instead of actually reading them, and wound up having to read a guide for almost everything. Additionally, the quality of the english is extremely poor (although it's kind of funny to see characters named ""James Joyce"" ""Jim Jones"" and ""Eric Carle"". Screwing up means going through tedious steps or unskippable cut scenes. Ultimately, an interesting concept but not much fun after the first chapter.","The concept of combing through social media and hacking into people's information is engaging. But the overall design doesn't hold up. Key information doesn't feel satisfying to find, because it's often random. You ""collect"" it by hovering the cursor over the line of text. I found myself hovering over every single line of text instead of actually reading them, and wound up having to read a guide for almost everything. Additionally, the quality of the english is extremely poor (although it's kind of funny to see characters named ""James Joyce"" ""Jim Jones"" and ""Eric Carle"". Screwing up means going through tedious steps or unskippable cut scenes. Ultimately, an interesting concept but not much fun after the first chapter.",False,2022-11-25T08:34:20+00:00,2022-11-25T08:34:20+00:00,573.0,573.0,0.0,16.0,2.0,0.6507858633995056,True,False,False,False,76561198046084206,,30.0,False,False,727,118,9.55,9.55,3-10h,negative
86164039,1216710,cyber-manhunt,Cyber Manhunt,english,"So, as others have said I picked this up originally as it looked quite similar to Orwell. It had a lot of the same ideas and actually was a bit more creative in some aspects but it really fell short when it came to the story. I played the demo and was intrigued and ended up buying the game and while I don't regret it I can't see myself playing through it again or recommending anyone to play through it without knowing the issues that it has. We'll start with the Cons:

1. While yes, the English is not perfect - it's not game breaking by any means and apart from a few funny lines (liver streamer??) it really didn't affect my game that much. Definitely not the biggest weakness of the game.

2. The stories for each of the chapters were very unique but they got more complex as time went on and ended up just being confusing (again this could be a language issue?). Lots of times I was finding information out about the stories that was telling what actually happened only for it to be ignored and unable to be collected. It felt like we weren't getting the true aspect of the story and that was hinted at later in the game but nothing ever happened with this? For example - It's highly alluded to that [spoiler] Jim and Isabella killed Austin multiple times. But nothing ever confirms this and I don't know what the point of alluding to it was if it's never confirmed. [/spoiler] It felt like they were throwing twists at you just to throw twists at you, and they ended up not making much sense.

3 - The endgame was a MESS. Dates going in weird orders, changes happening to the story that didn't make sense and it left me feeling really unsatisfied. Trying to complete every chapter to 100% was so rough, not collecting one snippet of an email you checked at the beginning of a chapter could be your downfall for the next three hours... And instead of having a hint system you can choose to use, you're left to going back through everything you've already been through throwing your cursor around looking for a red box. It takes away from the story and is boring gameplay. Definitely would be better to be able to contact Ashley for a hint when you're stuck.

Pros:

1 - Look I beat the game and it is certainly not the worst game I've ever played. I enjoyed the good parts of the game. Each chapter was super unique, the game wasn't afraid to go a bit dark, and it did have SOME good twists thrown in.

2 - The voice lines were pretty clear and had very little grammatical mistakes. Quite good voice acting and added to the characters - unfortunately there weren't loads of them but the ones that were there really added to the games vibe.

3 - It is the closest thing to Orwell I've found and I appreciated the game play and the way the devs tried to adapt it to change it up as the chapters progressed. 

If you're desperately looking for something like Orwell then get the demo and see if it's your thing. But otherwise I really can't recommend the game right now.","So, as others have said I picked this up originally as it looked quite similar to Orwell. It had a lot of the same ideas and actually was a bit more creative in some aspects but it really fell short when it came to the story. I played the demo and was intrigued and ended up buying the game and while I don't regret it I can't see myself playing through it again or recommending anyone to play through it without knowing the issues that it has. We'll start with the Cons: 1. While yes, the English is not perfect - it's not game breaking by any means and apart from a few funny lines (liver streamer??) it really didn't affect my game that much. Definitely not the biggest weakness of the game. 2. The stories for each of the chapters were very unique but they got more complex as time went on and ended up just being confusing (again this could be a language issue?). Lots of times I was finding information out about the stories that was telling what actually happened only for it to be ignored and unable to be collected. It felt like we weren't getting the true aspect of the story and that was hinted at later in the game but nothing ever happened with this? For example - It's highly alluded to that [spoiler] Jim and Isabella killed Austin multiple times. But nothing ever confirms this and I don't know what the point of alluding to it was if it's never confirmed. [/spoiler] It felt like they were throwing twists at you just to throw twists at you, and they ended up not making much sense. 3 - The endgame was a MESS. Dates going in weird orders, changes happening to the story that didn't make sense and it left me feeling really unsatisfied. Trying to complete every chapter to 100% was so rough, not collecting one snippet of an email you checked at the beginning of a chapter could be your downfall for the next three hours... And instead of having a hint system you can choose to use, you're left to going back through everything you've already been through throwing your cursor around looking for a red box. It takes away from the story and is boring gameplay. Definitely would be better to be able to contact Ashley for a hint when you're stuck. Pros: 1 - Look I beat the game and it is certainly not the worst game I've ever played. I enjoyed the good parts of the game. Each chapter was super unique, the game wasn't afraid to go a bit dark, and it did have SOME good twists thrown in. 2 - The voice lines were pretty clear and had very little grammatical mistakes. Quite good voice acting and added to the characters - unfortunately there weren't loads of them but the ones that were there really added to the games vibe. 3 - It is the closest thing to Orwell I've found and I appreciated the game play and the way the devs tried to adapt it to change it up as the chapters progressed. If you're desperately looking for something like Orwell then get the demo and see if it's your thing. But otherwise I really can't recommend the game right now.",False,2021-02-07T20:45:57+00:00,2021-02-07T23:22:55+00:00,501.0,501.0,0.0,15.0,1.0,0.6751484870910645,False,False,False,False,76561198111695507,,23.0,False,False,2966,556,8.35,8.35,3-10h,negative
218571579,1216710,cyber-manhunt,Cyber Manhunt,english,"I enjoy mystery/investigation and hacking games, so I was looking forward to trying this one out for a while. That said, I didn't have high expectations going in to this game because it doesn't cost that much. 
However, I wouldn't recommend this game for the following reasons:

1. My choices didn't matter and there was only one correct answer. I was excited to play this because I thought it would have a multi-layered investigation, like ""The Roottress are Dead,"" but it's far short of that. Grabbing data from various documents is the main mechanic, which lead to ""inferences,"" which are mostly guesswork to get the right answer so you can go forward. There were no consequences to getting something wrong, thus no multiple endings.

2. The story lines for the two missions I played were kinda gross to me. [spoiler] Both centered on blond, white women. In the first mission, the woman lied about her domestic abuse and scammed multiple husbands. And in the second the woman was a college student who was forced to be a ""sex slave."" This trite theme was repulsive to me and not fleshed out in an interesting way.[/spoiler] I quit playing because I lost interest in the overarching story or how the missions were connected.

3. The scripts (and some of the corresponding voice acting) were really bad. They didn't suit the characters at all, so much so that it broke my immersion.



","I enjoy mystery/investigation and hacking games, so I was looking forward to trying this one out for a while. That said, I didn't have high expectations going in to this game because it doesn't cost that much. However, I wouldn't recommend this game for the following reasons: 1. My choices didn't matter and there was only one correct answer. I was excited to play this because I thought it would have a multi-layered investigation, like ""The Roottress are Dead,"" but it's far short of that. Grabbing data from various documents is the main mechanic, which lead to ""inferences,"" which are mostly guesswork to get the right answer so you can go forward. There were no consequences to getting something wrong, thus no multiple endings. 2. The story lines for the two missions I played were kinda gross to me. [spoiler] Both centered on blond, white women. In the first mission, the woman lied about her domestic abuse and scammed multiple husbands. And in the second the woman was a college student who was forced to be a ""sex slave."" This trite theme was repulsive to me and not fleshed out in an interesting way.[/spoiler] I quit playing because I lost interest in the overarching story or how the missions were connected. 3. The scripts (and some of the corresponding voice acting) were really bad. They didn't suit the characters at all, so much so that it broke my immersion.",False,2026-02-17T22:23:50+00:00,2026-02-17T22:23:50+00:00,271.0,271.0,0.0,11.0,0.0,0.5412830710411072,True,False,False,False,76561198312591427,,8.0,False,False,1379,239,4.516666666666667,4.516666666666667,3-10h,negative
102346063,1216710,cyber-manhunt,Cyber Manhunt,english,"The entire plot of this plot-heavy game is conveyed through an extremely poor English translation. Normally I wouldn't mind, but it's a pretty huge issue in this game for two reasons: 1) You rely on information provided through dialogue to progress through the game, and 2) the game deals with very sensitive subject matter like rape. I genuinely felt bad for the voice actors who were attempting to read such a stilted and awkward script as seriously as possible. There's also a ton of little places you can screw-up that can cause you to repetitively have to reload and retry things again and again, which is exhausting when you can't just skip through dialogue.","The entire plot of this plot-heavy game is conveyed through an extremely poor English translation. Normally I wouldn't mind, but it's a pretty huge issue in this game for two reasons: 1) You rely on information provided through dialogue to progress through the game, and 2) the game deals with very sensitive subject matter like rape. I genuinely felt bad for the voice actors who were attempting to read such a stilted and awkward script as seriously as possible. There's also a ton of little places you can screw-up that can cause you to repetitively have to reload and retry things again and again, which is exhausting when you can't just skip through dialogue.",False,2021-11-06T21:23:24+00:00,2022-05-18T20:35:41+00:00,588.0,235.0,0.0,9.0,0.0,0.6233290433883667,True,False,False,False,76561198028090178,,73.0,False,False,664,114,9.8,3.9166666666666665,3-10h,negative
217674800,1216710,cyber-manhunt,Cyber Manhunt,english,"I really made an effort to like this game, but man, I just can't. I love this style of mysteries, but the English translation is poor enough to make the story beats a mix of nonsensical and emotionless, plus many of the puzzles just become illegible. When it works it is enjoyable, but the gears grind so often I can't recommend it.","I really made an effort to like this game, but man, I just can't. I love this style of mysteries, but the English translation is poor enough to make the story beats a mix of nonsensical and emotionless, plus many of the puzzles just become illegible. When it works it is enjoyable, but the gears grind so often I can't recommend it.",False,2026-02-06T04:50:42+00:00,2026-02-06T04:50:42+00:00,508.0,494.0,0.0,8.0,0.0,0.6434600353240967,True,False,False,False,76561198031623939,,36.0,False,False,332,62,8.466666666666667,8.233333333333333,3-10h,negative
207126674,1216710,cyber-manhunt,Cyber Manhunt,english,"Got recommended this game for being similar to Orwell. While they have similar playstyles, the clue gathering system is buggy. It's impossible to understate how annoying it is to click on a clue, nothing pops up so you move on, and then when you get frustrated and look at walkthroughs, find out that the clue should've been 'gathered' but the game didn't recognize it.

Story's nice, but gameplay frustrating for above reasons.","Got recommended this game for being similar to Orwell. While they have similar playstyles, the clue gathering system is buggy. It's impossible to understate how annoying it is to click on a clue, nothing pops up so you move on, and then when you get frustrated and look at walkthroughs, find out that the clue should've been 'gathered' but the game didn't recognize it. Story's nice, but gameplay frustrating for above reasons.",False,2025-10-19T21:17:49+00:00,2025-10-19T21:17:49+00:00,522.0,432.0,0.0,8.0,0.0,0.6055357456207275,True,False,False,False,76561198335513451,,15.0,False,False,427,72,8.7,7.2,3-10h,negative
85693387,1216710,cyber-manhunt,Cyber Manhunt,english,"I'd recommend anyone who's interested in playing it to wait until it's out of early access when some of the issues has hopefully been ironed out.

Good: 
- The game's story and art is good.
- Decent interface (well coded).

Bad: 
- Puzzles often have unrealistic time limits or forces you to guess the answer, and after the time runs  or you guess wrong you have to rewatch all of the dialogue before the puzzle started.
- Evidence often don't make sense, things that seem irrelevant are often evidence and vice versa.
- Plenty of spelling mistakes.
- The 5th chapter can't be completed at the moment due to a bug,
- The game doesn't reward you for thinking on your own when collecting evidence or hacking people (with a few exceptions).
- There isn't really a difficulty curve and the game never really opens up in terms of gameplay.","I'd recommend anyone who's interested in playing it to wait until it's out of early access when some of the issues has hopefully been ironed out. Good: - The game's story and art is good. - Decent interface (well coded). Bad: - Puzzles often have unrealistic time limits or forces you to guess the answer, and after the time runs or you guess wrong you have to rewatch all of the dialogue before the puzzle started. - Evidence often don't make sense, things that seem irrelevant are often evidence and vice versa. - Plenty of spelling mistakes. - The 5th chapter can't be completed at the moment due to a bug, - The game doesn't reward you for thinking on your own when collecting evidence or hacking people (with a few exceptions). - There isn't really a difficulty curve and the game never really opens up in terms of gameplay.",False,2021-01-31T13:27:31+00:00,2021-01-31T13:27:31+00:00,953.0,874.0,0.0,7.0,1.0,0.5618009567260742,True,False,True,False,76561198062680418,,5.0,False,False,829,150,15.883333333333333,14.566666666666666,10h+,negative
162143905,1216710,cyber-manhunt,Cyber Manhunt,english,"I want to like this, but there are a number of things that make it hard to recommend this:

* A majority of the game involves finding text that will highlight in red when you click it to allow you to ""gather clues"" -- which leads to clicking every line of text, just in case. At some points, you'll be missing a single clue and have to go slogging back through all that you've previously read to find the one little sentence or phrase that you didn't click to highlight and collect. 
* The translation to English is absolutely terrible. In some places, that actually makes trying to figure out what the game wants you to do more difficult.  
* There's also some comically bad voice acting at times. To make matters worse YOU CAN'T FUCKING SKIP the spoken dialogue scenes. This is particularly egregious because in many sections you have to listen to entire conversations before you can collect any of the evidence (that is, click every sentence trying to find what will be highlighted in red as clues). 
* At some points, you're asked to piece together what happens, but you CAN'T TAB BACK TO WHERE THE INFO YOU COLLECTED IS STORED TO FIND THOSE ANSWERS!
* While it can be satisfying to poke around to get the info you need in the investigation stages, some of the other minigames/puzzles are just not fun to play. This is particularly bad when you reach the final stage(s) of the game. I was on my way to 100% completion, but that final stage is a such a slog of *TIMED* minigames, I stopped playing the main story and moved on to the DLC (they were cheap, so I thought I'd give them a try).
* A few stages are timed, and although some portions are generous with how much time you're given, it definitely makes it far less fun.
* The main story takes a twist that is just... asinine. [spoiler] You discover you're not a real person, but an AI--just like the antagonist. [/spoiler] Seriously, it killed the immersion the gameplay and story had managed to build.

It's a very low cost game, and I did get some fun out of it--but I don't think I can, in good conscience, recommend it to others.","I want to like this, but there are a number of things that make it hard to recommend this: * A majority of the game involves finding text that will highlight in red when you click it to allow you to ""gather clues"" -- which leads to clicking every line of text, just in case. At some points, you'll be missing a single clue and have to go slogging back through all that you've previously read to find the one little sentence or phrase that you didn't click to highlight and collect. * The translation to English is absolutely terrible. In some places, that actually makes trying to figure out what the game wants you to do more difficult. * There's also some comically bad voice acting at times. To make matters worse YOU CAN'T FUCKING SKIP the spoken dialogue scenes. This is particularly egregious because in many sections you have to listen to entire conversations before you can collect any of the evidence (that is, click every sentence trying to find what will be highlighted in red as clues). * At some points, you're asked to piece together what happens, but you CAN'T TAB BACK TO WHERE THE INFO YOU COLLECTED IS STORED TO FIND THOSE ANSWERS! * While it can be satisfying to poke around to get the info you need in the investigation stages, some of the other minigames/puzzles are just not fun to play. This is particularly bad when you reach the final stage(s) of the game. I was on my way to 100% completion, but that final stage is a such a slog of *TIMED* minigames, I stopped playing the main story and moved on to the DLC (they were cheap, so I thought I'd give them a try). * A few stages are timed, and although some portions are generous with how much time you're given, it definitely makes it far less fun. * The main story takes a twist that is just... asinine. [spoiler] You discover you're not a real person, but an AI--just like the antagonist. [/spoiler] Seriously, it killed the immersion the gameplay and story had managed to build. It's a very low cost game, and I did get some fun out of it--but I don't think I can, in good conscience, recommend it to others.",False,2024-04-03T22:06:42+00:00,2024-04-03T22:20:02+00:00,3025.0,2160.0,0.0,6.0,0.0,0.6022268533706665,True,False,False,False,76561197997214372,,5.0,False,False,2086,385,50.416666666666664,36.0,10h+,negative
91454611,1216710,cyber-manhunt,Cyber Manhunt,english,"Littered with spelling errors, badly written dialogue, stunted voice acting, ""social engineering"" segments that rely on guesswork and a story that starts off as a generic ""investigate these people for this corporation"" and then nosedives into ""read all these messages about revenge porn driving women to suicide"" (a topic that could be tolerated if dealt with nuance, but with writing of this quality at best it's uncomfortable to witness and at worst made me uninstall the game, assuming it wouldn't get worse from the post after I threw this game to the wolves. For reference I got to the part where you have to go onto said revenge porn website to collect clues before deciding to bail.).

There are other hacking investigation games out there (I'd recommend Orwell: Keeping an Eye On You if you haven't tried it already), go buy one with some proper quality control and the decency to not include smut that you have to read to progress.","Littered with spelling errors, badly written dialogue, stunted voice acting, ""social engineering"" segments that rely on guesswork and a story that starts off as a generic ""investigate these people for this corporation"" and then nosedives into ""read all these messages about revenge porn driving women to suicide"" (a topic that could be tolerated if dealt with nuance, but with writing of this quality at best it's uncomfortable to witness and at worst made me uninstall the game, assuming it wouldn't get worse from the post after I threw this game to the wolves. For reference I got to the part where you have to go onto said revenge porn website to collect clues before deciding to bail.). There are other hacking investigation games out there (I'd recommend Orwell: Keeping an Eye On You if you haven't tried it already), go buy one with some proper quality control and the decency to not include smut that you have to read to progress.",False,2021-05-05T02:50:02+00:00,2021-05-05T02:50:02+00:00,181.0,181.0,0.0,6.0,1.0,0.5989948511123657,False,True,False,False,76561198081729906,,87.0,False,False,939,161,3.0166666666666666,3.0166666666666666,3-10h,negative
111076545,1216710,cyber-manhunt,Cyber Manhunt,english,"The characters don't talk, write or act like normal people at all, which does make the game kinda hilarious at times, but also makes it extremely hard to take the cases and characters seriously. You can tell that the creators are not native english speakers, which also results in some facepalming, but funny, mistakes at times. 

Even looking past all this though, the actual investigating that you will be doing isn't at all as free as i would like it to be. It mostly consists of you finding details about people, which you usually get from one specific source. Gaining information this way, does not make the player come up with any kind of creative solution to finding info, since they know they just have to find that one spot where someone mentions it, which you usually just have to guess how to find. 

When you have gathered enough information, you need to try to make deductions from it, which is one of the more fun parts of the game i guess. After you do this correctly you have reached a sort of ""milestone"" which results in the boss lady giving you some kind of detail, so you can continue the search. Making the game this way does not make you feel like a detective at all. Why not just give the player all the details from the beginning, and let them explore the case openly?

I could probably write more about why i don't like this game, but i don't really wanna spend more time on it. It's not a horrible game, but i would say it's decent AT BEST. Some people will probably enjoy it a lot, but it doesn't really do anything that other games haven't done in a better way.","The characters don't talk, write or act like normal people at all, which does make the game kinda hilarious at times, but also makes it extremely hard to take the cases and characters seriously. You can tell that the creators are not native english speakers, which also results in some facepalming, but funny, mistakes at times. Even looking past all this though, the actual investigating that you will be doing isn't at all as free as i would like it to be. It mostly consists of you finding details about people, which you usually get from one specific source. Gaining information this way, does not make the player come up with any kind of creative solution to finding info, since they know they just have to find that one spot where someone mentions it, which you usually just have to guess how to find. When you have gathered enough information, you need to try to make deductions from it, which is one of the more fun parts of the game i guess. After you do this correctly you have reached a sort of ""milestone"" which results in the boss lady giving you some kind of detail, so you can continue the search. Making the game this way does not make you feel like a detective at all. Why not just give the player all the details from the beginning, and let them explore the case openly? I could probably write more about why i don't like this game, but i don't really wanna spend more time on it. It's not a horrible game, but i would say it's decent AT BEST. Some people will probably enjoy it a lot, but it doesn't really do anything that other games haven't done in a better way.",False,2022-02-26T14:08:21+00:00,2022-02-26T14:08:59+00:00,98.0,97.0,0.0,6.0,0.0,0.5455241203308105,True,False,False,False,76561198023774039,,36.0,False,False,1584,294,1.6333333333333333,1.6166666666666667,1-3h,negative
96695549,1216710,cyber-manhunt,Cyber Manhunt,english,"Eh. Cyber Manhunt isn't a bad game, but if you were expecting an immersive experience like Hypnospace Outlaw or even Orwell, this isn't it. The mechanics of browsing and finding information is heavily streamlined for the sake of keeping the story moving, and the story is pretty whatever morality play stuff. There's also a big issue for English speakers,as the translation is very rough, not the worst I've seen as translations go but rough enough that nobody feels like they're speaking like normal people. The grammar wasn't corrected, meaning it's still using structure of the original language instead of English, which is a problem for a game based heavily around immersion.

I would have liked it if the game trusted its players a bit more to figure out what to do then what the game is like currently.","Eh. Cyber Manhunt isn't a bad game, but if you were expecting an immersive experience like Hypnospace Outlaw or even Orwell, this isn't it. The mechanics of browsing and finding information is heavily streamlined for the sake of keeping the story moving, and the story is pretty whatever morality play stuff. There's also a big issue for English speakers,as the translation is very rough, not the worst I've seen as translations go but rough enough that nobody feels like they're speaking like normal people. The grammar wasn't corrected, meaning it's still using structure of the original language instead of English, which is a problem for a game based heavily around immersion. I would have liked it if the game trusted its players a bit more to figure out what to do then what the game is like currently.",False,2021-07-31T14:52:09+00:00,2021-07-31T14:52:09+00:00,17.0,17.0,0.0,5.0,0.0,0.598271369934082,True,False,False,False,76561198044053079,,177.0,False,False,808,138,0.2833333333333333,0.2833333333333333,0-1h,negative
144517033,1216710,cyber-manhunt,Cyber Manhunt,english,"What could be an interesting game heavily bogged down by tedium.  At one point I couldn't progress for 30 minutes because I hadn't collected a random picture of a bed off a website.  The bed wasn't used for anything, and was only a promotional shot, but for whatever reason, it was critical to collect.  I also found the quizzes you take to solve a portion of the case to often not make sense as to the story I had gathered thus far.

I'm 2.5 hours in at this point and honestly have no interest in going back.","What could be an interesting game heavily bogged down by tedium. At one point I couldn't progress for 30 minutes because I hadn't collected a random picture of a bed off a website. The bed wasn't used for anything, and was only a promotional shot, but for whatever reason, it was critical to collect. I also found the quizzes you take to solve a portion of the case to often not make sense as to the story I had gathered thus far. I'm 2.5 hours in at this point and honestly have no interest in going back.",False,2023-08-18T21:27:07+00:00,2023-08-18T21:27:07+00:00,148.0,147.0,0.0,5.0,2.0,0.5899471044540405,True,False,False,False,76561197981588360,,621.0,False,False,506,97,2.466666666666667,2.45,1-3h,negative
107735822,1216710,cyber-manhunt,Cyber Manhunt,english,"While the concept is interesting, the gameplay is repetitive with random difficulty spikes via timed mini-game puzzles that are more of a chore to complete than fun. The dialogue is also poorly translated to English, with one part not even translated at all, so unfortunately it was difficult for me to enjoy the narrative.","While the concept is interesting, the gameplay is repetitive with random difficulty spikes via timed mini-game puzzles that are more of a chore to complete than fun. The dialogue is also poorly translated to English, with one part not even translated at all, so unfortunately it was difficult for me to enjoy the narrative.",False,2022-01-10T15:23:43+00:00,2022-01-10T15:23:43+00:00,688.0,688.0,0.0,5.0,0.0,0.5594879388809204,True,False,False,False,76561198004548033,,3.0,False,False,323,54,11.466666666666667,11.466666666666667,10h+,negative
232048732,1216710,cyber-manhunt,Cyber Manhunt,english,"The mechanics are that of an uninspired phishing simulation. Which contrasts with the narrative framing of ""you are a really dangerous nerd"". I feel like a game like grayhack or hacknet is fit more for that framing. Even the tutorial was highly boring for me. Maybe the story you get after the tutorial is good, but i didn't get that far.

Well you see I understand that a game would need some embellishing and effects to sell the power fantasy and divert from the seams of skipping real life logic, but the choices this game made regarding that front makes me see those seams harder rather than immersing me in the fantasy.

very light spoilers ahead from the first ten minutes of gameplay(tutorial and intro)

First, i got whiplashed right off with the phrase ""our company got a BILLION BYTES of customer data"". Holy shit dude, that's a lot for a large tech company at the like 90s maybe. Not for the presented ""everyone is glued to their phones using social media"" setting.  Less than a god damn gigabyte, basically three times less than the space this game takes on your ssd.

Then we got the random code prompts opening every time we copy the details from the browser about someone's facebook account to some contacts type information collection software. It feels less hackery and more like the ""linux users when x"" memes, because why would code prompts open when you are just copy pasting something from one gui to some other gui.


Then apparently we have access to the data of almost all citizens in our nation through the company database software. For some reason when accessing the data we or the software executes almost totally unrelated linux commands, which i don't understand why since it is not a cli tool but poses as a professional corpo gui software, but i guess the company in the story fired the user interface designer/programmer before they finished their job.

Then there is the password ""cracker"" software. Except this game's version makes me feel like a loser script kiddie the most. All you do is fill in a bunch of details you gathered from the dude's social media page, and the ""cracker"" spits out some password guess with very few amount of characters based on the entered information. And somehow it's correct like it's some oracle.

It reminds me of that one CheeseParade skit where the guy goes ""He's not a hacker, he's a password guesser"", and then the guy proceeds to get locked out of the system for inputting the wrong password since it was a guess based on a whim.

Also the OS apparently can't handle a bunch of high speed showcase of cyber security news, crashes and has to restart, which felt like a funny unintentional commentary on the ram shortage crisis. That was the most fun part of the game for me. 

Anyways, so if you like an overly dressed up phishing simulator with seemingly nice worldbuilding and perhaps a good story if you ignore the technical knowledge shortcomings of the writers here and there, maybe its your thing, Otherwise, nah.","The mechanics are that of an uninspired phishing simulation. Which contrasts with the narrative framing of ""you are a really dangerous nerd"". I feel like a game like grayhack or hacknet is fit more for that framing. Even the tutorial was highly boring for me. Maybe the story you get after the tutorial is good, but i didn't get that far. Well you see I understand that a game would need some embellishing and effects to sell the power fantasy and divert from the seams of skipping real life logic, but the choices this game made regarding that front makes me see those seams harder rather than immersing me in the fantasy. very light spoilers ahead from the first ten minutes of gameplay(tutorial and intro) First, i got whiplashed right off with the phrase ""our company got a BILLION BYTES of customer data"". Holy shit dude, that's a lot for a large tech company at the like 90s maybe. Not for the presented ""everyone is glued to their phones using social media"" setting. Less than a god damn gigabyte, basically three times less than the space this game takes on your ssd. Then we got the random code prompts opening every time we copy the details from the browser about someone's facebook account to some contacts type information collection software. It feels less hackery and more like the ""linux users when x"" memes, because why would code prompts open when you are just copy pasting something from one gui to some other gui. Then apparently we have access to the data of almost all citizens in our nation through the company database software. For some reason when accessing the data we or the software executes almost totally unrelated linux commands, which i don't understand why since it is not a cli tool but poses as a professional corpo gui software, but i guess the company in the story fired the user interface designer/programmer before they finished their job. Then there is the password ""cracker"" software. Except this game's version makes me feel like a loser script kiddie the most. All you do is fill in a bunch of details you gathered from the dude's social media page, and the ""cracker"" spits out some password guess with very few amount of characters based on the entered information. And somehow it's correct like it's some oracle. It reminds me of that one CheeseParade skit where the guy goes ""He's not a hacker, he's a password guesser"", and then the guy proceeds to get locked out of the system for inputting the wrong password since it was a guess based on a whim. Also the OS apparently can't handle a bunch of high speed showcase of cyber security news, crashes and has to restart, which felt like a funny unintentional commentary on the ram shortage crisis. That was the most fun part of the game for me. Anyways, so if you like an overly dressed up phishing simulator with seemingly nice worldbuilding and perhaps a good story if you ignore the technical knowledge shortcomings of the writers here and there, maybe its your thing, Otherwise, nah.",False,2026-08-04T15:11:19+00:00,2026-08-04T15:11:19+00:00,27.0,27.0,0.0,5.0,2.0,0.5527949929237366,True,False,False,False,76561199060340679,,13.0,False,False,2981,523,0.45,0.45,0-1h,negative
84101441,1216710,cyber-manhunt,Cyber Manhunt,english,"Feels like Chinese version of WTTG, pretty bad and artwork IS at best... There it literally no options in story, you just go in straight line, hacking is bad, like all you need is 2 clues to have whole data of a person which is just stupid, you should collect bits by bits searching here and there instead, story is bad and feels like written by a kid, really. But the worst mechanic i have ever encounter goes to phone calls. I have never, ever seen such stupid thing, asking wrong question? Well your phone call will end, you didn't know what question to ask in certain situation? Too bad you have to do the call again and listen to this bs all over agian.

Game is pretty trash, no ""immersive"" mechanics and you can complete it without reading anything just go with cursor over text and it will highlight for you.","Feels like Chinese version of WTTG, pretty bad and artwork IS at best... There it literally no options in story, you just go in straight line, hacking is bad, like all you need is 2 clues to have whole data of a person which is just stupid, you should collect bits by bits searching here and there instead, story is bad and feels like written by a kid, really. But the worst mechanic i have ever encounter goes to phone calls. I have never, ever seen such stupid thing, asking wrong question? Well your phone call will end, you didn't know what question to ask in certain situation? Too bad you have to do the call again and listen to this bs all over agian. Game is pretty trash, no ""immersive"" mechanics and you can complete it without reading anything just go with cursor over text and it will highlight for you.",False,2021-01-05T21:15:19+00:00,2021-01-05T21:15:19+00:00,327.0,327.0,0.0,5.0,1.0,0.4902324676513672,True,False,True,False,76561198238273356,,168.0,False,False,815,152,5.45,5.45,3-10h,negative
91448069,1216710,cyber-manhunt,Cyber Manhunt,english,"Really wish I could recommend this game but the bugs and poor translation ruin what would have otherwise been a cool experience. Ran into two game breaking bugs, one fixed after a reset and the other remains to be fixed, in the last chapter. After solving a puzzle the game reverts back to a state before the puzzle was solved, while the timer continues to countdown.

Another huge problem, especially in the last chapter, is the game is throwing a ton of background lore at you while an onscreen timer ticks away, in a scenario where the game can't even be paused. The interface already makes it hard to quickly grab information, but now you have to grab it while racing the clock, and solving puzzles. Your option is either to go slow and actually absorb the lore (failing and having to repeat after multiple attempts), or go quickly and miss anything story related. 

The concept of this game is great and almost done well here. ALMOST. It needs better translation and better writing, way less bugs and a better UI. Whether it was script or direction, the voice acting was not up to par either.

Playing for so long only for the game to break at the end really soured me on it, but I'm hoping the devs can fix it for their next iteration, because there is definite potential here.","Really wish I could recommend this game but the bugs and poor translation ruin what would have otherwise been a cool experience. Ran into two game breaking bugs, one fixed after a reset and the other remains to be fixed, in the last chapter. After solving a puzzle the game reverts back to a state before the puzzle was solved, while the timer continues to countdown. Another huge problem, especially in the last chapter, is the game is throwing a ton of background lore at you while an onscreen timer ticks away, in a scenario where the game can't even be paused. The interface already makes it hard to quickly grab information, but now you have to grab it while racing the clock, and solving puzzles. Your option is either to go slow and actually absorb the lore (failing and having to repeat after multiple attempts), or go quickly and miss anything story related. The concept of this game is great and almost done well here. ALMOST. It needs better translation and better writing, way less bugs and a better UI. Whether it was script or direction, the voice acting was not up to par either. Playing for so long only for the game to break at the end really soured me on it, but I'm hoping the devs can fix it for their next iteration, because there is definite potential here.",False,2021-05-04T23:36:34+00:00,2021-05-04T23:36:34+00:00,1505.0,1476.0,0.0,4.0,0.0,0.5930331349372864,True,False,False,False,76561197975678852,,56.0,False,False,1279,232,25.083333333333332,24.6,10h+,negative
229413694,1216710,cyber-manhunt,Cyber Manhunt,english,The UI annoyed me and I the world and characters were all very surface level,The UI annoyed me and I the world and characters were all very surface level,False,2026-07-02T13:17:21+00:00,2026-07-02T13:17:21+00:00,134.0,134.0,0.0,4.0,1.0,0.573283851146698,True,False,False,False,76561198276723267,,86.0,False,False,76,15,2.2333333333333334,2.2333333333333334,1-3h,negative
118429036,1216710,cyber-manhunt,Cyber Manhunt,english,"Pretty Bad Translation for a game that relies totally on text. At the start of the game it is fine, but from there it gets worse and worse to a point after chapter 4 where you have absolutely no idea what to do than trial and error. 
I played in English.
Actually when i think about it, the translation is quite good for a chinese port (think it´s from chinese dunno why). But still not good enough. It wasn´t translated around the gameplay, if that makes sense. so the subtitles differ slightly from the spoken text, which is not that bad really, but at some points it is really confusing what to do.

If it weren´t for that i could recommend the game for people who like adventures. It´s nothing mind blowing, but feels really good. And by no means is it a hacker game. It simply is based around the hacker theme and tells you a relatively interesting story.","Pretty Bad Translation for a game that relies totally on text. At the start of the game it is fine, but from there it gets worse and worse to a point after chapter 4 where you have absolutely no idea what to do than trial and error. I played in English. Actually when i think about it, the translation is quite good for a chinese port (think it´s from chinese dunno why). But still not good enough. It wasn´t translated around the gameplay, if that makes sense. so the subtitles differ slightly from the spoken text, which is not that bad really, but at some points it is really confusing what to do. If it weren´t for that i could recommend the game for people who like adventures. It´s nothing mind blowing, but feels really good. And by no means is it a hacker game. It simply is based around the hacker theme and tells you a relatively interesting story.",False,2022-07-08T04:02:49+00:00,2022-07-08T04:51:14+00:00,727.0,727.0,0.0,4.0,0.0,0.5371798872947693,True,False,False,False,76561198041064529,,32.0,False,False,858,160,12.116666666666667,12.116666666666667,10h+,negative
90212967,1216710,cyber-manhunt,Cyber Manhunt,english,"Due to story content I can not recommend this game.

I played through the entire story in 13 hours and I really wish I hadn't played it. The core game play loop of the game is enjoyable. There are clear translation errors both linguistically and probably culturally but those can be fixed. There is a prologue and 5 chapters and each chapter is a good length for a gaming session. The prologue and Chapters 1, 3, and 4 are quite interesting with the end of Chapter 3 and Chapter 4 being where the game shines. 

The store page does not mention anything about the plot of the game. Every time you start the game there is an unskippable content warning. It recommends only players 16 and up. It mentions abuse and bullying as subjects that come up in the game. I was not prepared for Chapter 2 where the story centers around sex slavery of a young woman. Nor was I prepared that part way through Chapter 5 you read a website about human trafficking and animal abuse. You get one ""clue"" from that website and it tells you a little bit about the plot, but both points are brought up later in a much less graphic and traumatizing way. If I hadn't guessed that Chapter 5 was the last chapter I would have quit the game right there. 

If the game was just the prologue and Chapters 1, 3, 4, and the end sequence of Chapter 5, I would highly recommend this game. If the animal abuse and human trafficking parts of Chapter 5 were not there in any way shape or form, I would recommend the game with some caveats. With the story as is, I can not recommend that people play it. Chapter 5 made me feel violated, and that I had not consented to what it put me through. If I had known the plot I would not have bought this game. 

Due to story content I can not recommend this game.","Due to story content I can not recommend this game. I played through the entire story in 13 hours and I really wish I hadn't played it. The core game play loop of the game is enjoyable. There are clear translation errors both linguistically and probably culturally but those can be fixed. There is a prologue and 5 chapters and each chapter is a good length for a gaming session. The prologue and Chapters 1, 3, and 4 are quite interesting with the end of Chapter 3 and Chapter 4 being where the game shines. The store page does not mention anything about the plot of the game. Every time you start the game there is an unskippable content warning. It recommends only players 16 and up. It mentions abuse and bullying as subjects that come up in the game. I was not prepared for Chapter 2 where the story centers around sex slavery of a young woman. Nor was I prepared that part way through Chapter 5 you read a website about human trafficking and animal abuse. You get one ""clue"" from that website and it tells you a little bit about the plot, but both points are brought up later in a much less graphic and traumatizing way. If I hadn't guessed that Chapter 5 was the last chapter I would have quit the game right there. If the game was just the prologue and Chapters 1, 3, 4, and the end sequence of Chapter 5, I would highly recommend this game. If the animal abuse and human trafficking parts of Chapter 5 were not there in any way shape or form, I would recommend the game with some caveats. With the story as is, I can not recommend that people play it. Chapter 5 made me feel violated, and that I had not consented to what it put me through. If I had known the plot I would not have bought this game. Due to story content I can not recommend this game.",False,2021-04-12T22:22:50+00:00,2021-04-12T22:22:50+00:00,781.0,781.0,0.0,4.0,3.0,0.4618377685546875,False,False,False,False,76561198004616576,,2.0,False,False,1760,336,13.016666666666667,13.016666666666667,10h+,negative
86607506,1216710,cyber-manhunt,Cyber Manhunt,english,"If this game included a more specific content warning and resources in the loading screen or menu for suicide prevention (in the US 1-800-273-TALK), crisis interventions, and sexual assault survivors (RAINN, for example) I would change my review to a positive one. But as a mental health provider, I can't give this a positive review without that, knowing the harm that oversight could cause. There were also numerous spelling and grammatical errors that broke the immersion. I also wish it didn't take so long to copy info into the ""shared folder"", those 2-3 seconds after each click add up and are enough to feel grating after awhile. The game plot was pretty cliche and predictable at first, but it got much better toward the end. I liked this concept and, overall, this was a fun way to spend a day and a half. If the above resources and warning were added in future updates I would happily make this a positive review.","If this game included a more specific content warning and resources in the loading screen or menu for suicide prevention (in the US 1-800-273-TALK), crisis interventions, and sexual assault survivors (RAINN, for example) I would change my review to a positive one. But as a mental health provider, I can't give this a positive review without that, knowing the harm that oversight could cause. There were also numerous spelling and grammatical errors that broke the immersion. I also wish it didn't take so long to copy info into the ""shared folder"", those 2-3 seconds after each click add up and are enough to feel grating after awhile. The game plot was pretty cliche and predictable at first, but it got much better toward the end. I liked this concept and, overall, this was a fun way to spend a day and a half. If the above resources and warning were added in future updates I would happily make this a positive review.",False,2021-02-14T07:41:22+00:00,2021-02-14T07:41:22+00:00,903.0,903.0,0.0,4.0,2.0,0.39700421690940857,True,False,False,False,76561198012829956,,192.0,False,False,923,162,15.05,15.05,10h+,negative
184114665,1216710,cyber-manhunt,Cyber Manhunt,english,After one hour I finished the first actual mission and I must say that the story is indeed interesting but the game is so linear and doesn't really let you do anything I didn't find any motivation to continue with it.,After one hour I finished the first actual mission and I must say that the story is indeed interesting but the game is so linear and doesn't really let you do anything I didn't find any motivation to continue with it.,False,2024-12-29T16:41:16+00:00,2024-12-29T16:41:16+00:00,63.0,63.0,0.0,3.0,0.0,0.5634920597076416,True,False,False,False,76561198019251229,,27.0,False,False,217,41,1.05,1.05,1-3h,negative
204256136,1216710,cyber-manhunt,Cyber Manhunt,english,"Interesting idea, but the gameplay gets repetitive very quickly. The story doesn’t have enough depth to keep things engaging, and after a while it just feels more like busywork than real investigation.","Interesting idea, but the gameplay gets repetitive very quickly. The story doesn’t have enough depth to keep things engaging, and after a while it just feels more like busywork than real investigation.",False,2025-09-13T17:37:13+00:00,2025-09-13T17:37:13+00:00,113.0,113.0,0.0,3.0,1.0,0.5502198338508606,True,False,False,False,76561198285635216,,18.0,False,False,201,32,1.8833333333333333,1.8833333333333333,1-3h,negative
85971821,1216710,cyber-manhunt,Cyber Manhunt,english,"Mimics real-life social engineering without actually feeling like it. The puzzles are basically just going through menus. You rely on mousing over for key phrases more than actually solving anything. If it's not a puzzle, and is a poor simulation, it should at least tell a good story. Except the writing is shit. What about production value? Not exactly there either. The voice acting is jarring.","Mimics real-life social engineering without actually feeling like it. The puzzles are basically just going through menus. You rely on mousing over for key phrases more than actually solving anything. If it's not a puzzle, and is a poor simulation, it should at least tell a good story. Except the writing is shit. What about production value? Not exactly there either. The voice acting is jarring.",False,2021-02-04T23:45:23+00:00,2021-02-04T23:45:23+00:00,206.0,206.0,0.0,3.0,0.0,0.5454545617103577,True,False,False,False,76561198014804793,,27.0,False,False,397,66,3.433333333333333,3.433333333333333,3-10h,negative
100075705,1216710,cyber-manhunt,Cyber Manhunt,english,"I was 80% of the way to giving this a thumbs because hey, it's ten bucks and it will kill a few hours of your life, the puzzles are somewhat challenging and clicking around playing pretend-hacker is always diverting.

It doesn't quite get over the finish line for a few reasons:

As much there are ominous warnings about sensitive subject matter and deep thoughts concerning your privacy, the game is REALLY rough from a narrative standpoint. The game is translated from Chinese, and while their English is a great deal better than my non-existent Mandarin, it's still not good, with really clunky dialogue that kills any emotional heft the story may be going for and some variable (but mostly bad) voice acting. And when you're tackling serious topics like sexual assault and bullying and online harassment and such, you shouldn't be giggling at deadpan ""he attacked me like an animal"" deliveries. In other words, don't expect to lose yourself in the story here.

But whatever, it's a budget game, they couldn't shell out for a localization team, that's forgivable. You can still have a good time playing pretend-hacker and solving puzzles, right?

Well... you could have, maybe, if the game weren't so full of bugs. Some are merely annoying, like someone asking you over the phone the name they used when they e-mailed you and you put in that name and they say it's wrong, so you double-check and look for one of the two other options there, but you don't see it, so you throw your hands up, look at a guide, see the answer, look again at the e-mail wondering where they ever used the name and then just put it in because you've already wasted ten minutes and just want to get on with it. Someone quizzes you on what part of their body was injured, and that information was never made available anywhere. You can try these puzzles repeatedly, but you can't back out if you fail and go double-check stuff again, you have to go all the way out to the main menu and then re-continue the game.

None of this was enough to turn me off the game until I hit Chapter 5. Without going into details, Chapter 5 was so buggy, it forced me to quit and re-load the game three times, and finally reached a point where I really couldn't progress because a specific tool I needed to finish a puzzle wouldn't load. By that point, I was done.

What inevitably earns this game the thumbs down is just that there are much better hacking games and ""surveillance is bad"" games out there. TIS-100, Hacknet, Grey Hack, Orwell. Even if this game is cheaper, go spend the extra money elsewhere. It will be worth it.","I was 80% of the way to giving this a thumbs because hey, it's ten bucks and it will kill a few hours of your life, the puzzles are somewhat challenging and clicking around playing pretend-hacker is always diverting. It doesn't quite get over the finish line for a few reasons: As much there are ominous warnings about sensitive subject matter and deep thoughts concerning your privacy, the game is REALLY rough from a narrative standpoint. The game is translated from Chinese, and while their English is a great deal better than my non-existent Mandarin, it's still not good, with really clunky dialogue that kills any emotional heft the story may be going for and some variable (but mostly bad) voice acting. And when you're tackling serious topics like sexual assault and bullying and online harassment and such, you shouldn't be giggling at deadpan ""he attacked me like an animal"" deliveries. In other words, don't expect to lose yourself in the story here. But whatever, it's a budget game, they couldn't shell out for a localization team, that's forgivable. You can still have a good time playing pretend-hacker and solving puzzles, right? Well... you could have, maybe, if the game weren't so full of bugs. Some are merely annoying, like someone asking you over the phone the name they used when they e-mailed you and you put in that name and they say it's wrong, so you double-check and look for one of the two other options there, but you don't see it, so you throw your hands up, look at a guide, see the answer, look again at the e-mail wondering where they ever used the name and then just put it in because you've already wasted ten minutes and just want to get on with it. Someone quizzes you on what part of their body was injured, and that information was never made available anywhere. You can try these puzzles repeatedly, but you can't back out if you fail and go double-check stuff again, you have to go all the way out to the main menu and then re-continue the game. None of this was enough to turn me off the game until I hit Chapter 5. Without going into details, Chapter 5 was so buggy, it forced me to quit and re-load the game three times, and finally reached a point where I really couldn't progress because a specific tool I needed to finish a puzzle wouldn't load. By that point, I was done. What inevitably earns this game the thumbs down is just that there are much better hacking games and ""surveillance is bad"" games out there. TIS-100, Hacknet, Grey Hack, Orwell. Even if this game is cheaper, go spend the extra money elsewhere. It will be worth it.",False,2021-09-28T07:13:28+00:00,2021-09-28T07:13:28+00:00,828.0,828.0,0.0,3.0,2.0,0.5358649492263794,True,False,False,False,76561198023820129,,57.0,False,False,2584,463,13.8,13.8,10h+,negative
87640712,1216710,cyber-manhunt,Cyber Manhunt,english,"TL;DR: What it lacks in interesting mechanics it makes up for in repetetiveness.

Slightly longer review: 

You google names, go to their facebook page, click on interesting info and then google that, or enter it into the same five programs while the UI makes you wait for 10 seconds every time you found a hint. Then you answer some exams to check if you paid attention. If you expect deductions or logic puzzles, you will not find those here. It is all simply about reading and remembering information.

Sometimes there are minigames but they are also not interesting. One in particular really sucks, because you simply aren't given the information necessary to make the correct decisions, so you just click on random stuff until it somehow works.

It is one of those games where I suffered through the last 3 hours because I wanted to see the ending, but I had my head in my hands a couple times because it was just so annoying sometimes.

The writing.. well first of all, from a purely technical standpoint, it is bad. Clearly whoever wrote this is not fluent in english. There are tons of typos and grammatical errors all over the place. Things which could have easily been fixed by proofreading. Funnily, it gets better torwards the end. Or I just stopped paying attention, which is probably more likely.

From a stroy perspective, it is actually *ok*. Not great, not terrible. There were definitely some good parts, some twists, and some hateable characters. The main issue is that the gameplay is so boring that torwards the end you just use your mouse to scan over text really quickly to find hints, and stop actually reading it.

Overall score: meh/5.","TL;DR: What it lacks in interesting mechanics it makes up for in repetetiveness. Slightly longer review: You google names, go to their facebook page, click on interesting info and then google that, or enter it into the same five programs while the UI makes you wait for 10 seconds every time you found a hint. Then you answer some exams to check if you paid attention. If you expect deductions or logic puzzles, you will not find those here. It is all simply about reading and remembering information. Sometimes there are minigames but they are also not interesting. One in particular really sucks, because you simply aren't given the information necessary to make the correct decisions, so you just click on random stuff until it somehow works. It is one of those games where I suffered through the last 3 hours because I wanted to see the ending, but I had my head in my hands a couple times because it was just so annoying sometimes. The writing.. well first of all, from a purely technical standpoint, it is bad. Clearly whoever wrote this is not fluent in english. There are tons of typos and grammatical errors all over the place. Things which could have easily been fixed by proofreading. Funnily, it gets better torwards the end. Or I just stopped paying attention, which is probably more likely. From a stroy perspective, it is actually *ok*. Not great, not terrible. There were definitely some good parts, some twists, and some hateable characters. The main issue is that the gameplay is so boring that torwards the end you just use your mouse to scan over text really quickly to find hints, and stop actually reading it. Overall score: meh/5.",False,2021-03-01T00:37:30+00:00,2021-03-01T00:37:30+00:00,493.0,493.0,0.0,3.0,1.0,0.5334593653678894,True,False,False,False,76561198011351873,,97.0,False,False,1653,288,8.216666666666667,8.216666666666667,3-10h,negative
107417488,1216710,cyber-manhunt,Cyber Manhunt,english,"I wanted to like this game as it's clear that quite a bit of effort was put into making it, and (at least at the date of this review) the developer is still trying to improve on it.  The graphics are nice and I like this genre of game.  Game play length is decent, you can complete it within 9-10 hours at a leisurely pace.

Having said that, I can't bring myself to recommend it.  The worst part of the game is the writing. Aside from some translation and grammatical errors which I can ignore, the nicest way I can put it is that the writing style is simply not for me. The characters are so incredibly tropey, dramatic and honestly cringey in the way they speak. The twists and turns are juvenile and the themes are simplistic and shallow. The game doesn't say anything you don't already know (i.e. wouldn't it be bad if hackers are able to use your private data on social media for nefarious means? Really makes you think!).

Aside from the writing, the game play is okay though fairly repetitive.  The game does try to keep you engaged with new mini games that pop up, though at least one puzzle right at the end of the game is completely frustrating in a way that makes no sense and when you're under time pressure as well. By that point, I just wanted the game to be finished.

I'm sure there's an audience for this game (maybe younger people?) but it's not for me unfortunately.","I wanted to like this game as it's clear that quite a bit of effort was put into making it, and (at least at the date of this review) the developer is still trying to improve on it. The graphics are nice and I like this genre of game. Game play length is decent, you can complete it within 9-10 hours at a leisurely pace. Having said that, I can't bring myself to recommend it. The worst part of the game is the writing. Aside from some translation and grammatical errors which I can ignore, the nicest way I can put it is that the writing style is simply not for me. The characters are so incredibly tropey, dramatic and honestly cringey in the way they speak. The twists and turns are juvenile and the themes are simplistic and shallow. The game doesn't say anything you don't already know (i.e. wouldn't it be bad if hackers are able to use your private data on social media for nefarious means? Really makes you think!). Aside from the writing, the game play is okay though fairly repetitive. The game does try to keep you engaged with new mini games that pop up, though at least one puzzle right at the end of the game is completely frustrating in a way that makes no sense and when you're under time pressure as well. By that point, I just wanted the game to be finished. I'm sure there's an audience for this game (maybe younger people?) but it's not for me unfortunately.",False,2022-01-06T01:28:14+00:00,2022-01-06T01:28:14+00:00,717.0,717.0,0.0,3.0,0.0,0.517241358757019,False,False,False,False,76561197997846529,,20.0,False,False,1379,258,11.95,11.95,10h+,negative
202934239,1216710,cyber-manhunt,Cyber Manhunt,english,Not really a puzzle more like a boring point and click story.,Not really a puzzle more like a boring point and click story.,False,2025-08-26T18:30:36+00:00,2025-08-26T18:30:36+00:00,930.0,930.0,0.0,3.0,0.0,0.5098656415939331,True,False,False,False,76561197997359866,,10.0,False,False,61,12,15.5,15.5,10h+,negative
86915292,1216710,cyber-manhunt,Cyber Manhunt,english,"I like the idea of the game, but there are a few things that bother me:
[list]
    [*]Aluba is a Chinese developer and you'll notice when you play the English version of the game. Especially the dialogues between characters often sound weird and not like proper English.
    [*]You are not allowed to do certain ""Gogo"" (Google) searches, when you haven't reached a required checkpoint, which makes no sense.
    [*]The sender address of emails is censored, which also makes no sense.
    [*]The browser could be a little improved. E.g. with a working back-button or being able to use URLs.
    [*]It's a little annoying that many websites the Gogo search engine delivers just end in a 404 error. Especially because of the animation that takes forever.
    [*]Doing inferences is also a little annoying. Especially when it asks you for the correct chronology of certain events.
    [*]In rare cases the subtitles don't match the voice lines.
    [*]Some puzzles are too easy, some are too hard. (Good thing someone posted a walkthrough in the hub)
[/list]","I like the idea of the game, but there are a few things that bother me: [list] [*]Aluba is a Chinese developer and you'll notice when you play the English version of the game. Especially the dialogues between characters often sound weird and not like proper English. [*]You are not allowed to do certain ""Gogo"" (Google) searches, when you haven't reached a required checkpoint, which makes no sense. [*]The sender address of emails is censored, which also makes no sense. [*]The browser could be a little improved. E.g. with a working back-button or being able to use URLs. [*]It's a little annoying that many websites the Gogo search engine delivers just end in a 404 error. Especially because of the animation that takes forever. [*]Doing inferences is also a little annoying. Especially when it asks you for the correct chronology of certain events. [*]In rare cases the subtitles don't match the voice lines. [*]Some puzzles are too easy, some are too hard. (Good thing someone posted a walkthrough in the hub) [/list]",False,2021-02-17T23:41:37+00:00,2021-02-17T23:41:37+00:00,453.0,453.0,0.0,2.0,0.0,0.5470383167266846,True,False,False,False,76561198046963453,,4.0,False,False,1022,172,7.55,7.55,3-10h,negative
91480342,1216710,cyber-manhunt,Cyber Manhunt,english,"Wasn't a fan of this one. It's a lot of clicking around to find clues rather than following a story. It started to get frustrating at times because you knew where something is going but you can't find a particular line of text that you need to complete the story.

If you're into those kind of games though, you could enjoy it.","Wasn't a fan of this one. It's a lot of clicking around to find clues rather than following a story. It started to get frustrating at times because you knew where something is going but you can't find a particular line of text that you need to complete the story. If you're into those kind of games though, you could enjoy it.",False,2021-05-05T14:19:23+00:00,2021-05-05T14:19:23+00:00,225.0,225.0,0.0,2.0,0.0,0.5421753525733948,True,False,False,False,76561199125109144,,30.0,False,False,326,62,3.75,3.75,3-10h,negative
230304157,1216710,cyber-manhunt,Cyber Manhunt,english,"Story didn't really captivate me, so I stopped playing. Mechanics are a bit boring and not too challenging","Story didn't really captivate me, so I stopped playing. Mechanics are a bit boring and not too challenging",False,2026-07-12T14:53:49+00:00,2026-07-12T14:53:49+00:00,49.0,49.0,0.0,2.0,0.0,0.5334685444831848,True,False,False,False,76561197991837421,,86.0,False,False,106,18,0.8166666666666667,0.8166666666666667,0-1h,negative
166064707,1216710,cyber-manhunt,Cyber Manhunt,english,"The game really can't decide if it wants to be puzzly or hold your hand constantly, even artificially blocking your progression until it deems you ""ready"".

The UX is outright abyssmal, with every action having some sort of artificial delay, like waiting for some voice line to finish, or have an arbitrary fake progress bar go up. This will happen dozens and dozens of times. It can not be turned off. It can not be skipped.

It adds up to a LOT of time wasted, even if you aren't forced to repeat them because of the random minute ""quizzes"" the game occasionally throws at you, marking the only time where the game won't let you look up anything. You remember exactly WHERE the info would be, but no - you have to game over, retry, look it up, go through 1 or 2 minutes of unskippable very mediocre voiced lines again, and only THEN are you allowed to progress... to the next question. Rinse and repeat, unless you literally memorized every single little remark and detail from dozens of random conversations and social media posts.

The game ist just so incredibly tedious to play. It actively doesn't want you to have any fun. The story could be decent enough I guess, but it's certainly not enough of a payoff for the awful, awful gameplay.","The game really can't decide if it wants to be puzzly or hold your hand constantly, even artificially blocking your progression until it deems you ""ready"". The UX is outright abyssmal, with every action having some sort of artificial delay, like waiting for some voice line to finish, or have an arbitrary fake progress bar go up. This will happen dozens and dozens of times. It can not be turned off. It can not be skipped. It adds up to a LOT of time wasted, even if you aren't forced to repeat them because of the random minute ""quizzes"" the game occasionally throws at you, marking the only time where the game won't let you look up anything. You remember exactly WHERE the info would be, but no - you have to game over, retry, look it up, go through 1 or 2 minutes of unskippable very mediocre voiced lines again, and only THEN are you allowed to progress... to the next question. Rinse and repeat, unless you literally memorized every single little remark and detail from dozens of random conversations and social media posts. The game ist just so incredibly tedious to play. It actively doesn't want you to have any fun. The story could be decent enough I guess, but it's certainly not enough of a payoff for the awful, awful gameplay.",False,2024-05-25T22:58:35+00:00,2024-05-25T22:58:35+00:00,1349.0,392.0,0.0,2.0,0.0,0.5279049873352051,True,False,False,False,76561198036456994,,11.0,False,False,1242,224,22.483333333333334,6.533333333333333,3-10h,negative
188723193,1216710,cyber-manhunt,Cyber Manhunt,english,"Cyber Manhunt is a take on an Orwell style game, but it lacks the polish and quality of those titles. Sometimes you can find a piece of information that you need (for example, a character's name) earlier in a chapter, but the game won't let you 'learn' it until you reach a later point because it isn't the specific place where the game wants you to collect that information. Certain dialogue choices are vague and their outcomes are unpredictable. Sometimes the game will ask you to provide specific information that you collected (or information that the game never clearly gave) but won't let you access your 'notes'.

There are a few interesting minigames scattered throughout, but some of them give a strict time limit and vague guidance as to what you need to do. Failure just sets you back a short time, but in some instances you're forced to sit through unskippable dialogue scenes to get back to the minigame.

There are a lot of good ideas here, and the chapters and overall story are fairly interesting, but the overall presentation makes this more of a frustrating experience than a fun one.","Cyber Manhunt is a take on an Orwell style game, but it lacks the polish and quality of those titles. Sometimes you can find a piece of information that you need (for example, a character's name) earlier in a chapter, but the game won't let you 'learn' it until you reach a later point because it isn't the specific place where the game wants you to collect that information. Certain dialogue choices are vague and their outcomes are unpredictable. Sometimes the game will ask you to provide specific information that you collected (or information that the game never clearly gave) but won't let you access your 'notes'. There are a few interesting minigames scattered throughout, but some of them give a strict time limit and vague guidance as to what you need to do. Failure just sets you back a short time, but in some instances you're forced to sit through unskippable dialogue scenes to get back to the minigame. There are a lot of good ideas here, and the chapters and overall story are fairly interesting, but the overall presentation makes this more of a frustrating experience than a fun one.",False,2025-02-25T12:41:46+00:00,2025-02-25T12:41:46+00:00,261.0,261.0,0.0,2.0,0.0,0.523809552192688,True,False,False,False,76561198055275168,,44.0,False,False,1101,192,4.35,4.35,3-10h,negative
179770068,1216710,cyber-manhunt,Cyber Manhunt,english,"The concept of the game is great. The Narrative is interesting, but you have to go so fast that you don't really get to enjoy the story. The mechanics of the game are terrible. Playing on a laptop with a trackpad/clicker, I spent way too much time pushing the various windows around trying to get the right window that had the info that I needed. When you have to go so fast, you don't have time for all the opening, closing, pushing windows around. Also, having to look up the same info twice in different chapters of the game is silly, because a real computer-based detective would have had it already. But overall, I enjoyed using the many digital forms of hacking info, cracking codes, and piecing together the story. I like the way the game brought in social media influencers too, that felt very 'real'.  Another critique is that the game is very violent in parts, violent stories of torture, rape and killing; demeaning to women on the whole.There is no need for it to be so violent; it doesn't make it a better story. For that, I would not recommend it.","The concept of the game is great. The Narrative is interesting, but you have to go so fast that you don't really get to enjoy the story. The mechanics of the game are terrible. Playing on a laptop with a trackpad/clicker, I spent way too much time pushing the various windows around trying to get the right window that had the info that I needed. When you have to go so fast, you don't have time for all the opening, closing, pushing windows around. Also, having to look up the same info twice in different chapters of the game is silly, because a real computer-based detective would have had it already. But overall, I enjoyed using the many digital forms of hacking info, cracking codes, and piecing together the story. I like the way the game brought in social media influencers too, that felt very 'real'. Another critique is that the game is very violent in parts, violent stories of torture, rape and killing; demeaning to women on the whole.There is no need for it to be so violent; it doesn't make it a better story. For that, I would not recommend it.",False,2024-11-25T04:27:47+00:00,2024-11-25T04:40:38+00:00,1547.0,1547.0,0.0,2.0,0.0,0.5151515007019043,True,False,False,False,76561199121249943,,7.0,False,False,1060,193,25.783333333333335,25.783333333333335,10h+,negative
185088961,1216710,cyber-manhunt,Cyber Manhunt,english,"Terrible game, very frustrating. I saw many people mention this and I totally agree, the public influence mini-game basically ruined the experience for me. Besides that very repetitive and very easy to lose track of the narrative as it barely explains anything. Disappointing.","Terrible game, very frustrating. I saw many people mention this and I totally agree, the public influence mini-game basically ruined the experience for me. Besides that very repetitive and very easy to lose track of the narrative as it barely explains anything. Disappointing.",False,2025-01-08T08:56:53+00:00,2025-01-08T08:56:53+00:00,645.0,645.0,0.0,2.0,1.0,0.4900100827217102,True,False,False,False,76561198063195331,,3.0,False,False,276,43,10.75,10.75,10h+,negative
74916213,1216710,cyber-manhunt,Cyber Manhunt,english,"very boring and long animations. Yes, I know that this is a simple arcade game. But I was expecting a breakthrough in the hacker simulator genre. But this is just a story, comparable to text quests. Those who wanted to dive deeper into the life of a hacker are better off playing Gray Hack or at least Uplink","very boring and long animations. Yes, I know that this is a simple arcade game. But I was expecting a breakthrough in the hacker simulator genre. But this is just a story, comparable to text quests. Those who wanted to dive deeper into the life of a hacker are better off playing Gray Hack or at least Uplink",False,2020-08-26T00:30:11+00:00,2020-08-26T00:30:11+00:00,26.0,26.0,0.0,2.0,0.0,0.45949429273605347,True,False,True,False,76561198030578700,,75.0,False,False,308,58,0.43333333333333335,0.43333333333333335,0-1h,negative
74922274,1216710,cyber-manhunt,Cyber Manhunt,english,"Like the game's description reads, this game is similar to Orwell. Seeing that, I figured I'll buy it and try it out and have enjoyed it so far. The writing is good, albeit full of grammar errors especially past case 1, the pace at which I found new information was enjoyable. My only problem is with the actual plot, and the complete lack of preparation the game and store page gave me. While there's no nudity, this game needs a massive content warning for sexual violence. I sincerely wish I had preparation for it as I just feel too uncomfortable to continue.

Until the game or its store page has a content warning, I don't feel comfortable recommending it.","Like the game's description reads, this game is similar to Orwell. Seeing that, I figured I'll buy it and try it out and have enjoyed it so far. The writing is good, albeit full of grammar errors especially past case 1, the pace at which I found new information was enjoyable. My only problem is with the actual plot, and the complete lack of preparation the game and store page gave me. While there's no nudity, this game needs a massive content warning for sexual violence. I sincerely wish I had preparation for it as I just feel too uncomfortable to continue. Until the game or its store page has a content warning, I don't feel comfortable recommending it.",False,2020-08-26T03:40:09+00:00,2020-08-26T03:40:09+00:00,247.0,148.0,0.0,2.0,1.0,0.43617138266563416,True,False,True,False,76561198142007983,,11.0,False,False,661,119,4.116666666666666,2.466666666666667,1-3h,negative
105934866,1216710,cyber-manhunt,Cyber Manhunt,english,"The first few chapters are fun, but the game becomes quite repetitive after that. It's more of an interactive story where you hunt and click for clues to progress the story line. It also has the frustrating feature where if you miss collecting a clue you have to go line by line through each of the sites and platforms to find what you missed or the story won't progress. Overall, I enjoyed the story, but the mechanics hurt the game.","The first few chapters are fun, but the game becomes quite repetitive after that. It's more of an interactive story where you hunt and click for clues to progress the story line. It also has the frustrating feature where if you miss collecting a clue you have to go line by line through each of the sites and platforms to find what you missed or the story won't progress. Overall, I enjoyed the story, but the mechanics hurt the game.",False,2021-12-16T19:05:53+00:00,2021-12-16T19:05:53+00:00,729.0,511.0,0.0,1.0,0.0,0.523809552192688,True,False,False,False,76561197975619697,,8.0,False,False,434,80,12.15,8.516666666666667,3-10h,negative
166073895,1216710,cyber-manhunt,Cyber Manhunt,english,"It is a decent game with great ideas, but sometimes the execution could be better. At some points of the game i have totally no idea what needs to be done and yet there is a short timer ticking down, forcing me to replay a part of the game several times... Eventually ending up checking the walkthrough (and thinking ""how am i supposed to know that"")

The part i dislike the most is how you cannot skip cutscenes.","It is a decent game with great ideas, but sometimes the execution could be better. At some points of the game i have totally no idea what needs to be done and yet there is a short timer ticking down, forcing me to replay a part of the game several times... Eventually ending up checking the walkthrough (and thinking ""how am i supposed to know that"") The part i dislike the most is how you cannot skip cutscenes.",False,2024-05-26T02:55:06+00:00,2024-05-26T02:55:06+00:00,617.0,617.0,0.0,1.0,0.0,0.5199999809265137,True,False,False,False,76561198043177486,,2.0,False,False,412,78,10.283333333333333,10.283333333333333,10h+,negative
102168137,1216710,cyber-manhunt,Cyber Manhunt,english,"I rarely post negative reviews cause I usually pick the games I buy very carefully. I was looking for a fun hacking game though and with the limited selection out there I chose this based on its ""Very positive"" user reviews. I was actually going to give it a thumbs up too, until I actually read the question Steam asks:
""Would you recommend this game to other players"".
To that specific question I would definitely have to say: No.
It's tough, cause I kinda like the game, I just wouldn't expect other players or a friend to have the amount of patience with it that I've had. Subjectively, I'd score it a 7/10, objectively I'd give it a 4/10.

TL;DR The game sets you up for failure. Timers on puzzles mean replaying sections where you fail to solve the puzzle on time, which in some cases are virtually impossible to do on your first try. Then short cutting the info gathering to buy time on your next try, because you already have the info in your head, sometimes introduces game breaking bugs. All this also pushes the player towards walkthroughs completely ruining the experience. Game also has some immersion breaking unnatural language issues.

PROS:
- Interesting story with some good twists.
- Immersive. You can really get into following along with the stories of the people you ""hack"" and the hacking makes you feel empowered.
- Valuable message around personal data, AI and social media in general.
- A few fun, innovative puzzles.
- Well made UI and visuals (Nothing special, but not bad)

CONS:
- Convoluted puzzles. Some puzzles require you to assume things that aren't intuitive. Like having to use concatenated dates as a password but not being told that specific parts of the dates need to be left out. Having these on a timer seriously exasperates the problem.
- Language issues. Whoever wrote the script and content for this game is definitely not a natural English speaker. All the spelling is correct but the grammar is flawed and the manner of speaking is jarringly foreign. Like everything was written in Japanese and then run through Google translate or something. Unnecessary extra words in places and weird grammar immediately make you feel like ""This is not the way people speak"". It's honestly quite immersion breaking in a game that involves a lot of reading.
- One or two bugs. Mostly the game runs just fine, in fact you could pretty much run it on a potato. I literally only encountered one bug, but it was game breaking and required that I reload which lost me some progress. The biggest issue about it is that it was caused by trying to short cut problems with the first con I mentioned meaning that alleviating the biggest issue of the game isn't an option.","I rarely post negative reviews cause I usually pick the games I buy very carefully. I was looking for a fun hacking game though and with the limited selection out there I chose this based on its ""Very positive"" user reviews. I was actually going to give it a thumbs up too, until I actually read the question Steam asks: ""Would you recommend this game to other players"". To that specific question I would definitely have to say: No. It's tough, cause I kinda like the game, I just wouldn't expect other players or a friend to have the amount of patience with it that I've had. Subjectively, I'd score it a 7/10, objectively I'd give it a 4/10. TL;DR The game sets you up for failure. Timers on puzzles mean replaying sections where you fail to solve the puzzle on time, which in some cases are virtually impossible to do on your first try. Then short cutting the info gathering to buy time on your next try, because you already have the info in your head, sometimes introduces game breaking bugs. All this also pushes the player towards walkthroughs completely ruining the experience. Game also has some immersion breaking unnatural language issues. PROS: - Interesting story with some good twists. - Immersive. You can really get into following along with the stories of the people you ""hack"" and the hacking makes you feel empowered. - Valuable message around personal data, AI and social media in general. - A few fun, innovative puzzles. - Well made UI and visuals (Nothing special, but not bad) CONS: - Convoluted puzzles. Some puzzles require you to assume things that aren't intuitive. Like having to use concatenated dates as a password but not being told that specific parts of the dates need to be left out. Having these on a timer seriously exasperates the problem. - Language issues. Whoever wrote the script and content for this game is definitely not a natural English speaker. All the spelling is correct but the grammar is flawed and the manner of speaking is jarringly foreign. Like everything was written in Japanese and then run through Google translate or something. Unnecessary extra words in places and weird grammar immediately make you feel like ""This is not the way people speak"". It's honestly quite immersion breaking in a game that involves a lot of reading. - One or two bugs. Mostly the game runs just fine, in fact you could pretty much run it on a potato. I literally only encountered one bug, but it was game breaking and required that I reload which lost me some progress. The biggest issue about it is that it was caused by trying to short cut problems with the first con I mentioned meaning that alleviating the biggest issue of the game isn't an option.",False,2021-11-03T19:49:48+00:00,2021-11-03T20:06:42+00:00,1701.0,1679.0,0.0,1.0,0.0,0.5,True,False,False,False,76561198053304170,,61.0,False,False,2690,473,28.35,27.983333333333334,10h+,negative
215622820,1216710,cyber-manhunt,Cyber Manhunt,english,Very buggy with a nonsensical story crammed with as much cringe-filled edge as humanly possible. This game is to [i]Orwell[/i] as [i]My Immortal[/i] is to [i]Harry Potter[/i].,Very buggy with a nonsensical story crammed with as much cringe-filled edge as humanly possible. This game is to [i]Orwell[/i] as [i]My Immortal[/i] is to [i]Harry Potter[/i].,False,2026-01-10T05:57:06+00:00,2026-01-10T05:57:06+00:00,262.0,255.0,0.0,1.0,0.0,0.5,True,False,False,False,76561198090873824,,4.0,False,False,175,27,4.366666666666666,4.25,3-10h,negative
224542645,1216710,cyber-manhunt,Cyber Manhunt,english,"I've played through the first few hours of this game, 100% the chapters each time. I like it, but, at least on Mac, the buttons/formatting are incredibly wonky in a way that makes it nearly unplayable. 

You have to have these incredibly specific inputs to press a button, sometimes your mouse has to be at the top of the screen to hit a button, even though the button you're trying to hit is in the center of the screen. As a result, none of the buttons really work properly.

There were a few parts where I was stuck, and I wish the game had a little more guidance for these hyper-specific details that are essential to the story. I like the game/story, and will probably continue to play it on my Windows PC, but the formatting issues on Mac make it very difficult to enjoy.","I've played through the first few hours of this game, 100% the chapters each time. I like it, but, at least on Mac, the buttons/formatting are incredibly wonky in a way that makes it nearly unplayable. You have to have these incredibly specific inputs to press a button, sometimes your mouse has to be at the top of the screen to hit a button, even though the button you're trying to hit is in the center of the screen. As a result, none of the buttons really work properly. There were a few parts where I was stuck, and I wish the game had a little more guidance for these hyper-specific details that are essential to the story. I like the game/story, and will probably continue to play it on my Windows PC, but the formatting issues on Mac make it very difficult to enjoy.",False,2026-05-01T21:34:22+00:00,2026-05-01T21:34:22+00:00,251.0,251.0,0.0,1.0,0.0,0.4970574975013733,True,False,False,False,76561198405812717,,8.0,False,False,774,145,4.183333333333334,4.183333333333334,3-10h,negative
233992791,1216710,cyber-manhunt,Cyber Manhunt,english,"Tedious gameplay, nonsensical mechanics, shallow narrative and characters.","Tedious gameplay, nonsensical mechanics, shallow narrative and characters.",False,2026-08-29T14:36:22+00:00,2026-08-29T14:36:22+00:00,100.0,100.0,0.0,1.0,0.0,0.4761905074119568,True,False,False,False,76561198707667241,,1.0,False,False,74,8,1.6666666666666667,1.6666666666666667,1-3h,negative
107184632,1216710,cyber-manhunt,Cyber Manhunt,english,"The game feels too linear for a game like this to work. There is either too much hand holding or very little, so the design is extremely inconsistent and I have encountered a bug where one of the vital information piece was changed in text in my version, (probably due to an update) which made me hard locked and unable to progress without a guide/walkthrough.  SPOILER!  [spoiler] I got 18th May 1983 for Ito's birthday when the game only accepted 16th in the database search. The calculation wasn't wrong, the information given was incorrect [/spoiler] SPOILER !

Voice acting is atrocious and so is many of the mini games/puzzles. It would be more tolerable had some of the phone calls didn't require some form of trial and error and worse yet, is unskippable and unbelievably slow. Bad voice acting is fine when its optional. It's garbage when its mandatory. I am still waiting for someone to perfect this game style (Browser/internet/hacker detective subgenra). But while this one is pretty decent as an attempt, it is still a bad experience.

I still play it from time to time but each time I relaunch the game with renewed excitement and renewed disappointment.

The closest game I can think of to this that is actually any good is Her Story, and it pales in comparison because Cyber Manhunt has twice the ambition yet half the execution of Her Story. Overall severely disappointed.","The game feels too linear for a game like this to work. There is either too much hand holding or very little, so the design is extremely inconsistent and I have encountered a bug where one of the vital information piece was changed in text in my version, (probably due to an update) which made me hard locked and unable to progress without a guide/walkthrough. SPOILER! [spoiler] I got 18th May 1983 for Ito's birthday when the game only accepted 16th in the database search. The calculation wasn't wrong, the information given was incorrect [/spoiler] SPOILER ! Voice acting is atrocious and so is many of the mini games/puzzles. It would be more tolerable had some of the phone calls didn't require some form of trial and error and worse yet, is unskippable and unbelievably slow. Bad voice acting is fine when its optional. It's garbage when its mandatory. I am still waiting for someone to perfect this game style (Browser/internet/hacker detective subgenra). But while this one is pretty decent as an attempt, it is still a bad experience. I still play it from time to time but each time I relaunch the game with renewed excitement and renewed disappointment. The closest game I can think of to this that is actually any good is Her Story, and it pales in comparison because Cyber Manhunt has twice the ambition yet half the execution of Her Story. Overall severely disappointed.",False,2022-01-03T01:10:44+00:00,2022-01-03T01:14:00+00:00,449.0,449.0,0.0,1.0,0.0,0.47193068265914917,True,False,False,False,76561198072010737,,162.0,False,False,1384,239,7.483333333333333,7.483333333333333,3-10h,negative
200144404,1216710,cyber-manhunt,Cyber Manhunt,english,"The gameplay mechanics are engaging. It genuinely feels like you’re uncovering information online, much like a hacker, which is immersive and well-executed. However, the storylines and case designs are deeply problematic. Many of the narratives revolve around negative portrayals of women, often casting them as either harmful stereotypes or passive victims. This design choice feels tone-deaf and uncomfortable, especially when compared to games like Song of Farca, which handle similar themes with far more nuance and respect for female characters.","The gameplay mechanics are engaging. It genuinely feels like you’re uncovering information online, much like a hacker, which is immersive and well-executed. However, the storylines and case designs are deeply problematic. Many of the narratives revolve around negative portrayals of women, often casting them as either harmful stereotypes or passive victims. This design choice feels tone-deaf and uncomfortable, especially when compared to games like Song of Farca, which handle similar themes with far more nuance and respect for female characters.",False,2025-07-19T10:20:51+00:00,2025-07-19T10:20:51+00:00,725.0,725.0,0.0,1.0,0.0,0.4573570787906647,True,False,False,False,76561198446311726,,14.0,False,False,550,80,12.083333333333334,12.083333333333334,10h+,negative
96705062,1216710,cyber-manhunt,Cyber Manhunt,english,"Do not buy this.  Ask for a book.

I got hooked by a great looking story, that was then crushed after 8 hours.  The puzzles are worse than old DOS games.  After trying to figure out a puzzle for an hour with only one available clue, I gave up.  Whatever solution I could see wasn't working and it wasn't going to give me any further insights to what on earth it wanted of me.

I have a better experience playing Hacknet.  Do not buy this game.","Do not buy this. Ask for a book. I got hooked by a great looking story, that was then crushed after 8 hours. The puzzles are worse than old DOS games. After trying to figure out a puzzle for an hour with only one available clue, I gave up. Whatever solution I could see wasn't working and it wasn't going to give me any further insights to what on earth it wanted of me. I have a better experience playing Hacknet. Do not buy this game.",False,2021-07-31T18:04:43+00:00,2021-07-31T18:04:43+00:00,2933.0,526.0,0.0,1.0,0.0,0.43202224373817444,True,False,False,False,76561198178311210,,34.0,False,False,436,86,48.88333333333333,8.766666666666667,3-10h,negative
