review_id,steam_app_id,game_key,game_name,language,review_text_raw,review_text_clean,recommended,created_at,updated_at,playtime_forever_minutes,playtime_at_review_minutes,playtime_last_two_weeks_minutes,votes_up,votes_funny,weighted_vote_score,steam_purchase,received_for_free,written_during_early_access,refunded,author_steam_id,author_num_games_owned,author_num_reviews,is_empty,is_very_short,review_length_chars,review_length_words,playtime_forever_hours,playtime_at_review_hours,playtime_segment,overall_sentiment
142283425,365450,hacknet,Hacknet,english,Thirty seconds in I deleted system 32 and broke the virtual computer for good. Very immersive.,Thirty seconds in I deleted system 32 and broke the virtual computer for good. Very immersive.,True,2023-07-17T18:39:11+00:00,2023-07-17T18:39:11+00:00,978.0,20.0,0.0,365.0,228.0,0.939629077911377,True,False,False,False,76561198027123215,,28.0,False,False,94,16,16.3,0.3333333333333333,0-1h,positive
18290841,365450,hacknet,Hacknet,english,"I just want to say that this is the best hacking game ever!
The developer(s) has put so much into it, and it came out great. Still remember that it began from an 48 hour game develop project in 2012 and after three years its here. Super soundtrack, storylines, programs etc gets you really be in the game and make you feel like a real hacker.  For the hardcore guys, try to complete this gmae without x-server.sys (thats the gui) alone in the command line. 

This game is just brilliant.

10 Porthacks out of 10","I just want to say that this is the best hacking game ever! The developer(s) has put so much into it, and it came out great. Still remember that it began from an 48 hour game develop project in 2012 and after three years its here. Super soundtrack, storylines, programs etc gets you really be in the game and make you feel like a real hacker. For the hardcore guys, try to complete this gmae without x-server.sys (thats the gui) alone in the command line. This game is just brilliant. 10 Porthacks out of 10",True,2015-10-02T13:53:49+00:00,2016-11-25T22:10:49+00:00,1784.0,845.0,0.0,204.0,41.0,0.9032012224197388,True,False,False,False,76561198038515769,,7.0,False,False,507,95,29.733333333333334,14.083333333333334,10h+,positive
48413286,365450,hacknet,Hacknet,english,"This is gonna be a lengthy review. I'll add a TL;DR at the bottom.

When I first went to view the page for this game, there were many questions that began flooding my mind. And now that I've played the game almost to its entirety, I think that I can answer most of these questions that interested consumers passing by may have. This game was a real treat, and I think that it deserves more attention than it's received.


[h1] Is Hacknet realistic? [/h1]

If you mean ""realistic"" as in ""Is this game close to hacking in real life?"" then the answer is no. This game is not realistic because it is fun and doesn't make you paranoid. You are in possession of a bunch of hacking tools that put up the kinds of graphics you'd expect to be running on computers in a 90's hacker film, and the way these tools work is by executing them and waiting for the flashy hacking graphics to stop flashing so that you can run another flashy hacker tool until you gain administrative system access. Granted, it's more complex than that, which is why this game is really enjoyable, but you're not going to be writing complex algorithms to overload proxy servers and bypass tracing measures. That's what the 90's tools are for.

That being said, this may be as close as gaming will ever come to realistic hacking. Because anything that tries to be precicely like real hacking that doesn't give you fancy hacker programs probably isn't going to be a very fun game. And this, again, is a fun game. The entire game takes place on a computer's operating system, and every hack you perform is done through this system. In addition, the commands you use are based on real UNIX commands, even if the commands are typically used to activate the previously-mentioned hacking programs. It's certainly more realistic than games where you push a button and your character goes [i]""I'm in"" [/i] like Watch_Dogs and Quadrilateral Cowboy (That isn't to say that they're bad games, just that they're not trying to be realistic hacking simulations which, again, isn't necessarily a bad thing).


[h1] Is this game immersive? Will I feel like a hacker even if I'm not performing real hacks? [/h1]

Oh, yes. If you want to feel like the genius hacker that always appears in Hollywood films but rarely gets any time for actual character development, then this game is for you. The presentation of this game is great, and it really helps to sell that feeling of accomplishment that you get when you pull off a successful job. After about 30 minutes in, I had to re-check the steam store to make sure that I wasn't accessing a multiplayer hacking simulator. But nope, I was even able to play this game in airplane mode. As the store page mentions, there are very few things that break the immersion by being obvious parts of a video game. To complete a job, you email the client explaining that you've finished. To acquire a new tool, you have to copy said tool to your home computer from its rightful owner. 

And this immersive presentation goes a long way in the overall experience. I know that not everybody responds the same way, but I found certain parts to incite genuine emotion in a way that few other games have managed to pull off. Like when you're given the option to accept a job in which [spoiler]you have to euthanize a dying man by hacking his pacemaker [/spoiler], or when [spoiler]you run ""OpenCDtray"" on your own system and your real computer's disc tray opens and may potentially scare the hell out of you[/spoiler]. So even if you're using overpowered tools to open systems that nobody bothers to check, you'll probably still feel really good doing so.


[h1] Do I need to know coding or hacking in order to understand this game? [/h1]

No, you don't. The tutorial explains everything pretty well, and it makes sure that you understand how the systems work before even thinking about letting you out into the hacking world. No coding is required (I'm not even sure if coding algorithms is possible with the interface), and most of the game's difficulty comes with memorizing the commands and executing them at the appropriate times. That being said, if you don't know a whole lot about computers, the most difficult task will probably be [spoiler] getting your interface back after being locked to terminal mode by another hacker [/spoiler]. But if you experiment enough, then you'll ususally find the solutions to most of the challenges, and there are plenty of walkthroughs and tips out there if you end up getting desperate. But I was able to finish the game with little prior programming experience. If you know how to navigate a computer's interface or have downloaded and fixed mods on to other games, then you'll probably be fine with this game. Just, you know, don't delete important files or screw up on a trace aversion. I don't know if this game prevents you from screwing yourself over, and everybody's too scared to find out.


[h1] Is the game worth ten bucks? [/h1]

Yeah, I'd say so. You'll probably get around 10 hours out of it if you're doing the main story without any outside assitance, 14-15 hours if you're also doing the labrynths DLC. I'd say that it's not everybody's cup of tea; surely, your relative who spends all day exclusively playing [i] Fortnite [/i] would probably get turned off by this, but odds are you're at least mildly interested in this game if you're reading this review right now, considering that this game gets talked about as much as what brand of toilet paper you prefer when you're finished up on the toilet. So yeah, I'd recommend this game to anybody reading this review.


[h1] Oh, boy. It's one of those games that tries to sell its soundtrack as DLC. Is it good enough to warrant a purchase? [/h1]

I was honestly surprised by this game's soundtrack. Again, I understand that everybody has different tastes in music, but I found this particular OST track good to write and do homework to. It felt really good to listen to in-game while hacking servers and computers. The music is used as sort of an indicator on what part of the game you're currently at, and when the song changes, you know you're probably making progress. I found that [spoiler] Roller Mobster by Carpenter Brut [/spoiler] fit this game better than it did for HM2. That being said, I haven't purchased the soundtrack since most of it is available on YouTube anyways. And yes, it's ten dollars. Fifteen dollars for the main game and DLC soundtrack. So while I'll admit that the soundtrack is pretty good, I'd only spend the extra fifteen bucks if you like having the songs directly at your fingertips at all times.


[h1] TL;DR [/h1]

This is a great game that may be as close to realistic hacking as gaming will come while still remaining enjoyable. The presentation and aeshetic really add a lot to it, and you don't need to be experienced with programming or hacking in order to complete it. It's worth the money and gives around 10 hours of playtime assuming you don't mess up massively and have to start a new game. I'm gonna give this a thumbs up, and I wish it came out later so that I could put it in my favorite 2018 games list.","This is gonna be a lengthy review. I'll add a TL;DR at the bottom. When I first went to view the page for this game, there were many questions that began flooding my mind. And now that I've played the game almost to its entirety, I think that I can answer most of these questions that interested consumers passing by may have. This game was a real treat, and I think that it deserves more attention than it's received. [h1] Is Hacknet realistic? [/h1] If you mean ""realistic"" as in ""Is this game close to hacking in real life?"" then the answer is no. This game is not realistic because it is fun and doesn't make you paranoid. You are in possession of a bunch of hacking tools that put up the kinds of graphics you'd expect to be running on computers in a 90's hacker film, and the way these tools work is by executing them and waiting for the flashy hacking graphics to stop flashing so that you can run another flashy hacker tool until you gain administrative system access. Granted, it's more complex than that, which is why this game is really enjoyable, but you're not going to be writing complex algorithms to overload proxy servers and bypass tracing measures. That's what the 90's tools are for. That being said, this may be as close as gaming will ever come to realistic hacking. Because anything that tries to be precicely like real hacking that doesn't give you fancy hacker programs probably isn't going to be a very fun game. And this, again, is a fun game. The entire game takes place on a computer's operating system, and every hack you perform is done through this system. In addition, the commands you use are based on real UNIX commands, even if the commands are typically used to activate the previously-mentioned hacking programs. It's certainly more realistic than games where you push a button and your character goes [i]""I'm in"" [/i] like Watch_Dogs and Quadrilateral Cowboy (That isn't to say that they're bad games, just that they're not trying to be realistic hacking simulations which, again, isn't necessarily a bad thing). [h1] Is this game immersive? Will I feel like a hacker even if I'm not performing real hacks? [/h1] Oh, yes. If you want to feel like the genius hacker that always appears in Hollywood films but rarely gets any time for actual character development, then this game is for you. The presentation of this game is great, and it really helps to sell that feeling of accomplishment that you get when you pull off a successful job. After about 30 minutes in, I had to re-check the steam store to make sure that I wasn't accessing a multiplayer hacking simulator. But nope, I was even able to play this game in airplane mode. As the store page mentions, there are very few things that break the immersion by being obvious parts of a video game. To complete a job, you email the client explaining that you've finished. To acquire a new tool, you have to copy said tool to your home computer from its rightful owner. And this immersive presentation goes a long way in the overall experience. I know that not everybody responds the same way, but I found certain parts to incite genuine emotion in a way that few other games have managed to pull off. Like when you're given the option to accept a job in which [spoiler]you have to euthanize a dying man by hacking his pacemaker [/spoiler], or when [spoiler]you run ""OpenCDtray"" on your own system and your real computer's disc tray opens and may potentially scare the hell out of you[/spoiler]. So even if you're using overpowered tools to open systems that nobody bothers to check, you'll probably still feel really good doing so. [h1] Do I need to know coding or hacking in order to understand this game? [/h1] No, you don't. The tutorial explains everything pretty well, and it makes sure that you understand how the systems work before even thinking about letting you out into the hacking world. No coding is required (I'm not even sure if coding algorithms is possible with the interface), and most of the game's difficulty comes with memorizing the commands and executing them at the appropriate times. That being said, if you don't know a whole lot about computers, the most difficult task will probably be [spoiler] getting your interface back after being locked to terminal mode by another hacker [/spoiler]. But if you experiment enough, then you'll ususally find the solutions to most of the challenges, and there are plenty of walkthroughs and tips out there if you end up getting desperate. But I was able to finish the game with little prior programming experience. If you know how to navigate a computer's interface or have downloaded and fixed mods on to other games, then you'll probably be fine with this game. Just, you know, don't delete important files or screw up on a trace aversion. I don't know if this game prevents you from screwing yourself over, and everybody's too scared to find out. [h1] Is the game worth ten bucks? [/h1] Yeah, I'd say so. You'll probably get around 10 hours out of it if you're doing the main story without any outside assitance, 14-15 hours if you're also doing the labrynths DLC. I'd say that it's not everybody's cup of tea; surely, your relative who spends all day exclusively playing [i] Fortnite [/i] would probably get turned off by this, but odds are you're at least mildly interested in this game if you're reading this review right now, considering that this game gets talked about as much as what brand of toilet paper you prefer when you're finished up on the toilet. So yeah, I'd recommend this game to anybody reading this review. [h1] Oh, boy. It's one of those games that tries to sell its soundtrack as DLC. Is it good enough to warrant a purchase? [/h1] I was honestly surprised by this game's soundtrack. Again, I understand that everybody has different tastes in music, but I found this particular OST track good to write and do homework to. It felt really good to listen to in-game while hacking servers and computers. The music is used as sort of an indicator on what part of the game you're currently at, and when the song changes, you know you're probably making progress. I found that [spoiler] Roller Mobster by Carpenter Brut [/spoiler] fit this game better than it did for HM2. That being said, I haven't purchased the soundtrack since most of it is available on YouTube anyways. And yes, it's ten dollars. Fifteen dollars for the main game and DLC soundtrack. So while I'll admit that the soundtrack is pretty good, I'd only spend the extra fifteen bucks if you like having the songs directly at your fingertips at all times. [h1] TL;DR [/h1] This is a great game that may be as close to realistic hacking as gaming will come while still remaining enjoyable. The presentation and aeshetic really add a lot to it, and you don't need to be experienced with programming or hacking in order to complete it. It's worth the money and gives around 10 hours of playtime assuming you don't mess up massively and have to start a new game. I'm gonna give this a thumbs up, and I wish it came out later so that I could put it in my favorite 2018 games list.",True,2019-01-19T04:55:38+00:00,2019-01-19T05:28:33+00:00,509.0,348.0,0.0,133.0,8.0,0.9176079630851746,True,False,False,False,76561198052842298,,4.0,False,False,7115,1263,8.483333333333333,5.8,3-10h,positive
28186422,365450,hacknet,Hacknet,english,"When this game first came out I took a glance at the video and screenshots and thought to myself ""Jesus, why would anyone want to play a game that looks like this?""  I'm on the store page now and I see I even have it tagged as ""Not Interested"" because I was so sure it was something that I would never be into. 

A couple of days ago I received it as part of a Humble Bundle and just accepted that you usually get some garbage in your humble bundle.  Booted it up, because I always like to at least try out games that end up in my library, and I'm hooked.

Super immersive and satisfying game to play.  Judged a book by its cover and was wrong.","When this game first came out I took a glance at the video and screenshots and thought to myself ""Jesus, why would anyone want to play a game that looks like this?"" I'm on the store page now and I see I even have it tagged as ""Not Interested"" because I was so sure it was something that I would never be into. A couple of days ago I received it as part of a Humble Bundle and just accepted that you usually get some garbage in your humble bundle. Booted it up, because I always like to at least try out games that end up in my library, and I'm hooked. Super immersive and satisfying game to play. Judged a book by its cover and was wrong.",True,2016-12-04T15:34:44+00:00,2016-12-04T15:34:44+00:00,742.0,651.0,0.0,102.0,2.0,0.897547721862793,False,False,False,False,76561198001473127,,3.0,False,False,638,128,12.366666666666667,10.85,10h+,positive
175453076,365450,hacknet,Hacknet,english,"I was impressed that he captured the gameability and Bellance, which are prone to collapse in this kind of game.
Above all, the soundtrack is great.
이런 류의 게임에서 자칫하면 무너지기 쉬운 게임성과 벨런스를 절묘하게 잘 잡아냈다는 데 감탄했습니다.
무엇보다 사운드트랙이 훌륭합니다.

Thirty seconds in I deleted system 32 and broke the virtual computer for good. Very immersive.
30초 만에 시스템 32를 삭제하고 가상 컴퓨터를 영구적으로 파손했습니다. 매우 몰입감이 뛰어납니다.","I was impressed that he captured the gameability and Bellance, which are prone to collapse in this kind of game. Above all, the soundtrack is great. 이런 류의 게임에서 자칫하면 무너지기 쉬운 게임성과 벨런스를 절묘하게 잘 잡아냈다는 데 감탄했습니다. 무엇보다 사운드트랙이 훌륭합니다. Thirty seconds in I deleted system 32 and broke the virtual computer for good. Very immersive. 30초 만에 시스템 32를 삭제하고 가상 컴퓨터를 영구적으로 파손했습니다. 매우 몰입감이 뛰어납니다.",True,2024-09-21T13:06:18+00:00,2024-09-21T13:06:18+00:00,199.0,8.0,0.0,102.0,0.0,0.887782096862793,False,False,False,False,76561198102107891,,1755.0,False,False,376,70,3.316666666666667,0.13333333333333333,0-1h,positive
25795594,365450,hacknet,Hacknet,english,"By far one of the best games I've ever played. Plays like a detective game, but it's clear, logical and extremely cool.
Overall had an amazing experience with this game.

Pros:
- Nice display
- Command typing is easy, fun, and helps set the tone
- Halarious and interesting personal documents and chat logs to read.
- Mixes up the gameplay a bit
- Interesting story progression
- Some amazing puzzles
- Makes you feel very tense
- Good tutorial
- Lots of interesting (although unrealistic) hacking techniques

Cons:
- Definitely not enough essays, notes, chat logs, etc. to read
- No idea why I find the exact same documents on seperate machines, little indication of the person behind each computer having their own life and personality (with one amazing exeption)
- Hacking ports specifically doesn't ever get much more interesting, becomes somewhat routine
- Some bugs (I haven't personally come across any game breaking ones)","By far one of the best games I've ever played. Plays like a detective game, but it's clear, logical and extremely cool. Overall had an amazing experience with this game. Pros: - Nice display - Command typing is easy, fun, and helps set the tone - Halarious and interesting personal documents and chat logs to read. - Mixes up the gameplay a bit - Interesting story progression - Some amazing puzzles - Makes you feel very tense - Good tutorial - Lots of interesting (although unrealistic) hacking techniques Cons: - Definitely not enough essays, notes, chat logs, etc. to read - No idea why I find the exact same documents on seperate machines, little indication of the person behind each computer having their own life and personality (with one amazing exeption) - Hacking ports specifically doesn't ever get much more interesting, becomes somewhat routine - Some bugs (I haven't personally come across any game breaking ones)",True,2016-10-01T08:11:13+00:00,2016-10-01T08:11:13+00:00,1005.0,902.0,0.0,95.0,4.0,0.8570956587791443,True,False,False,False,76561198116750205,,11.0,False,False,927,156,16.75,15.033333333333333,10h+,positive
17704122,365450,hacknet,Hacknet,english,"Many will claim that this is like playing the next version of Uplink since it is the most realistic hacking type game since Uplink was released. A very cult genre I think with very few games making a significant mark. I cannot claim to have played that classic so I will have to describe this entertaining game called Hacknet without any past comparisons. I will say that the reason it is compared though is because it takes the hacking seriously and isn't just some casual hacking game for the masses. 

Hacknet has almost no graphics (Maybe about 5 image files in the entire game), it has no video. It is only you looking at a computer screen full of numbers and files. You are a hacker, not Rambo, or James Bond, or Batman. You don't shoot at criminals and punch clowns in the face to save the day. You are a hacker that has found yourself in the middle of some hacking factions that may have stumbled into something big. You get some simple clues at the start that something is going on, but as you delve deeper into the hacking world, get recruited by more skillful hacking groups, and find more mysterious actions going on in your hacking exploits you will get asked to help find out what happened to a popular hacker that has gone missing. Just like everything in the hacking community, all useful information is hidden on systems which need to be hacked into. While looking for that information you will uncover many more secrets as you figure out exactly what happened. A final ending that could be considered a ""shock"". Very intriguing storyline and way to tell a story all through computer documents, e-mails, IRC chats, etc. 

While the tutorials, and the game itself is friendly to those who have no experience entering command lines, or hacking at all, it may not exactly be for the most casual of gamers. If you are a VERY slow typist you may have some issues when it comes to hacking into computers here in the time frames that are allowed. They have made it easier for you by allowing you to hit ""TAB"" in certain places to have the game auto-complete command lines if there is nothing else that has the exact same characters and you are in the proper place to do so, however. It absolutely helps to have some typing speed, or at least the knowledge of where all the keys on the keyboard are without having to search them out all the time though. You will have issues if you are THAT slow.  

You are tasked with finding various tools to run .exe files allowing you to open up ports on the computers you hack before running a PortHack program to get access to its files. Some computers early on are very easy to hack with only having to open 1-2 ports, but as you find more tools you may have to open as many as 5 ports, break through a firewall, and get through a proxy all on the same PC while avoiding a tracer too! So it becomes a bit quicker later on where you must know the commands and how to crack the security of various systems as the game progresses while fighting a clock too. You should pick up these skills as you play, but the knowledge of how to access certain databases will require a bit more thought at times. This is where the game adds a bit of strategy and puzzling into the mix. You need to think about what you are trying to do, search through maybe several other computers not just tools, but possibly passwords to OTHER computers, and even find ways to crack encrypted files! So it isn't always completely straightforward with the game holding your hand to get what you need. You will absolutely need to think somewhat critically here to reach your goals. IT is very refreshing to find a game that doesn't just offer you solutions on a silver platter and challenges you to figure things out yourself. It is quite rewarding in some cases to find a solution after thinking all your options through. Sometimes you can even find solutions to future problems by just HACKING into things you aren't even supposed to be working on for no other reason than because you felt like it. 

Hacknet had a few bugs when I got it at release, but it appears that most have been taken care of. I finished the game, but I had a quest that didn't trigger properly so I had to hack my way around into other things to find the info I needed to proceed. Something that really wasn't that big a deal because it felt like I was actually doing something I figured out myself to get around a problem. The triggers have been patched now though as far as I know. Other than that nothing I ran into. 

Hacknet does make you feel like a hacker if you have never done any hacking before in your life. It does use real world terminology and command lines to satisfy those that have in the past too so it isn't just for the hacker n00bs out there. The fast paced and tech-y music playing in the background was designed to make you feel like you are hacking systems as a hero in a movie. Punching in commands as fast you can can before getting caught is definitely helped by the pace of the music playing while you are trying to look into the dirty secrets of every computer you hack into. 

I found Hacknet to be a fantastic feeling of hacking and mystery solving. While you may feel that the middle gets a little bit repetitive when it comes to the hacking, it does usually change up enough in what you need to use to keep the pacing OK. Usually what you find in the files, and of course the ending was payoff enough to continue through if you start to feel like you are staring at a flashing screen too long. I absolutely would not recommend this game to a casual gamer at all. Unlike say a point and click adventure, the puzzles you solve here will require quick thinking and quick fingers at times. Most players will be fine with this, but this is a game that require MUCH more activity on the keyboard than it does with a mouse. So you are typing commands for what you need to do in, and not using a mouse to solve puzzles as much. If you don't read the help files, the tutorial, and look at the academic databases in the game you will not be able to figure things out. If you want a brainless game this one is not for you.

The game has trading cards of course and Steam Achievements, which should be fairly easy to 100% if you can get through the game. This game should take you anywhere from 5-10 hours. More if you look ar ound some and find every secret I suspect.

NOTE: Something I didn't talk about, because I am unsure what it consists of, is that Hacknet will be releasing a patch at some point that includes not just Steam Workshop to add more player made ""questing"", but it will also have Multiplayer! Like I said I don't know much about those aspects, but they are definitely coming. MP was in the game before Steam so it already exists, but the developers didn't feel it was working well enough yet to release with the Steam release. They wanted to stamp out any single player bugs first before bringing in these other features.","Many will claim that this is like playing the next version of Uplink since it is the most realistic hacking type game since Uplink was released. A very cult genre I think with very few games making a significant mark. I cannot claim to have played that classic so I will have to describe this entertaining game called Hacknet without any past comparisons. I will say that the reason it is compared though is because it takes the hacking seriously and isn't just some casual hacking game for the masses. Hacknet has almost no graphics (Maybe about 5 image files in the entire game), it has no video. It is only you looking at a computer screen full of numbers and files. You are a hacker, not Rambo, or James Bond, or Batman. You don't shoot at criminals and punch clowns in the face to save the day. You are a hacker that has found yourself in the middle of some hacking factions that may have stumbled into something big. You get some simple clues at the start that something is going on, but as you delve deeper into the hacking world, get recruited by more skillful hacking groups, and find more mysterious actions going on in your hacking exploits you will get asked to help find out what happened to a popular hacker that has gone missing. Just like everything in the hacking community, all useful information is hidden on systems which need to be hacked into. While looking for that information you will uncover many more secrets as you figure out exactly what happened. A final ending that could be considered a ""shock"". Very intriguing storyline and way to tell a story all through computer documents, e-mails, IRC chats, etc. While the tutorials, and the game itself is friendly to those who have no experience entering command lines, or hacking at all, it may not exactly be for the most casual of gamers. If you are a VERY slow typist you may have some issues when it comes to hacking into computers here in the time frames that are allowed. They have made it easier for you by allowing you to hit ""TAB"" in certain places to have the game auto-complete command lines if there is nothing else that has the exact same characters and you are in the proper place to do so, however. It absolutely helps to have some typing speed, or at least the knowledge of where all the keys on the keyboard are without having to search them out all the time though. You will have issues if you are THAT slow. You are tasked with finding various tools to run .exe files allowing you to open up ports on the computers you hack before running a PortHack program to get access to its files. Some computers early on are very easy to hack with only having to open 1-2 ports, but as you find more tools you may have to open as many as 5 ports, break through a firewall, and get through a proxy all on the same PC while avoiding a tracer too! So it becomes a bit quicker later on where you must know the commands and how to crack the security of various systems as the game progresses while fighting a clock too. You should pick up these skills as you play, but the knowledge of how to access certain databases will require a bit more thought at times. This is where the game adds a bit of strategy and puzzling into the mix. You need to think about what you are trying to do, search through maybe several other computers not just tools, but possibly passwords to OTHER computers, and even find ways to crack encrypted files! So it isn't always completely straightforward with the game holding your hand to get what you need. You will absolutely need to think somewhat critically here to reach your goals. IT is very refreshing to find a game that doesn't just offer you solutions on a silver platter and challenges you to figure things out yourself. It is quite rewarding in some cases to find a solution after thinking all your options through. Sometimes you can even find solutions to future problems by just HACKING into things you aren't even supposed to be working on for no other reason than because you felt like it. Hacknet had a few bugs when I got it at release, but it appears that most have been taken care of. I finished the game, but I had a quest that didn't trigger properly so I had to hack my way around into other things to find the info I needed to proceed. Something that really wasn't that big a deal because it felt like I was actually doing something I figured out myself to get around a problem. The triggers have been patched now though as far as I know. Other than that nothing I ran into. Hacknet does make you feel like a hacker if you have never done any hacking before in your life. It does use real world terminology and command lines to satisfy those that have in the past too so it isn't just for the hacker n00bs out there. The fast paced and tech-y music playing in the background was designed to make you feel like you are hacking systems as a hero in a movie. Punching in commands as fast you can can before getting caught is definitely helped by the pace of the music playing while you are trying to look into the dirty secrets of every computer you hack into. I found Hacknet to be a fantastic feeling of hacking and mystery solving. While you may feel that the middle gets a little bit repetitive when it comes to the hacking, it does usually change up enough in what you need to use to keep the pacing OK. Usually what you find in the files, and of course the ending was payoff enough to continue through if you start to feel like you are staring at a flashing screen too long. I absolutely would not recommend this game to a casual gamer at all. Unlike say a point and click adventure, the puzzles you solve here will require quick thinking and quick fingers at times. Most players will be fine with this, but this is a game that require MUCH more activity on the keyboard than it does with a mouse. So you are typing commands for what you need to do in, and not using a mouse to solve puzzles as much. If you don't read the help files, the tutorial, and look at the academic databases in the game you will not be able to figure things out. If you want a brainless game this one is not for you. The game has trading cards of course and Steam Achievements, which should be fairly easy to 100% if you can get through the game. This game should take you anywhere from 5-10 hours. More if you look ar ound some and find every secret I suspect. NOTE: Something I didn't talk about, because I am unsure what it consists of, is that Hacknet will be releasing a patch at some point that includes not just Steam Workshop to add more player made ""questing"", but it will also have Multiplayer! Like I said I don't know much about those aspects, but they are definitely coming. MP was in the game before Steam so it already exists, but the developers didn't feel it was working well enough yet to release with the Steam release. They wanted to stamp out any single player bugs first before bringing in these other features.",True,2015-08-25T05:08:45+00:00,2015-09-20T08:05:39+00:00,1287.0,1287.0,0.0,83.0,5.0,0.8537988066673279,True,False,False,False,76561197983747223,,72.0,False,False,6940,1293,21.45,21.45,10h+,positive
155982423,365450,hacknet,Hacknet,english,"this game makes me feel like a hacker
like a cool hacker
like i play this game and whisper ""i'm in"" in my hacker voice
v fun","this game makes me feel like a hacker like a cool hacker like i play this game and whisper ""i'm in"" in my hacker voice v fun",True,2024-01-14T18:05:49+00:00,2024-01-14T18:05:49+00:00,104.0,104.0,0.0,80.0,39.0,0.8442360162734985,True,False,False,False,76561198097539168,,40.0,False,False,124,27,1.7333333333333334,1.7333333333333334,1-3h,positive
23442026,365450,hacknet,Hacknet,english,"++ Pros
- Command Line
- Simple Gameplay
- Uses Real Ports (SSH 22, Web Server 80, ect)
- Immersive Gameplay
- Excellent Soundtrack
- Tons of Easter Eggs

-- Cons
- Short Storyline
- Repetitive
- Occasional Bugs

To be frank, I've taken this game and played it for at least three times the amount of time steam has recorded me on it. And in all honesty, this game has tons of charm. Yes, the storyline is short, however the immensely fitting soundtrack and numerous textual gems in the game assists in making this game amazing. There will be points in this game where you will laugh at a silly request or character, or even a small piece of dialogue, and there will be points in which you will need to set the game down for an hour or so to contemplate the actions you've decided to take, or the gravity of the mistake you've potentially made. The atmosphere generated by the soundtrack is immensely fitting for the gameplay, and (in my personal opinion) does make you feel rather devious as you weave through the security measures on a character's computer to further the game. And when your ""computer"" crashes for the first time, expect to freak out for a second. It is just a game, but some of the featues that make the game such an excellent hacking sim can, and will, startle you. :P

With the upcoming additions and DLC, including multiplayer and new storylines, I wouldn't hesitate to pick this game up again and start playing.

TL;DR - 10/10, l33t haxx0r would reccomend.","++ Pros - Command Line - Simple Gameplay - Uses Real Ports (SSH 22, Web Server 80, ect) - Immersive Gameplay - Excellent Soundtrack - Tons of Easter Eggs -- Cons - Short Storyline - Repetitive - Occasional Bugs To be frank, I've taken this game and played it for at least three times the amount of time steam has recorded me on it. And in all honesty, this game has tons of charm. Yes, the storyline is short, however the immensely fitting soundtrack and numerous textual gems in the game assists in making this game amazing. There will be points in this game where you will laugh at a silly request or character, or even a small piece of dialogue, and there will be points in which you will need to set the game down for an hour or so to contemplate the actions you've decided to take, or the gravity of the mistake you've potentially made. The atmosphere generated by the soundtrack is immensely fitting for the gameplay, and (in my personal opinion) does make you feel rather devious as you weave through the security measures on a character's computer to further the game. And when your ""computer"" crashes for the first time, expect to freak out for a second. It is just a game, but some of the featues that make the game such an excellent hacking sim can, and will, startle you. :P With the upcoming additions and DLC, including multiplayer and new storylines, I wouldn't hesitate to pick this game up again and start playing. TL;DR - 10/10, l33t haxx0r would reccomend.",True,2016-06-07T21:12:01+00:00,2016-06-07T21:16:23+00:00,1398.0,559.0,0.0,79.0,3.0,0.8489709496498108,True,False,False,False,76561198092513477,,3.0,False,False,1475,267,23.3,9.316666666666666,3-10h,positive
36530440,365450,hacknet,Hacknet,english,"This is, perhaps, one of the stranger games I've ever played, but I'm totally glad that I did.  As you begin cracking into systems you end up meeting with some pretty enjoyable dilemmas and puzzles.  Even after cracking every system in the vanilla game, with 3 unique and interesting stories to follow for great replay value, I still find myself coming back to this game just to play through again and again. 

At first, I wasn't sure if I would enjoy a ""terminal-based"" game, starting with very little knowledge beyond old DoS systems, but the game walks you through it in a comfortable pace that's easy to learn with a little bit of practice and a little bit of /help.  The story is immersive and the UI is actually kind of impressive, especially for leaving up in a domain control room at work! ;)
This was the first game that, while still definitely a little bit of a fantasy world, actually looked and felt a little bit like real hacking.","This is, perhaps, one of the stranger games I've ever played, but I'm totally glad that I did. As you begin cracking into systems you end up meeting with some pretty enjoyable dilemmas and puzzles. Even after cracking every system in the vanilla game, with 3 unique and interesting stories to follow for great replay value, I still find myself coming back to this game just to play through again and again. At first, I wasn't sure if I would enjoy a ""terminal-based"" game, starting with very little knowledge beyond old DoS systems, but the game walks you through it in a comfortable pace that's easy to learn with a little bit of practice and a little bit of /help. The story is immersive and the UI is actually kind of impressive, especially for leaving up in a domain control room at work! ;) This was the first game that, while still definitely a little bit of a fantasy world, actually looked and felt a little bit like real hacking.",True,2017-11-15T12:41:52+00:00,2017-11-15T12:41:52+00:00,22207.0,20907.0,0.0,55.0,2.0,0.7844655513763428,True,False,False,False,76561198031727361,,40.0,False,False,938,170,370.1166666666667,348.45,10h+,positive
43570488,365450,hacknet,Hacknet,english,"I saw a few reviews for this game and it was a little depressing to see some negative reviews for such a great game.

First off, while the story isnt the greatest thing, it still tells a 'compelling' story while you try to find what happened to 'Bit' (the hacker that had a deadmans switch which you read at the start of the game).

The hacking is extremely fun, yet simple and makes you feel extremely powerful, which is what games like this SHOULD do. Nobody wants to sit down and just be a code junkie. Everyone wants to feel like they can destroy anything they touch, and this game does it masterfully.

Some negative reviews I read said that ""the game is too simple because if you want to hack an ssh port you just run SSHCrack.exe etc., and I get the annoyance behind that, but they also forget to talk about the trace mechanic behind it. While you are probing a computer and opening ports, you are usually being traced, and a couple times I had barely any time remaining to finish porthacking to log in before I could start tracekill.exe. It keeps you on your toes and makes you figure out what ports are faster to open depending on how many need to be opened. The DLC also adds more hacking tools which adds a bit more depth to the entire port hacking.

One negative thing I did notice was that logs never seemed to matter, as some negative reviews have stated. I find that a little upsetting that it must not actually mean anything because its now second nature to me to just type rm * /log whenever I do anything on a server.

And the soundtrack? The soundtrack is great. Everyones notable song is the final battle song where you hack a server and delete tons of files, which plays Roller Mobster by Carpenter Brut (everyones favorite Hotline Miami 2 song). The DLC also has some great music in it as well and it adds to the experience tenfold.

I also got to speak to the creator over on twitter and he seemed like a genuinely great guy and that he is excited to be working on more projects. Now that he's on my radar I'll definitely be keeping an eye out for his newer games and (hopefully) more DLC for hacknet now that this game is getting massive success from being F2P for a short time.

Definitely buy/download the game and give it a shot. It seems like a lot to take in at first, but after you get the hang of it, the game is extremely enjoyable..","I saw a few reviews for this game and it was a little depressing to see some negative reviews for such a great game. First off, while the story isnt the greatest thing, it still tells a 'compelling' story while you try to find what happened to 'Bit' (the hacker that had a deadmans switch which you read at the start of the game). The hacking is extremely fun, yet simple and makes you feel extremely powerful, which is what games like this SHOULD do. Nobody wants to sit down and just be a code junkie. Everyone wants to feel like they can destroy anything they touch, and this game does it masterfully. Some negative reviews I read said that ""the game is too simple because if you want to hack an ssh port you just run SSHCrack.exe etc., and I get the annoyance behind that, but they also forget to talk about the trace mechanic behind it. While you are probing a computer and opening ports, you are usually being traced, and a couple times I had barely any time remaining to finish porthacking to log in before I could start tracekill.exe. It keeps you on your toes and makes you figure out what ports are faster to open depending on how many need to be opened. The DLC also adds more hacking tools which adds a bit more depth to the entire port hacking. One negative thing I did notice was that logs never seemed to matter, as some negative reviews have stated. I find that a little upsetting that it must not actually mean anything because its now second nature to me to just type rm * /log whenever I do anything on a server. And the soundtrack? The soundtrack is great. Everyones notable song is the final battle song where you hack a server and delete tons of files, which plays Roller Mobster by Carpenter Brut (everyones favorite Hotline Miami 2 song). The DLC also has some great music in it as well and it adds to the experience tenfold. I also got to speak to the creator over on twitter and he seemed like a genuinely great guy and that he is excited to be working on more projects. Now that he's on my radar I'll definitely be keeping an eye out for his newer games and (hopefully) more DLC for hacknet now that this game is getting massive success from being F2P for a short time. Definitely buy/download the game and give it a shot. It seems like a lot to take in at first, but after you get the hang of it, the game is extremely enjoyable..",True,2018-07-16T18:53:16+00:00,2018-11-22T02:31:24+00:00,1362.0,615.0,0.0,52.0,2.0,0.7918772101402283,False,True,False,False,76561198006709570,,12.0,False,False,2358,444,22.7,10.25,10h+,positive
17564636,365450,hacknet,Hacknet,english,"While this game is being sold as a ""hacking simulator"", a debate will likely rage about what exactly it simulates. In either case, it comes suspiciously close to being a realistic simulation of hacking. So close, in fact, I'm left wondering why the dev didn't go the extra yards to make it inarguably so (maybe something he can shoot for in the future). Realism nit-picking aside, this game is full of very realistic nods to hacker and IRC culture, and in broad strokes, represents some of what goes on in actual exploits. While the experience of compromising systems is streamlined for the sake of keeping it an actual game (again, is it a puzzle game or a simulator?), in that ""push a button, get bacon"" sort of way you see in ""hacker"" movies, there was still much in the game that reminded me of taking the OSCP (for those who know my pain, you will find much in each mission to make you smile in that corpse-like rictus you had while laughing at emails and files during enumeration pratice in the Offsec lab).

After a while, I realized I was playing not so much because of the faux-hacking experience, but because there was a rather compelling story unfolding. Can't pick that apart without spoiling it, so I'll critique the gameplay instead (positives first):

[b]Pros:[/b]
This game is hilarious in a sick, twisted way. References to chan and IRC culture litter the storyline. While the majority of gameplay involves limited exploit combinations, there are moments where you don't know what the f**k is going on, and you have to think fast to avert a crisis. If you're into security culture, you'll find your intuition meshes well with the challenges, and you can improv what to do most of the time. It's like a Drunk History version of real hacking, so it's probably an ideal game to play while you're drunk.

People with zero knowledge of hacker culture or basic unix commands and quad notation will walk away familiar with all of the above.

The game is cheap, so whether you enjoy the simplistic, repetitive nature of the ""hacking"" it simulates, you won't regret the purchase, because it will entertain you regardless. The story itself is worth the price, and the way the story is told using the genre is clever.

If you liked TIS-100 (and I'm a recovering TIS-addict) you'll appreciate this for some of the same reasons, but the games aren't identical by a long shot. In fact, that would be the one constructive criticism I'd like both devs of these two games to hear: if TIS-100 had the narrative of Hacknet, and Hacknet had the coding fatures and complexity of TIS-100, you'd have a seriously ground breaking game on your hands, guys.

[i]Maybe the two of you should consider a collab or something...[/i]

[b]Cons:[/b]

Pushing buttons to get bacon gets fairly boring after a while, and the game loses some of its puzzle quality attributes as a result of the limited attack combinations, and the lack of customization or tweaking of exploits and tactics that is the real joy of hacking. If this was never going to be a hacking game, and more of a puzzle game, I wanted to see a complexity progression throughout, instead of a chaotic difficulty plataeu. 

[b]Also, why write so many missions for lelzsec, but make it so easy to permanently lose your chance to access them -- it was like a quarter of the game just gets skipped automagically because there isn't a clear choice presented to the player that an alternate path exists![/b]

Each mission certainly could have involved more manual hacks to achieve both realism and puzzle difficulty, but this would require adding more OS commands to the game, or a limited scripting engine of some sort. It couldn't have been that hard to add a mission where the solution was to exploit weak service permissions, tampering with programs launched by the OS at boot. Perhaps telling the print spooler to reset the system's admin password by re-writing it to launch a file with a ""passwd"" command in it, or to add a user account with ""admin"" privileges, something along these lines. A phishing mission, or getting a target to open an email and trigger a malicious trojan embedded in a PDF file would have been fun. These kinds of scenarios would require no ""hacking tools"", and might actually require the player to struggle. I'd rather struggle than push ""exploit"" over and over, my only real enemy being the trace timer.

To do this would require more system commands like ""touch"", privileges to edit, the ability to create files, maybe a basic word processor and the ability to write emails (instead of just reply... to some of them). All we had to work with were pre-existing files, a ""replace"" command that replaces lines and is too cumbersome, and no manner of scripting available. No complex chains of commands, no writing or editing code beyond some HTML (so I can change ""chicken"" to ""c**ks"", but that's not really hacking as much as being a d**k).

Once you get to that long slog of a valley mid-game, it stops feeling like hacking AND puzzle solving, and starts to feel more like grinding mobs in an MMO to get to the next bit of storyline. Each player will have more or less patience for that experience. Exploit tactics become routine too quickly, and the difficulty drops off.

[b]OVERALL[/b]:
Short game. In 20 hours you can play through twice and get all the achievements, and you compulsively will, despite the bugs that might force you to start a new game because something is glitched and can't recover [though the developer is working hard to patch all these, props to him]. There are enough Easter Eggs and humorous logs to make you anxious that you missed some the first time. More like an interactive novel for hackers than a puzzle game or simulator, but with elements of both; you will feel haunted putting together what your *actual* role in the missions might have been, and to what extent the Ayy Lmaos were involved. 

For $8-ish, I felt like I got more than I paid for and told my friends to play it for the lulz.","While this game is being sold as a ""hacking simulator"", a debate will likely rage about what exactly it simulates. In either case, it comes suspiciously close to being a realistic simulation of hacking. So close, in fact, I'm left wondering why the dev didn't go the extra yards to make it inarguably so (maybe something he can shoot for in the future). Realism nit-picking aside, this game is full of very realistic nods to hacker and IRC culture, and in broad strokes, represents some of what goes on in actual exploits. While the experience of compromising systems is streamlined for the sake of keeping it an actual game (again, is it a puzzle game or a simulator?), in that ""push a button, get bacon"" sort of way you see in ""hacker"" movies, there was still much in the game that reminded me of taking the OSCP (for those who know my pain, you will find much in each mission to make you smile in that corpse-like rictus you had while laughing at emails and files during enumeration pratice in the Offsec lab). After a while, I realized I was playing not so much because of the faux-hacking experience, but because there was a rather compelling story unfolding. Can't pick that apart without spoiling it, so I'll critique the gameplay instead (positives first): [b]Pros:[/b] This game is hilarious in a sick, twisted way. References to chan and IRC culture litter the storyline. While the majority of gameplay involves limited exploit combinations, there are moments where you don't know what the f**k is going on, and you have to think fast to avert a crisis. If you're into security culture, you'll find your intuition meshes well with the challenges, and you can improv what to do most of the time. It's like a Drunk History version of real hacking, so it's probably an ideal game to play while you're drunk. People with zero knowledge of hacker culture or basic unix commands and quad notation will walk away familiar with all of the above. The game is cheap, so whether you enjoy the simplistic, repetitive nature of the ""hacking"" it simulates, you won't regret the purchase, because it will entertain you regardless. The story itself is worth the price, and the way the story is told using the genre is clever. If you liked TIS-100 (and I'm a recovering TIS-addict) you'll appreciate this for some of the same reasons, but the games aren't identical by a long shot. In fact, that would be the one constructive criticism I'd like both devs of these two games to hear: if TIS-100 had the narrative of Hacknet, and Hacknet had the coding fatures and complexity of TIS-100, you'd have a seriously ground breaking game on your hands, guys. [i]Maybe the two of you should consider a collab or something...[/i] [b]Cons:[/b] Pushing buttons to get bacon gets fairly boring after a while, and the game loses some of its puzzle quality attributes as a result of the limited attack combinations, and the lack of customization or tweaking of exploits and tactics that is the real joy of hacking. If this was never going to be a hacking game, and more of a puzzle game, I wanted to see a complexity progression throughout, instead of a chaotic difficulty plataeu. [b]Also, why write so many missions for lelzsec, but make it so easy to permanently lose your chance to access them -- it was like a quarter of the game just gets skipped automagically because there isn't a clear choice presented to the player that an alternate path exists![/b] Each mission certainly could have involved more manual hacks to achieve both realism and puzzle difficulty, but this would require adding more OS commands to the game, or a limited scripting engine of some sort. It couldn't have been that hard to add a mission where the solution was to exploit weak service permissions, tampering with programs launched by the OS at boot. Perhaps telling the print spooler to reset the system's admin password by re-writing it to launch a file with a ""passwd"" command in it, or to add a user account with ""admin"" privileges, something along these lines. A phishing mission, or getting a target to open an email and trigger a malicious trojan embedded in a PDF file would have been fun. These kinds of scenarios would require no ""hacking tools"", and might actually require the player to struggle. I'd rather struggle than push ""exploit"" over and over, my only real enemy being the trace timer. To do this would require more system commands like ""touch"", privileges to edit, the ability to create files, maybe a basic word processor and the ability to write emails (instead of just reply... to some of them). All we had to work with were pre-existing files, a ""replace"" command that replaces lines and is too cumbersome, and no manner of scripting available. No complex chains of commands, no writing or editing code beyond some HTML (so I can change ""chicken"" to ""c**ks"", but that's not really hacking as much as being a d**k). Once you get to that long slog of a valley mid-game, it stops feeling like hacking AND puzzle solving, and starts to feel more like grinding mobs in an MMO to get to the next bit of storyline. Each player will have more or less patience for that experience. Exploit tactics become routine too quickly, and the difficulty drops off. [b]OVERALL[/b]: Short game. In 20 hours you can play through twice and get all the achievements, and you compulsively will, despite the bugs that might force you to start a new game because something is glitched and can't recover [though the developer is working hard to patch all these, props to him]. There are enough Easter Eggs and humorous logs to make you anxious that you missed some the first time. More like an interactive novel for hackers than a puzzle game or simulator, but with elements of both; you will feel haunted putting together what your *actual* role in the missions might have been, and to what extent the Ayy Lmaos were involved. For $8-ish, I felt like I got more than I paid for and told my friends to play it for the lulz.",True,2015-08-16T10:31:09+00:00,2015-08-17T02:30:33+00:00,1704.0,1398.0,0.0,50.0,7.0,0.837848424911499,True,False,False,False,76561198076503856,,12.0,False,False,5981,1049,28.4,23.3,10h+,positive
32030693,365450,hacknet,Hacknet,english,"Probably one of the most underrated games i've ever played, I'm glad i took a risk and shelled out for this a few years ago. I still stand by what I said back then, this game makes you feel like a badass hacker. Now, replaying it, I realize just how sad this game is at times. It does an excellent job covering topics ranging from the threat of cyber attacks in the modern world, all the way up to voluntary euthanasia. Excellent game and excellent story. Soundtrack slaps too","Probably one of the most underrated games i've ever played, I'm glad i took a risk and shelled out for this a few years ago. I still stand by what I said back then, this game makes you feel like a badass hacker. Now, replaying it, I realize just how sad this game is at times. It does an excellent job covering topics ranging from the threat of cyber attacks in the modern world, all the way up to voluntary euthanasia. Excellent game and excellent story. Soundtrack slaps too",True,2017-05-28T22:44:06+00:00,2022-12-06T17:52:15+00:00,2312.0,975.0,0.0,45.0,3.0,0.8066818118095398,True,False,False,False,76561198080684621,,32.0,False,False,476,89,38.53333333333333,16.25,10h+,positive
54359927,365450,hacknet,Hacknet,english,"I don’t know why it’s taken me so long to get around to playing Hacknet, but now I’m kicking myself for not playing it sooner. I have not felt this engaged in an investigative simulation since I played The Black Watchmen and I really hope to find more games like this.

Hacknet is definitely a game for certain types of people, but you don’t need to have extensive IT experience to play. I think gamers who are already comfortable using command prompt will feel at home with this sim, but the game’s tutorial does a good job of walking you through the concepts and gameplay basics while still leaving you free to get creative with how to implement the tools at your disposal. Nobody is going to learn to be a [i]real[/i] hacker by playing this game, but it’s a fun introduction to the ideas behind the process and it’s immersive enough that you feel like you’re really involved with the story.

Hacknet is at its core a mystery game and your task is to track down what happened to a mysterious person who contacts you. As you work your way across the shadowy world of IP addresses, you are given more abilities and greater challenges to tinker with. I never felt that any of the tasks were impossible -- it was always that I just missed something or overlooked a scan or available command. Fast typists will have a much easier time of playing as there are frequent timers counting down in the guise of tracers.

I absolutely 100% recommend that you pick up the DLC Labyrinths. It pretty much adds an entire game campaign where you get to expand on your skills using new situations. You can play the DLC any time while still keeping your progress with the main game. Seriously, worth the extra few bucks if you can swing it.","I don’t know why it’s taken me so long to get around to playing Hacknet, but now I’m kicking myself for not playing it sooner. I have not felt this engaged in an investigative simulation since I played The Black Watchmen and I really hope to find more games like this. Hacknet is definitely a game for certain types of people, but you don’t need to have extensive IT experience to play. I think gamers who are already comfortable using command prompt will feel at home with this sim, but the game’s tutorial does a good job of walking you through the concepts and gameplay basics while still leaving you free to get creative with how to implement the tools at your disposal. Nobody is going to learn to be a [i]real[/i] hacker by playing this game, but it’s a fun introduction to the ideas behind the process and it’s immersive enough that you feel like you’re really involved with the story. Hacknet is at its core a mystery game and your task is to track down what happened to a mysterious person who contacts you. As you work your way across the shadowy world of IP addresses, you are given more abilities and greater challenges to tinker with. I never felt that any of the tasks were impossible -- it was always that I just missed something or overlooked a scan or available command. Fast typists will have a much easier time of playing as there are frequent timers counting down in the guise of tracers. I absolutely 100% recommend that you pick up the DLC Labyrinths. It pretty much adds an entire game campaign where you get to expand on your skills using new situations. You can play the DLC any time while still keeping your progress with the main game. Seriously, worth the extra few bucks if you can swing it.",True,2019-07-29T17:45:38+00:00,2019-07-29T18:16:08+00:00,1325.0,1260.0,0.0,34.0,0.0,0.7785553336143494,False,False,False,False,76561198040495503,,42.0,False,False,1720,314,22.083333333333332,21.0,10h+,positive
43506627,365450,hacknet,Hacknet,english,"Fun simulator and manual dexterity game with puzzle elements. You do not have to be a computer-whiz to enjoy Hacknet, but people comfortable at the command-line will enjoy it more. This game takes elements of computer system and makes a fun game out of them. For example, you don't have to know what program runs on the internet port 25, you just have to type that number at the end of the command.

The game simplifies the technical things and makes it fun, while leaving enough to make it also a challenge. It does a great job with the user interface, and I found everything very intuitive. I kept thinking of another hacking simulator, Uplink, and I think Hacknet does a better job with the game interface.

The gameplay was hit and miss for me. I felt like the game is not always consistent with the in-game logic. Find out a password, later it has changed. The commands are not always consistent (like ""../filename"" does not always work). Some commands are logged on servers but not others, and the purpose of server logs is not made clear. All these are minor issues, because the game is obviously going for fun not realism, but I wish the game did a better job informing me how the game world worked.

Hacknet is best when it feels like an open world, where every bit of information gathered could lead to a new story, when it is used in the right way. Unfortunately, most of the Hacknet stories are trails of breadcrumbs that lead from the email message to a server file, back to a workstation command, and finally a reply message of completion. And these stories can start to feel pretty repetitive, since most of the story time is spent hacking the server defenses, using the same weapon arsenal, each time.

All that said, the stories are well-written, even though most are short, including the primary Bit narrative. The game uses text assets to populate the game world to good effect. And there were just a few opportunities to figure things out independently, which made me feel pretty clever. All said and done, I would recommend this game, especially to computer enthusiasts, with the warning that you will be typing, with some easy timed typing challenges.

I enjoyed Hacknet on an ubuntu linux gaming desktop, with radeon mesa graphic drivers.","Fun simulator and manual dexterity game with puzzle elements. You do not have to be a computer-whiz to enjoy Hacknet, but people comfortable at the command-line will enjoy it more. This game takes elements of computer system and makes a fun game out of them. For example, you don't have to know what program runs on the internet port 25, you just have to type that number at the end of the command. The game simplifies the technical things and makes it fun, while leaving enough to make it also a challenge. It does a great job with the user interface, and I found everything very intuitive. I kept thinking of another hacking simulator, Uplink, and I think Hacknet does a better job with the game interface. The gameplay was hit and miss for me. I felt like the game is not always consistent with the in-game logic. Find out a password, later it has changed. The commands are not always consistent (like ""../filename"" does not always work). Some commands are logged on servers but not others, and the purpose of server logs is not made clear. All these are minor issues, because the game is obviously going for fun not realism, but I wish the game did a better job informing me how the game world worked. Hacknet is best when it feels like an open world, where every bit of information gathered could lead to a new story, when it is used in the right way. Unfortunately, most of the Hacknet stories are trails of breadcrumbs that lead from the email message to a server file, back to a workstation command, and finally a reply message of completion. And these stories can start to feel pretty repetitive, since most of the story time is spent hacking the server defenses, using the same weapon arsenal, each time. All that said, the stories are well-written, even though most are short, including the primary Bit narrative. The game uses text assets to populate the game world to good effect. And there were just a few opportunities to figure things out independently, which made me feel pretty clever. All said and done, I would recommend this game, especially to computer enthusiasts, with the warning that you will be typing, with some easy timed typing challenges. I enjoyed Hacknet on an ubuntu linux gaming desktop, with radeon mesa graphic drivers.",True,2018-07-13T16:25:36+00:00,2018-07-18T15:56:55+00:00,319.0,278.0,0.0,32.0,0.0,0.7154114842414856,True,False,False,False,76561198418549470,,711.0,False,False,2256,397,5.316666666666666,4.633333333333334,3-10h,positive
210745861,365450,hacknet,Hacknet,english,"If you are even slightly contemplating trying this game out, read this!!!

This game, to me, was an absolute MASTERPIECE from start to finish. As someone who is pretty much compsci inept, bar the obligatory ""hello world"" Python script, this game absolutely hooked me in from the first contract. The tools used within the game are explained perfectly and are not complex; even someone like me felt like the typical underground hacker featured in a 90s movie, typing across 5 different keyboards after 30 minutes of solid gameplay. Once you've used the mechanics a couple of times, it becomes second nature to know when to use them and why. After that, you pick up on the subtle ways to sequence your commands to absolutely speedrun other systems. IMO it's even cooler that it teaches you actual Linux commands (from someone who's never gone near that OS, I had a little giddy moment when I realised that).
The base game features an excellent storyline that evoked real emotion upon completion. I was immersed to the point of feeling the relief, satisfaction, pride, and bittersweetness provoked by how this game concludes Bit's chapter.
An immense thank you to the dev team for making me fall in love with a game so out of my normal genres. Hacknet was an experience. One that I will want to replay again and again if only to hear that ending clip once more. It's insane to think something released just over a decade ago holds up so incredibly well today. The hard work put into every moment of this title, truly, still shines through today.

Anyone scrolling through reviews contemplating it, BUY IT! You will NOT regret it

- X   ","If you are even slightly contemplating trying this game out, read this!!! This game, to me, was an absolute MASTERPIECE from start to finish. As someone who is pretty much compsci inept, bar the obligatory ""hello world"" Python script, this game absolutely hooked me in from the first contract. The tools used within the game are explained perfectly and are not complex; even someone like me felt like the typical underground hacker featured in a 90s movie, typing across 5 different keyboards after 30 minutes of solid gameplay. Once you've used the mechanics a couple of times, it becomes second nature to know when to use them and why. After that, you pick up on the subtle ways to sequence your commands to absolutely speedrun other systems. IMO it's even cooler that it teaches you actual Linux commands (from someone who's never gone near that OS, I had a little giddy moment when I realised that). The base game features an excellent storyline that evoked real emotion upon completion. I was immersed to the point of feeling the relief, satisfaction, pride, and bittersweetness provoked by how this game concludes Bit's chapter. An immense thank you to the dev team for making me fall in love with a game so out of my normal genres. Hacknet was an experience. One that I will want to replay again and again if only to hear that ending clip once more. It's insane to think something released just over a decade ago holds up so incredibly well today. The hard work put into every moment of this title, truly, still shines through today. Anyone scrolling through reviews contemplating it, BUY IT! You will NOT regret it - X",True,2025-11-26T03:38:23+00:00,2025-11-26T04:06:20+00:00,1716.0,1103.0,0.0,27.0,0.0,0.7574775218963623,True,False,False,False,76561198338027798,,1.0,False,False,1626,284,28.6,18.383333333333333,10h+,positive
73391443,365450,hacknet,Hacknet,english,"This game really makes you feel [strike]like batman[/strike] like a hacker. Really, that's all I can really say about this. It's a fantastic game with an amazing soundtrack that makes you feel like a badass hacker. And, if you like the base game, there's a DLC that is totally worth every cent. [i]AND[/i] There's a Steam Workshop with hundreds of great extensions and an active community (there was an event that ended just July 5th, 2020!). Seriously, if you haven't already, grab this game.","This game really makes you feel [strike]like batman[/strike] like a hacker. Really, that's all I can really say about this. It's a fantastic game with an amazing soundtrack that makes you feel like a badass hacker. And, if you like the base game, there's a DLC that is totally worth every cent. [i]AND[/i] There's a Steam Workshop with hundreds of great extensions and an active community (there was an event that ended just July 5th, 2020!). Seriously, if you haven't already, grab this game.",True,2020-07-28T00:01:56+00:00,2020-07-28T00:01:56+00:00,3459.0,2687.0,1.0,27.0,10.0,0.7544019818305969,False,False,False,False,76561198165489107,,48.0,False,False,493,84,57.65,44.78333333333333,10h+,positive
26300644,365450,hacknet,Hacknet,english,"Steam needs to update the rating system. This thumbs up/down is just too simplistic. While I do recommend the game for those who never played a hack ""sim"" before, I get the feeling that some people who are used to Uplink will be disappointed.

Uplink is the only game like this one I've played, and Hacknet is obviously inspired by it, so this is basically a comparison between the 2.

If you played Uplink this will be a walk in the park. Aside from visuals, there's nothing here that Uplink didn't do better back in 2001. With the excepton of a couple of moments, all missions are exactly the same all the way through, so it gets repetitive quite fast. 

There's no sense of danger or urgency Uplink gives you. Nobody will come after you, there's no police, companies you hack won't give a shit. Despite of what the game tells you right at the beggining, there's no need to cover your tracks. In Uplink, everytime you hack into a system it's a race against time. In Hacknet there's nothing like it. Once you block a trace you can spend as much time as you want in any system.

There's no rig upgrades, no rewards, nothing like it. You just complete the mission, get a ""thank you"" email and move on to the next.  

Both games have a story, but Uplink is more of a sandbox. After you get the hang of it you can do whatever you want and follow the story whenever you want. Hacknet, on the other hand, is pretty linear. That's a big dissapointment, specially after a great ""wtf do I do now"" moment right in the beggining. After that, you get the feeling you're never safe, but unfortunately nothing like that ever happens again. Storywise, Uplink is way more interesting, while Hacknet is cliche and way too simplistic.

That's the main problem with this game. It's way too easy. Uplink is infuriating unforgiven to the player. Once you start to mess with big companies, one small screw up means game over. Add that to the fact that the game is pretty much a roguelike, so it's not like you can go back to a previous save, you have to start all over again. In Hacknet, you don't need to worry about that. Like I said before, there's no need to clean after you. If you get caught, all you need to do is change your ip adress.

Anyway, if you never played a hacking ""sim"" before, this might be a good place to start. Like Uplink, It's really easy to get into, you don't need to now anything about code to play both games, and they give you a good sense of immersion.   

Hacknet has a good concept, but is way too simple for those looking for a challenge. I hope the ""Labyrinths"" expansion adds more substance to the game.

5/10","Steam needs to update the rating system. This thumbs up/down is just too simplistic. While I do recommend the game for those who never played a hack ""sim"" before, I get the feeling that some people who are used to Uplink will be disappointed. Uplink is the only game like this one I've played, and Hacknet is obviously inspired by it, so this is basically a comparison between the 2. If you played Uplink this will be a walk in the park. Aside from visuals, there's nothing here that Uplink didn't do better back in 2001. With the excepton of a couple of moments, all missions are exactly the same all the way through, so it gets repetitive quite fast. There's no sense of danger or urgency Uplink gives you. Nobody will come after you, there's no police, companies you hack won't give a shit. Despite of what the game tells you right at the beggining, there's no need to cover your tracks. In Uplink, everytime you hack into a system it's a race against time. In Hacknet there's nothing like it. Once you block a trace you can spend as much time as you want in any system. There's no rig upgrades, no rewards, nothing like it. You just complete the mission, get a ""thank you"" email and move on to the next. Both games have a story, but Uplink is more of a sandbox. After you get the hang of it you can do whatever you want and follow the story whenever you want. Hacknet, on the other hand, is pretty linear. That's a big dissapointment, specially after a great ""wtf do I do now"" moment right in the beggining. After that, you get the feeling you're never safe, but unfortunately nothing like that ever happens again. Storywise, Uplink is way more interesting, while Hacknet is cliche and way too simplistic. That's the main problem with this game. It's way too easy. Uplink is infuriating unforgiven to the player. Once you start to mess with big companies, one small screw up means game over. Add that to the fact that the game is pretty much a roguelike, so it's not like you can go back to a previous save, you have to start all over again. In Hacknet, you don't need to worry about that. Like I said before, there's no need to clean after you. If you get caught, all you need to do is change your ip adress. Anyway, if you never played a hacking ""sim"" before, this might be a good place to start. Like Uplink, It's really easy to get into, you don't need to now anything about code to play both games, and they give you a good sense of immersion. Hacknet has a good concept, but is way too simple for those looking for a challenge. I hope the ""Labyrinths"" expansion adds more substance to the game. 5/10",True,2016-10-29T20:50:19+00:00,2016-10-29T20:50:19+00:00,734.0,734.0,0.0,27.0,0.0,0.7392998933792114,True,False,False,False,76561198006316761,,19.0,False,False,2609,486,12.233333333333333,12.233333333333333,10h+,positive
50628502,365450,hacknet,Hacknet,english,"Don't expect this game to teach you about hacking, but the people behind Hacknet did an awesome job at finding a good balance between real-life hacking and with keeping the fun 'game' aspect. Real hacking is very complex and tedious so making a game out of it is certainly something that requires imagination and creativity, and the fact that Hacknet gives you an immersive sense of intelligence and power really makes me believe they've accomplished that balance.

Definitely recommend.

Note: Game length averaged me about 11-12 hours.
","Don't expect this game to teach you about hacking, but the people behind Hacknet did an awesome job at finding a good balance between real-life hacking and with keeping the fun 'game' aspect. Real hacking is very complex and tedious so making a game out of it is certainly something that requires imagination and creativity, and the fact that Hacknet gives you an immersive sense of intelligence and power really makes me believe they've accomplished that balance. Definitely recommend. Note: Game length averaged me about 11-12 hours.",True,2019-05-13T17:19:37+00:00,2019-05-13T17:19:37+00:00,1469.0,1322.0,0.0,25.0,2.0,0.7655495405197144,True,False,False,False,76561198141284934,,2.0,False,False,535,87,24.483333333333334,22.033333333333335,10h+,positive
44803423,365450,hacknet,Hacknet,english,"[h1] Hacknet [/h1]
[b] An interface so real, you probably shouldn't play it in public [/b]

[h1] Run-through [/h1]

Hacknet is a storytelling, hacking simulation game developed by Team Fractal Alligator and Published by Fellow Traveller. Featuring programming puzzles, intense challenges, and an amazing soundtrack, it's time to dive into the deepest corners of the web.

With the death of the hacker ""Bit"", you're suddenly dragged in the underground world of the hacking community. Contacted by his failsafe system, Bit sends you very specific instructions so that Hacknet-OS, the security system he created, won't fall in the wrong hands. Acting as the spiritual successor to Uplink, Hacknet adds story and spice to mere actions and command lines.

[h1] Pros: [/h1]

• Amazing story
• Simplistic and easy to navigate UI. You can do everything the game asks you to without ever having to switch tabs up
• Challenging and entertaining puzzles
• The music feels always on point with the situation
• Mod support
• Tons of fun little Easter Eggs

[h1] Cons: [/h1]

• The tutorial is by all means too short and the game's content too wide. Might feel daunting for some players approaching the genre
• As most hacking games, don't expect accurate hacking sequences

[h1] Gameplay: in depth [/h1]

[u][b] General information [/b][/u]
Hacknet is one of those games that tend to surprise you in the best way possible. It's a game that I approached really carefully and ended up playing for hours on. The mystery around Bit's death is the most important part of the story, indeed, but Hacknet does an amazing job in giving us a handful of side missions and side stories to enrich our experience with. In our pursuit of the truth, in fact, we will stumble upon many different factions of Hackers, each of them acting accordingly to their own creeds - for example, there's a faction that wishes for people to perceive hackers as ""decent"" people rather than being demonised, a faction that just acts on whims and another that takes only the best hackers under its protective wing and offers them a proper job.

Even though Hacknet presents itself as a hacking game, it's quite obvious that we can't expect it to be 100% accurate on how it tackles the thematic: hacking servers and personal computers is actually really easy and requires the use of just about four or five command lines. It's clear that Hacknet's puzzle aspect comes from being able to understand what the missions are asking us to do at every given time, other than being able to enter said servers. Hacknet is a game that requires the player to be attentive and read carefully through every folder once we've hacked a device. Useful information hides everywhere.

There's a huge spectrum of missions to pick from: tinkering with websites strings, entering someone's personal mobile device, adding a degree to a student from their university's site, putting someone's names in the deceased list records and so on so forth.

Even though the game feels very linear, it is far from that. There are a lot of hidden riddles that will present you with extra hacking challenges and reward you with useful .exe files upon completing them. Successfully entering the CSEC also awards you with the ThemeChanger.exe, whereas you felt like customizing your x-system.exe program.

The soundtrack is perhaps the most enjoyable part of the whole game, by far. It's amazing how it always fits perfectly. It's relaxing if you're just skimming through the available servers, it picks up if you're hacking and you're about to get traced, it's got funny tunes if you stumble upon mini-games.

Overall, a nice experience with engaging content and features. Will rarely ever feeling boring as you're driven on by the need to know what truly happened and, of course, to become the best hacker out there.

[u][b] Content [/b][/u]
Hacknet offers a good spectrum of activities throughout the game. However, even with many different options to pick from, eventually, it will fall in a loop of things ""we've already seen over and over"". About ~10 to ~30 hours of gameplay.

[h1] Technical Analysis [/h1]

[u][b] Graphics [/b][/u]
A 2D interface with very basic graphics and art style. We are given the opportunity to change between a few themes throughout the game but besides that not much else.
Even so, the simplicity of it all is what makes Hacknet especially pleasing to the eye and also helps with not feeling too drained by reading walls of text.

[u][b] Music [/b][/u]
For such a small game, Hacknet surprises with a spectacular range of OSTs for many different situations and specific missions both. It's amazing how intense it gets in the right bits, making the player sweat as they try to complete their missions.

[u][b] HUD [/b][/u]
The HUD presents different sections. In the center, we have the main interface, through here we will visualize all the information on websites and in their files and logs. To its left and right there are two more columns, one used to keep track of what we're doing through notes or to see if we're almost done using a certain command, and the other used as the console where all the magic will happen. Depending on which theme we're using, these two boxes are interchangeable.
To the bottom, there is a fourth box: in here we will keep track of all the servers, networks and devices we've unlocked through our hacking deeds. Thanks to this we are able to hop back to them anytime we might need to do so, even though it rarely happens in this game. After having played for a few hours, however, and having unlocked a handful of servers, I must say that the map has started to feel very cluttered, with servers' buttons almost overlapping each other.

[u][b] Bugs Encountered [/b][/u]
None. Smooth and bugs free experience. Over the years the team really ironed them all out. A job well done.

[h1] Wrapping up [/h1]

Hacknet is one of the best deals out there for its genre. Hours on end of programming and hacking activities either as a villain or as a vigilante of the deep web are absolutely worth the price the game asks for.


[h1] RATING: 8.5/10 [/h1]

[quote][url=https://store.steampowered.com/curator/23741321/]Follow our curator page,[b] Alexander's Club Curations[/b] if you like and want to see more reviews like this one.[/url][/quote]","[h1] Hacknet [/h1] [b] An interface so real, you probably shouldn't play it in public [/b] [h1] Run-through [/h1] Hacknet is a storytelling, hacking simulation game developed by Team Fractal Alligator and Published by Fellow Traveller. Featuring programming puzzles, intense challenges, and an amazing soundtrack, it's time to dive into the deepest corners of the web. With the death of the hacker ""Bit"", you're suddenly dragged in the underground world of the hacking community. Contacted by his failsafe system, Bit sends you very specific instructions so that Hacknet-OS, the security system he created, won't fall in the wrong hands. Acting as the spiritual successor to Uplink, Hacknet adds story and spice to mere actions and command lines. [h1] Pros: [/h1] • Amazing story • Simplistic and easy to navigate UI. You can do everything the game asks you to without ever having to switch tabs up • Challenging and entertaining puzzles • The music feels always on point with the situation • Mod support • Tons of fun little Easter Eggs [h1] Cons: [/h1] • The tutorial is by all means too short and the game's content too wide. Might feel daunting for some players approaching the genre • As most hacking games, don't expect accurate hacking sequences [h1] Gameplay: in depth [/h1] [u][b] General information [/b][/u] Hacknet is one of those games that tend to surprise you in the best way possible. It's a game that I approached really carefully and ended up playing for hours on. The mystery around Bit's death is the most important part of the story, indeed, but Hacknet does an amazing job in giving us a handful of side missions and side stories to enrich our experience with. In our pursuit of the truth, in fact, we will stumble upon many different factions of Hackers, each of them acting accordingly to their own creeds - for example, there's a faction that wishes for people to perceive hackers as ""decent"" people rather than being demonised, a faction that just acts on whims and another that takes only the best hackers under its protective wing and offers them a proper job. Even though Hacknet presents itself as a hacking game, it's quite obvious that we can't expect it to be 100% accurate on how it tackles the thematic: hacking servers and personal computers is actually really easy and requires the use of just about four or five command lines. It's clear that Hacknet's puzzle aspect comes from being able to understand what the missions are asking us to do at every given time, other than being able to enter said servers. Hacknet is a game that requires the player to be attentive and read carefully through every folder once we've hacked a device. Useful information hides everywhere. There's a huge spectrum of missions to pick from: tinkering with websites strings, entering someone's personal mobile device, adding a degree to a student from their university's site, putting someone's names in the deceased list records and so on so forth. Even though the game feels very linear, it is far from that. There are a lot of hidden riddles that will present you with extra hacking challenges and reward you with useful .exe files upon completing them. Successfully entering the CSEC also awards you with the ThemeChanger.exe, whereas you felt like customizing your x-system.exe program. The soundtrack is perhaps the most enjoyable part of the whole game, by far. It's amazing how it always fits perfectly. It's relaxing if you're just skimming through the available servers, it picks up if you're hacking and you're about to get traced, it's got funny tunes if you stumble upon mini-games. Overall, a nice experience with engaging content and features. Will rarely ever feeling boring as you're driven on by the need to know what truly happened and, of course, to become the best hacker out there. [u][b] Content [/b][/u] Hacknet offers a good spectrum of activities throughout the game. However, even with many different options to pick from, eventually, it will fall in a loop of things ""we've already seen over and over"". About ~10 to ~30 hours of gameplay. [h1] Technical Analysis [/h1] [u][b] Graphics [/b][/u] A 2D interface with very basic graphics and art style. We are given the opportunity to change between a few themes throughout the game but besides that not much else. Even so, the simplicity of it all is what makes Hacknet especially pleasing to the eye and also helps with not feeling too drained by reading walls of text. [u][b] Music [/b][/u] For such a small game, Hacknet surprises with a spectacular range of OSTs for many different situations and specific missions both. It's amazing how intense it gets in the right bits, making the player sweat as they try to complete their missions. [u][b] HUD [/b][/u] The HUD presents different sections. In the center, we have the main interface, through here we will visualize all the information on websites and in their files and logs. To its left and right there are two more columns, one used to keep track of what we're doing through notes or to see if we're almost done using a certain command, and the other used as the console where all the magic will happen. Depending on which theme we're using, these two boxes are interchangeable. To the bottom, there is a fourth box: in here we will keep track of all the servers, networks and devices we've unlocked through our hacking deeds. Thanks to this we are able to hop back to them anytime we might need to do so, even though it rarely happens in this game. After having played for a few hours, however, and having unlocked a handful of servers, I must say that the map has started to feel very cluttered, with servers' buttons almost overlapping each other. [u][b] Bugs Encountered [/b][/u] None. Smooth and bugs free experience. Over the years the team really ironed them all out. A job well done. [h1] Wrapping up [/h1] Hacknet is one of the best deals out there for its genre. Hours on end of programming and hacking activities either as a villain or as a vigilante of the deep web are absolutely worth the price the game asks for. [h1] RATING: 8.5/10 [/h1] [quote][url=https://store.steampowered.com/curator/23741321/]Follow our curator page,[b] Alexander's Club Curations[/b] if you like and want to see more reviews like this one.[/url][/quote]",True,2018-09-18T23:33:48+00:00,2018-09-18T23:35:00+00:00,526.0,526.0,0.0,24.0,5.0,0.7245900630950928,False,False,False,False,76561198108015755,,41.0,False,False,6294,1067,8.766666666666667,8.766666666666667,3-10h,positive
197235408,365450,hacknet,Hacknet,english,"[i]Note: I am biased because of the nature of my job. While not related to IT Security, it involves technical troubleshooting / problem solving and all kind of investigations. Basically, less fun version of Hacknet.[/i]

[h3]Accurate Hacking Simulator?[/h3]

I was not exposed to a lot of hacking in games, maybe just a bit in Sleeping Dogs, or Cyberpunk 2077. While other games focus purely on hacking vibes, those tend to ignore the actual process. And Hacknet pays much more attention to the realistic aspect of the game.

Of course, to me it looks like huge oversimplification, but that was made as a game, right? It was made to be simple, fun and accessible. And it never felt like I am working, it felt like I am playing a game and having a good time. So while not being accurate, it nails the realistic hacking experience to enough extent. 

[h3]Handholding or Exploration?[/h3]

The first 60% to 70% percent of the game felt like a tutorial. Fun, with a lot of stories and action, but with a huge sense that I am playing in a sandbox. Everything is pretty safe, and you get what you need to do right from the email, so you need to execute specific steps without much investigation. Yes, you need to look for something specific, but it is usually very algorithmic and follows the same steps. 

So, this feels like handholding to me, and having to ""detective"" part to it, where you just don't know where to look at and have to think and explore. 

But! There are endgame quests, such as the main story line or Project Junebug quest. Those actually did things perfectly as I have wanted. There is more to reading, investigating, searching and connecting pieces of information together. This was perfect. 

Example: usually it would be ""find a (file / password / IP) or edit / remove something. Here is the server."". That is straightforward. 

Project Junebug: Here is the name of the person. Kill him. 

You see what I mean? That is perfect example of what I wanted this game to be. And it eventually has things that appeal to me! So, overall, great experience. Right?

[h3]A bit of so-so moments[/h3]

Just one. The game has netMap, a graph that displays the machines you have connected to. And the graph grows, and there is less and less space, it all  becomes cluttered at some point. And there is no way to clean it up, resize, organize or alter. And this is sad a bit, because the missions that I liked involve a lot of research, but the research progress was hevily impacted by overall messy navigation system. 

But it's a minor thing. What else?


[h3]The Easter Eggs and Secrets[/h3]

While the big part of the game feels like a tutorial, it has a lot of things to explore. Jokes and memes, hidden quests with high rewards - it's all there. So if you want, you can take much more from the game than it offers at a first sight.

Like in some RPGs you can even get overpowered pretty early - if you follow some clues in the game, you can get CLOCK.EXE, which makes game itself hacked. Things that are hidden and require exploration definitely cool here.

[h3]The Music[/h3]

I pay a lot of attention to game OSTs, it makes me love the game more if the music resonates with me. And back in 2017 when I have bought the game, I learned about Hacknet from Remi (The Algorithm) - one of the musicians behind the OST, and I bought it. So, to me the OST is perfectly fitting the game. Just very neat, I thought. Until the final mission.

I have three examples of getting goosebumps from the music in the game:
1. One optional boss fight in Baldur's Gate 3
2. Expedition 33 in various places.

And... Yeah, the final mission of Hacknet! Putting [spoiler]Carpenter Brut's Roller Mobster[/spoiler], one of my favorite synthwave / darksynth tracks ever made me freeze for a minute in awe. And then realize that time is ticking and I need to do everything fast. Perfect sense of adrenaline. Great choice for OST!

[h3]Really solid hacking-lite experience[/h3]

Overall, I liked this game. Relatively short, but never gets dull. And I have not even touched the DLC yet - and it has 97% positive rating! So, while the main game is over for me, I will get to Labyrinths in future to feel this enjoyment again.

","[i]Note: I am biased because of the nature of my job. While not related to IT Security, it involves technical troubleshooting / problem solving and all kind of investigations. Basically, less fun version of Hacknet.[/i] [h3]Accurate Hacking Simulator?[/h3] I was not exposed to a lot of hacking in games, maybe just a bit in Sleeping Dogs, or Cyberpunk 2077. While other games focus purely on hacking vibes, those tend to ignore the actual process. And Hacknet pays much more attention to the realistic aspect of the game. Of course, to me it looks like huge oversimplification, but that was made as a game, right? It was made to be simple, fun and accessible. And it never felt like I am working, it felt like I am playing a game and having a good time. So while not being accurate, it nails the realistic hacking experience to enough extent. [h3]Handholding or Exploration?[/h3] The first 60% to 70% percent of the game felt like a tutorial. Fun, with a lot of stories and action, but with a huge sense that I am playing in a sandbox. Everything is pretty safe, and you get what you need to do right from the email, so you need to execute specific steps without much investigation. Yes, you need to look for something specific, but it is usually very algorithmic and follows the same steps. So, this feels like handholding to me, and having to ""detective"" part to it, where you just don't know where to look at and have to think and explore. But! There are endgame quests, such as the main story line or Project Junebug quest. Those actually did things perfectly as I have wanted. There is more to reading, investigating, searching and connecting pieces of information together. This was perfect. Example: usually it would be ""find a (file / password / IP) or edit / remove something. Here is the server."". That is straightforward. Project Junebug: Here is the name of the person. Kill him. You see what I mean? That is perfect example of what I wanted this game to be. And it eventually has things that appeal to me! So, overall, great experience. Right? [h3]A bit of so-so moments[/h3] Just one. The game has netMap, a graph that displays the machines you have connected to. And the graph grows, and there is less and less space, it all becomes cluttered at some point. And there is no way to clean it up, resize, organize or alter. And this is sad a bit, because the missions that I liked involve a lot of research, but the research progress was hevily impacted by overall messy navigation system. But it's a minor thing. What else? [h3]The Easter Eggs and Secrets[/h3] While the big part of the game feels like a tutorial, it has a lot of things to explore. Jokes and memes, hidden quests with high rewards - it's all there. So if you want, you can take much more from the game than it offers at a first sight. Like in some RPGs you can even get overpowered pretty early - if you follow some clues in the game, you can get CLOCK.EXE, which makes game itself hacked. Things that are hidden and require exploration definitely cool here. [h3]The Music[/h3] I pay a lot of attention to game OSTs, it makes me love the game more if the music resonates with me. And back in 2017 when I have bought the game, I learned about Hacknet from Remi (The Algorithm) - one of the musicians behind the OST, and I bought it. So, to me the OST is perfectly fitting the game. Just very neat, I thought. Until the final mission. I have three examples of getting goosebumps from the music in the game: 1. One optional boss fight in Baldur's Gate 3 2. Expedition 33 in various places. And... Yeah, the final mission of Hacknet! Putting [spoiler]Carpenter Brut's Roller Mobster[/spoiler], one of my favorite synthwave / darksynth tracks ever made me freeze for a minute in awe. And then realize that time is ticking and I need to do everything fast. Perfect sense of adrenaline. Great choice for OST! [h3]Really solid hacking-lite experience[/h3] Overall, I liked this game. Relatively short, but never gets dull. And I have not even touched the DLC yet - and it has 97% positive rating! So, while the main game is over for me, I will get to Labyrinths in future to feel this enjoyment again.",True,2025-06-14T17:55:07+00:00,2025-06-14T17:55:07+00:00,624.0,624.0,0.0,22.0,1.0,0.7379224896430969,True,False,False,False,76561198202503919,,102.0,False,False,4175,750,10.4,10.4,10h+,positive
43994020,365450,hacknet,Hacknet,english,"In [i]Hacknet[/i], you play as a computer user who has just been bestowed a unique operating system (OS) with tools that can hack different computers. As the game progresses, you will discover new hacking tools, join other factions of hackers, fulfill hacking job contracts to build your reputation, and solve the game’s central mystery.

What I love about [i]Hacknet[/i] is the high level of immersion and engaging pacing. With my headphones on, listening to the adrenaline-pumping soundtrack, I voraciously took on one hacking contract after another. Before long, two to three hours have flown by. The game's missions, though all require hacking, vary in objects and pacing. Because of that, I did not find gameplay repetitive, and I used every opportunity to familiarize myself with the tools I had at my disposal. All of this prepared me for the climatic final mission, which totally did not disappoint.

[i]Hacknet[/i] is novice-friendly, but some players may find it having a slightly steep learning curve. Players will be at an advantage if they can type fast, has used *nix (e.g. Linux) shell commands, and/or are familiar with text-based OSes. This is because the user interface of [i]Hacknet[/i] is austere, with typing as your primary form of input. Still, there are simple graphics to depict hacking progress, network of computers, and directory trees. You can use your mouse from time to time as means of in-game navigation as I did.

[i]Hacknet[/i]'s appeal aside from immersion and pacing is really its simplicity. The players will always be given all the tools they would need to complete missions. So, the real challenge is to figure out which tool(s) to use to hack the computers and phones, and to do it quickly and efficiently. So, think fast! Type fast and furious! Once the dust has settled, snooping around the hacked machines and reaping your rewards are gratifying.

At the time of this review, [i]Hacknet[/i] is my favourite hacking-themed game. It’s fast, it’s empowering, and it’s extremely gratifying -- especially after a challenging mission. I highly recommend this game to those who wish an adrenaline-pumping, brain-teasing, text-based adventure game.","In [i]Hacknet[/i], you play as a computer user who has just been bestowed a unique operating system (OS) with tools that can hack different computers. As the game progresses, you will discover new hacking tools, join other factions of hackers, fulfill hacking job contracts to build your reputation, and solve the game’s central mystery. What I love about [i]Hacknet[/i] is the high level of immersion and engaging pacing. With my headphones on, listening to the adrenaline-pumping soundtrack, I voraciously took on one hacking contract after another. Before long, two to three hours have flown by. The game's missions, though all require hacking, vary in objects and pacing. Because of that, I did not find gameplay repetitive, and I used every opportunity to familiarize myself with the tools I had at my disposal. All of this prepared me for the climatic final mission, which totally did not disappoint. [i]Hacknet[/i] is novice-friendly, but some players may find it having a slightly steep learning curve. Players will be at an advantage if they can type fast, has used *nix (e.g. Linux) shell commands, and/or are familiar with text-based OSes. This is because the user interface of [i]Hacknet[/i] is austere, with typing as your primary form of input. Still, there are simple graphics to depict hacking progress, network of computers, and directory trees. You can use your mouse from time to time as means of in-game navigation as I did. [i]Hacknet[/i]'s appeal aside from immersion and pacing is really its simplicity. The players will always be given all the tools they would need to complete missions. So, the real challenge is to figure out which tool(s) to use to hack the computers and phones, and to do it quickly and efficiently. So, think fast! Type fast and furious! Once the dust has settled, snooping around the hacked machines and reaping your rewards are gratifying. At the time of this review, [i]Hacknet[/i] is my favourite hacking-themed game. It’s fast, it’s empowering, and it’s extremely gratifying -- especially after a challenging mission. I highly recommend this game to those who wish an adrenaline-pumping, brain-teasing, text-based adventure game.",True,2018-08-08T04:15:09+00:00,2018-08-08T04:15:09+00:00,1234.0,808.0,0.0,22.0,1.0,0.696854293346405,False,True,False,False,76561197971042239,,236.0,False,False,2180,351,20.566666666666666,13.466666666666667,10h+,positive
31878414,365450,hacknet,Hacknet,english,"What a great game. I acquired this in a Humble Bundle recently with a few other titles. Without looking, I assumed it was just a game that was shoveled in to fluff out the bundle, and that I wouldn't enjoy it. I ended up loving it, and I'm definitely going to buy the DLC (and likely any more content that may come out for Hacknet in the future).

Hacknet, for lack of better words, is a Unix-based hacking simulator in which you use the combination of a point-and-click interface and a command prompt to explore the mysterious death of a hacker named ""Bit."" Bit has arranged to send automated messages to you posthumously, giving you leads that are just enough for you to find your way.

Being not much of a programmer, and unfamiliar with Linux and Unix-based command systems (idk man I just look stuff up and punch shit into the Windows 10 command prompt and sometimes it says words back to me), I felt learning to play Hacknet might be too daunting of a task. However, the feeling subsided in less than half an hour, when I was able to navigate through any device's file systems with ease, hopping from device to device, opening ports, cracking passwords, etc. Not long after that was I very immersed in the story (something I have a hard time being in MANY games).

While some aspects of the game can be done through clicking between devices, folders, and apps, other things are seemingly only possible by using the command-line, keeping the game immersive and making you feel, in a sense, accomplished. YOU cracked open all of Macrosoft's ports and got to snoop around in their sensitive files. YOU found a security loophole by exploiting a computer's connected smartphone. YOU made a clean getaway just in time before having your IP traced, clearing the system logs and running for the hills with some juicy new program you can use to hack *even more* devices. And you did it all with your analytical skills and an intuitive command system. In fact, there's even a point in the game where your OS/interface is essentially deleted from your system by another angry hacker, leaving you with a big black command terminal, having to plot through your own computer to restore the deleted files and get yourself back in the game. Just like in real life, each device you access seems like a sum of its parts, even your own.

The IP tracing mechanic is excellent, and pretty much exactly what you'd imagine seeing on some Hollywood hacker's monitor. It keeps the pressure on, even if it is slow at times. RAM management, learning what ports to use when, and being able to type quickly and remember which programs do what are important, and make hacking into each and every system rewarding in its own way, even if it doesn't have quite what you were looking for.

The visual effects are excellent, if a bit cheesy at times. The interface is simple enough that these ""glitchy"" or ""tech-y"" effects aren't too jarring unless they need to be, which keeps the game immersive but also fun to watch. I'd advise that anyone with epilepsy be careful with this game at some times - lots of effects are fast or flashy in nature.

The story doesn't seem to thrust itself into your face at all. Save for the occasional automated (but justified) email from Bit, you discover all of the story on your own, and every lead and new piece of information feels genuine and is worth discovering.

Overall, I had a lot of fun with this game. Two complaints (which end up not really being complaints after I explain them):

- The IP map, showing all known devices and their IPs, can get a bit cluttered, and it's easy to forget where one particular computer is on the big web of spinning circles and lines connecting them. The position of an IP address on the map is not always intuitive. However, this could arguably help with immersion, making you feel like you're navigating through a web of IP addresses. It's the internet in its raw form - not catered to your viewing pleasure.

- I'm left wanting more. Not that I didn't get my money's worth, but I want more. But that's something every game should strive for - leaving you wanting more, and not outstaying its welcome.

Challenging, but *very* rewarding command system that makes you feel clever. Decent story that keeps you invested throughout the game. Findable humorous IRC logs, detailing early Internet culture, which I think are ripped straight from Bash.org, meaning they are real logs written by real people. Stereotypical electronic ""hacker"" soundtrack which helps the atmosphere of the game.

If any of this interests you, definitely get Hacknet, especially if it's in a bundle or on sale.","What a great game. I acquired this in a Humble Bundle recently with a few other titles. Without looking, I assumed it was just a game that was shoveled in to fluff out the bundle, and that I wouldn't enjoy it. I ended up loving it, and I'm definitely going to buy the DLC (and likely any more content that may come out for Hacknet in the future). Hacknet, for lack of better words, is a Unix-based hacking simulator in which you use the combination of a point-and-click interface and a command prompt to explore the mysterious death of a hacker named ""Bit."" Bit has arranged to send automated messages to you posthumously, giving you leads that are just enough for you to find your way. Being not much of a programmer, and unfamiliar with Linux and Unix-based command systems (idk man I just look stuff up and punch shit into the Windows 10 command prompt and sometimes it says words back to me), I felt learning to play Hacknet might be too daunting of a task. However, the feeling subsided in less than half an hour, when I was able to navigate through any device's file systems with ease, hopping from device to device, opening ports, cracking passwords, etc. Not long after that was I very immersed in the story (something I have a hard time being in MANY games). While some aspects of the game can be done through clicking between devices, folders, and apps, other things are seemingly only possible by using the command-line, keeping the game immersive and making you feel, in a sense, accomplished. YOU cracked open all of Macrosoft's ports and got to snoop around in their sensitive files. YOU found a security loophole by exploiting a computer's connected smartphone. YOU made a clean getaway just in time before having your IP traced, clearing the system logs and running for the hills with some juicy new program you can use to hack *even more* devices. And you did it all with your analytical skills and an intuitive command system. In fact, there's even a point in the game where your OS/interface is essentially deleted from your system by another angry hacker, leaving you with a big black command terminal, having to plot through your own computer to restore the deleted files and get yourself back in the game. Just like in real life, each device you access seems like a sum of its parts, even your own. The IP tracing mechanic is excellent, and pretty much exactly what you'd imagine seeing on some Hollywood hacker's monitor. It keeps the pressure on, even if it is slow at times. RAM management, learning what ports to use when, and being able to type quickly and remember which programs do what are important, and make hacking into each and every system rewarding in its own way, even if it doesn't have quite what you were looking for. The visual effects are excellent, if a bit cheesy at times. The interface is simple enough that these ""glitchy"" or ""tech-y"" effects aren't too jarring unless they need to be, which keeps the game immersive but also fun to watch. I'd advise that anyone with epilepsy be careful with this game at some times - lots of effects are fast or flashy in nature. The story doesn't seem to thrust itself into your face at all. Save for the occasional automated (but justified) email from Bit, you discover all of the story on your own, and every lead and new piece of information feels genuine and is worth discovering. Overall, I had a lot of fun with this game. Two complaints (which end up not really being complaints after I explain them): - The IP map, showing all known devices and their IPs, can get a bit cluttered, and it's easy to forget where one particular computer is on the big web of spinning circles and lines connecting them. The position of an IP address on the map is not always intuitive. However, this could arguably help with immersion, making you feel like you're navigating through a web of IP addresses. It's the internet in its raw form - not catered to your viewing pleasure. - I'm left wanting more. Not that I didn't get my money's worth, but I want more. But that's something every game should strive for - leaving you wanting more, and not outstaying its welcome. Challenging, but *very* rewarding command system that makes you feel clever. Decent story that keeps you invested throughout the game. Findable humorous IRC logs, detailing early Internet culture, which I think are ripped straight from Bash.org, meaning they are real logs written by real people. Stereotypical electronic ""hacker"" soundtrack which helps the atmosphere of the game. If any of this interests you, definitely get Hacknet, especially if it's in a bundle or on sale.",True,2017-05-21T09:06:43+00:00,2017-05-23T22:58:57+00:00,1683.0,1060.0,0.0,21.0,2.0,0.7148200273513794,False,False,False,False,76561198042207266,,6.0,False,False,4621,814,28.05,17.666666666666668,10h+,positive
137254161,365450,hacknet,Hacknet,english,"The game's unique mechanics and addictive storyline make it an absolute pleasure to play.

One of the things I love most about Hacknet is how immersive it is. The game does an incredible job of making you feel like a real hacker with its realistic interface and authentic hacking commands. It's a game that not only entertains but also educates on the intricacies of hacking.

The gameplay itself is challenging but rewarding. Each mission requires careful planning and execution, forcing you to think outside the box to achieve your goals. And the game never feels too difficult, thanks to its clever hint system that guides you in the right direction without giving away the answer entirely.

But what really sets Hacknet apart is its history. The game tells a compelling narrative that will keep you hooked from start to finish. The characters are well developed and the plot twists are brilliant. By the end of the game I was emotionally involved in the outcome of the story.

Overall, Hacknet is an excellent game that I would recommend to anyone who loves hacking or puzzle games. It offers a unique and immersive experience not to be missed.","The game's unique mechanics and addictive storyline make it an absolute pleasure to play. One of the things I love most about Hacknet is how immersive it is. The game does an incredible job of making you feel like a real hacker with its realistic interface and authentic hacking commands. It's a game that not only entertains but also educates on the intricacies of hacking. The gameplay itself is challenging but rewarding. Each mission requires careful planning and execution, forcing you to think outside the box to achieve your goals. And the game never feels too difficult, thanks to its clever hint system that guides you in the right direction without giving away the answer entirely. But what really sets Hacknet apart is its history. The game tells a compelling narrative that will keep you hooked from start to finish. The characters are well developed and the plot twists are brilliant. By the end of the game I was emotionally involved in the outcome of the story. Overall, Hacknet is an excellent game that I would recommend to anyone who loves hacking or puzzle games. It offers a unique and immersive experience not to be missed.",True,2023-04-25T01:38:30+00:00,2023-04-25T01:38:30+00:00,41.0,41.0,0.0,20.0,1.0,0.6811375021934509,False,False,False,False,76561198006784111,,215.0,False,False,1144,196,0.6833333333333333,0.6833333333333333,0-1h,positive
31188598,365450,hacknet,Hacknet,english,"***This only takes the base game into account***

Ever wanted to crack down on some real terminal action to get a peek at what this hacking business is all about? Wonder no more, as Hacknet is here to ""teach"" you what ""hacking"" is. 

Immersive, intelligent and just enough unix-commands at your disposal, Hacknet will convince anyone not computer savvy or not paying close enough attention that the things on your monitor sure looks like something you shouldn't be doing, almost like dark wizardry magic. For the most part, the game offers up this illusion at an convincing rate while being beginner-friendly. However, in the world of hacking, there is very little hand holding, so the faster you understand what the ropes are, the better.

To deliver a convincing hacking experience, music is paramount - as Uplink back in the day taught everyone. Here is really delivers, with everything from ambient barrens tunes fit for the breaks between each mission, to serious business from The Algorithm and wildly intense adrenaline pumping Carpenter Brut songs. Hats off, this album is even worth listening to way after you've finished the game. 

As for the the main story, while not top shelf, is interesting enough to keep searching around for clues and getting a better grasp at what's going. As with any self respecting game that depicts hacking, it should have its sheer selectino of surprise elements, and Hacknet doesn't disappoint. However, this is usually found in side missions. The main story should've done more of that as well.

For each time you play, the game changes up names, IPs etc for the nodes to try to keep things sort of fresh, but the missions are mostly the same. All in all, Hacknet is a very solid, albeit simple at times, attempt at creating an immersive, ""real enough"" hacking simulator that most importantly is -FUN-. The list of unix commands are however at times frustratingly limited, especially if you know what you're doing. Since most of the game is very well laid out in terms of the interface, you start taking it for granted that you should be able to do more than you actually are allowed to. 

For example, ""rm file*"" will not work since the terminal doesn't support wildcards. Pathing is also needlessly tedious, as it doesn't properly understand using root-nodes in paths. Props however for making it possible to furk up yourself, which is how it should be. Paying attention and going ""outside the beaten path"" is usually rewarded.
 
Hacknet requires reading and understanding of its core concepts to get the most out of the experience. For those persistent enough, the game also delivers some hilarious content as a nod to the efforts. Here's to hoping the developer makes more content to this game, as the main game is rather short. It'll take you only around 5-6 hours for the main campaign. A multiplayer mode would've been awesome in addition to random missions. 

Rating: 8/10 - Play it!","***This only takes the base game into account*** Ever wanted to crack down on some real terminal action to get a peek at what this hacking business is all about? Wonder no more, as Hacknet is here to ""teach"" you what ""hacking"" is. Immersive, intelligent and just enough unix-commands at your disposal, Hacknet will convince anyone not computer savvy or not paying close enough attention that the things on your monitor sure looks like something you shouldn't be doing, almost like dark wizardry magic. For the most part, the game offers up this illusion at an convincing rate while being beginner-friendly. However, in the world of hacking, there is very little hand holding, so the faster you understand what the ropes are, the better. To deliver a convincing hacking experience, music is paramount - as Uplink back in the day taught everyone. Here is really delivers, with everything from ambient barrens tunes fit for the breaks between each mission, to serious business from The Algorithm and wildly intense adrenaline pumping Carpenter Brut songs. Hats off, this album is even worth listening to way after you've finished the game. As for the the main story, while not top shelf, is interesting enough to keep searching around for clues and getting a better grasp at what's going. As with any self respecting game that depicts hacking, it should have its sheer selectino of surprise elements, and Hacknet doesn't disappoint. However, this is usually found in side missions. The main story should've done more of that as well. For each time you play, the game changes up names, IPs etc for the nodes to try to keep things sort of fresh, but the missions are mostly the same. All in all, Hacknet is a very solid, albeit simple at times, attempt at creating an immersive, ""real enough"" hacking simulator that most importantly is -FUN-. The list of unix commands are however at times frustratingly limited, especially if you know what you're doing. Since most of the game is very well laid out in terms of the interface, you start taking it for granted that you should be able to do more than you actually are allowed to. For example, ""rm file*"" will not work since the terminal doesn't support wildcards. Pathing is also needlessly tedious, as it doesn't properly understand using root-nodes in paths. Props however for making it possible to furk up yourself, which is how it should be. Paying attention and going ""outside the beaten path"" is usually rewarded. Hacknet requires reading and understanding of its core concepts to get the most out of the experience. For those persistent enough, the game also delivers some hilarious content as a nod to the efforts. Here's to hoping the developer makes more content to this game, as the main game is rather short. It'll take you only around 5-6 hours for the main campaign. A multiplayer mode would've been awesome in addition to random missions. Rating: 8/10 - Play it!",True,2017-04-16T23:06:37+00:00,2017-08-20T03:31:12+00:00,1488.0,1488.0,0.0,20.0,1.0,0.5620318651199341,False,False,False,False,76561198055661823,,40.0,False,False,2920,497,24.8,24.8,10h+,positive
39741324,365450,hacknet,Hacknet,english,"This game is pretty dope.

Gameplay-wise, the actual inputs you'll perform are mainly terminal based. Most of the time you'll be typing commands as rapidly as you can. Actual inputs can be tricky if you need to operate quickly, but the majority of what you'll be doing is essentially puzzle solving. A typical mission in the game requires you to gain access to a given entry point which will contain links or clues that you can follow to the next point, which may contain further clues, etc. That's an incredibly basic description of the game: Actual missions are immersive enough and the actual hints/puzzles/solutions are varied enough that the game is able to stay fresh well through the main campaign and DLC.

The story is pretty cool. (Won't go into spoilers here, what I tell you is what you learn literally within minutes of starting the game.) A notorious hacker who goes by Bit has passed away, and has left you his custom-made hacking software in his wake, along with the request to use it to figure out what killed him and why. You quickly integrate with a local hacker group and start climbing the ranks to gain influence and leads. Along the way you'll acquire (either from your hacker group or by stealing it from a target computer) new tools or methods that allow you to break into more secure devices. Since the game is all text based, you'll only get to know characters via what they've written to you, and it can be tricky to build strong characters that way if the player is impatient. I feel that sticking through and reading the text will greatly benefit your enjoyment of the story of the game as well as of the game overall.

The aesthetic of the game is a big part of it. The entire game is played as though it's not a game. It's as if you have a virtual machine running another OS on your computer. The perspective is never pulled into real life, and you'll never see your character because as far as the game is concerned, YOU in real life are your character. This is an excellent way to build immersion, and you'll find yourself quickly sucked in to the game. The visuals are simplistic but robust and well designed (and even customizable, eventually), and the soundtrack will keep you cool while trying to break into complex systems and get you pumped when it's time to move fast. Just playing the game and becoming immersed is a bit of an experience that can be hard to find elsewhere.

As an aside, I would reccomend the DLC if you enjoy the main game. It tells a story that's basically completely separate from the main game: Essentially it may as well be a sequel. It introduces new systems that compliment the puzzle elements like I mentioned above. The game also features workshop support which contains even more community made campaigns (some as long as the DLC), but many of them require content from the DLC to function.

Tl;dr: Fun game, you'll get immersed if you let yourself and it's a serious blast. Gameplay is essentially puzzle based but at times requires you to be fast too.","This game is pretty dope. Gameplay-wise, the actual inputs you'll perform are mainly terminal based. Most of the time you'll be typing commands as rapidly as you can. Actual inputs can be tricky if you need to operate quickly, but the majority of what you'll be doing is essentially puzzle solving. A typical mission in the game requires you to gain access to a given entry point which will contain links or clues that you can follow to the next point, which may contain further clues, etc. That's an incredibly basic description of the game: Actual missions are immersive enough and the actual hints/puzzles/solutions are varied enough that the game is able to stay fresh well through the main campaign and DLC. The story is pretty cool. (Won't go into spoilers here, what I tell you is what you learn literally within minutes of starting the game.) A notorious hacker who goes by Bit has passed away, and has left you his custom-made hacking software in his wake, along with the request to use it to figure out what killed him and why. You quickly integrate with a local hacker group and start climbing the ranks to gain influence and leads. Along the way you'll acquire (either from your hacker group or by stealing it from a target computer) new tools or methods that allow you to break into more secure devices. Since the game is all text based, you'll only get to know characters via what they've written to you, and it can be tricky to build strong characters that way if the player is impatient. I feel that sticking through and reading the text will greatly benefit your enjoyment of the story of the game as well as of the game overall. The aesthetic of the game is a big part of it. The entire game is played as though it's not a game. It's as if you have a virtual machine running another OS on your computer. The perspective is never pulled into real life, and you'll never see your character because as far as the game is concerned, YOU in real life are your character. This is an excellent way to build immersion, and you'll find yourself quickly sucked in to the game. The visuals are simplistic but robust and well designed (and even customizable, eventually), and the soundtrack will keep you cool while trying to break into complex systems and get you pumped when it's time to move fast. Just playing the game and becoming immersed is a bit of an experience that can be hard to find elsewhere. As an aside, I would reccomend the DLC if you enjoy the main game. It tells a story that's basically completely separate from the main game: Essentially it may as well be a sequel. It introduces new systems that compliment the puzzle elements like I mentioned above. The game also features workshop support which contains even more community made campaigns (some as long as the DLC), but many of them require content from the DLC to function. Tl;dr: Fun game, you'll get immersed if you let yourself and it's a serious blast. Gameplay is essentially puzzle based but at times requires you to be fast too.",True,2018-01-31T05:42:10+00:00,2018-01-31T05:42:10+00:00,707.0,436.0,0.0,19.0,0.0,0.7168192863464355,True,False,False,False,76561198025417892,,48.0,False,False,3017,540,11.783333333333333,7.266666666666667,3-10h,positive
39568146,365450,hacknet,Hacknet,english,"I felt like a member of anonymous despite having the computer literacy of a grandmother.

10/10",I felt like a member of anonymous despite having the computer literacy of a grandmother. 10/10,True,2018-01-23T22:25:00+00:00,2018-01-23T22:25:00+00:00,174.0,163.0,0.0,18.0,16.0,0.7059867978096008,False,False,False,False,76561198095536074,,7.0,False,False,94,16,2.9,2.716666666666667,1-3h,positive
202837731,365450,hacknet,Hacknet,english,"I’ve got Hacknet as a gift when I was learning UNIX commands and then bash scripting for work, what probably made me a perfect target player. It got me really hooked on the Linux system, and I found it a great introduction to coding as a whole. 

That said, it’s not a complicated game and no previous coding knowledge is required to play it. The ""real"" part mostly involves file manipulations and basic SSH usage, while the hacking part  is based on running non-real programs to break into chosen devices and perform said manipulations.

The whole game takes place in an artificial Linux environment that can be modified to a certain degree. It makes the title even more immersive and believable.

However, it’s worth noting that the core gameplay can become a little repetitive after a few hours, not to say ""grindy"". It’s definitely not for everyone, but the 2-hour refund window is more than enough to determine if it suits you.","I’ve got Hacknet as a gift when I was learning UNIX commands and then bash scripting for work, what probably made me a perfect target player. It got me really hooked on the Linux system, and I found it a great introduction to coding as a whole. That said, it’s not a complicated game and no previous coding knowledge is required to play it. The ""real"" part mostly involves file manipulations and basic SSH usage, while the hacking part is based on running non-real programs to break into chosen devices and perform said manipulations. The whole game takes place in an artificial Linux environment that can be modified to a certain degree. It makes the title even more immersive and believable. However, it’s worth noting that the core gameplay can become a little repetitive after a few hours, not to say ""grindy"". It’s definitely not for everyone, but the 2-hour refund window is more than enough to determine if it suits you.",True,2025-08-25T06:58:16+00:00,2025-08-25T06:58:16+00:00,1095.0,1095.0,0.0,16.0,0.0,0.6930640935897827,False,False,False,False,76561197983387573,,105.0,False,False,927,162,18.25,18.25,10h+,positive
39138978,365450,hacknet,Hacknet,english,"It's funny how a game with virtually no graphics and a gameplay consisting of posting commands to command prompt has a deeper immersion than most of other games.
This game is quite creative, and the only thing I played which is similar to this is Uplink, though Hacknet has a way better UI, and, also, a story (!) 
Surprisingly I enjoyed this game greatly, especially a moment, where game virtually breaks the 4th wall, crashing and opening a command prompt on your actual Desktop, refusing to launch, unless you delete a 'virus' from your system.
I know, game looks a bit gimmicky and actual hacking is nowhere near like that, but it's still fun and supposed to be taken lightly as a piece of fiction.
Also, did I mention music? Because music _really_ makes this game for me. At some point it plays chilled Resonance by Home, and then it switches to teethgrinding tracks from Carpenter Brut, creating a sense of urgency and dread.
If I were to describe this game in one word, I'd say COZY. Because, that's how I felt, looking at outrun-styled background, listening to Resonance and 'hacking' some plebs.
I'm really glad this game 'clicked' for me, and I enjoyed it way more, that I expected to.
So, if you're into (pop)cyberpunk, 80-s, outrun and synth-music, this game might be just the right game for you.
p.s get this game with Labyrinths add-on, it adds a great deal of gameplay, fantastic music and irc ""chat""","It's funny how a game with virtually no graphics and a gameplay consisting of posting commands to command prompt has a deeper immersion than most of other games. This game is quite creative, and the only thing I played which is similar to this is Uplink, though Hacknet has a way better UI, and, also, a story (!) Surprisingly I enjoyed this game greatly, especially a moment, where game virtually breaks the 4th wall, crashing and opening a command prompt on your actual Desktop, refusing to launch, unless you delete a 'virus' from your system. I know, game looks a bit gimmicky and actual hacking is nowhere near like that, but it's still fun and supposed to be taken lightly as a piece of fiction. Also, did I mention music? Because music _really_ makes this game for me. At some point it plays chilled Resonance by Home, and then it switches to teethgrinding tracks from Carpenter Brut, creating a sense of urgency and dread. If I were to describe this game in one word, I'd say COZY. Because, that's how I felt, looking at outrun-styled background, listening to Resonance and 'hacking' some plebs. I'm really glad this game 'clicked' for me, and I enjoyed it way more, that I expected to. So, if you're into (pop)cyberpunk, 80-s, outrun and synth-music, this game might be just the right game for you. p.s get this game with Labyrinths add-on, it adds a great deal of gameplay, fantastic music and irc ""chat""",True,2018-01-07T03:14:00+00:00,2018-01-09T12:03:46+00:00,674.0,674.0,0.0,16.0,0.0,0.6654257774353027,True,False,False,False,76561197983593144,,52.0,False,False,1414,249,11.233333333333333,11.233333333333333,10h+,positive
202985612,365450,hacknet,Hacknet,english,"BUY THIS GAME!!! YOU WILL NOT REGRET IT!!! BUY THIS *AND* THE LABYRINTHS DLC!!!

I would hardly call this a game as it is more of an experience and a ABSOLUTELY AMAZING ONE at that!

Listen... you are going to start out knowing NOTHING. Over time, you will learn how to navigate systems and implement your tools to get into systems. But there is SO MUCH MORE to this game than that! You start to intuit how things work and what to do, even when no one is holding your hand and spoon-feeding you directions. You will make discoveries and piece together stories and relationships. You start digging on your own with NO ONE telling you to. There are moments where you are going to be STRESSED OUT! LOL It's absolutely wonderful how immersed you get in this work of art.

Remember in Skyrim, where if you read the books that you find, even if they don't trigger a quest, they actually HAVE quests in them? Remember how awesome it felt to figure it out all on your own and reap the rewards of your mental efforts? THIS GAME is like that ALL THE TIME!!!

I will admit... there were parts of this game where my eyes teared up, partly because I realized what was going on, partly because I realized what I was capable of, and partly because there wasn't more when I beat the game... but there IS more: Extensions.

HackNet Extensions allows YOU, the player, to design and build your OWN missions/quests and share them! Now YOU can be the one to create experiences for OTHERS to have.

This game... is one of the COOLEST games I have EVER played. If you don't buy it, you are robbing yourself and missing out on something AWESOME.


[ TO THE CREATOR/MAKERS OF THE GAME:

I want to say: Thank you SO much for this experience. I am very appreciative and amazed at your work. I also want to apologize for not getting my hands on your work sooner. I am REALLY looking forward to crafting my OWN HackNet Extension; I think I have some pretty cool ideas. :D

I don't know if I have the skills, yet I would love the opportunity to become a ""Fellow Traveler."" ]

run TraceKill.exe","BUY THIS GAME!!! YOU WILL NOT REGRET IT!!! BUY THIS *AND* THE LABYRINTHS DLC!!! I would hardly call this a game as it is more of an experience and a ABSOLUTELY AMAZING ONE at that! Listen... you are going to start out knowing NOTHING. Over time, you will learn how to navigate systems and implement your tools to get into systems. But there is SO MUCH MORE to this game than that! You start to intuit how things work and what to do, even when no one is holding your hand and spoon-feeding you directions. You will make discoveries and piece together stories and relationships. You start digging on your own with NO ONE telling you to. There are moments where you are going to be STRESSED OUT! LOL It's absolutely wonderful how immersed you get in this work of art. Remember in Skyrim, where if you read the books that you find, even if they don't trigger a quest, they actually HAVE quests in them? Remember how awesome it felt to figure it out all on your own and reap the rewards of your mental efforts? THIS GAME is like that ALL THE TIME!!! I will admit... there were parts of this game where my eyes teared up, partly because I realized what was going on, partly because I realized what I was capable of, and partly because there wasn't more when I beat the game... but there IS more: Extensions. HackNet Extensions allows YOU, the player, to design and build your OWN missions/quests and share them! Now YOU can be the one to create experiences for OTHERS to have. This game... is one of the COOLEST games I have EVER played. If you don't buy it, you are robbing yourself and missing out on something AWESOME. [ TO THE CREATOR/MAKERS OF THE GAME: I want to say: Thank you SO much for this experience. I am very appreciative and amazed at your work. I also want to apologize for not getting my hands on your work sooner. I am REALLY looking forward to crafting my OWN HackNet Extension; I think I have some pretty cool ideas. :D I don't know if I have the skills, yet I would love the opportunity to become a ""Fellow Traveler."" ] run TraceKill.exe",True,2025-08-27T14:25:28+00:00,2025-09-18T20:50:12+00:00,2901.0,2466.0,0.0,15.0,0.0,0.7088564038276672,True,False,False,False,76561198886023491,,17.0,False,False,2052,381,48.35,41.1,10h+,positive
142406612,365450,hacknet,Hacknet,english,"If you've ever tried to learn to navigate a computer or network via the terminal, and enjoyed it when you got it to do what you wanted it to do, then you'll probably like HackNet. It's gamified hacking, with a really comfortable learning curve. It does expect you to learn the game's command-script language, but it's simplified and very accessible, as well as rewarding should you take the time to learn how to use it to its fullest. The story and dialogue are engaging and well-paced, and there's plenty of entertaining chat logs to browse while you're digging around on other peoples' computers. Not to mention, the soundtrack is absolute fire.

So far HackNet has provided me with some healthy doses of adrenaline, and the perfect amount of challenge; enough to keep my brain engaged with whatever puzzle I'm solving, without driving me to the point of frustration. I'm well immersed, and for the price, it's a steal. Highly recommend.","If you've ever tried to learn to navigate a computer or network via the terminal, and enjoyed it when you got it to do what you wanted it to do, then you'll probably like HackNet. It's gamified hacking, with a really comfortable learning curve. It does expect you to learn the game's command-script language, but it's simplified and very accessible, as well as rewarding should you take the time to learn how to use it to its fullest. The story and dialogue are engaging and well-paced, and there's plenty of entertaining chat logs to browse while you're digging around on other peoples' computers. Not to mention, the soundtrack is absolute fire. So far HackNet has provided me with some healthy doses of adrenaline, and the perfect amount of challenge; enough to keep my brain engaged with whatever puzzle I'm solving, without driving me to the point of frustration. I'm well immersed, and for the price, it's a steal. Highly recommend.",True,2023-07-19T13:55:23+00:00,2023-07-19T13:58:05+00:00,441.0,247.0,0.0,15.0,1.0,0.6587658524513245,True,False,False,False,76561198044059480,,25.0,False,False,938,160,7.35,4.116666666666666,3-10h,positive
17587769,365450,hacknet,Hacknet,english,"I have had much, MUCH more fun playing this than I expected.

A combination of a clever plot, interesting puzzles, atmospheric music and a well managed difficulty curve makes it very easy to lose yourself entirely to being the hacker that we all saw in films in the early 2000's.  Only actualy capable of using a computer.

The game starts you off with a straight-forward set of tools, which rapidly expands to meet the various challenges you meet.  By the end, I was utterly enthralled by and immersed in the game.

It's more story based than the obvious comparison, Uplink, so you do less in the way of freelance hacking.  It would have been nice to have the option to be slightly more mercenary, but the story blossoms as you approach the climax of the game - motivating you emotionaly as well as intellectualy to see the game through.

What's more, there are lots of little easter eggs you can find, people's activities you can track and secret activies to uncover - if you know your way around the computer languages the game is built around I have no doubt that there are even more possibilities.  I haven't, but I didn't feel that I was missing anything.

I would seriously reccomend givng this game a go, its been a while since I've played a game that made me feel genuinely clever - neither led-by-the-hand nor over-faced by its challenges.

A very neat trick indeed.","I have had much, MUCH more fun playing this than I expected. A combination of a clever plot, interesting puzzles, atmospheric music and a well managed difficulty curve makes it very easy to lose yourself entirely to being the hacker that we all saw in films in the early 2000's. Only actualy capable of using a computer. The game starts you off with a straight-forward set of tools, which rapidly expands to meet the various challenges you meet. By the end, I was utterly enthralled by and immersed in the game. It's more story based than the obvious comparison, Uplink, so you do less in the way of freelance hacking. It would have been nice to have the option to be slightly more mercenary, but the story blossoms as you approach the climax of the game - motivating you emotionaly as well as intellectualy to see the game through. What's more, there are lots of little easter eggs you can find, people's activities you can track and secret activies to uncover - if you know your way around the computer languages the game is built around I have no doubt that there are even more possibilities. I haven't, but I didn't feel that I was missing anything. I would seriously reccomend givng this game a go, its been a while since I've played a game that made me feel genuinely clever - neither led-by-the-hand nor over-faced by its challenges. A very neat trick indeed.",True,2015-08-17T19:18:33+00:00,2015-08-17T19:18:33+00:00,1028.0,675.0,0.0,14.0,1.0,0.6984591484069824,True,False,False,False,76561197963176901,,39.0,False,False,1366,244,17.133333333333333,11.25,10h+,positive
168394916,365450,hacknet,Hacknet,english,"Will this teach you to be a hacker? No, definitely not, lots of steps are taken out to make it a fun game.
Will this teach you what it's like to be a hacker? Definitely, I'm a cyber security student and this makes me feel like I'm good at it hahaha!

It's a lot of fun, and worth the price, I got it during the Summer sale and I'd buy it again for the full price, the developers deserve it!","Will this teach you to be a hacker? No, definitely not, lots of steps are taken out to make it a fun game. Will this teach you what it's like to be a hacker? Definitely, I'm a cyber security student and this makes me feel like I'm good at it hahaha! It's a lot of fun, and worth the price, I got it during the Summer sale and I'd buy it again for the full price, the developers deserve it!",True,2024-06-28T10:35:52+00:00,2024-06-28T10:35:52+00:00,410.0,223.0,0.0,14.0,1.0,0.6817878484725952,True,False,False,False,76561198018833212,,25.0,False,False,389,80,6.833333333333333,3.716666666666667,3-10h,positive
18557951,365450,hacknet,Hacknet,english,"An immersive blend of realistic technologies and concepts used in actual hacking / penetration testing with hollywood esque fancy displays.  

I especially love the references to real-world technologies (FTP, SSH, SMTP, Linux commands and utilizes like SCP and CAT, HTML source code, ForkBomb, etc).

If Uplink: Hacker Elite was akin to 1980-1990s era computing environments, Hacknet is to more contemporary computing.

DEFINITELY recommended for any hack sim fan.","An immersive blend of realistic technologies and concepts used in actual hacking / penetration testing with hollywood esque fancy displays. I especially love the references to real-world technologies (FTP, SSH, SMTP, Linux commands and utilizes like SCP and CAT, HTML source code, ForkBomb, etc). If Uplink: Hacker Elite was akin to 1980-1990s era computing environments, Hacknet is to more contemporary computing. DEFINITELY recommended for any hack sim fan.",True,2015-10-18T21:43:01+00:00,2015-10-18T21:43:01+00:00,503.0,495.0,0.0,14.0,1.0,0.6631183624267578,True,False,False,False,76561197991960778,,3.0,False,False,459,68,8.383333333333333,8.25,3-10h,positive
69611400,365450,hacknet,Hacknet,english,"Hacknet is a fantasic pseudohacker game! It got an interesting story that you figure out along the way as you join different hacker organizations and hacking your way through different computers and networks. It's not too hard to figure out what to do in-game either, the hacking process is simple and everything you need to know can be found in-game.

I'd say you get quite immersed in the hacking and there's nothing as sweet as managing to hack through a really secured network. I recommend this game for everyone who either enjoys these type of games or are interested in getting into them!","Hacknet is a fantasic pseudohacker game! It got an interesting story that you figure out along the way as you join different hacker organizations and hacking your way through different computers and networks. It's not too hard to figure out what to do in-game either, the hacking process is simple and everything you need to know can be found in-game. I'd say you get quite immersed in the hacking and there's nothing as sweet as managing to hack through a really secured network. I recommend this game for everyone who either enjoys these type of games or are interested in getting into them!",True,2020-05-22T15:46:12+00:00,2020-05-22T15:46:12+00:00,572.0,437.0,0.0,13.0,1.0,0.6910383105278015,True,False,False,False,76561198045732011,,244.0,False,False,593,103,9.533333333333333,7.283333333333333,3-10h,positive
32796816,365450,hacknet,Hacknet,english,"If you're old enough to remember the movie hackers and growing up wishing that computers were actually like that this is the game for you. ESPECIALLY if you played the criminally underrated uplink from the early 2000s. The main game is pretty short, 8 or so hours but the expanision adds a great deal of content and the whole experience is really immersive and fun. The DLC even contains one of the better meta gaming sections in recent memory. Full price its worth it, on sale you'd be crazy to pass it up. 

Be sure to get some cool late 90s electronica to put on and for the love of god don't forget to clap your hands and say ""I'm in"" and ""I'm accessing the mainframe now"" when you get to those things, you owe it to younger you.","If you're old enough to remember the movie hackers and growing up wishing that computers were actually like that this is the game for you. ESPECIALLY if you played the criminally underrated uplink from the early 2000s. The main game is pretty short, 8 or so hours but the expanision adds a great deal of content and the whole experience is really immersive and fun. The DLC even contains one of the better meta gaming sections in recent memory. Full price its worth it, on sale you'd be crazy to pass it up. Be sure to get some cool late 90s electronica to put on and for the love of god don't forget to clap your hands and say ""I'm in"" and ""I'm accessing the mainframe now"" when you get to those things, you owe it to younger you.",True,2017-06-26T02:23:26+00:00,2017-06-26T02:23:26+00:00,1004.0,959.0,0.0,13.0,3.0,0.6793003082275391,True,False,False,False,76561198089397163,,3.0,False,False,731,139,16.733333333333334,15.983333333333333,10h+,positive
35810120,365450,hacknet,Hacknet,english,"TL;DR - Be the best Hackerman you can be just for a few bucks. Don't missout and be a scriptkiddie like Newman on Jurassic Park, a dinosaur ate his face...don't let a dinosaur eat your face.

***UPDATE - I finally played the DLC ""Labyrinths"" and damn, Picking it it up is a must if your gonna play this game. It opens up so much more and shows you easily what a Hacknet 2 could be.

After playing a game like Mainlining, I felt i had a love for a new genre of game but that game specifically just didn't satisfy me enough, it was wayyy to easy. I needed to know what the next level up from there was. After looking around a bit I found several other Hacker-esk types of games but only 2 specifically called out to me, Uplink and Hacknet. While it seems definitively that Uplink is the top dog in this genres arena, I gotta admit i didn't want to step into something that might be too overwhelming for me, so I went with Hacknet; the game people say is its spiritual sequel.

Having played this game now on my 3rd play through 35hrs in(pre dlc) i gotta say i think im in love. This game just feels right in a lot of places as to what you would want from a game like this.

The story while Is short and leaves some questions unanswered. It definitely makes you feel like you are part of its world for the most part. The fact that the world is open enough to have hidden crevices/coves of information to find behind hacked emails and encrypted documents, well outside of whatever story or mission you are focused on is more than enough to feel like this is a fun sandbox to play in.

The Interface is pretty much the only graphics you get but even so it does the job. And since you can change the theme/layout later in the game, the preference is on you, they all look great to me though.

The Music is amazing (some of it feels as good as a Hotline Miami soundtrack), it's sometimes perfectly in the foreground at times syncing to what you have to deal with at the moment and other times its just softly in the background letting you focus on what you need to do next.

This game is so simple but ingenious once you dive into it. I would recommend anyone that don't mind a bit of reading and some critical thinking puzzles pick this up.","TL;DR - Be the best Hackerman you can be just for a few bucks. Don't missout and be a scriptkiddie like Newman on Jurassic Park, a dinosaur ate his face...don't let a dinosaur eat your face. ***UPDATE - I finally played the DLC ""Labyrinths"" and damn, Picking it it up is a must if your gonna play this game. It opens up so much more and shows you easily what a Hacknet 2 could be. After playing a game like Mainlining, I felt i had a love for a new genre of game but that game specifically just didn't satisfy me enough, it was wayyy to easy. I needed to know what the next level up from there was. After looking around a bit I found several other Hacker-esk types of games but only 2 specifically called out to me, Uplink and Hacknet. While it seems definitively that Uplink is the top dog in this genres arena, I gotta admit i didn't want to step into something that might be too overwhelming for me, so I went with Hacknet; the game people say is its spiritual sequel. Having played this game now on my 3rd play through 35hrs in(pre dlc) i gotta say i think im in love. This game just feels right in a lot of places as to what you would want from a game like this. The story while Is short and leaves some questions unanswered. It definitely makes you feel like you are part of its world for the most part. The fact that the world is open enough to have hidden crevices/coves of information to find behind hacked emails and encrypted documents, well outside of whatever story or mission you are focused on is more than enough to feel like this is a fun sandbox to play in. The Interface is pretty much the only graphics you get but even so it does the job. And since you can change the theme/layout later in the game, the preference is on you, they all look great to me though. The Music is amazing (some of it feels as good as a Hotline Miami soundtrack), it's sometimes perfectly in the foreground at times syncing to what you have to deal with at the moment and other times its just softly in the background letting you focus on what you need to do next. This game is so simple but ingenious once you dive into it. I would recommend anyone that don't mind a bit of reading and some critical thinking puzzles pick this up.",True,2017-10-18T03:50:34+00:00,2017-11-22T21:00:04+00:00,3405.0,3314.0,0.0,13.0,2.0,0.6489431262016296,False,False,False,False,76561198105083226,,22.0,False,False,2227,427,56.75,55.233333333333334,10h+,positive
43791240,365450,hacknet,Hacknet,english,"A great immersive game for any one with interest in any form of network penetration procedures.

The game utilises basic real life UNiX commands to some extent though being a game it's still far from what it takes to be a real life hacker but what gives....can't have too many hackers out there can we? xD

Apart from teaching some basic UNIX commands, Hacknet can teach beginners basic networking terms and protocols.

The gameplay is great, U.I is sublime which is all complimemted by a great storyline.

I'd recommended this game any day.","A great immersive game for any one with interest in any form of network penetration procedures. The game utilises basic real life UNiX commands to some extent though being a game it's still far from what it takes to be a real life hacker but what gives....can't have too many hackers out there can we? xD Apart from teaching some basic UNIX commands, Hacknet can teach beginners basic networking terms and protocols. The gameplay is great, U.I is sublime which is all complimemted by a great storyline. I'd recommended this game any day.",True,2018-07-28T06:56:09+00:00,2018-07-28T06:56:09+00:00,189.0,152.0,0.0,13.0,2.0,0.6382161974906921,True,False,False,False,76561198357182606,,4.0,False,False,537,93,3.15,2.533333333333333,1-3h,positive
68576155,365450,hacknet,Hacknet,english,"The Sequencer mission with Carpenter Brut's ""Roller Mobster"" banging through the speakers will always be in my memories. Never have I ever felt this excitement and immersion in a game before as in this moment. And never have I ever typed so fast.

What a lovely game.","The Sequencer mission with Carpenter Brut's ""Roller Mobster"" banging through the speakers will always be in my memories. Never have I ever felt this excitement and immersion in a game before as in this moment. And never have I ever typed so fast. What a lovely game.",True,2020-05-04T21:01:33+00:00,2020-05-04T21:05:17+00:00,485.0,476.0,0.0,12.0,0.0,0.6788510680198669,False,False,False,False,76561197995812461,,8.0,False,False,266,47,8.083333333333334,7.933333333333334,3-10h,positive
82992331,365450,hacknet,Hacknet,english,"Easily one of my favorite games of all time. The terminal isn't 100% a Linux/Unix terminal, but the fact that it operates almost exactly like one (albeit with only a few commands), coupled with the impressive and actually somewhat customizable UI, the fun characters and missions, and the immersive plot, makes this a game I can't recommend enough for both cybersecurity/ethical hacking nerds like myself and even casual players with an interest in hacking. It's not completely realistic, and it doesn't need to be. The lengths the game went to are MORE than enough for me.","Easily one of my favorite games of all time. The terminal isn't 100% a Linux/Unix terminal, but the fact that it operates almost exactly like one (albeit with only a few commands), coupled with the impressive and actually somewhat customizable UI, the fun characters and missions, and the immersive plot, makes this a game I can't recommend enough for both cybersecurity/ethical hacking nerds like myself and even casual players with an interest in hacking. It's not completely realistic, and it doesn't need to be. The lengths the game went to are MORE than enough for me.",True,2020-12-23T21:35:57+00:00,2020-12-23T21:35:57+00:00,815.0,329.0,0.0,12.0,0.0,0.6542904376983643,False,False,False,False,76561198189267170,,1.0,False,False,573,96,13.583333333333334,5.483333333333333,3-10h,positive
34222362,365450,hacknet,Hacknet,english,"I can definitely recommend Hacknet, which even though it has its flaws (like every game, though, let's be honest) manages to deliver amazing and unforgettable situations which you'll definitely love. It is also one of the most accurate hacking-themed videogames I ever seen (on what it refers to both networking concepts, hacking techniques and such).

Pros:
- Engaging and immersive story.
- Amazing soundtrack.
- Various factions and routes you can take.
- You can beat the entire game using the terminal.
- There's a Steam workshop besides the DLC, so you can get lots of hours after beating the main game.

Cons:
- A few bugs here and there, nothing really gamebreaking.","I can definitely recommend Hacknet, which even though it has its flaws (like every game, though, let's be honest) manages to deliver amazing and unforgettable situations which you'll definitely love. It is also one of the most accurate hacking-themed videogames I ever seen (on what it refers to both networking concepts, hacking techniques and such). Pros: - Engaging and immersive story. - Amazing soundtrack. - Various factions and routes you can take. - You can beat the entire game using the terminal. - There's a Steam workshop besides the DLC, so you can get lots of hours after beating the main game. Cons: - A few bugs here and there, nothing really gamebreaking.",True,2017-08-13T20:42:32+00:00,2017-08-13T20:42:32+00:00,626.0,626.0,0.0,12.0,0.0,0.632723867893219,False,False,False,False,76561198056841864,,124.0,False,False,672,113,10.433333333333334,10.433333333333334,10h+,positive
123747580,365450,hacknet,Hacknet,english,"It's so immersive, I said ""I'm in!"" after every hack.  My discord group was so annoyed.  Worth it!","It's so immersive, I said ""I'm in!"" after every hack. My discord group was so annoyed. Worth it!",True,2022-10-12T23:54:17+00:00,2022-10-12T23:54:17+00:00,843.0,843.0,0.0,12.0,12.0,0.6008468270301819,True,False,False,False,76561199054498209,,9.0,False,False,96,18,14.05,14.05,10h+,positive
228985718,365450,hacknet,Hacknet,english,"Hacknet does a great job making you feel like you're actually navigating a computer system without becoming overwhelmingly complex. The command-line interface is approachable, and uncovering the story through missions is surprisingly engaging. It's a clever hacking simulator that's both immersive and consistently fun from beginning to end.","Hacknet does a great job making you feel like you're actually navigating a computer system without becoming overwhelmingly complex. The command-line interface is approachable, and uncovering the story through missions is surprisingly engaging. It's a clever hacking simulator that's both immersive and consistently fun from beginning to end.",True,2026-06-27T18:08:16+00:00,2026-06-27T18:08:16+00:00,316.0,316.0,0.0,11.0,0.0,0.6484659910202026,True,False,False,False,76561199026195605,,756.0,False,False,341,48,5.266666666666667,5.266666666666667,3-10h,positive
62162890,365450,hacknet,Hacknet,english,"what I liked: the game
what I didn't like: that I had to stop playing it (ran out of game to play)

the scenario was incredibly immersive, and I felt compelled to play the game until the wee hours of the morning in order to solve the mystery quickly. there was a looming sense of danger and imminence the whole time -- getting counter-hacked or traced was *scary*.

part of what made it so easy to get into the shoes of the player character was how the game makes it feel like you're learning the same skills as you go that your character is, not just gaining abstract representations of skills. does this game teach you how to hack? no. but with a little suspension of disbelief, does it *feel* like it is? absolutely. 10/10","what I liked: the game what I didn't like: that I had to stop playing it (ran out of game to play) the scenario was incredibly immersive, and I felt compelled to play the game until the wee hours of the morning in order to solve the mystery quickly. there was a looming sense of danger and imminence the whole time -- getting counter-hacked or traced was *scary*. part of what made it so easy to get into the shoes of the player character was how the game makes it feel like you're learning the same skills as you go that your character is, not just gaining abstract representations of skills. does this game teach you how to hack? no. but with a little suspension of disbelief, does it *feel* like it is? absolutely. 10/10",True,2020-01-21T02:06:10+00:00,2020-01-21T02:06:10+00:00,625.0,625.0,0.0,11.0,1.0,0.6426869630813599,False,False,False,False,76561198064771632,,4.0,False,False,723,135,10.416666666666666,10.416666666666666,10h+,positive
176161654,365450,hacknet,Hacknet,english,"Before this game I was extremely averse to any idea of coding (scratch trauma). The game really walked me through what commands are and how to generally use them without directly giving me the answers, the directory function was super helpful. 

I felt like I could actually visualize myself going through different files and directories without feeling totally lost like I used to. Sure it might be unrealistic to a real ""hacking scenario"", but how would I know that! Anyways I'm taking a python class now and this game helped me understand the basic concepts and how to move through files a lot better. 

This game was frustrating initially for someone who knew literally nothing about coding in the beginning, but it was like a puzzle I got to figure out over time which was really rewarding. I would recommend this game if your thinking about trying coding. 5 stars!!!","Before this game I was extremely averse to any idea of coding (scratch trauma). The game really walked me through what commands are and how to generally use them without directly giving me the answers, the directory function was super helpful. I felt like I could actually visualize myself going through different files and directories without feeling totally lost like I used to. Sure it might be unrealistic to a real ""hacking scenario"", but how would I know that! Anyways I'm taking a python class now and this game helped me understand the basic concepts and how to move through files a lot better. This game was frustrating initially for someone who knew literally nothing about coding in the beginning, but it was like a puzzle I got to figure out over time which was really rewarding. I would recommend this game if your thinking about trying coding. 5 stars!!!",True,2024-10-01T15:54:22+00:00,2024-10-01T15:54:22+00:00,1021.0,867.0,0.0,10.0,1.0,0.645449697971344,True,False,False,False,76561199151671324,,1.0,False,False,868,150,17.016666666666666,14.45,10h+,positive
80346525,365450,hacknet,Hacknet,english,"I love this game, and I am still yet to complete it.. Everytime I replay, I must try to remember all of the commands and such, but that's the fun part. Great immersion and makes you feel like a badass once you get the hang of it.","I love this game, and I am still yet to complete it.. Everytime I replay, I must try to remember all of the commands and such, but that's the fun part. Great immersion and makes you feel like a badass once you get the hang of it.",True,2020-11-26T15:34:55+00:00,2020-11-26T15:34:55+00:00,4676.0,2537.0,0.0,10.0,0.0,0.6287025213241577,False,False,False,False,76561198050664918,,11.0,False,False,229,47,77.93333333333334,42.28333333333333,10h+,positive
17549351,365450,hacknet,Hacknet,english,"This game is great. It makes you feel like a real hacker and everything which I really liked. It takes thought and I found myself getting stuck multiple times throughout the game. A few bugs here and there (nothing game breaking on my side).

My only complaint about this game is the Ending. I don't want to spoil much but it felt unfinished :/ I feel like it was too rushed.

EDIT: You can finish the game without learning a lot about the story which what happened to me. After seeing what I missed I have to take my last statment back. The ending wasn't rushed if you make sure you don't miss any of it :)

I still like the game and I think it's worth the 10$.",This game is great. It makes you feel like a real hacker and everything which I really liked. It takes thought and I found myself getting stuck multiple times throughout the game. A few bugs here and there (nothing game breaking on my side). My only complaint about this game is the Ending. I don't want to spoil much but it felt unfinished :/ I feel like it was too rushed. EDIT: You can finish the game without learning a lot about the story which what happened to me. After seeing what I missed I have to take my last statment back. The ending wasn't rushed if you make sure you don't miss any of it :) I still like the game and I think it's worth the 10$.,True,2015-08-15T11:27:44+00:00,2015-08-15T13:08:22+00:00,732.0,732.0,0.0,10.0,0.0,0.614725649356842,True,False,False,False,76561198047978336,,94.0,False,False,659,129,12.2,12.2,10h+,positive
97635799,365450,hacknet,Hacknet,english,"i pulled an allnighter playing this game and im exhausted so i'll keep this somewhat brief, tldr at end; very immersive and fun! certain moments are very challenging and sort of frightening, haha - while there are no jumpscares, there are sudden noises (again nothing scary, mostly intense beeps and whatnot - just very sudden) which kept me on edge CONSTANTLY, but in a good way.
what i like the most about this game is the immersiveness - i really like how it makes you feel like an actual hacker and how part of the challenge comes from everything you have to keep in mind concerning security, commands, time sensitivity, etc. - it feels confusing at first but by the end of the main storyline they'll feel like second nature which makes it all the more satisfying when/if you succeed. the hidden commands/files/conversations etc. are satisfying to find as well, and some of them are rly funny lol.
the storyline is very good also - i was not expecting to be brought to near tears from it, or to be questioning my morals at certain points. i wont spoil anything but i would definitely give it a playthru if just to see the story to its end. i liked it a lot. will be playing more after a nap for secret ending lol

story: 8/10 (will probably think about it for days after)
soundtrack: 9/10 (very fitting and put me in the right mindset)
gameplay: 10/10 (super creative cannot stress this enough)
visual design: 7/10 (as pretty and customizable as a computer terminal can be)
difficulty: 8/10

total: 8.4/10 would hack again","i pulled an allnighter playing this game and im exhausted so i'll keep this somewhat brief, tldr at end; very immersive and fun! certain moments are very challenging and sort of frightening, haha - while there are no jumpscares, there are sudden noises (again nothing scary, mostly intense beeps and whatnot - just very sudden) which kept me on edge CONSTANTLY, but in a good way. what i like the most about this game is the immersiveness - i really like how it makes you feel like an actual hacker and how part of the challenge comes from everything you have to keep in mind concerning security, commands, time sensitivity, etc. - it feels confusing at first but by the end of the main storyline they'll feel like second nature which makes it all the more satisfying when/if you succeed. the hidden commands/files/conversations etc. are satisfying to find as well, and some of them are rly funny lol. the storyline is very good also - i was not expecting to be brought to near tears from it, or to be questioning my morals at certain points. i wont spoil anything but i would definitely give it a playthru if just to see the story to its end. i liked it a lot. will be playing more after a nap for secret ending lol story: 8/10 (will probably think about it for days after) soundtrack: 9/10 (very fitting and put me in the right mindset) gameplay: 10/10 (super creative cannot stress this enough) visual design: 7/10 (as pretty and customizable as a computer terminal can be) difficulty: 8/10 total: 8.4/10 would hack again",True,2021-08-15T20:05:28+00:00,2021-08-15T20:05:28+00:00,916.0,833.0,0.0,9.0,0.0,0.6181371808052063,True,False,False,False,76561198258730241,,4.0,False,False,1524,272,15.266666666666667,13.883333333333333,10h+,positive
86031595,365450,hacknet,Hacknet,english,It makes you feel smart,It makes you feel smart,True,2021-02-05T22:07:14+00:00,2021-02-05T22:07:14+00:00,560.0,201.0,0.0,9.0,11.0,0.6102538108825684,False,False,False,False,76561198252996589,,51.0,False,False,23,5,9.333333333333334,3.35,3-10h,positive
51572990,365450,hacknet,Hacknet,english,"Phenomenal. No need of prior coding knowledge as the tutorials sums it up well. Engaging hacker sim that throws puzzles at you with a gradual difficulty ascension. The difficulty scales with how well you search/ hack into other devices and servers which ultimately corresponds with how much you enjoy the experience. Makes you feel like a proper hacker with basic input lines that you can auto fill. Lets you have the freedom of exploration in which you can experiment with different code or tactics that the game lets you figure out on your own. Great music, great UI and oh my lawd the final mission... Amazing little gem that somewhat flew under the radar","Phenomenal. No need of prior coding knowledge as the tutorials sums it up well. Engaging hacker sim that throws puzzles at you with a gradual difficulty ascension. The difficulty scales with how well you search/ hack into other devices and servers which ultimately corresponds with how much you enjoy the experience. Makes you feel like a proper hacker with basic input lines that you can auto fill. Lets you have the freedom of exploration in which you can experiment with different code or tactics that the game lets you figure out on your own. Great music, great UI and oh my lawd the final mission... Amazing little gem that somewhat flew under the radar",True,2019-06-29T02:10:28+00:00,2019-06-29T02:10:28+00:00,1276.0,1276.0,0.0,9.0,0.0,0.6096748113632202,False,False,False,False,76561198313824252,,8.0,False,False,658,114,21.266666666666666,21.266666666666666,10h+,positive
