review_id,steam_app_id,game_key,game_name,language,review_text_raw,review_text_clean,recommended,created_at,updated_at,playtime_forever_minutes,playtime_at_review_minutes,playtime_last_two_weeks_minutes,votes_up,votes_funny,weighted_vote_score,steam_purchase,received_for_free,written_during_early_access,refunded,author_steam_id,author_num_games_owned,author_num_reviews,is_empty,is_very_short,review_length_chars,review_length_words,playtime_forever_hours,playtime_at_review_hours,playtime_segment,overall_sentiment
99236441,365450,hacknet,Hacknet,english,"I'm not entirely sure what the target demographic is for this game. It's an ostensibly terminal-based game running on a UNIX platform, but it has minimal overlap with bash commands, and trying to treat it like bash will only get you confused. 

So, this must be aimed at people without any tech background. However, how much fun can someone uninterested enough in coding to not care about this have, if all they're doing is typing in the same auto-completing commands over and over into a terminal?

Oh, and you can't scroll on the terminal, too. On the other hand, the GUI is both cluttered and unintuitive. Everything feels horrid to use.

It claims to feature ""REAL HACKING"", but the hacking consists of running magic hack spells via the terminal, and, if you DO know anything about hacking, that makes a lot of what the game asks of you feel obtuse. It took me so long to realise that I was supposed to open up a shell on my own PC, which, if crashed, would somehow take down a proxy server hosted elsewhere? I was assuming I had to find some kind of initial access mechanism to bypass the proxy and execute shellcode on the target PC, but, uh, I guess crashing the equivalent of cmd.exe on my computer really is the future of hacking.

The story is okay, I guess. At least it was easy to 100%.

My advice to anyone interested in a hacking-type game aimed at beginners is to check out the (free!) OverTheWire Bandit wargame, instead; it's fun, and it'll actually teach you something useful.","I'm not entirely sure what the target demographic is for this game. It's an ostensibly terminal-based game running on a UNIX platform, but it has minimal overlap with bash commands, and trying to treat it like bash will only get you confused. So, this must be aimed at people without any tech background. However, how much fun can someone uninterested enough in coding to not care about this have, if all they're doing is typing in the same auto-completing commands over and over into a terminal? Oh, and you can't scroll on the terminal, too. On the other hand, the GUI is both cluttered and unintuitive. Everything feels horrid to use. It claims to feature ""REAL HACKING"", but the hacking consists of running magic hack spells via the terminal, and, if you DO know anything about hacking, that makes a lot of what the game asks of you feel obtuse. It took me so long to realise that I was supposed to open up a shell on my own PC, which, if crashed, would somehow take down a proxy server hosted elsewhere? I was assuming I had to find some kind of initial access mechanism to bypass the proxy and execute shellcode on the target PC, but, uh, I guess crashing the equivalent of cmd.exe on my computer really is the future of hacking. The story is okay, I guess. At least it was easy to 100%. My advice to anyone interested in a hacking-type game aimed at beginners is to check out the (free!) OverTheWire Bandit wargame, instead; it's fun, and it'll actually teach you something useful.",False,2021-09-12T15:15:43+00:00,2021-09-13T02:44:04+00:00,1264.0,1264.0,0.0,338.0,21.0,0.8038148283958435,False,False,False,False,76561198031460254,,24.0,False,False,1488,268,21.066666666666666,21.066666666666666,10h+,negative
30889723,365450,hacknet,Hacknet,english,"I’m not entirely sure what to think about this game. I feel like this game had the potential to be a lot more interesting than it turned out to be. I did have fun with this game and thought some of the missions were interesting. But, I can’t really figure out what this game is trying to be and I came away with the feeling that this game isn’t really finished. 

In terms of hacking and the operating system, it’s fairly weak and, at times, frustrating. The hacking programs you run are basically magic in terms of how powerful they are. They work on anything and require no modification based on the target. The challenge comes from managing your bizarre computer’s memory system and timing attacks to avoid the hollywood-style ‘tracing’. The simplified hacking mechanics aren’t a bad thing, I think. Real hacking elements would make the game extremely complicated, tedious, and boring. 

But, that aside, there are weird limitations on what you can do and what exists in the world. The operating system commands you run are unix-based, but quickly get frustrating to use for anyone familiar with *nix command lines. Autocompletion and wildcards are inconsistent (‘rm *’ works but not ‘rm file_*’). There is no cp (copy), mkdir, rmdir, rsync, or recursion-supported operations. There isn’t even a text editor of any kind, opting for a bizarre ‘replace’ to replace strings in a given file. This just causes more frustration than anything as folders become cluttered and basic OS actions can't be done.

As for the world, hacking into servers and snooping around is fun… to a point. You can read other people’s emails, deface websites, and steal files, which is fun! Then you realize that most of the files you discover are copy-pasted bash.org quotes or filler files which you can’t do anything with. Also, you’re strongly told early on to remove the log files you leave behind when hacking a server, but I’ve yet to find an instance where there are any consequences for not doing so outside of one mission. Finally, and probably my biggest problem, is that you’re pretty much the only active user on the entire internet. You’ll never accidentally encounter another hacker when breaking into a server and you’ll (with one exception) never find log files or evidence of dynamic activity from anyone else on the internet. The world is completely static, apart from a few scripted events. Maybe if there were random encounters or events with other hackers where both of you have the ability to hack each other and other servers, the world wouldn’t feel so static and empty and it would keep you on your toes a bit more. 

The investigation and puzzle aspects of the game are interesting. But, the large number of typos,  grammar mistakes (not sure if these two are intentional or not), and questionable writing can be distracting and confusing. That said, I still had fun. There are times where the missions can be very interesting and even disturbing. And, occasionally, there are times where you have to be clever to solve a puzzle or find a missing piece of information. But, those events are far and few in between. Most of the ‘contracts’ start to feel tedious pretty quickly.

I hate that there is no option inbetween the thumbs up and down, because I think the game is still fun. But, comparing how much I liked to how much I didn’t like, I have to give it a thumbs down. This game has great ideas, it just hasn’t fleshed them out enough.","I’m not entirely sure what to think about this game. I feel like this game had the potential to be a lot more interesting than it turned out to be. I did have fun with this game and thought some of the missions were interesting. But, I can’t really figure out what this game is trying to be and I came away with the feeling that this game isn’t really finished. In terms of hacking and the operating system, it’s fairly weak and, at times, frustrating. The hacking programs you run are basically magic in terms of how powerful they are. They work on anything and require no modification based on the target. The challenge comes from managing your bizarre computer’s memory system and timing attacks to avoid the hollywood-style ‘tracing’. The simplified hacking mechanics aren’t a bad thing, I think. Real hacking elements would make the game extremely complicated, tedious, and boring. But, that aside, there are weird limitations on what you can do and what exists in the world. The operating system commands you run are unix-based, but quickly get frustrating to use for anyone familiar with *nix command lines. Autocompletion and wildcards are inconsistent (‘rm *’ works but not ‘rm file_*’). There is no cp (copy), mkdir, rmdir, rsync, or recursion-supported operations. There isn’t even a text editor of any kind, opting for a bizarre ‘replace’ to replace strings in a given file. This just causes more frustration than anything as folders become cluttered and basic OS actions can't be done. As for the world, hacking into servers and snooping around is fun… to a point. You can read other people’s emails, deface websites, and steal files, which is fun! Then you realize that most of the files you discover are copy-pasted bash.org quotes or filler files which you can’t do anything with. Also, you’re strongly told early on to remove the log files you leave behind when hacking a server, but I’ve yet to find an instance where there are any consequences for not doing so outside of one mission. Finally, and probably my biggest problem, is that you’re pretty much the only active user on the entire internet. You’ll never accidentally encounter another hacker when breaking into a server and you’ll (with one exception) never find log files or evidence of dynamic activity from anyone else on the internet. The world is completely static, apart from a few scripted events. Maybe if there were random encounters or events with other hackers where both of you have the ability to hack each other and other servers, the world wouldn’t feel so static and empty and it would keep you on your toes a bit more. The investigation and puzzle aspects of the game are interesting. But, the large number of typos, grammar mistakes (not sure if these two are intentional or not), and questionable writing can be distracting and confusing. That said, I still had fun. There are times where the missions can be very interesting and even disturbing. And, occasionally, there are times where you have to be clever to solve a puzzle or find a missing piece of information. But, those events are far and few in between. Most of the ‘contracts’ start to feel tedious pretty quickly. I hate that there is no option inbetween the thumbs up and down, because I think the game is still fun. But, comparing how much I liked to how much I didn’t like, I have to give it a thumbs down. This game has great ideas, it just hasn’t fleshed them out enough.",False,2017-04-02T00:47:30+00:00,2017-04-02T18:00:14+00:00,585.0,585.0,0.0,162.0,6.0,0.7734000086784363,True,False,False,False,76561197977205782,,84.0,False,False,3434,597,9.75,9.75,3-10h,negative
23442446,365450,hacknet,Hacknet,english,"PREFACE: I only played this game for one hour, and this may be a biased review, but so far I didn't see anything worth pursuing. The game may get interesting further down, but it just didn't pique my interesting so far.

This game does way too much hand holding to be enjoyable. If you're a casual gamer who wants to get the feeling that you're a cool hacker, go for it, but if you want any actual challenge, this game is not for you.

The whole game is just reading long emails trying to get the important information, then running the same sequence of commands over and over for every challenge. Every time they want to make it harder, they just add one more command to this sequence and repeat the same process.

There was very little problem solving or experimenting happening, which to me is what hacking is all about. Trying things out yourself and learning new tools. Not someone telling you what to do each step of the way.

The terminal interface was neat and the soundtrack was banging, but the game was just too bland and repetitive to be enjoyable.","PREFACE: I only played this game for one hour, and this may be a biased review, but so far I didn't see anything worth pursuing. The game may get interesting further down, but it just didn't pique my interesting so far. This game does way too much hand holding to be enjoyable. If you're a casual gamer who wants to get the feeling that you're a cool hacker, go for it, but if you want any actual challenge, this game is not for you. The whole game is just reading long emails trying to get the important information, then running the same sequence of commands over and over for every challenge. Every time they want to make it harder, they just add one more command to this sequence and repeat the same process. There was very little problem solving or experimenting happening, which to me is what hacking is all about. Trying things out yourself and learning new tools. Not someone telling you what to do each step of the way. The terminal interface was neat and the soundtrack was banging, but the game was just too bland and repetitive to be enjoyable.",False,2016-06-07T21:43:08+00:00,2016-06-13T00:16:28+00:00,72.0,72.0,0.0,95.0,4.0,0.5684182643890381,True,False,False,False,76561197976086060,,129.0,False,False,1056,193,1.2,1.2,1-3h,negative
127927053,365450,hacknet,Hacknet,english,"Great idea - terrible execution. For the whole duration of the game you perform same actions again, again and again. And again. Oh, and AGAIN. The totally optional Clicker mini-game and tutorial are the best and most memorable parts of it, and that's saying something.

All of this game's content can be listed as follows:
do {

*check your email, get contract details*
probe
-- Oh, heck, a proxy again.
connect xxx.xxx.xxx.xxx
shell
connect sss.sss.sss.sss
connect yyy.yyy.yyy.yyy
shell
connect sss.sss.sss.sss
connect zzz.zzz.zzz.zzz
shell
connect sss.sss.sss.sss
connect... -- nah, that's probably enough, I still need to ""hack"" that firewall.
*overloading proxy*
analyze
analyze
analyze
analyze
analyze
*Proxy bypassed*
analyze
analyze
analyze
analyze
solve XXXXXXX
WebServerWorm 80
SMTPoverflow 25
FTPbounce 21
SSHcrack 22
*waiting until the end of it*
porthack
*waiting again*
-- Finally.
*doing same repeatative stuff on the hacked machine, clear logs, disconnect*

} while true;

And that's about it. You don't even have to think. At all. More than that, you actually CAN'T think to improve something in your game. Everything you do here is just following instructions like a machine. Bypass Propxy, solve Firewall, open ports, hack ports, get data, clear logs, disconnect, rinse and repeat. Since I didn't actually finish the game, I guess there will be more ""hacking tools"" introduced, but it won't change anything. The core of the game stays the same - just mindless repetition. This has nothing to do with actual cybersecurity business.

The moral side of some contracts is also questionable, to say the least. They want you to:
- get a private medical card of a person (for the sake of curiosity of some idiot forum-dweller);
- forge a degree for some ""ally guy"" of the (illegal) group you're working for.
- bring the secret [strike]KFC[/strike]CFC spice recepie out to the public, just, you know, for fun;
And that's only what I've encountered so far.

Some of the more ""officially looking"" contracts also make little sense. Like the one given to you by a high school administration, where you need to get IT admin password, so the administration can personally investigate a suspicion of IT department sharing student's emails data with outsiders (presumably, student's parents). It's so ridiculously stupid it could actually be another (one of many) dev's attempt at humour.


A word of advice:
If you suddenly became interested in all this ""terminal net graph hacker cool"" thing, just get VMWare\Oracle, download some Linux distros and build your own virtual network to play with. Way more fun, inherently legal and educative way of spending hours upon hours of your time typing stuff in CLI.","Great idea - terrible execution. For the whole duration of the game you perform same actions again, again and again. And again. Oh, and AGAIN. The totally optional Clicker mini-game and tutorial are the best and most memorable parts of it, and that's saying something. All of this game's content can be listed as follows: do { *check your email, get contract details* probe -- Oh, heck, a proxy again. connect xxx.xxx.xxx.xxx shell connect sss.sss.sss.sss connect yyy.yyy.yyy.yyy shell connect sss.sss.sss.sss connect zzz.zzz.zzz.zzz shell connect sss.sss.sss.sss connect... -- nah, that's probably enough, I still need to ""hack"" that firewall. *overloading proxy* analyze analyze analyze analyze analyze *Proxy bypassed* analyze analyze analyze analyze solve XXXXXXX WebServerWorm 80 SMTPoverflow 25 FTPbounce 21 SSHcrack 22 *waiting until the end of it* porthack *waiting again* -- Finally. *doing same repeatative stuff on the hacked machine, clear logs, disconnect* } while true; And that's about it. You don't even have to think. At all. More than that, you actually CAN'T think to improve something in your game. Everything you do here is just following instructions like a machine. Bypass Propxy, solve Firewall, open ports, hack ports, get data, clear logs, disconnect, rinse and repeat. Since I didn't actually finish the game, I guess there will be more ""hacking tools"" introduced, but it won't change anything. The core of the game stays the same - just mindless repetition. This has nothing to do with actual cybersecurity business. The moral side of some contracts is also questionable, to say the least. They want you to: - get a private medical card of a person (for the sake of curiosity of some idiot forum-dweller); - forge a degree for some ""ally guy"" of the (illegal) group you're working for. - bring the secret [strike]KFC[/strike]CFC spice recepie out to the public, just, you know, for fun; And that's only what I've encountered so far. Some of the more ""officially looking"" contracts also make little sense. Like the one given to you by a high school administration, where you need to get IT admin password, so the administration can personally investigate a suspicion of IT department sharing student's emails data with outsiders (presumably, student's parents). It's so ridiculously stupid it could actually be another (one of many) dev's attempt at humour. A word of advice: If you suddenly became interested in all this ""terminal net graph hacker cool"" thing, just get VMWare\Oracle, download some Linux distros and build your own virtual network to play with. Way more fun, inherently legal and educative way of spending hours upon hours of your time typing stuff in CLI.",False,2022-12-04T16:48:48+00:00,2022-12-04T16:48:48+00:00,1409.0,1409.0,0.0,40.0,5.0,0.708287239074707,False,False,False,False,76561198806792348,,4.0,False,False,2701,434,23.483333333333334,23.483333333333334,10h+,negative
207228713,365450,hacknet,Hacknet,english,"This might just be the 10 years since launch, or my actual experience with computers, but the gameplay loop feels a bit off (pun not intended) for me. The tutorial got me curious enough with the plot to get through, but there is no substance in the base game. Haven't played the DLC, not interested.

If you are into looking at hacker-looking interfaces and typing the same half a dozen commands over and over (tab complete and up key for history available), you will enjoy it. If you want anything that is anymore puzzling than following clear instructions, look elsewhere.

Basically: 1- open an email, 2- click email attachments for a target IP and maybe add a mission summary note to the screen, 3- click a button to connect to said IP and click another button to Probe the system, 4- run the same 2-5 commands on the same list of ports, 5- browse the filesystem to either find or place a file at mostly the same folders, 6- erase all logs and disconnect, 7- repeat. That's it. The game has a simplified terminal emulator missing a few basic features but fine, you can mostly use it to get things done instead of the GUI except when emailing (mostly). There are no puzzles, the exploits are literal executables you run and wait, the only variability is whether the target machine has proxies or a firewall then you gotta login into a bunch of places you already hacked first and run a shell overload (run and wait) then run a firewall analyzer to unscramble a keyword (run and read). Sometimes you gotta disconnect before a tracing timer runs out, which is never an issue until a single mission has like a 3 seconds timer but same difference. If you do *somehow* get traced, you might need to do the one different thing and change your IP address by... following steps 1 through 6! Or just reboot. Yeah, that's it: steps 1-7, sprinkle disconnects according to timer and if something fails just reboot and resume as usual is the whole game. There are two routes if you accept an optional mission but rest assured, same gameplay eveywhere.","This might just be the 10 years since launch, or my actual experience with computers, but the gameplay loop feels a bit off (pun not intended) for me. The tutorial got me curious enough with the plot to get through, but there is no substance in the base game. Haven't played the DLC, not interested. If you are into looking at hacker-looking interfaces and typing the same half a dozen commands over and over (tab complete and up key for history available), you will enjoy it. If you want anything that is anymore puzzling than following clear instructions, look elsewhere. Basically: 1- open an email, 2- click email attachments for a target IP and maybe add a mission summary note to the screen, 3- click a button to connect to said IP and click another button to Probe the system, 4- run the same 2-5 commands on the same list of ports, 5- browse the filesystem to either find or place a file at mostly the same folders, 6- erase all logs and disconnect, 7- repeat. That's it. The game has a simplified terminal emulator missing a few basic features but fine, you can mostly use it to get things done instead of the GUI except when emailing (mostly). There are no puzzles, the exploits are literal executables you run and wait, the only variability is whether the target machine has proxies or a firewall then you gotta login into a bunch of places you already hacked first and run a shell overload (run and wait) then run a firewall analyzer to unscramble a keyword (run and read). Sometimes you gotta disconnect before a tracing timer runs out, which is never an issue until a single mission has like a 3 seconds timer but same difference. If you do *somehow* get traced, you might need to do the one different thing and change your IP address by... following steps 1 through 6! Or just reboot. Yeah, that's it: steps 1-7, sprinkle disconnects according to timer and if something fails just reboot and resume as usual is the whole game. There are two routes if you accept an optional mission but rest assured, same gameplay eveywhere.",False,2025-10-21T10:54:04+00:00,2025-10-21T10:54:04+00:00,634.0,634.0,0.0,12.0,1.0,0.6187251806259155,True,False,False,False,76561198151618990,,5.0,False,False,2039,365,10.566666666666666,10.566666666666666,10h+,negative
38339519,365450,hacknet,Hacknet,english,"Just... bad. For anyone remotely familiar with computers, this game is cringe-worthy at best. Some weird mix of unix and dos idioms that just don't exist anywhere. The shell is half-assed and inconsistent, and absolutely nothing even closely emulates the real tools which have had their names disgraced. This game might be decent if the file system behaved the way it should, but it does not. In particular:
- wildcards do not work in all commands
- there is no file management beyond rm, mv, and a unicorn scp? can't make directories or copy files on localhost
- devs don't appear to understand how file systems work: ~ and / are used interchangably through the game/tutorial/help docs
- cd can't evaluate more than one step up or down the file tree

some other things to note:
- connections to other systems just don't make sense
- cracking ssh is somehow easier/less resource intensive than screwing with an ftp server? what?
- cat to read files?? really? I smell cat abuse
- no echo?

try again... or don't?","Just... bad. For anyone remotely familiar with computers, this game is cringe-worthy at best. Some weird mix of unix and dos idioms that just don't exist anywhere. The shell is half-assed and inconsistent, and absolutely nothing even closely emulates the real tools which have had their names disgraced. This game might be decent if the file system behaved the way it should, but it does not. In particular: - wildcards do not work in all commands - there is no file management beyond rm, mv, and a unicorn scp? can't make directories or copy files on localhost - devs don't appear to understand how file systems work: ~ and / are used interchangably through the game/tutorial/help docs - cd can't evaluate more than one step up or down the file tree some other things to note: - connections to other systems just don't make sense - cracking ssh is somehow easier/less resource intensive than screwing with an ftp server? what? - cat to read files?? really? I smell cat abuse - no echo? try again... or don't?",False,2017-12-16T02:39:58+00:00,2017-12-16T02:39:58+00:00,149.0,149.0,0.0,11.0,9.0,0.32223036885261536,False,False,False,False,76561198042024041,,3.0,False,False,1009,177,2.4833333333333334,2.4833333333333334,1-3h,negative
43380381,365450,hacknet,Hacknet,english,"when i started, i really liked this game. it makes ""hacking"" simple and movie-esque.

however, after 3 missions i realized how repetitive the game is. the game is basically: open mission, click on node, run the same 6-10 commands, copy file, repeat for 6 hrs. there are some hiccups here and there, but there isn't really any challenge or consequences.

and god help you if you take a break from this game. it took me 20-30min to reintroduce myself and relearn all the commands. the ""help"" page is seriously lacking.","when i started, i really liked this game. it makes ""hacking"" simple and movie-esque. however, after 3 missions i realized how repetitive the game is. the game is basically: open mission, click on node, run the same 6-10 commands, copy file, repeat for 6 hrs. there are some hiccups here and there, but there isn't really any challenge or consequences. and god help you if you take a break from this game. it took me 20-30min to reintroduce myself and relearn all the commands. the ""help"" page is seriously lacking.",False,2018-07-07T16:38:01+00:00,2018-07-07T16:38:30+00:00,652.0,418.0,0.0,9.0,2.0,0.516410768032074,False,False,False,False,76561198384351293,,940.0,False,False,514,90,10.866666666666667,6.966666666666667,3-10h,negative
42430480,365450,hacknet,Hacknet,english,"The game is too boring and repetitive, it has no gameplay/puzzles, it's basically a scripted/guided tour to a ""hacking world"".
The atmosphere is nice but IMO not worth it because of the dull gameplay.
I did all the tutorial, all Entropy & CSEC missions (~20-25?) and they all felt the same, you have to do pretty much always the same commands to hack and you even have to wait quite a few seconds between commands, making it even more boring.

If you like games like ""interactive movies"" where you have almost no choices but you have a decent/intriguing story, play it, if not, skip it.

EDIT: Do you want a FREE, GOOD programming / hacking game? Try BitBurner!","The game is too boring and repetitive, it has no gameplay/puzzles, it's basically a scripted/guided tour to a ""hacking world"". The atmosphere is nice but IMO not worth it because of the dull gameplay. I did all the tutorial, all Entropy & CSEC missions (~20-25?) and they all felt the same, you have to do pretty much always the same commands to hack and you even have to wait quite a few seconds between commands, making it even more boring. If you like games like ""interactive movies"" where you have almost no choices but you have a decent/intriguing story, play it, if not, skip it. EDIT: Do you want a FREE, GOOD programming / hacking game? Try BitBurner!",False,2018-06-01T18:32:10+00:00,2021-07-09T22:00:53+00:00,1204.0,99.0,0.0,8.0,0.0,0.5060022473335266,False,True,False,False,76561198048194786,,77.0,False,False,659,118,20.066666666666666,1.65,1-3h,negative
43542401,365450,hacknet,Hacknet,english,"Tbh this game interests me at first, but the interest slowly dies down as the game progresses.

The puzzles are hardly challanging, in fact most of the time it is brain memory where you memorize certain keywords for a certain mission. (not commands by the way, TAB key is your savior)

Wunna hack into a PC?
Probe
Check for proxy, overload with other PCs if there is one
Check for firewall, spam analyze and solve it if there is one
Check for SSH, use SSHportHack.exe, etc

And you get the Idea. 
The way of hacking into a PC is a no-brainer task, alongside with the tasks given to you for a mission requires no thinking at all; Just follow the instructions.

And good luck editing files with replace and append only. Seems like our future PC will not have sudoedit commands or be able to handle a text editor.
(Did I mention that this game features you using a ~760MB RAM PC without having the option to upgrade?)","Tbh this game interests me at first, but the interest slowly dies down as the game progresses. The puzzles are hardly challanging, in fact most of the time it is brain memory where you memorize certain keywords for a certain mission. (not commands by the way, TAB key is your savior) Wunna hack into a PC? Probe Check for proxy, overload with other PCs if there is one Check for firewall, spam analyze and solve it if there is one Check for SSH, use SSHportHack.exe, etc And you get the Idea. The way of hacking into a PC is a no-brainer task, alongside with the tasks given to you for a mission requires no thinking at all; Just follow the instructions. And good luck editing files with replace and append only. Seems like our future PC will not have sudoedit commands or be able to handle a text editor. (Did I mention that this game features you using a ~760MB RAM PC without having the option to upgrade?)",False,2018-07-15T09:47:52+00:00,2018-07-15T09:48:29+00:00,261.0,235.0,0.0,7.0,2.0,0.5375158786773682,False,True,False,False,76561198273256802,,36.0,False,False,909,168,4.35,3.9166666666666665,3-10h,negative
43895850,365450,hacknet,Hacknet,english,"[u]I wouldn't suggest this game because in the tutorial you don't get enough information to be able to succeed. At least that's my experience.[/u]

I didn't understand how I was supposed to become an admin.
And I was still in the tutorial.
Maybe I'm just stupid ...
I have the patience to get into such deep games,
but I don't want to waste my time.

The tutorial should have been better informing.
Also, in the end you will have to know it anyway, when you want to play the game.

So I say byebye to this good looking game ... at least on the shop list.

I am glad I won this game and didn't buy it ...","[u]I wouldn't suggest this game because in the tutorial you don't get enough information to be able to succeed. At least that's my experience.[/u] I didn't understand how I was supposed to become an admin. And I was still in the tutorial. Maybe I'm just stupid ... I have the patience to get into such deep games, but I don't want to waste my time. The tutorial should have been better informing. Also, in the end you will have to know it anyway, when you want to play the game. So I say byebye to this good looking game ... at least on the shop list. I am glad I won this game and didn't buy it ...",False,2018-08-02T17:43:45+00:00,2018-08-02T17:45:09+00:00,147.0,145.0,0.0,4.0,0.0,0.5766128897666931,False,True,False,False,76561198284118830,,52.0,False,False,599,118,2.45,2.4166666666666665,1-3h,negative
28171495,365450,hacknet,Hacknet,english,"Hacknet is a game about hacking. The game opens with the Hacknet OS booting up with a message from a man named Bit, who says that if you see the message, he’s already dead. He leads you on a quest to start hacking, getting the attention of one hacker group, then a second, all to avenge his death and prevent the distribution of a hacking program.

The story itself is kind of mediocre, but it is serviceable; at its core, it is a story of corporate greed, as well as a revenge story, though by the end of it, it is pretty clear that the whole thing isn’t really as sinister as it appeared at first.

The real core of the story is the hacking – you log into various computers, break through their security mechanisms, and then are lead onto other computers. Spicing things up are timers, various mechanisms you have to bypass, and the various files and passwords and IPs you have to find to lead you on the next leg of your hunt.

Sadly, the game is plagued with poor design decisions. There are various points at which it isn’t clear what you’re supposed to be doing, and you’re left confused, only to find out you needed to hit the “reply” button on an email after breaking into a server to move on – despite the fact that the email wasn’t clear about that. At other times, you have to send them messages, and while this is usually clear (sending them an IP or password), on occasion it is not and ends up being rather frustrating.

Worse (and even more frustrating) are some outright bugs – situations where the game simply does not function like it is supposed to. Beyond there being some lost forevers in the game which are less than obvious, there’s additionally the fact that sometimes the game simply bugs out and won’t let you progress or do various things. You get a “mission incomplete” message when trying to proceed, and there’s simply no clear way around the issue. Indeed, two of the achievements require you to do things which simply don’t function half the time or more, judging by the many frustrated players who had to restart the game time and again to try and get them to work.

The UI itself is a bit obtuse at times as well; several of the hacking programs you use require additional bits of typing to execute, despite the fact that in many cases it literally never matters – it is always exactly the same number you have to punch in. And while it is neat seeing it use actual hackerish commands, ultimately there’s a lot of little pieces which just feel annoying to have to do time and again.

The only real good thing about the game is its aesthetics; which do work pretty well for what it is.

In the end, you aren’t really rewarded for your frustration. The core idea is cute enough, but in the end the game ends up being rather repetitive, and there just isn’t enough variation in the core gameplay. A mediocre story combined with sometimes unclear gating mechanics to make the game advance is just not a winning recipe for a game.

The game seems like a neat idea at first, but it just ends up being more frustrating than enjoyable to play. It isn’t worth your time or your money.
","Hacknet is a game about hacking. The game opens with the Hacknet OS booting up with a message from a man named Bit, who says that if you see the message, he’s already dead. He leads you on a quest to start hacking, getting the attention of one hacker group, then a second, all to avenge his death and prevent the distribution of a hacking program. The story itself is kind of mediocre, but it is serviceable; at its core, it is a story of corporate greed, as well as a revenge story, though by the end of it, it is pretty clear that the whole thing isn’t really as sinister as it appeared at first. The real core of the story is the hacking – you log into various computers, break through their security mechanisms, and then are lead onto other computers. Spicing things up are timers, various mechanisms you have to bypass, and the various files and passwords and IPs you have to find to lead you on the next leg of your hunt. Sadly, the game is plagued with poor design decisions. There are various points at which it isn’t clear what you’re supposed to be doing, and you’re left confused, only to find out you needed to hit the “reply” button on an email after breaking into a server to move on – despite the fact that the email wasn’t clear about that. At other times, you have to send them messages, and while this is usually clear (sending them an IP or password), on occasion it is not and ends up being rather frustrating. Worse (and even more frustrating) are some outright bugs – situations where the game simply does not function like it is supposed to. Beyond there being some lost forevers in the game which are less than obvious, there’s additionally the fact that sometimes the game simply bugs out and won’t let you progress or do various things. You get a “mission incomplete” message when trying to proceed, and there’s simply no clear way around the issue. Indeed, two of the achievements require you to do things which simply don’t function half the time or more, judging by the many frustrated players who had to restart the game time and again to try and get them to work. The UI itself is a bit obtuse at times as well; several of the hacking programs you use require additional bits of typing to execute, despite the fact that in many cases it literally never matters – it is always exactly the same number you have to punch in. And while it is neat seeing it use actual hackerish commands, ultimately there’s a lot of little pieces which just feel annoying to have to do time and again. The only real good thing about the game is its aesthetics; which do work pretty well for what it is. In the end, you aren’t really rewarded for your frustration. The core idea is cute enough, but in the end the game ends up being rather repetitive, and there just isn’t enough variation in the core gameplay. A mediocre story combined with sometimes unclear gating mechanics to make the game advance is just not a winning recipe for a game. The game seems like a neat idea at first, but it just ends up being more frustrating than enjoyable to play. It isn’t worth your time or your money.",False,2016-12-03T22:36:56+00:00,2016-12-03T22:36:56+00:00,735.0,735.0,0.0,4.0,0.0,0.47309982776641846,False,False,False,False,76561198003970062,,385.0,False,False,3101,573,12.25,12.25,10h+,negative
31498998,365450,hacknet,Hacknet,english,"I feel like if you don't have basic knowledge of command lines and the like this game is too difficult. I was hoping for it to start like 'Hacking for Dummies' and then get to the more difficult bits but I feel like after the very short tutorial it just threw you to the sharks. RIP. 

I'll probably actually go through this game once I have a friend playing it with me to explain and actually remind me things as we go along. . . but on my own even just just on the second email I'm sitting here dumbfounded trying to follow instructions on what I need to do. Sigh.",I feel like if you don't have basic knowledge of command lines and the like this game is too difficult. I was hoping for it to start like 'Hacking for Dummies' and then get to the more difficult bits but I feel like after the very short tutorial it just threw you to the sharks. RIP. I'll probably actually go through this game once I have a friend playing it with me to explain and actually remind me things as we go along. . . but on my own even just just on the second email I'm sitting here dumbfounded trying to follow instructions on what I need to do. Sigh.,False,2017-05-02T03:05:32+00:00,2017-05-02T03:05:32+00:00,49.0,49.0,0.0,4.0,1.0,0.42605292797088623,True,False,False,False,76561198012714596,,3.0,False,False,564,111,0.8166666666666667,0.8166666666666667,0-1h,negative
74145095,365450,hacknet,Hacknet,english,"It's a good hacking simulation game, but I couldn't bring myself to like it. The game is short, probably will take around 6 hours to finish. The mission objectives were very unclear, I had to use a guide to finish the game. The NetMap was really horrible, everything was cluttered, and it was so hard to use. I couldn't understand the story much. The contract missions felt repetitive for me. Sometimes hacking a PC doesn't save the credentials and I had to hack the same PC multiple times even when looking at my mailbox. About 90% of time, you'll be writing 'Shell, Porthack, Analyze, SSHcrack, FTPbounce' etc. And on top of that you're given just a measly 800 MB ram PC... are you kidding me???

Looking on the bright side, there're definitely plenty of surprises in the game. I mean for real. I used a guide, so it was ruined for me. You'll definitely get stuck at some point of the game. The visual effects were really good. The music went well with the game.","It's a good hacking simulation game, but I couldn't bring myself to like it. The game is short, probably will take around 6 hours to finish. The mission objectives were very unclear, I had to use a guide to finish the game. The NetMap was really horrible, everything was cluttered, and it was so hard to use. I couldn't understand the story much. The contract missions felt repetitive for me. Sometimes hacking a PC doesn't save the credentials and I had to hack the same PC multiple times even when looking at my mailbox. About 90% of time, you'll be writing 'Shell, Porthack, Analyze, SSHcrack, FTPbounce' etc. And on top of that you're given just a measly 800 MB ram PC... are you kidding me??? Looking on the bright side, there're definitely plenty of surprises in the game. I mean for real. I used a guide, so it was ruined for me. You'll definitely get stuck at some point of the game. The visual effects were really good. The music went well with the game.",False,2020-08-11T17:07:05+00:00,2021-06-02T15:33:45+00:00,458.0,450.0,0.0,3.0,2.0,0.5233439207077026,False,False,False,False,76561198121413521,,380.0,False,False,963,175,7.633333333333334,7.5,3-10h,negative
191433710,365450,hacknet,Hacknet,english,"the CLI interface really sucks:

- doesnt parse spaces like a regular terminal, so ""rm  *"" counts the first space as a character
- text from the terminal can't be selected and copy pasted
- .exe files in a UNIX system (not bad just weird xd)
- tab autocomplete doesnt go past a single file so tabbing at ""home/s"" wouldn't complete to ""home/second_file""
- autocompleting an executable name doesnt add the space at the end 

file navigation is hindered by the tiny top right back button. just have a .. button at the top of the file list or at the top of files. make it look like `less` or `vim` or something rather than a new screen 

it's sometimes a bit unclear when the current task is complete.

I want to play it, it's just painful to play in the current state","the CLI interface really sucks: - doesnt parse spaces like a regular terminal, so ""rm *"" counts the first space as a character - text from the terminal can't be selected and copy pasted - .exe files in a UNIX system (not bad just weird xd) - tab autocomplete doesnt go past a single file so tabbing at ""home/s"" wouldn't complete to ""home/second_file"" - autocompleting an executable name doesnt add the space at the end file navigation is hindered by the tiny top right back button. just have a .. button at the top of the file list or at the top of files. make it look like `less` or `vim` or something rather than a new screen it's sometimes a bit unclear when the current task is complete. I want to play it, it's just painful to play in the current state",False,2025-03-29T02:46:49+00:00,2025-03-29T02:46:49+00:00,53.0,53.0,0.0,3.0,2.0,0.5192397832870483,True,False,False,False,76561198048866219,,13.0,False,False,757,143,0.8833333333333333,0.8833333333333333,0-1h,negative
73015717,365450,hacknet,Hacknet,english,"I don't know how so many people get past the tutorial. I wanted to be interested... but I just couldn't. I COULD NOT. I used to love DOS. It was the most amazing thing.

But I absolutely hated guessing at what commands to use and what file names. I got to the last part of the tutorial before it came back to haunt me. And I got stuck there. I didn't want to read through the list of possible commands... the very thought was daunting. The directions were vague and would highlight things that weren't the important part. They didn't tell me what file to remove. Why?

I don't care. I have no idea why this game has great reviews, but i'm sure the story is great. I was hooked immediately. Too bad the actual gameplay is painful.

Maybe if I could enlarge the text I would feel differently.","I don't know how so many people get past the tutorial. I wanted to be interested... but I just couldn't. I COULD NOT. I used to love DOS. It was the most amazing thing. But I absolutely hated guessing at what commands to use and what file names. I got to the last part of the tutorial before it came back to haunt me. And I got stuck there. I didn't want to read through the list of possible commands... the very thought was daunting. The directions were vague and would highlight things that weren't the important part. They didn't tell me what file to remove. Why? I don't care. I have no idea why this game has great reviews, but i'm sure the story is great. I was hooked immediately. Too bad the actual gameplay is painful. Maybe if I could enlarge the text I would feel differently.",False,2020-07-20T19:28:17+00:00,2020-07-20T19:28:17+00:00,18.0,18.0,0.0,3.0,0.0,0.4966716766357422,False,False,False,False,76561197994799924,,328.0,False,False,787,149,0.3,0.3,0-1h,negative
33339158,365450,hacknet,Hacknet,english,"Terribly disappointed by this game. Even the 3€ something during the most recent sale were too much, imho.

While the Game does use some Linux command line inputs to navigate on the computer (cd to change folders, ls to list contents, cat to read a file), those become useless once you completed the tutorial and gain access to the User Interface (mouse control), which is much faster.
""Hacking"" works by starting skripts that automate the whole process. All you have to do is start the same 5 skripts by typing their name:
If there is a proxy active, use your own to overload it (click the overwhelm button).
If there is a firewall active, type analyze 5 times, then type solve and the password that was just revealed.
For any available port, type the name of the corresponding skript, wait for it to finish (about 10 seconds), then start the next one.
Sometimes, there is a time limit that never really got close to bothering me.

The story is either really weak or did not really start by the time I quit. You get a first E-Mail (I don't know you, please help me). Then, to build up your skills, you hack at least two dozen systems, always using the method described above, working your way up in some hacker organization you don't really know anything about. When you finally find that you are done with them, you start at bottom level of the next organization.

Conclusion:
Apart from my desire not to leave the game unfinished, there is absolutely nothing that would make me keep playing. Not recommended.","Terribly disappointed by this game. Even the 3€ something during the most recent sale were too much, imho. While the Game does use some Linux command line inputs to navigate on the computer (cd to change folders, ls to list contents, cat to read a file), those become useless once you completed the tutorial and gain access to the User Interface (mouse control), which is much faster. ""Hacking"" works by starting skripts that automate the whole process. All you have to do is start the same 5 skripts by typing their name: If there is a proxy active, use your own to overload it (click the overwhelm button). If there is a firewall active, type analyze 5 times, then type solve and the password that was just revealed. For any available port, type the name of the corresponding skript, wait for it to finish (about 10 seconds), then start the next one. Sometimes, there is a time limit that never really got close to bothering me. The story is either really weak or did not really start by the time I quit. You get a first E-Mail (I don't know you, please help me). Then, to build up your skills, you hack at least two dozen systems, always using the method described above, working your way up in some hacker organization you don't really know anything about. When you finally find that you are done with them, you start at bottom level of the next organization. Conclusion: Apart from my desire not to leave the game unfinished, there is absolutely nothing that would make me keep playing. Not recommended.",False,2017-07-07T10:44:38+00:00,2017-07-07T10:44:38+00:00,188.0,188.0,0.0,3.0,0.0,0.4756973087787628,True,False,False,False,76561198084676622,,2.0,False,False,1508,269,3.1333333333333333,3.1333333333333333,3-10h,negative
28165465,365450,hacknet,Hacknet,english,"This is not a game I hate. However, much like that TIS-100 game, I was left completely clueless as to how to proceed, though nowhere near as quickly, thanks to an actual tutorial and being able to play a little bit of the game before getting stuck, as well as a help menu listing commands. As a child in the 80s, I spent a fair amount of time using DOS to find files, modify them, etc., and in college, I used UNIX for a semester, scoring an A. There isn't a day that goes by where I don't use a PC, unless something really weird happens, like a blackout. Therefore, I was more than a little surprised when I got so hopelessly dumbfounded by this game. Granted, this game is far classier than TIS-100.

This game actually has music, and it's quite nice, while TIS-100 had none that I found. TIS-100's manual was difficult to understand and quite daunting, while Hacknet is far more user friendly, and really appears to have a story and more purpose to it. That said, the game left me confused and stuck when I came upon a firewall. The game never covered how to deal with firewalls in the tutorial. I tried running a program I had just downloaded from another computer in-game, which let me access one port, but I couldn't access any of the other ports. I used every page of help to look up commands that could help me, and analyzing the firewall brought up a wall of letters and numbers that didn't seem to do anything, and selecting to ""solve"" the firewall didn't do anything, either. I checked every computer I had access to and found nothing else that could help me.

If I'm stuck this early in, checking a walkthrough or asking for help online will likely lead to me continuing my confused wandering without learning anything within the game itself. I should not have to rely on the Internet to learn how to play a game for fun...

I'm disappointed in the game, but only because I liked what I saw when the game was presenting things in a way that cleverly educates the player, but then it throws you a problem early-game that no amount of searching within the game itself appears to turn up a solution. The point where it figuratively drops you in the deep end of the digital pool with a cyber-anchor tied to your feet is where I lose any ability to appreciate the game beyond that point.

It's also entirely possible I lack the mental faculties to interact with this digital gaming experience in a fulfilling manner. If that's the case, then so be it, but I must represent the ""mentally deficient"" population and state that I do not recommend this game as a result.","This is not a game I hate. However, much like that TIS-100 game, I was left completely clueless as to how to proceed, though nowhere near as quickly, thanks to an actual tutorial and being able to play a little bit of the game before getting stuck, as well as a help menu listing commands. As a child in the 80s, I spent a fair amount of time using DOS to find files, modify them, etc., and in college, I used UNIX for a semester, scoring an A. There isn't a day that goes by where I don't use a PC, unless something really weird happens, like a blackout. Therefore, I was more than a little surprised when I got so hopelessly dumbfounded by this game. Granted, this game is far classier than TIS-100. This game actually has music, and it's quite nice, while TIS-100 had none that I found. TIS-100's manual was difficult to understand and quite daunting, while Hacknet is far more user friendly, and really appears to have a story and more purpose to it. That said, the game left me confused and stuck when I came upon a firewall. The game never covered how to deal with firewalls in the tutorial. I tried running a program I had just downloaded from another computer in-game, which let me access one port, but I couldn't access any of the other ports. I used every page of help to look up commands that could help me, and analyzing the firewall brought up a wall of letters and numbers that didn't seem to do anything, and selecting to ""solve"" the firewall didn't do anything, either. I checked every computer I had access to and found nothing else that could help me. If I'm stuck this early in, checking a walkthrough or asking for help online will likely lead to me continuing my confused wandering without learning anything within the game itself. I should not have to rely on the Internet to learn how to play a game for fun... I'm disappointed in the game, but only because I liked what I saw when the game was presenting things in a way that cleverly educates the player, but then it throws you a problem early-game that no amount of searching within the game itself appears to turn up a solution. The point where it figuratively drops you in the deep end of the digital pool with a cyber-anchor tied to your feet is where I lose any ability to appreciate the game beyond that point. It's also entirely possible I lack the mental faculties to interact with this digital gaming experience in a fulfilling manner. If that's the case, then so be it, but I must represent the ""mentally deficient"" population and state that I do not recommend this game as a result.",False,2016-12-03T17:14:57+00:00,2016-12-03T17:15:13+00:00,39.0,39.0,0.0,3.0,3.0,0.4424510896205902,False,False,False,False,76561197972040704,,741.0,False,False,2568,472,0.65,0.65,0-1h,negative
197056373,365450,hacknet,Hacknet,english,"Cool Concept, But It Couldn’t Keep Me Hooked

Hacknet starts strong. The idea of diving into a terminal-based hacking sim with a mysterious narrative hook is instantly appealing, especially if you’re into cyberpunk aesthetics or want to feel like a digital detective. At first, typing out real commands and navigating the virtual systems feels immersive and fresh. But that feeling didn’t last long for me.

The main problem is how quickly the novelty wears off. After a couple of missions, the gameplay loop becomes repetitive — scan, probe, crack, read a few emails, rinse and repeat. There’s little variety or meaningful evolution in the mechanics. You’re not solving clever puzzles so much as going through the motions of the same routine over and over.

The story, while intriguing in concept, never really grabbed me. It’s told in fragments through logs and emails, but it lacks emotional weight or urgency. I never felt particularly invested in the characters or their motivations — and a lot of the writing just felt flat.

On top of that, there are some pacing issues. Some tasks feel tedious and drawn out, while others jump ahead abruptly. And if you’re not already familiar with basic command-line structure, the early learning curve can feel more frustrating than fun.

I really wanted to like Hacknet. It nails the aesthetic and tone, and I respect the ambition. But the shallow gameplay and underwhelming story made it feel more like a tech demo than a fully satisfying experience.","Cool Concept, But It Couldn’t Keep Me Hooked Hacknet starts strong. The idea of diving into a terminal-based hacking sim with a mysterious narrative hook is instantly appealing, especially if you’re into cyberpunk aesthetics or want to feel like a digital detective. At first, typing out real commands and navigating the virtual systems feels immersive and fresh. But that feeling didn’t last long for me. The main problem is how quickly the novelty wears off. After a couple of missions, the gameplay loop becomes repetitive — scan, probe, crack, read a few emails, rinse and repeat. There’s little variety or meaningful evolution in the mechanics. You’re not solving clever puzzles so much as going through the motions of the same routine over and over. The story, while intriguing in concept, never really grabbed me. It’s told in fragments through logs and emails, but it lacks emotional weight or urgency. I never felt particularly invested in the characters or their motivations — and a lot of the writing just felt flat. On top of that, there are some pacing issues. Some tasks feel tedious and drawn out, while others jump ahead abruptly. And if you’re not already familiar with basic command-line structure, the early learning curve can feel more frustrating than fun. I really wanted to like Hacknet. It nails the aesthetic and tone, and I respect the ambition. But the shallow gameplay and underwhelming story made it feel more like a tech demo than a fully satisfying experience.",False,2025-06-12T15:33:06+00:00,2025-06-12T15:33:06+00:00,11.0,11.0,0.0,3.0,5.0,0.4284103810787201,True,False,False,False,76561199375571709,,150.0,False,False,1491,248,0.18333333333333332,0.18333333333333332,0-1h,negative
36174285,365450,hacknet,Hacknet,english,To complicated to get past the tutorial. If you don't already understand this kind of crap don't buy this! All of these good reviews and the game is unplayable without already knowing what your doing before you start. You should not need to take a class on computers to play a video game. The hints can only get you so far and are useless after the first 2 or 3.,To complicated to get past the tutorial. If you don't already understand this kind of crap don't buy this! All of these good reviews and the game is unplayable without already knowing what your doing before you start. You should not need to take a class on computers to play a video game. The hints can only get you so far and are useless after the first 2 or 3.,False,2017-10-31T19:23:20+00:00,2017-10-31T19:23:20+00:00,32.0,32.0,0.0,3.0,1.0,0.2848944067955017,False,False,False,False,76561198067004136,,7.0,False,False,362,70,0.5333333333333333,0.5333333333333333,0-1h,negative
163457309,365450,hacknet,Hacknet,english,Was fun at the start but became a little confusing and if you stop playing for a while you kinda have to restart as you forget alot of it and what your next plan is to do but maybe i didnt play enough. didnt really feel like a hacking sim.,Was fun at the start but became a little confusing and if you stop playing for a while you kinda have to restart as you forget alot of it and what your next plan is to do but maybe i didnt play enough. didnt really feel like a hacking sim.,False,2024-04-23T18:41:18+00:00,2024-04-23T18:41:18+00:00,610.0,412.0,0.0,2.0,0.0,0.4948979616165161,True,False,False,False,76561199223271149,,60.0,False,False,239,50,10.166666666666666,6.866666666666666,3-10h,negative
42318808,365450,hacknet,Hacknet,english,"Received this game in the Humble Bundle store deal recently. While I put in less than an hour I could already tell that the game didn't help in teaching you 98% of what you are left to figure out for yourself. The game's tutorial and missions were as vague as they come. I am sure if you are fluent in basic coding this game might seem easier but the frustration of having to try to figure things out LITERALLY hidden behind walls of random files in computers became frustrating to say the least. Awesome concept, but the vague tutorial is a big downfall in my opinion. It will just collect dust in my game library!","Received this game in the Humble Bundle store deal recently. While I put in less than an hour I could already tell that the game didn't help in teaching you 98% of what you are left to figure out for yourself. The game's tutorial and missions were as vague as they come. I am sure if you are fluent in basic coding this game might seem easier but the frustration of having to try to figure things out LITERALLY hidden behind walls of random files in computers became frustrating to say the least. Awesome concept, but the vague tutorial is a big downfall in my opinion. It will just collect dust in my game library!",False,2018-05-27T18:48:04+00:00,2018-05-27T18:48:04+00:00,44.0,44.0,0.0,2.0,0.0,0.41251641511917114,False,True,False,False,76561198061964221,,260.0,False,False,615,115,0.7333333333333333,0.7333333333333333,0-1h,negative
87101520,365450,hacknet,Hacknet,english,"1. You can't finish all contracts. At some point the game will just tell you ""You're good enough for more difficult tasks"" and a main quest will trigger, blocking you from accepting new quests. You can never go back and you can't do them after the final mission.

2. You can't create files or directories. Organizing your downloaded files is annoying because you can only use the pre-defined ones. In one contract you're supposed to forge a file, and that works by downloading a file and editing the copy...

3. You can't remove directories. There's almost never a need to do so, but when you need to remove the contents from a directory with multiple subdirectories, you need to access each subdir individually and remove the contents.

4. Autocomplete doesn't add a whitespace after the autocompleteted word. Confusing as hell for a regular terminal user.

5. The final mission consists of multiple phases, which each one explaining your next goal. In phase 3 you're supposed to send a password but you aren't told so. I just used the password I found to login and continued my quest. After a while I got stuck, and after more than an hour I finally looked into a walkthrough - and learnt that I needed to send the password instead of entering it, and that had already solved the final mission by myself over an hour ago. At least I could just click the ""complete quest"" button 4 times in a row to trigger the ending.

6. The gameplay is quite repetetive. Connect to a server, open the closed ports (which always works the same, for all of them), find the file you need. There are only 2 missions that go beyond that and actually force you to think: The final mission, and the mission before. That doesn't really speak for the game.

7. The map is just plain awful. It's cluttered with nodes from earlier contracts which you never need to connect to anymore. Literally hardest part of the game is finding the correct node on the map.

8. Secrets. Don't get me wrong, secrets are great. But I looked into a guide after finishing the game, and some secrets didn't trigger for me although I definitely satisfied their conditions. So maybe I shouldn't have written ""Secrets"", but ""Bugs"". Furthermore, some secrets get you hyped, and when you finally solve their puzzle, you get... a digital clock that even uses up your RAM?

9. Alt+Tab closes the game.

I completed the game in a single session. It was kinda fun, although way too easy. But damn, some of the issues I just mentioned are pissing me off and I'm not going to play the DLC or any user-created mod.","1. You can't finish all contracts. At some point the game will just tell you ""You're good enough for more difficult tasks"" and a main quest will trigger, blocking you from accepting new quests. You can never go back and you can't do them after the final mission. 2. You can't create files or directories. Organizing your downloaded files is annoying because you can only use the pre-defined ones. In one contract you're supposed to forge a file, and that works by downloading a file and editing the copy... 3. You can't remove directories. There's almost never a need to do so, but when you need to remove the contents from a directory with multiple subdirectories, you need to access each subdir individually and remove the contents. 4. Autocomplete doesn't add a whitespace after the autocompleteted word. Confusing as hell for a regular terminal user. 5. The final mission consists of multiple phases, which each one explaining your next goal. In phase 3 you're supposed to send a password but you aren't told so. I just used the password I found to login and continued my quest. After a while I got stuck, and after more than an hour I finally looked into a walkthrough - and learnt that I needed to send the password instead of entering it, and that had already solved the final mission by myself over an hour ago. At least I could just click the ""complete quest"" button 4 times in a row to trigger the ending. 6. The gameplay is quite repetetive. Connect to a server, open the closed ports (which always works the same, for all of them), find the file you need. There are only 2 missions that go beyond that and actually force you to think: The final mission, and the mission before. That doesn't really speak for the game. 7. The map is just plain awful. It's cluttered with nodes from earlier contracts which you never need to connect to anymore. Literally hardest part of the game is finding the correct node on the map. 8. Secrets. Don't get me wrong, secrets are great. But I looked into a guide after finishing the game, and some secrets didn't trigger for me although I definitely satisfied their conditions. So maybe I shouldn't have written ""Secrets"", but ""Bugs"". Furthermore, some secrets get you hyped, and when you finally solve their puzzle, you get... a digital clock that even uses up your RAM? 9. Alt+Tab closes the game. I completed the game in a single session. It was kinda fun, although way too easy. But damn, some of the issues I just mentioned are pissing me off and I'm not going to play the DLC or any user-created mod.",False,2021-02-20T15:21:50+00:00,2021-02-20T15:24:53+00:00,318.0,315.0,0.0,1.0,1.0,0.4813208281993866,False,False,False,False,76561198001454789,,286.0,False,False,2550,456,5.3,5.25,3-10h,negative
147890695,365450,hacknet,Hacknet,english,"bitches think they can solve everything and then rage when proven otherwise 


it's me, i'm bitches. I managed to break it on the tutorial. 
My date is having much fun with it tho","bitches think they can solve everything and then rage when proven otherwise it's me, i'm bitches. I managed to break it on the tutorial. My date is having much fun with it tho",False,2023-10-08T20:27:19+00:00,2023-10-09T13:12:48+00:00,34.0,33.0,0.0,1.0,0.0,0.4801587462425232,False,False,False,False,76561199154220624,,24.0,False,False,175,33,0.5666666666666667,0.55,0-1h,negative
31957127,365450,hacknet,Hacknet,english,"confusing and weird, was not what i expected so i wanted to try it out because it sounded cool, it is not for me but for someone who likes this kind of game it probbably will come across as good.
not really bad just not for me personally since i was expecting a puzzle based proggresion hacking ( little chalenges and stuff) not this kind of game, i regret my buy but i will avoid these games in the future.","confusing and weird, was not what i expected so i wanted to try it out because it sounded cool, it is not for me but for someone who likes this kind of game it probbably will come across as good. not really bad just not for me personally since i was expecting a puzzle based proggresion hacking ( little chalenges and stuff) not this kind of game, i regret my buy but i will avoid these games in the future.",False,2017-05-25T18:26:22+00:00,2017-05-25T18:26:22+00:00,22.0,22.0,0.0,1.0,0.0,0.476377934217453,True,False,False,False,76561198153507696,,17.0,False,False,407,80,0.36666666666666664,0.36666666666666664,0-1h,negative
199557873,365450,hacknet,Hacknet,english,"i might genuinely be too stupid but i really couldnt understand the game at all. 

i tried playing it twice, 2 years apart and both times i couldnt get past the tutorial lmao. 
skill issue fs, but dang i wish i could even understand anything.

not for me unfortunately.","i might genuinely be too stupid but i really couldnt understand the game at all. i tried playing it twice, 2 years apart and both times i couldnt get past the tutorial lmao. skill issue fs, but dang i wish i could even understand anything. not for me unfortunately.",False,2025-07-11T18:29:12+00:00,2025-07-11T18:29:12+00:00,63.0,63.0,0.0,1.0,0.0,0.4761905074119568,False,False,False,False,76561199586764005,,15.0,False,False,265,49,1.05,1.05,1-3h,negative
23485455,365450,hacknet,Hacknet,english,"Within two or three missions I lost the game. With no tutorial on what to do if someone hacks YOU, I was forced to sit there and watch this happen with no idea what to do about it. It's over in under ten seconds. Losing deletes your HUD, which includes the ability to...quit the game. I read somewhere that you 'have enough clues' to get out of this, I literally do not care about any of that, it's 3 in the morning and I want to go to bed so I have to ctrl+alt+delete out of it. This crashes my computer so badly it needs to be restarted three times, and now when I try to run hacknet I get audio and a black screen.

My smaller shittier laptop still runs it, but my savegame is still in ""punish you for sucking at this"" mode and I can't be arsed. Apparently the black screen is common. I went looking for the sequence of nonsense I would have to type to make the damn thing go again but gave up after a half hour. I'm sure this is a great game but it doesn't seem to want me playing it so I'm stuck trying to get a refund. I wouldn't recommend risking it.","Within two or three missions I lost the game. With no tutorial on what to do if someone hacks YOU, I was forced to sit there and watch this happen with no idea what to do about it. It's over in under ten seconds. Losing deletes your HUD, which includes the ability to...quit the game. I read somewhere that you 'have enough clues' to get out of this, I literally do not care about any of that, it's 3 in the morning and I want to go to bed so I have to ctrl+alt+delete out of it. This crashes my computer so badly it needs to be restarted three times, and now when I try to run hacknet I get audio and a black screen. My smaller shittier laptop still runs it, but my savegame is still in ""punish you for sucking at this"" mode and I can't be arsed. Apparently the black screen is common. I went looking for the sequence of nonsense I would have to type to make the damn thing go again but gave up after a half hour. I'm sure this is a great game but it doesn't seem to want me playing it so I'm stuck trying to get a refund. I wouldn't recommend risking it.",False,2016-06-10T14:53:03+00:00,2016-06-10T14:53:03+00:00,168.0,168.0,0.0,1.0,1.0,0.4580981433391571,True,False,False,False,76561198028116215,,22.0,False,False,1056,212,2.8,2.8,1-3h,negative
26274390,365450,hacknet,Hacknet,english,"Meh. 
Pretty annoying game. I got bored after the first few levels, this does not show by any mean what it means to be a, so called, ""hacker"".
A ""hacker"" does not get instructions what he should use at each level. He needs to be creative, and find on-the-spot solutions.

Would not recommend.","Meh. Pretty annoying game. I got bored after the first few levels, this does not show by any mean what it means to be a, so called, ""hacker"". A ""hacker"" does not get instructions what he should use at each level. He needs to be creative, and find on-the-spot solutions. Would not recommend.",False,2016-10-28T19:46:40+00:00,2016-10-28T19:46:40+00:00,22.0,22.0,0.0,1.0,1.0,0.4561699628829956,True,False,False,False,76561198034699413,,3.0,False,False,290,53,0.36666666666666664,0.36666666666666664,0-1h,negative
119804730,365450,hacknet,Hacknet,english,"Absolute trash that managed to freeze and crash twice during the tutorial.
Kind if ironic for a game about hacking.
The glimpse I've got before sending it to the hidden games trash pile looked absolutely uninteresting. it amounts to ""to hack, press here"".
Not worth the bandwidth.","Absolute trash that managed to freeze and crash twice during the tutorial. Kind if ironic for a game about hacking. The glimpse I've got before sending it to the hidden games trash pile looked absolutely uninteresting. it amounts to ""to hack, press here"". Not worth the bandwidth.",False,2022-07-31T05:45:13+00:00,2022-07-31T05:45:13+00:00,9.0,9.0,0.0,1.0,1.0,0.4470621645450592,True,False,False,False,76561197968578135,,271.0,False,False,280,47,0.15,0.15,0-1h,negative
202895770,365450,hacknet,Hacknet,english,"Was a solid game for a good while, up until you get to the point where the game sends you straight into the deep end, where you have to create working code completely by yourself, with zero help. I even tried finding walkthroughs but those just confused me even more lol.","Was a solid game for a good while, up until you get to the point where the game sends you straight into the deep end, where you have to create working code completely by yourself, with zero help. I even tried finding walkthroughs but those just confused me even more lol.",False,2025-08-26T04:24:00+00:00,2025-08-26T04:24:00+00:00,160.0,160.0,0.0,1.0,0.0,0.4455931484699249,True,False,False,False,76561199122123284,,35.0,False,False,271,51,2.6666666666666665,2.6666666666666665,1-3h,negative
194171459,365450,hacknet,Hacknet,english,"Installed game, no instructions, no guides, poked around with some things, moved some files. No obvious way to progress. Game feels completely inaccessible. Didn't request a refund for it in time.

If I wanted to play ""re-arrange my desktop files simulator"" I can do that with the PC I'm using to ""play"" Hacknet!","Installed game, no instructions, no guides, poked around with some things, moved some files. No obvious way to progress. Game feels completely inaccessible. Didn't request a refund for it in time. If I wanted to play ""re-arrange my desktop files simulator"" I can do that with the PC I'm using to ""play"" Hacknet!",False,2025-05-04T00:50:27+00:00,2025-05-04T00:50:27+00:00,56.0,56.0,0.0,1.0,4.0,0.2970244586467743,True,False,False,False,76561197999538725,,82.0,False,False,311,53,0.9333333333333333,0.9333333333333333,0-1h,negative
31186998,365450,hacknet,Hacknet,english,"Bought the game thinking it would be a fun puzzle/hacking game, cant even get through the tutorial.  Would not recommend.","Bought the game thinking it would be a fun puzzle/hacking game, cant even get through the tutorial. Would not recommend.",False,2017-04-16T21:10:21+00:00,2017-04-16T21:10:21+00:00,65.0,65.0,0.0,1.0,1.0,0.28276970982551575,True,False,False,False,76561198070080151,,2.0,False,False,120,20,1.0833333333333333,1.0833333333333333,1-3h,negative
17844236,365450,hacknet,Hacknet,english,"[h1]What to expect if you're new to this game genre[/h1]
Hacknet is a new title in the otherwise stagnant, indie genre of hacking simulation games.
And a fresh breeze it is.

No doubt there is hardly any competition for this kind of quality.
Graphics are amazing, the hacking system introduced is quite good and consistent, it has gigantic potential for expansion that desperately needs to be used, and hopefully will. In it's current shape there might be little room for multiplayer gameplay, because of the game mechanics, but hopefully as the game gets finalized it will be implemented.

The puzzles you have to face are fun to solve and most of the time at medium or easy difficulty level.
Even though the game description provided on Steam might be a little misleading, as to non-holywood hacking style, or minimal hand-holding, the gameplay can be extremely exciting and satisfying.
The thrill of hacking, taking unauthorised control over websites, other web services, or user machines and mobile devices, identity theft or destruction, and constantly racing the trace clock are all very satisfying and will give you an addictive adrenaline rush.

Music is a very proper and enjoyable background for your virtual crimes, not quite something to remember.

The game has too high hardware requirements in my opinion. All in all it is a console based hacking game, and it is barely playable on i5, 4GB, Intel graphics HD4000 Lenovo laptop (12 fps max with too much typing lag!!!)

[h1]Finally the 'Uplink vs Hacknet'[/h1]
Many people look up to Hacknet in comparison to Uplink.
Based on my experiences with both titles If you did truly enjoy Uplink, You will be dazzled by Hacknet's modern design. Graphics are eyecandy.
The gameplay itself however, as compared to Uplink I have found to be short (if that can be said - I was unable to finish the game due to numerous bugs [despite 50+hrs in-game]), shallow and at many times unchallenging.
If you can bear with, well kinda outdated graphics and a little clumsy UI, I'd say Uplink offers far greater immersion, much more complex world to explore, more freedom, less hand holding.
Hardware upgrades covering several computer components to your machine, or even different, more upgradable machines (you can create them yourself or download one of many community created ones!!!!), software upgrades that all can be purchased are something you won't find in Hacknet, since finances have been taken out of the picture in the first place. Money earning, stock market participation and manipulation, and banking are all absent in Hacknet. So are LAN networks that pose a sublevel of gameplay in Uplink. Hacknet at this stage of developement also gives you the feeling of being the only web user out there, since only on rare story related events will you ever find logs left by anyone else on any servers (even the public services). Tracing other hackers or users is nearly non existent since the idea of connection bouncing has also been skipped so far. In my opinion, with similar development times of several years for both games, Uplink is a masterpiece bot technically and story-wise, compared to Hacknet.

[h1]Final words[/h1]
Whatever Hacknet is or will be, I'd say Uplink is worth playing, as the only other hacking game out there with some serious gameplay to this date.
If compatibility issues or the kinda-outdated-look are an obstacle for you playing Uplink, Hacknet will still be a very enjoyable and exciting experience, however I would strongly advise to wait with the purchase until numerous major bugs are addressed and more potential gets released from Hacknet, or you might be facing quite a frustrating struggle with what I can only call a beta version (at best) right now. I have also learned there is a free remake of Uplink to be found out there, I will let you find it yourself tho, since I'd stick with the original version by Introversion Software and support it's makers.
Keep track of Hacknet news and discussion on Steam for a stable version somewhen in the (hopefully) near future.","[h1]What to expect if you're new to this game genre[/h1] Hacknet is a new title in the otherwise stagnant, indie genre of hacking simulation games. And a fresh breeze it is. No doubt there is hardly any competition for this kind of quality. Graphics are amazing, the hacking system introduced is quite good and consistent, it has gigantic potential for expansion that desperately needs to be used, and hopefully will. In it's current shape there might be little room for multiplayer gameplay, because of the game mechanics, but hopefully as the game gets finalized it will be implemented. The puzzles you have to face are fun to solve and most of the time at medium or easy difficulty level. Even though the game description provided on Steam might be a little misleading, as to non-holywood hacking style, or minimal hand-holding, the gameplay can be extremely exciting and satisfying. The thrill of hacking, taking unauthorised control over websites, other web services, or user machines and mobile devices, identity theft or destruction, and constantly racing the trace clock are all very satisfying and will give you an addictive adrenaline rush. Music is a very proper and enjoyable background for your virtual crimes, not quite something to remember. The game has too high hardware requirements in my opinion. All in all it is a console based hacking game, and it is barely playable on i5, 4GB, Intel graphics HD4000 Lenovo laptop (12 fps max with too much typing lag!!!) [h1]Finally the 'Uplink vs Hacknet'[/h1] Many people look up to Hacknet in comparison to Uplink. Based on my experiences with both titles If you did truly enjoy Uplink, You will be dazzled by Hacknet's modern design. Graphics are eyecandy. The gameplay itself however, as compared to Uplink I have found to be short (if that can be said - I was unable to finish the game due to numerous bugs [despite 50+hrs in-game]), shallow and at many times unchallenging. If you can bear with, well kinda outdated graphics and a little clumsy UI, I'd say Uplink offers far greater immersion, much more complex world to explore, more freedom, less hand holding. Hardware upgrades covering several computer components to your machine, or even different, more upgradable machines (you can create them yourself or download one of many community created ones!!!!), software upgrades that all can be purchased are something you won't find in Hacknet, since finances have been taken out of the picture in the first place. Money earning, stock market participation and manipulation, and banking are all absent in Hacknet. So are LAN networks that pose a sublevel of gameplay in Uplink. Hacknet at this stage of developement also gives you the feeling of being the only web user out there, since only on rare story related events will you ever find logs left by anyone else on any servers (even the public services). Tracing other hackers or users is nearly non existent since the idea of connection bouncing has also been skipped so far. In my opinion, with similar development times of several years for both games, Uplink is a masterpiece bot technically and story-wise, compared to Hacknet. [h1]Final words[/h1] Whatever Hacknet is or will be, I'd say Uplink is worth playing, as the only other hacking game out there with some serious gameplay to this date. If compatibility issues or the kinda-outdated-look are an obstacle for you playing Uplink, Hacknet will still be a very enjoyable and exciting experience, however I would strongly advise to wait with the purchase until numerous major bugs are addressed and more potential gets released from Hacknet, or you might be facing quite a frustrating struggle with what I can only call a beta version (at best) right now. I have also learned there is a free remake of Uplink to be found out there, I will let you find it yourself tho, since I'd stick with the original version by Introversion Software and support it's makers. Keep track of Hacknet news and discussion on Steam for a stable version somewhen in the (hopefully) near future.",False,2015-09-02T09:44:48+00:00,2015-09-02T09:57:02+00:00,3790.0,2974.0,0.0,0.0,0.0,0.5,True,False,False,False,76561198203369746,,4.0,False,False,4051,679,63.166666666666664,49.56666666666667,10h+,negative
20043421,365450,hacknet,Hacknet,english,"I would like to love Hacknet but I ultimately find it underwhelming. The gameplay is nothing really exciting, it's more of a mechanical matter of using the appropriate tool for each situation (use the SSH cracker to crack open a SSH port, etc.). The only difficulty is when there is a countdown due to the user being ""traced"", but even there it's not very challenging. Basically you have to learn to type the right commands, and fast.

The other aspect of gameplay is the investigation you have to lead, unfortunately most of the time there is a lot of handholding and making progress requires very little initiative on your part, just following the lead you're given and using the tools you have at your disposal. Also the main story is quite short, and I'm not feeling much motivation right now to try and find the alleged two other side stories (I completed the one with the pacemaker, which I found was the most gratifying storyline as the game gave you little indication).

(also I got hit by the ""main story blocked"" bug but managed to unblock it by editing the save file as explained in a forum post)

Still I would like to thank the authors for the Linux port. Works perfectly on my Ubuntu 15.04.","I would like to love Hacknet but I ultimately find it underwhelming. The gameplay is nothing really exciting, it's more of a mechanical matter of using the appropriate tool for each situation (use the SSH cracker to crack open a SSH port, etc.). The only difficulty is when there is a countdown due to the user being ""traced"", but even there it's not very challenging. Basically you have to learn to type the right commands, and fast. The other aspect of gameplay is the investigation you have to lead, unfortunately most of the time there is a lot of handholding and making progress requires very little initiative on your part, just following the lead you're given and using the tools you have at your disposal. Also the main story is quite short, and I'm not feeling much motivation right now to try and find the alleged two other side stories (I completed the one with the pacemaker, which I found was the most gratifying storyline as the game gave you little indication). (also I got hit by the ""main story blocked"" bug but managed to unblock it by editing the save file as explained in a forum post) Still I would like to thank the authors for the Linux port. Works perfectly on my Ubuntu 15.04.",False,2015-12-28T19:34:47+00:00,2015-12-28T19:34:47+00:00,550.0,550.0,0.0,0.0,0.0,0.5,True,False,False,False,76561198103623305,,1.0,False,False,1201,216,9.166666666666666,9.166666666666666,3-10h,negative
64613582,365450,hacknet,Hacknet,english,"This game gets confusing pretty early on, and the ""help files"" that B.I.T. gives you don't help much. I try different strategies and I still keep getting stuck. There's DLC for this game I haven't bought and I don't know if it improves the gameplay a tiny bit.","This game gets confusing pretty early on, and the ""help files"" that B.I.T. gives you don't help much. I try different strategies and I still keep getting stuck. There's DLC for this game I haven't bought and I don't know if it improves the gameplay a tiny bit.",False,2020-03-06T20:38:16+00:00,2020-03-06T20:38:16+00:00,87.0,59.0,0.0,0.0,0.0,0.5,True,False,False,False,76561198030699316,,200.0,False,False,260,48,1.45,0.9833333333333333,0-1h,negative
146786369,365450,hacknet,Hacknet,english,"09/2023, german version, tutorial bug - cannot reopen the mail system, and cannot answer the mail - therefore stuck. 
Without a fix, you can do 2min of tutorial. :-(

Currently I cannot recommend the game.","09/2023, german version, tutorial bug - cannot reopen the mail system, and cannot answer the mail - therefore stuck. Without a fix, you can do 2min of tutorial. :-( Currently I cannot recommend the game.",False,2023-09-22T15:35:50+00:00,2023-09-22T15:35:50+00:00,251.0,28.0,0.0,0.0,0.0,0.5,True,False,False,False,76561197971635273,,2.0,False,False,203,35,4.183333333333334,0.4666666666666667,0-1h,negative
52552328,365450,hacknet,Hacknet,english,"Definitely not for everybody. Game play is very overwelming and complex, I played it for maybe 30 minutes before I got very confused and just gave up.","Definitely not for everybody. Game play is very overwelming and complex, I played it for maybe 30 minutes before I got very confused and just gave up.",False,2019-06-30T19:11:21+00:00,2019-06-30T19:11:21+00:00,9.0,9.0,0.0,0.0,0.0,0.5,False,False,False,False,76561198338719405,,1.0,False,False,150,27,0.15,0.15,0-1h,negative
32008699,365450,hacknet,Hacknet,english,"Meh, not worth buying. The tutorial is a bit lacking (which had me searching the internet instead) But the real issue is everytime I did something I shouldn't have, like delete a file there is litterarly no way of starting over. It's like one of those games where you have 1 try and you'll have to bite the bullet and start all over from the very beginning. And let me tell you, it got very irritating very quickly.

This game is the opposite of fun.","Meh, not worth buying. The tutorial is a bit lacking (which had me searching the internet instead) But the real issue is everytime I did something I shouldn't have, like delete a file there is litterarly no way of starting over. It's like one of those games where you have 1 try and you'll have to bite the bullet and start all over from the very beginning. And let me tell you, it got very irritating very quickly. This game is the opposite of fun.",False,2017-05-28T00:47:06+00:00,2017-05-28T00:47:06+00:00,181.0,103.0,0.0,0.0,0.0,0.49751242995262146,True,False,False,False,76561198263402481,,5.0,False,False,449,85,3.0166666666666666,1.7166666666666666,1-3h,negative
56979958,365450,hacknet,Hacknet,english,I think I got this game in a bundle and I got stuck in the tutorial. I despise even fake coding with such a passion that I can't recommend this game,I think I got this game in a bundle and I got stuck in the tutorial. I despise even fake coding with such a passion that I can't recommend this game,False,2019-11-11T10:53:26+00:00,2019-11-11T10:53:26+00:00,8.0,8.0,0.0,0.0,0.0,0.47826087474823,False,True,False,False,76561198157201361,,901.0,False,False,148,31,0.13333333333333333,0.13333333333333333,0-1h,negative
225970210,365450,hacknet,Hacknet,english,"I more or less calmly fumble my way through the tutorial and afterward it says to analyze for the tracer.  With VERY little to no idea what to do after going over everything on ""the green node"" like it said to like 25 times i go over the help list 3 times and decide type ""analyze"" and a red count down acting all sinister pulsing red on every number divisible by 5 from 100 appears... running in circles for 12 minutes i give up and see what happens when it counts down.  I get surprised by a in-game pc crash in my 1st 30 minutes of playing... i give up after like 8 minutes rebooting 4 times and typing what i could think of and looking through the useless ""help"" list. Go on google, the closest i get to any-thing, is about some nobody named Naix i've yet to come across and have genuinely no idea who tf that is, says use cd log or logs, use Ls, find the Ip (that is NOT yours)- and at that point i'm stuck... because i see ""Kernal panic _Trap"" or whatever in the logs and other stuff but the only ip i see... is mine... ... ... ... ... NOBODY HAS HURT ME, NOBODY HAS BLINDED ME!!! ... ffs... I payed money thinking i was buying a game i could enjoy to learn how to code, or something, and it bricks IN the 1st hour...

full disclosure I'm very salty about this- I mean the internet is SURE it's there in the log, and-and i didn't rm* the thing... why did the tutorial vaguely tell me to use ""analyze"" to find the tracer in a way that lazy QA testing could have seen would brick the game?  If i have to google the ip i need to connect to (cheat) to progress before i've experienced a single full hour of the game... that's... *gestures exasperatedly","I more or less calmly fumble my way through the tutorial and afterward it says to analyze for the tracer. With VERY little to no idea what to do after going over everything on ""the green node"" like it said to like 25 times i go over the help list 3 times and decide type ""analyze"" and a red count down acting all sinister pulsing red on every number divisible by 5 from 100 appears... running in circles for 12 minutes i give up and see what happens when it counts down. I get surprised by a in-game pc crash in my 1st 30 minutes of playing... i give up after like 8 minutes rebooting 4 times and typing what i could think of and looking through the useless ""help"" list. Go on google, the closest i get to any-thing, is about some nobody named Naix i've yet to come across and have genuinely no idea who tf that is, says use cd log or logs, use Ls, find the Ip (that is NOT yours)- and at that point i'm stuck... because i see ""Kernal panic _Trap"" or whatever in the logs and other stuff but the only ip i see... is mine... ... ... ... ... NOBODY HAS HURT ME, NOBODY HAS BLINDED ME!!! ... ffs... I payed money thinking i was buying a game i could enjoy to learn how to code, or something, and it bricks IN the 1st hour... full disclosure I'm very salty about this- I mean the internet is SURE it's there in the log, and-and i didn't rm* the thing... why did the tutorial vaguely tell me to use ""analyze"" to find the tracer in a way that lazy QA testing could have seen would brick the game? If i have to google the ip i need to connect to (cheat) to progress before i've experienced a single full hour of the game... that's... *gestures exasperatedly",False,2026-05-20T04:33:07+00:00,2026-05-20T04:33:07+00:00,53.0,53.0,0.0,0.0,4.0,0.4761904776096344,True,False,False,False,76561198040210652,,25.0,False,False,1650,323,0.8833333333333333,0.8833333333333333,0-1h,negative
43985071,365450,hacknet,Hacknet,english,"Probably an amazing game for those whom know how to code but I honesly had no idea what was happening and the tutorial basacially held my hand for a bit so when it went - I was screwed.

I won't recommend the game mainly cause I have no idea if it's a good game. It's a slick looking game and the concept is a pretty cool one but you need to know what you're doing.

I could only get 0.2 hours in cause I really didn't know what I was doing after the tutorial had finished.",Probably an amazing game for those whom know how to code but I honesly had no idea what was happening and the tutorial basacially held my hand for a bit so when it went - I was screwed. I won't recommend the game mainly cause I have no idea if it's a good game. It's a slick looking game and the concept is a pretty cool one but you need to know what you're doing. I could only get 0.2 hours in cause I really didn't know what I was doing after the tutorial had finished.,False,2018-08-07T16:06:33+00:00,2018-08-07T16:06:33+00:00,11.0,9.0,0.0,0.0,0.0,0.4761904776096344,True,False,False,False,76561198216281520,,18.0,False,False,471,96,0.18333333333333332,0.15,0-1h,negative
146734905,365450,hacknet,Hacknet,english,"this game actively punishes you for being too fast during the tutorial by softlocking, forcing you to restart. 

if you find this out after more than hour of playing you have effectively wasted more than an hour of your life reading dumb useless soulless text
ok this is an old game, but still","this game actively punishes you for being too fast during the tutorial by softlocking, forcing you to restart. if you find this out after more than hour of playing you have effectively wasted more than an hour of your life reading dumb useless soulless text ok this is an old game, but still",False,2023-09-21T20:18:22+00:00,2023-09-21T20:18:22+00:00,412.0,412.0,0.0,0.0,0.0,0.4761904776096344,True,False,False,False,76561198162192211,,33.0,False,False,291,53,6.866666666666666,6.866666666666666,3-10h,negative
188828467,365450,hacknet,Hacknet,english,Never worked right. More confusing than interesting.,Never worked right. More confusing than interesting.,False,2025-02-26T23:17:02+00:00,2025-02-26T23:17:02+00:00,80.0,80.0,0.0,0.0,0.0,0.4761904776096344,False,False,False,False,76561197968303885,,110.0,False,False,52,7,1.3333333333333333,1.3333333333333333,1-3h,negative
113317195,365450,hacknet,Hacknet,english,i literally just finished the guided tutorial and now have no idea what the fuck the game wants from me.,i literally just finished the guided tutorial and now have no idea what the fuck the game wants from me.,False,2022-04-04T05:26:31+00:00,2022-04-04T05:26:31+00:00,26.0,26.0,0.0,0.0,0.0,0.47413790225982666,True,False,False,False,76561199179671024,,22.0,False,False,104,20,0.43333333333333335,0.43333333333333335,0-1h,negative
34892132,365450,hacknet,Hacknet,english,"The game's lack of coherent & poorly worded instruction has finally taken its toll on me. For example, how the hell are you supposed to upload the file you need to upload to the upload servers? Even though it explains it in the help section, it DOES NOT EXPLAIN HOW TO SEND THE FILE FROM ONE SERVER TO THE OTHER. DO YOU DO THIS FROM YOUR HOME IP TO THE UPLOAD SERVER? Apparently not. One I downloaded them I've tried this method only for it not to work. DO YOU UPLOAD THE FILES FROM THE CDC SERVER TO THE UPLOAD SERVER? Apparently not because that also didn't work.

THE HELP SECTION DOES NOT EXPLAIN THE LINE OF CODE YOU TYPE. IT ONLY MAKES VAGUE IDIOTIC INDICATIONS LEAVING YOU TO STUMBLE AROUND POINTLESSLY.","The game's lack of coherent & poorly worded instruction has finally taken its toll on me. For example, how the hell are you supposed to upload the file you need to upload to the upload servers? Even though it explains it in the help section, it DOES NOT EXPLAIN HOW TO SEND THE FILE FROM ONE SERVER TO THE OTHER. DO YOU DO THIS FROM YOUR HOME IP TO THE UPLOAD SERVER? Apparently not. One I downloaded them I've tried this method only for it not to work. DO YOU UPLOAD THE FILES FROM THE CDC SERVER TO THE UPLOAD SERVER? Apparently not because that also didn't work. THE HELP SECTION DOES NOT EXPLAIN THE LINE OF CODE YOU TYPE. IT ONLY MAKES VAGUE IDIOTIC INDICATIONS LEAVING YOU TO STUMBLE AROUND POINTLESSLY.",False,2017-09-11T23:42:50+00:00,2019-07-03T16:54:05+00:00,1220.0,796.0,0.0,0.0,0.0,0.4582210183143616,True,False,False,False,76561198105896035,,243.0,False,False,709,132,20.333333333333332,13.266666666666667,10h+,negative
44853773,365450,hacknet,Hacknet,english,"Interesting concept, very poorly implemented.  Vague instructions and terrible storyline development.  The game would be bad, but at least reasonable if it didn't make you guess what you're supposed to be doing and how at every turn.  Get mission incomplete...no indication whatsoever for what is missing or not done.  Stupid design.","Interesting concept, very poorly implemented. Vague instructions and terrible storyline development. The game would be bad, but at least reasonable if it didn't make you guess what you're supposed to be doing and how at every turn. Get mission incomplete...no indication whatsoever for what is missing or not done. Stupid design.",False,2018-09-21T14:02:50+00:00,2018-09-21T14:02:50+00:00,213.0,213.0,0.0,0.0,0.0,0.4580152630805969,True,False,False,False,76561197983868302,,2.0,False,False,329,51,3.55,3.55,3-10h,negative
171671074,365450,hacknet,Hacknet,english,"I’ve played for 1 hour as of writing this, but barely finished the tutorial in this time, because i play on a M1 MacBook.
I love this game, i really want to play it. I even bought the dlc before playing. but, on Silicon Macs the game crashes every few minutes. This has been a problem since silicon based macs exist, and unfortunately i don’t see this being fixed (nothing said by devs).","I’ve played for 1 hour as of writing this, but barely finished the tutorial in this time, because i play on a M1 MacBook. I love this game, i really want to play it. I even bought the dlc before playing. but, on Silicon Macs the game crashes every few minutes. This has been a problem since silicon based macs exist, and unfortunately i don’t see this being fixed (nothing said by devs).",False,2024-08-08T09:30:50+00:00,2024-08-08T09:30:50+00:00,346.0,66.0,0.0,0.0,0.0,0.4564315676689148,True,False,False,False,76561199221106001,,8.0,False,False,387,73,5.766666666666667,1.1,1-3h,negative
232641580,365450,hacknet,Hacknet,english,"I have been waiting for the game to start, and now that I'm halfway through I've given up. It's boring and pointless. There is no story, there are no choices (even though the game wants you to think there are). That aside, it's not really a hacking game. ""Hacking"" just means typing the same commands and waiting for them to execute... every time... for every PC in the network.

Another big problem is that the game implies that it will use real world logic but then it doesn't. Like I can't execute a file on a PC I'm connected to? Since when? 

Instructions are never clear and even if they are I hate that the game forces me to only do things how the dev intended. Specifically for advcancing missions, it's never clear whether I just need to read the file or send it or send the password contained in it. All of those should work, not just one!

There are bugs - mostly soft locks, which is unacceptable for such a simple game.

Instead of spending time on the visualizations for each tool the dev should have spent time designing mechanics around them. For instance the firewall analyzer is okay. Not fun, but it's not completely idle, you have to do something. Each tool has to be like that, there has to be some mini-game associated with it, or there has to be some strategy as to which tools are used in what order.

I don't know what the music was like. It was so repeptitve so annoying I turned it off and played Vampire The Masquerade: Bloodlines OST. 

The only thing I liked about the game is the environmental storytelling. The chat logs sound EXACTLY like the Old Internet days. Kudos to the author for the research!","I have been waiting for the game to start, and now that I'm halfway through I've given up. It's boring and pointless. There is no story, there are no choices (even though the game wants you to think there are). That aside, it's not really a hacking game. ""Hacking"" just means typing the same commands and waiting for them to execute... every time... for every PC in the network. Another big problem is that the game implies that it will use real world logic but then it doesn't. Like I can't execute a file on a PC I'm connected to? Since when? Instructions are never clear and even if they are I hate that the game forces me to only do things how the dev intended. Specifically for advcancing missions, it's never clear whether I just need to read the file or send it or send the password contained in it. All of those should work, not just one! There are bugs - mostly soft locks, which is unacceptable for such a simple game. Instead of spending time on the visualizations for each tool the dev should have spent time designing mechanics around them. For instance the firewall analyzer is okay. Not fun, but it's not completely idle, you have to do something. Each tool has to be like that, there has to be some mini-game associated with it, or there has to be some strategy as to which tools are used in what order. I don't know what the music was like. It was so repeptitve so annoying I turned it off and played Vampire The Masquerade: Bloodlines OST. The only thing I liked about the game is the environmental storytelling. The chat logs sound EXACTLY like the Old Internet days. Kudos to the author for the research!",False,2026-08-12T08:32:51+00:00,2026-08-12T08:32:51+00:00,517.0,517.0,0.0,0.0,1.0,0.4545454680919647,False,False,False,False,76561198001388008,,1.0,False,False,1624,299,8.616666666666667,8.616666666666667,3-10h,negative
105881355,365450,hacknet,Hacknet,english,Tutorial is almost nonexistent.  unless you are an actual hacker or computer programmer it is a very confusing mess without anyway to backtrack and review commands or instructions meaning you get stuck unable to remember what prompt or file to type up and thus the game stops forcing you to restart everything.,Tutorial is almost nonexistent. unless you are an actual hacker or computer programmer it is a very confusing mess without anyway to backtrack and review commands or instructions meaning you get stuck unable to remember what prompt or file to type up and thus the game stops forcing you to restart everything.,False,2021-12-15T18:00:46+00:00,2021-12-15T18:00:46+00:00,10.0,10.0,0.0,0.0,6.0,0.4545454680919647,True,False,False,False,76561198100336988,,7.0,False,False,309,52,0.16666666666666666,0.16666666666666666,0-1h,negative
38006794,365450,hacknet,Hacknet,english,"Had to refund this game, since I can´t play it. The screen gets white while in tutorial and nothing works.","Had to refund this game, since I can´t play it. The screen gets white while in tutorial and nothing works.",False,2017-12-02T15:28:41+00:00,2017-12-02T15:28:41+00:00,36.0,6.0,0.0,0.0,0.0,0.4330708384513855,True,False,False,False,76561198091539769,,8.0,False,False,106,20,0.6,0.1,0-1h,negative
24810549,365450,hacknet,Hacknet,english,"This is my opinion, take it with a grain of salt

[b] An intreasting plot, where Bit, A Failsafe program, contacts you to secure a special program called HACKNET-OS [/b]
Which only becomes relevent in the tutorial. the plot becomes irrelevent after 2 minutes of gameplay

[b] Features REAL hacking! [/b] 
Lolno, the only thing ""Real"" in this game is the linux commands- that 90% of them can be replaced by clicking on the screen. also the port numbers you can just google, and 100% of the programs are fake

[b] You are thrust into a persistent virtual world with no “levels” or obvious game elements to break the illusion. [/b] 
>no levels
Funny how you have to do shitty fetch quests 90% of the game, its like skyrims sidequests in a nutshell- go to a place, do some puzzle, grab what you need and leave.

[b] Follow the guidance of the emails from Bit or just dive down the rabbit hole. [/b]
There's no option to follow bit. he forces you to dive down the rabbit hole

 [b] chasing down clues and snippets of information you find as you explore different systems. [/b]
As in snippets of clues and infomation, you mean a snippet as the whole thing? cus you get it handed to you.

 
[b] ""Whilst not holding your hand or dumbing down,"" [/b] 
it does exactly that. hold your hand the entire way though.

 

[b] the design of the game and the learning curve enables those with no prior terminal experience to enjoy it whilst delighting those in the know. [/b] 
Any Le anonymousse hacker like this game and think its realistic

0/10 bad game. cash grab from dev.

10/10 would download loic and hack kfc again","This is my opinion, take it with a grain of salt [b] An intreasting plot, where Bit, A Failsafe program, contacts you to secure a special program called HACKNET-OS [/b] Which only becomes relevent in the tutorial. the plot becomes irrelevent after 2 minutes of gameplay [b] Features REAL hacking! [/b] Lolno, the only thing ""Real"" in this game is the linux commands- that 90% of them can be replaced by clicking on the screen. also the port numbers you can just google, and 100% of the programs are fake [b] You are thrust into a persistent virtual world with no “levels” or obvious game elements to break the illusion. [/b] >no levels Funny how you have to do shitty fetch quests 90% of the game, its like skyrims sidequests in a nutshell- go to a place, do some puzzle, grab what you need and leave. [b] Follow the guidance of the emails from Bit or just dive down the rabbit hole. [/b] There's no option to follow bit. he forces you to dive down the rabbit hole [b] chasing down clues and snippets of information you find as you explore different systems. [/b] As in snippets of clues and infomation, you mean a snippet as the whole thing? cus you get it handed to you. [b] ""Whilst not holding your hand or dumbing down,"" [/b] it does exactly that. hold your hand the entire way though. [b] the design of the game and the learning curve enables those with no prior terminal experience to enjoy it whilst delighting those in the know. [/b] Any Le anonymousse hacker like this game and think its realistic 0/10 bad game. cash grab from dev. 10/10 would download loic and hack kfc again",False,2016-08-10T14:07:35+00:00,2016-08-10T14:15:34+00:00,178.0,122.0,0.0,0.0,0.0,0.430416077375412,True,False,False,False,76561198079712193,,20.0,False,False,1586,290,2.966666666666667,2.033333333333333,1-3h,negative
