review_id,steam_app_id,game_key,game_name,language,review_text_raw,review_text_clean,recommended,created_at,updated_at,playtime_forever_minutes,playtime_at_review_minutes,playtime_last_two_weeks_minutes,votes_up,votes_funny,weighted_vote_score,steam_purchase,received_for_free,written_during_early_access,refunded,author_steam_id,author_num_games_owned,author_num_reviews,is_empty,is_very_short,review_length_chars,review_length_words,playtime_forever_hours,playtime_at_review_hours,playtime_segment,overall_sentiment
17704122,365450,hacknet,Hacknet,english,"Many will claim that this is like playing the next version of Uplink since it is the most realistic hacking type game since Uplink was released. A very cult genre I think with very few games making a significant mark. I cannot claim to have played that classic so I will have to describe this entertaining game called Hacknet without any past comparisons. I will say that the reason it is compared though is because it takes the hacking seriously and isn't just some casual hacking game for the masses. 

Hacknet has almost no graphics (Maybe about 5 image files in the entire game), it has no video. It is only you looking at a computer screen full of numbers and files. You are a hacker, not Rambo, or James Bond, or Batman. You don't shoot at criminals and punch clowns in the face to save the day. You are a hacker that has found yourself in the middle of some hacking factions that may have stumbled into something big. You get some simple clues at the start that something is going on, but as you delve deeper into the hacking world, get recruited by more skillful hacking groups, and find more mysterious actions going on in your hacking exploits you will get asked to help find out what happened to a popular hacker that has gone missing. Just like everything in the hacking community, all useful information is hidden on systems which need to be hacked into. While looking for that information you will uncover many more secrets as you figure out exactly what happened. A final ending that could be considered a ""shock"". Very intriguing storyline and way to tell a story all through computer documents, e-mails, IRC chats, etc. 

While the tutorials, and the game itself is friendly to those who have no experience entering command lines, or hacking at all, it may not exactly be for the most casual of gamers. If you are a VERY slow typist you may have some issues when it comes to hacking into computers here in the time frames that are allowed. They have made it easier for you by allowing you to hit ""TAB"" in certain places to have the game auto-complete command lines if there is nothing else that has the exact same characters and you are in the proper place to do so, however. It absolutely helps to have some typing speed, or at least the knowledge of where all the keys on the keyboard are without having to search them out all the time though. You will have issues if you are THAT slow.  

You are tasked with finding various tools to run .exe files allowing you to open up ports on the computers you hack before running a PortHack program to get access to its files. Some computers early on are very easy to hack with only having to open 1-2 ports, but as you find more tools you may have to open as many as 5 ports, break through a firewall, and get through a proxy all on the same PC while avoiding a tracer too! So it becomes a bit quicker later on where you must know the commands and how to crack the security of various systems as the game progresses while fighting a clock too. You should pick up these skills as you play, but the knowledge of how to access certain databases will require a bit more thought at times. This is where the game adds a bit of strategy and puzzling into the mix. You need to think about what you are trying to do, search through maybe several other computers not just tools, but possibly passwords to OTHER computers, and even find ways to crack encrypted files! So it isn't always completely straightforward with the game holding your hand to get what you need. You will absolutely need to think somewhat critically here to reach your goals. IT is very refreshing to find a game that doesn't just offer you solutions on a silver platter and challenges you to figure things out yourself. It is quite rewarding in some cases to find a solution after thinking all your options through. Sometimes you can even find solutions to future problems by just HACKING into things you aren't even supposed to be working on for no other reason than because you felt like it. 

Hacknet had a few bugs when I got it at release, but it appears that most have been taken care of. I finished the game, but I had a quest that didn't trigger properly so I had to hack my way around into other things to find the info I needed to proceed. Something that really wasn't that big a deal because it felt like I was actually doing something I figured out myself to get around a problem. The triggers have been patched now though as far as I know. Other than that nothing I ran into. 

Hacknet does make you feel like a hacker if you have never done any hacking before in your life. It does use real world terminology and command lines to satisfy those that have in the past too so it isn't just for the hacker n00bs out there. The fast paced and tech-y music playing in the background was designed to make you feel like you are hacking systems as a hero in a movie. Punching in commands as fast you can can before getting caught is definitely helped by the pace of the music playing while you are trying to look into the dirty secrets of every computer you hack into. 

I found Hacknet to be a fantastic feeling of hacking and mystery solving. While you may feel that the middle gets a little bit repetitive when it comes to the hacking, it does usually change up enough in what you need to use to keep the pacing OK. Usually what you find in the files, and of course the ending was payoff enough to continue through if you start to feel like you are staring at a flashing screen too long. I absolutely would not recommend this game to a casual gamer at all. Unlike say a point and click adventure, the puzzles you solve here will require quick thinking and quick fingers at times. Most players will be fine with this, but this is a game that require MUCH more activity on the keyboard than it does with a mouse. So you are typing commands for what you need to do in, and not using a mouse to solve puzzles as much. If you don't read the help files, the tutorial, and look at the academic databases in the game you will not be able to figure things out. If you want a brainless game this one is not for you.

The game has trading cards of course and Steam Achievements, which should be fairly easy to 100% if you can get through the game. This game should take you anywhere from 5-10 hours. More if you look ar ound some and find every secret I suspect.

NOTE: Something I didn't talk about, because I am unsure what it consists of, is that Hacknet will be releasing a patch at some point that includes not just Steam Workshop to add more player made ""questing"", but it will also have Multiplayer! Like I said I don't know much about those aspects, but they are definitely coming. MP was in the game before Steam so it already exists, but the developers didn't feel it was working well enough yet to release with the Steam release. They wanted to stamp out any single player bugs first before bringing in these other features.","Many will claim that this is like playing the next version of Uplink since it is the most realistic hacking type game since Uplink was released. A very cult genre I think with very few games making a significant mark. I cannot claim to have played that classic so I will have to describe this entertaining game called Hacknet without any past comparisons. I will say that the reason it is compared though is because it takes the hacking seriously and isn't just some casual hacking game for the masses. Hacknet has almost no graphics (Maybe about 5 image files in the entire game), it has no video. It is only you looking at a computer screen full of numbers and files. You are a hacker, not Rambo, or James Bond, or Batman. You don't shoot at criminals and punch clowns in the face to save the day. You are a hacker that has found yourself in the middle of some hacking factions that may have stumbled into something big. You get some simple clues at the start that something is going on, but as you delve deeper into the hacking world, get recruited by more skillful hacking groups, and find more mysterious actions going on in your hacking exploits you will get asked to help find out what happened to a popular hacker that has gone missing. Just like everything in the hacking community, all useful information is hidden on systems which need to be hacked into. While looking for that information you will uncover many more secrets as you figure out exactly what happened. A final ending that could be considered a ""shock"". Very intriguing storyline and way to tell a story all through computer documents, e-mails, IRC chats, etc. While the tutorials, and the game itself is friendly to those who have no experience entering command lines, or hacking at all, it may not exactly be for the most casual of gamers. If you are a VERY slow typist you may have some issues when it comes to hacking into computers here in the time frames that are allowed. They have made it easier for you by allowing you to hit ""TAB"" in certain places to have the game auto-complete command lines if there is nothing else that has the exact same characters and you are in the proper place to do so, however. It absolutely helps to have some typing speed, or at least the knowledge of where all the keys on the keyboard are without having to search them out all the time though. You will have issues if you are THAT slow. You are tasked with finding various tools to run .exe files allowing you to open up ports on the computers you hack before running a PortHack program to get access to its files. Some computers early on are very easy to hack with only having to open 1-2 ports, but as you find more tools you may have to open as many as 5 ports, break through a firewall, and get through a proxy all on the same PC while avoiding a tracer too! So it becomes a bit quicker later on where you must know the commands and how to crack the security of various systems as the game progresses while fighting a clock too. You should pick up these skills as you play, but the knowledge of how to access certain databases will require a bit more thought at times. This is where the game adds a bit of strategy and puzzling into the mix. You need to think about what you are trying to do, search through maybe several other computers not just tools, but possibly passwords to OTHER computers, and even find ways to crack encrypted files! So it isn't always completely straightforward with the game holding your hand to get what you need. You will absolutely need to think somewhat critically here to reach your goals. IT is very refreshing to find a game that doesn't just offer you solutions on a silver platter and challenges you to figure things out yourself. It is quite rewarding in some cases to find a solution after thinking all your options through. Sometimes you can even find solutions to future problems by just HACKING into things you aren't even supposed to be working on for no other reason than because you felt like it. Hacknet had a few bugs when I got it at release, but it appears that most have been taken care of. I finished the game, but I had a quest that didn't trigger properly so I had to hack my way around into other things to find the info I needed to proceed. Something that really wasn't that big a deal because it felt like I was actually doing something I figured out myself to get around a problem. The triggers have been patched now though as far as I know. Other than that nothing I ran into. Hacknet does make you feel like a hacker if you have never done any hacking before in your life. It does use real world terminology and command lines to satisfy those that have in the past too so it isn't just for the hacker n00bs out there. The fast paced and tech-y music playing in the background was designed to make you feel like you are hacking systems as a hero in a movie. Punching in commands as fast you can can before getting caught is definitely helped by the pace of the music playing while you are trying to look into the dirty secrets of every computer you hack into. I found Hacknet to be a fantastic feeling of hacking and mystery solving. While you may feel that the middle gets a little bit repetitive when it comes to the hacking, it does usually change up enough in what you need to use to keep the pacing OK. Usually what you find in the files, and of course the ending was payoff enough to continue through if you start to feel like you are staring at a flashing screen too long. I absolutely would not recommend this game to a casual gamer at all. Unlike say a point and click adventure, the puzzles you solve here will require quick thinking and quick fingers at times. Most players will be fine with this, but this is a game that require MUCH more activity on the keyboard than it does with a mouse. So you are typing commands for what you need to do in, and not using a mouse to solve puzzles as much. If you don't read the help files, the tutorial, and look at the academic databases in the game you will not be able to figure things out. If you want a brainless game this one is not for you. The game has trading cards of course and Steam Achievements, which should be fairly easy to 100% if you can get through the game. This game should take you anywhere from 5-10 hours. More if you look ar ound some and find every secret I suspect. NOTE: Something I didn't talk about, because I am unsure what it consists of, is that Hacknet will be releasing a patch at some point that includes not just Steam Workshop to add more player made ""questing"", but it will also have Multiplayer! Like I said I don't know much about those aspects, but they are definitely coming. MP was in the game before Steam so it already exists, but the developers didn't feel it was working well enough yet to release with the Steam release. They wanted to stamp out any single player bugs first before bringing in these other features.",True,2015-08-25T05:08:45+00:00,2015-09-20T08:05:39+00:00,1287.0,1287.0,0.0,83.0,5.0,0.8537988066673279,True,False,False,False,76561197983747223,,72.0,False,False,6940,1293,21.45,21.45,10h+,positive
40229613,365450,hacknet,Hacknet,english,"Surprisingly fun hacking game 

You are given a number of scripts and commands and have to use them to solve puzzles. Time pressure on certain hacks give more of a challenge. Missions are quite varied and make you think.

Some useful commands:
scan   -- finds other connected servers
scp <filename>   -- downloads files to your home IP
rm *   --remove all files in directory
dc   --disconnect from server
shell    --create tool to hack proxies and trap hackers
reboot   --reboots server
analyze   --analyzes firewall, next command cracks it
solve <password>
porthack  --crack ports 
webserverworm 80   --crack HTTP port
smtpoverflow 25   --crack SMTP port
ftpbounce 21   --crack FTP port
sql_memcorrupt 1433  --crack SQL port
sshcrack  -- crack SSH port

Need to get rid of Proxy server? connect to a different IP address where you have admin privs and type shell. You can now go back to the IP address you want to hack and click overlog in your left or right panel, next to your notes.


If you get hacked:
Start out using cd to get into your logs folder.
Use ls to see your log files.
Find the IP address that hacked you and type connect followed by that IP address.
You are now going to use probe as usual to begin hacking the computer.
Run SSHCrack and PortHack.
Use cd to go into the sys folder.
Use ls and you will see he has a system file there for you to use to fix your computer.
Type scp x-server.sys to copy the system file to your computer.
Use dc to get back to your computer.
Type reboot","Surprisingly fun hacking game You are given a number of scripts and commands and have to use them to solve puzzles. Time pressure on certain hacks give more of a challenge. Missions are quite varied and make you think. Some useful commands: scan -- finds other connected servers scp <filename> -- downloads files to your home IP rm * --remove all files in directory dc --disconnect from server shell --create tool to hack proxies and trap hackers reboot --reboots server analyze --analyzes firewall, next command cracks it solve <password> porthack --crack ports webserverworm 80 --crack HTTP port smtpoverflow 25 --crack SMTP port ftpbounce 21 --crack FTP port sql_memcorrupt 1433 --crack SQL port sshcrack -- crack SSH port Need to get rid of Proxy server? connect to a different IP address where you have admin privs and type shell. You can now go back to the IP address you want to hack and click overlog in your left or right panel, next to your notes. If you get hacked: Start out using cd to get into your logs folder. Use ls to see your log files. Find the IP address that hacked you and type connect followed by that IP address. You are now going to use probe as usual to begin hacking the computer. Run SSHCrack and PortHack. Use cd to go into the sys folder. Use ls and you will see he has a system file there for you to use to fix your computer. Type scp x-server.sys to copy the system file to your computer. Use dc to get back to your computer. Type reboot",True,2018-02-19T17:17:00+00:00,2018-02-20T18:44:12+00:00,222.0,222.0,0.0,24.0,0.0,0.7471687197685242,False,False,False,False,76561197980514994,,140.0,False,False,1470,267,3.7,3.7,3-10h,positive
43994020,365450,hacknet,Hacknet,english,"In [i]Hacknet[/i], you play as a computer user who has just been bestowed a unique operating system (OS) with tools that can hack different computers. As the game progresses, you will discover new hacking tools, join other factions of hackers, fulfill hacking job contracts to build your reputation, and solve the game’s central mystery.

What I love about [i]Hacknet[/i] is the high level of immersion and engaging pacing. With my headphones on, listening to the adrenaline-pumping soundtrack, I voraciously took on one hacking contract after another. Before long, two to three hours have flown by. The game's missions, though all require hacking, vary in objects and pacing. Because of that, I did not find gameplay repetitive, and I used every opportunity to familiarize myself with the tools I had at my disposal. All of this prepared me for the climatic final mission, which totally did not disappoint.

[i]Hacknet[/i] is novice-friendly, but some players may find it having a slightly steep learning curve. Players will be at an advantage if they can type fast, has used *nix (e.g. Linux) shell commands, and/or are familiar with text-based OSes. This is because the user interface of [i]Hacknet[/i] is austere, with typing as your primary form of input. Still, there are simple graphics to depict hacking progress, network of computers, and directory trees. You can use your mouse from time to time as means of in-game navigation as I did.

[i]Hacknet[/i]'s appeal aside from immersion and pacing is really its simplicity. The players will always be given all the tools they would need to complete missions. So, the real challenge is to figure out which tool(s) to use to hack the computers and phones, and to do it quickly and efficiently. So, think fast! Type fast and furious! Once the dust has settled, snooping around the hacked machines and reaping your rewards are gratifying.

At the time of this review, [i]Hacknet[/i] is my favourite hacking-themed game. It’s fast, it’s empowering, and it’s extremely gratifying -- especially after a challenging mission. I highly recommend this game to those who wish an adrenaline-pumping, brain-teasing, text-based adventure game.","In [i]Hacknet[/i], you play as a computer user who has just been bestowed a unique operating system (OS) with tools that can hack different computers. As the game progresses, you will discover new hacking tools, join other factions of hackers, fulfill hacking job contracts to build your reputation, and solve the game’s central mystery. What I love about [i]Hacknet[/i] is the high level of immersion and engaging pacing. With my headphones on, listening to the adrenaline-pumping soundtrack, I voraciously took on one hacking contract after another. Before long, two to three hours have flown by. The game's missions, though all require hacking, vary in objects and pacing. Because of that, I did not find gameplay repetitive, and I used every opportunity to familiarize myself with the tools I had at my disposal. All of this prepared me for the climatic final mission, which totally did not disappoint. [i]Hacknet[/i] is novice-friendly, but some players may find it having a slightly steep learning curve. Players will be at an advantage if they can type fast, has used *nix (e.g. Linux) shell commands, and/or are familiar with text-based OSes. This is because the user interface of [i]Hacknet[/i] is austere, with typing as your primary form of input. Still, there are simple graphics to depict hacking progress, network of computers, and directory trees. You can use your mouse from time to time as means of in-game navigation as I did. [i]Hacknet[/i]'s appeal aside from immersion and pacing is really its simplicity. The players will always be given all the tools they would need to complete missions. So, the real challenge is to figure out which tool(s) to use to hack the computers and phones, and to do it quickly and efficiently. So, think fast! Type fast and furious! Once the dust has settled, snooping around the hacked machines and reaping your rewards are gratifying. At the time of this review, [i]Hacknet[/i] is my favourite hacking-themed game. It’s fast, it’s empowering, and it’s extremely gratifying -- especially after a challenging mission. I highly recommend this game to those who wish an adrenaline-pumping, brain-teasing, text-based adventure game.",True,2018-08-08T04:15:09+00:00,2018-08-08T04:15:09+00:00,1234.0,808.0,0.0,22.0,1.0,0.696854293346405,False,True,False,False,76561197971042239,,236.0,False,False,2180,351,20.566666666666666,13.466666666666667,10h+,positive
165211525,365450,hacknet,Hacknet,english,"Having just completed the main campaign at the time of writing - with an expansion DLC and community-made storylines to go grab whenever I fancy - I find myself applauding a demonstrable, confident and competent passion project.

Sitting at a fake operating system staring at flickering text and pondering what move to try next has no right to be this satisfying, yet Hacknet remains - with very few exceptions - a title that rewards ingenuity, curiosity and player agency. People say this is one of the definitive hacking simulators, and if this is indeed the case, it's not just the fact that you can screw around so intensively in a simulated internet ecosystem that you actually break the plot - it's because you're doing what hackers actually do most of the time, which is sit back, let out a big puffy-cheek sigh of mild exasperation and mutter ""ugh, how do we get around THAT one?!"" or ""oh wow, I probably shouldn't have been able to do this yet am being rewarded for doing so.""

The game teaches a few handy command line basics for those not in the know, but it's not going to give you much of anything in the way of dangerous IRL skills, largely because the premise of the game is that a fellow hacker has created a catch-all exploit that can open any computer like a can of sardines with the right complementary toolkit. Obtaining these tools, deepening your dive into the rabbithole and exploring a series of both serious and darkly comical scenarios is very much the crux of the game, and it's enjoyable and often tense in ways simply sitting at a computer has no right to be.

At the time of this review I have 10 hours in, and that's the core campaign done and dusted - enjoyable throughout and very rarely apt to let any pacing issues slip. Missions are unlocked by communicating with shady friends (and sometimes frenemies) who closely guard IP addresses and web tools that can expand your arsenal and uncover the truth behind those lurking in the darkest reaches of the web, trashing our rights man, TRAAAASHING.

Coupled with a banging soundtrack and just enough thrills and spills to make you sit up and pay attention when you get too cocky, Hacknet couples both careful thread-pulling at mysteries and intrigue with heartpounding oh-god-oh-dear-god panic moments where the screen goes weird and you know you're up a creek you were never invited to with a paddle your trembling fingers now can't spell the name of, just as you need it the most.

Excited to try community and DLC plotlines next!","Having just completed the main campaign at the time of writing - with an expansion DLC and community-made storylines to go grab whenever I fancy - I find myself applauding a demonstrable, confident and competent passion project. Sitting at a fake operating system staring at flickering text and pondering what move to try next has no right to be this satisfying, yet Hacknet remains - with very few exceptions - a title that rewards ingenuity, curiosity and player agency. People say this is one of the definitive hacking simulators, and if this is indeed the case, it's not just the fact that you can screw around so intensively in a simulated internet ecosystem that you actually break the plot - it's because you're doing what hackers actually do most of the time, which is sit back, let out a big puffy-cheek sigh of mild exasperation and mutter ""ugh, how do we get around THAT one?!"" or ""oh wow, I probably shouldn't have been able to do this yet am being rewarded for doing so."" The game teaches a few handy command line basics for those not in the know, but it's not going to give you much of anything in the way of dangerous IRL skills, largely because the premise of the game is that a fellow hacker has created a catch-all exploit that can open any computer like a can of sardines with the right complementary toolkit. Obtaining these tools, deepening your dive into the rabbithole and exploring a series of both serious and darkly comical scenarios is very much the crux of the game, and it's enjoyable and often tense in ways simply sitting at a computer has no right to be. At the time of this review I have 10 hours in, and that's the core campaign done and dusted - enjoyable throughout and very rarely apt to let any pacing issues slip. Missions are unlocked by communicating with shady friends (and sometimes frenemies) who closely guard IP addresses and web tools that can expand your arsenal and uncover the truth behind those lurking in the darkest reaches of the web, trashing our rights man, TRAAAASHING. Coupled with a banging soundtrack and just enough thrills and spills to make you sit up and pay attention when you get too cocky, Hacknet couples both careful thread-pulling at mysteries and intrigue with heartpounding oh-god-oh-dear-god panic moments where the screen goes weird and you know you're up a creek you were never invited to with a paddle your trembling fingers now can't spell the name of, just as you need it the most. Excited to try community and DLC plotlines next!",True,2024-05-12T11:45:05+00:00,2024-05-12T11:45:05+00:00,770.0,634.0,0.0,14.0,1.0,0.6733414530754089,True,False,False,False,76561198046692980,,18.0,False,False,2508,441,12.833333333333334,10.566666666666666,10h+,positive
122798016,365450,hacknet,Hacknet,english,"Probably the most fun you can legally have with directory commands. Still, Hacknet may or may not be for you, depending on what you're hoping to get out of it. 

If you're in it for the narrative experience and the voyeuristic joy of poking around in other people's business and/or places that you don't belong, indulging the cinematically-improbable-but-evergreen-cool Hacker Man(tm) in your heart to the appropriately driving beat of smooth EDM, then you'll definitely enjoy what this game is -- regardless of your actual level of familiarity with all things tech. It's a game that intends to be accessible so it glosses over the hard stuff, handing you tools that amount to pegs you've got to put into the proper holes at the proper time, often under (mild) time pressure. They're basic, familiar video game mechanics, dressed up this time as Hacker Stuff, and I think it works because it takes a back seat to the story. The game doesn't take itself too seriously, but has poignant moments all the same. 

If what you want instead is a game that's going to have you actually writing code or cracking difficult puzzles, this isn't what you're looking for. The guy who made it clearly has a background in tech, but this isn't a Zachtronics thing -- it's essentially a slick visual novel with some fun exploratory/investigative elements and some hidden surprises for diligent snoopers.

I was excited to see that other people have crafted their own bite-sized stories for Hacknet, and I'm looking forward to trying them out!","Probably the most fun you can legally have with directory commands. Still, Hacknet may or may not be for you, depending on what you're hoping to get out of it. If you're in it for the narrative experience and the voyeuristic joy of poking around in other people's business and/or places that you don't belong, indulging the cinematically-improbable-but-evergreen-cool Hacker Man(tm) in your heart to the appropriately driving beat of smooth EDM, then you'll definitely enjoy what this game is -- regardless of your actual level of familiarity with all things tech. It's a game that intends to be accessible so it glosses over the hard stuff, handing you tools that amount to pegs you've got to put into the proper holes at the proper time, often under (mild) time pressure. They're basic, familiar video game mechanics, dressed up this time as Hacker Stuff, and I think it works because it takes a back seat to the story. The game doesn't take itself too seriously, but has poignant moments all the same. If what you want instead is a game that's going to have you actually writing code or cracking difficult puzzles, this isn't what you're looking for. The guy who made it clearly has a background in tech, but this isn't a Zachtronics thing -- it's essentially a slick visual novel with some fun exploratory/investigative elements and some hidden surprises for diligent snoopers. I was excited to see that other people have crafted their own bite-sized stories for Hacknet, and I'm looking forward to trying them out!",True,2022-09-25T09:24:18+00:00,2022-09-25T09:24:18+00:00,701.0,701.0,0.0,9.0,0.0,0.599368691444397,True,False,False,False,76561197976043137,,95.0,False,False,1519,257,11.683333333333334,11.683333333333334,10h+,positive
48552330,365450,hacknet,Hacknet,english,"The base game is really fun with an exciting storyline. You get to use real UNIX commands such as cat, mv, and cd and I feel like it adds some more realism in the game. You gotta act fast some times because of time pressure (trace). 

The Labyrinths DLC adds a lot to the base game. It adds a whole new story and a lot of new challenges. It's like a whole new game. 

The soundtracks for both the base game, and the DLC, were amazing. I absolutely loved them.

The game is one of my favorite games and I would recommend it to anyone who likes ""hacking simulators"" and good storylines. Also, get the DLC.","The base game is really fun with an exciting storyline. You get to use real UNIX commands such as cat, mv, and cd and I feel like it adds some more realism in the game. You gotta act fast some times because of time pressure (trace). The Labyrinths DLC adds a lot to the base game. It adds a whole new story and a lot of new challenges. It's like a whole new game. The soundtracks for both the base game, and the DLC, were amazing. I absolutely loved them. The game is one of my favorite games and I would recommend it to anyone who likes ""hacking simulators"" and good storylines. Also, get the DLC.",True,2019-01-25T22:08:34+00:00,2021-04-05T16:00:20+00:00,1578.0,677.0,0.0,7.0,9.0,0.5694239735603333,False,True,False,False,76561198283944477,,6.0,False,False,598,116,26.3,11.283333333333333,10h+,positive
46344787,365450,hacknet,Hacknet,english,"[h1] Many will claim that this is like playing the next version of Uplink since it is the most realistic hacking type game since Uplink was released. A very unique genre I think with very few games making a significant mark. I cannot claim to have played that classic so I will have to describe this entertaining game called Hacknet without any past comparisons. I will say that the reason it is compared though is because it takes the hacking seriously and isn't just some casual hacking game for the masses. [/h1]

Hacknet has almost no graphics (Maybe about 5 image files in the entire game), it has no video. It is only you looking at a computer screen full of numbers and files. You are a hacker, not Rambo, or James Bond, or Batman. You don't shoot at criminals and punch clowns in the face to save the day. You are a hacker that has found yourself in the middle of some hacking factions that may have stumbled into something big. You get some simple clues at the start that something is going on, but as you delve deeper into the hacking world, get recruited by more skillful hacking groups, and find more mysterious actions going on in your hacking exploits you will get asked to help find out what happened to a popular hacker that has gone missing. Just like everything in the hacking community, all useful information is hidden on systems which need to be hacked into. While looking for that information you will uncover many more secrets as you figure out exactly what happened. A final ending that could be considered a ""shock"". Very intriguing storyline and way to tell a story all through computer documents, e-mails, IRC chats, etc.

While the tutorials, and the game itself is friendly to those who have no experience entering command lines, or hacking at all, it may not exactly be for the most casual of gamers. If you are a VERY slow typist you may have some issues when it comes to hacking into computers here in the time frames that are allowed. They have made it easier for you by allowing you to hit ""TAB"" in certain places to have the game auto-complete command lines if there is nothing else that has the exact same characters and you are in the proper place to do so, however. It absolutely helps to have some typing speed, or at least the knowledge of where all the keys on the keyboard are without having to search them out all the time though. You will have issues if you are THAT slow.

You are tasked with finding various tools to run .exe files allowing you to open up ports on the computers you hack before running a PortHack program to get access to its files. Some computers early on are very easy to hack with only having to open 1-2 ports, but as you find more tools you may have to open as many as 5 ports, break through a firewall, and get through a proxy all on the same PC while avoiding a tracer too! So it becomes a bit quicker later on where you must know the commands and how to crack the security of various systems as the game progresses while fighting a clock too. You should pick up these skills as you play, but the knowledge of how to access certain databases will require a bit more thought at times. This is where the game adds a bit of strategy and puzzling into the mix. You need to think about what you are trying to do, search through maybe several other computers not just tools, but possibly passwords to OTHER computers, and even find ways to crack encrypted files! So it isn't always completely straightforward with the game holding your hand to get what you need. You will absolutely need to think somewhat critically here to reach your goals. IT is very refreshing to find a game that doesn't just offer you solutions on a silver platter and challenges you to figure things out yourself. It is quite rewarding in some cases to find a solution after thinking all your options through. Sometimes you can even find solutions to future problems by just HACKING into things you aren't even supposed to be working on for no other reason than because you felt like it.

Hacknet had a few bugs when I got it at release, but it appears that most have been taken care of. I finished the game, but I had a quest that didn't trigger properly so I had to hack my way around into other things to find the info I needed to proceed. Something that really wasn't that big a deal because it felt like I was actually doing something I figured out myself to get around a problem. The triggers have been patched now though as far as I know. Other than that nothing I ran into.

Hacknet does make you feel like a hacker if you have never done any hacking before in your life. It does use real world terminology and command lines to satisfy those that have in the past too so it isn't just for the hacker n00bs out there. The fast paced and tech-y music playing in the background was designed to make you feel like you are hacking systems as a hero in a movie. Punching in commands as fast you can can before getting caught is definitely helped by the pace of the music playing while you are trying to look into the dirty secrets of every computer you hack into.

I found Hacknet to be a fantastic feeling of hacking and mystery solving. While you may feel that the middle gets a little bit repetitive when it comes to the hacking, it does usually change up enough in what you need to use to keep the pacing OK. Usually what you find in the files, and of course the ending was payoff enough to continue through if you start to feel like you are staring at a flashing screen too long. I absolutely would not recommend this game to a casual gamer at all. Unlike say a point and click adventure, the puzzles you solve here will require quick thinking and quick fingers at times. Most players will be fine with this, but this is a game that require MUCH more activity on the keyboard than it does with a mouse. So you are typing commands for what you need to do in, and not using a mouse to solve puzzles as much. If you don't read the help files, the tutorial, and look at the academic databases in the game you will not be able to figure things out. If you want a brainless game this one is not for you.

The game has trading cards of course and Steam Achievements, which should be fairly easy to 100% if you can get through the game. This game should take you anywhere from 5-10 hours. More if you look around some and find every secret I suspect.

NOTE: Something I didn't talk about, because I am unsure what it consists of, is that Hacknet will be releasing a patch at some point that includes not just Steam Workshop to add more player made ""questing"", but it will also have Multiplayer! Like I said I don't know much about those aspects, but they are definitely coming. MP was in the game before Steam so it already exists, but the developers didn't feel it was working well enough yet to release with the Steam release. They wanted to stamp out any single player bugs first before bringing in these other features.","[h1] Many will claim that this is like playing the next version of Uplink since it is the most realistic hacking type game since Uplink was released. A very unique genre I think with very few games making a significant mark. I cannot claim to have played that classic so I will have to describe this entertaining game called Hacknet without any past comparisons. I will say that the reason it is compared though is because it takes the hacking seriously and isn't just some casual hacking game for the masses. [/h1] Hacknet has almost no graphics (Maybe about 5 image files in the entire game), it has no video. It is only you looking at a computer screen full of numbers and files. You are a hacker, not Rambo, or James Bond, or Batman. You don't shoot at criminals and punch clowns in the face to save the day. You are a hacker that has found yourself in the middle of some hacking factions that may have stumbled into something big. You get some simple clues at the start that something is going on, but as you delve deeper into the hacking world, get recruited by more skillful hacking groups, and find more mysterious actions going on in your hacking exploits you will get asked to help find out what happened to a popular hacker that has gone missing. Just like everything in the hacking community, all useful information is hidden on systems which need to be hacked into. While looking for that information you will uncover many more secrets as you figure out exactly what happened. A final ending that could be considered a ""shock"". Very intriguing storyline and way to tell a story all through computer documents, e-mails, IRC chats, etc. While the tutorials, and the game itself is friendly to those who have no experience entering command lines, or hacking at all, it may not exactly be for the most casual of gamers. If you are a VERY slow typist you may have some issues when it comes to hacking into computers here in the time frames that are allowed. They have made it easier for you by allowing you to hit ""TAB"" in certain places to have the game auto-complete command lines if there is nothing else that has the exact same characters and you are in the proper place to do so, however. It absolutely helps to have some typing speed, or at least the knowledge of where all the keys on the keyboard are without having to search them out all the time though. You will have issues if you are THAT slow. You are tasked with finding various tools to run .exe files allowing you to open up ports on the computers you hack before running a PortHack program to get access to its files. Some computers early on are very easy to hack with only having to open 1-2 ports, but as you find more tools you may have to open as many as 5 ports, break through a firewall, and get through a proxy all on the same PC while avoiding a tracer too! So it becomes a bit quicker later on where you must know the commands and how to crack the security of various systems as the game progresses while fighting a clock too. You should pick up these skills as you play, but the knowledge of how to access certain databases will require a bit more thought at times. This is where the game adds a bit of strategy and puzzling into the mix. You need to think about what you are trying to do, search through maybe several other computers not just tools, but possibly passwords to OTHER computers, and even find ways to crack encrypted files! So it isn't always completely straightforward with the game holding your hand to get what you need. You will absolutely need to think somewhat critically here to reach your goals. IT is very refreshing to find a game that doesn't just offer you solutions on a silver platter and challenges you to figure things out yourself. It is quite rewarding in some cases to find a solution after thinking all your options through. Sometimes you can even find solutions to future problems by just HACKING into things you aren't even supposed to be working on for no other reason than because you felt like it. Hacknet had a few bugs when I got it at release, but it appears that most have been taken care of. I finished the game, but I had a quest that didn't trigger properly so I had to hack my way around into other things to find the info I needed to proceed. Something that really wasn't that big a deal because it felt like I was actually doing something I figured out myself to get around a problem. The triggers have been patched now though as far as I know. Other than that nothing I ran into. Hacknet does make you feel like a hacker if you have never done any hacking before in your life. It does use real world terminology and command lines to satisfy those that have in the past too so it isn't just for the hacker n00bs out there. The fast paced and tech-y music playing in the background was designed to make you feel like you are hacking systems as a hero in a movie. Punching in commands as fast you can can before getting caught is definitely helped by the pace of the music playing while you are trying to look into the dirty secrets of every computer you hack into. I found Hacknet to be a fantastic feeling of hacking and mystery solving. While you may feel that the middle gets a little bit repetitive when it comes to the hacking, it does usually change up enough in what you need to use to keep the pacing OK. Usually what you find in the files, and of course the ending was payoff enough to continue through if you start to feel like you are staring at a flashing screen too long. I absolutely would not recommend this game to a casual gamer at all. Unlike say a point and click adventure, the puzzles you solve here will require quick thinking and quick fingers at times. Most players will be fine with this, but this is a game that require MUCH more activity on the keyboard than it does with a mouse. So you are typing commands for what you need to do in, and not using a mouse to solve puzzles as much. If you don't read the help files, the tutorial, and look at the academic databases in the game you will not be able to figure things out. If you want a brainless game this one is not for you. The game has trading cards of course and Steam Achievements, which should be fairly easy to 100% if you can get through the game. This game should take you anywhere from 5-10 hours. More if you look around some and find every secret I suspect. NOTE: Something I didn't talk about, because I am unsure what it consists of, is that Hacknet will be releasing a patch at some point that includes not just Steam Workshop to add more player made ""questing"", but it will also have Multiplayer! Like I said I don't know much about those aspects, but they are definitely coming. MP was in the game before Steam so it already exists, but the developers didn't feel it was working well enough yet to release with the Steam release. They wanted to stamp out any single player bugs first before bringing in these other features.",True,2018-11-22T15:20:22+00:00,2020-10-28T16:17:56+00:00,2480.0,2456.0,0.0,4.0,0.0,0.5857988595962524,False,False,False,False,76561198084514434,,19.0,False,False,6952,1294,41.333333333333336,40.93333333333333,10h+,positive
194141796,365450,hacknet,Hacknet,english,"Hacknet is a rare gem in the indie scene—a game that doesn't just simulate hacking, but immerses you in it with a level of authenticity and atmosphere that most genre attempts barely graze. Designed by Team Fractal Alligator, it's a terminal-based hacking simulator where you dive deep into a rabbit hole of digital espionage, underground networks, and cryptic puzzles, all communicated through a command-line interface. On paper, that may sound dry. In execution, it’s anything but.

What makes Hacknet such a standout experience, is its faithfulness to real-world logic without alienating player unfamiliar with coding. It teaches by doing, never hand-holding but never abandoning you either. You’ll boot systems, probe for vulnerabilities, crack passwords, and manipulate files—all with just a blinking cursor and your wits. There’s a certain thrill in executing a flawless sequence of commands under pressure, like defusing a bomb with only seconds to spare.

The most positive  consistently praise its atmosphere. The soundtrack—moody and immersive—drenches every hack in tension and mystery. The narrative, while not overly complex, feeds a constant sense of curiosity. You're not just following orders; you're unraveling a digital conspiracy. Describe the experience as “empowering,” especially for those who’ve never touched a line of code before. There’s a genuine sense of growth as you become more fluent in your digital arsenal.

That said, even the best-crafted code has bugs. Point out a few frustrating limitations. First, while the UI is stylistically perfect for the theme, it can become visually fatiguing over long sessions, especially when you're staring at lines of text with minimal interface variety. Second, once you grasp the core mechanics, the challenge can taper off. Some missions fall into predictable patterns, and may find the mid-to-late game lacking in complexity.

Additionally, the lack of real choice in how you approach objectives can feel constricting. While it feels like a sandbox at first glance, the game often funnels you into single-solution puzzles. Wishing for more freedom to experiment or “break the system” in creative ways.

Hacknet is a brilliant idea executed with style, but not without cracks in its shell. The story is intriguing, yet occasionally shallow; the pacing tight, though at times undermined by repetitiveness. Still, it’s universally acknowledged as an educational and atmospheric triumph, especially for those willing to sink into its digital depths.

Final Verdict:
Hacknet is a thinking person’s game—a methodical, immersive dive into the world of virtual infiltration. It empowers through minimalism, teaches through tension, and wraps it all in a darkly ambient package. Despite a few structural shortcomings, it stands tall as a uniquely engrossing experience.

Rating: 8.5/10
A captivating digital puzzle-box, slightly constrained by its own structure, but well worth unlocking.

If you liked my attempt at making a professional review of this game, please leave a like for this review and if you think I should continue doing professional game reviews, then click on ""Award"" in the bottom right corner. Thank you!","Hacknet is a rare gem in the indie scene—a game that doesn't just simulate hacking, but immerses you in it with a level of authenticity and atmosphere that most genre attempts barely graze. Designed by Team Fractal Alligator, it's a terminal-based hacking simulator where you dive deep into a rabbit hole of digital espionage, underground networks, and cryptic puzzles, all communicated through a command-line interface. On paper, that may sound dry. In execution, it’s anything but. What makes Hacknet such a standout experience, is its faithfulness to real-world logic without alienating player unfamiliar with coding. It teaches by doing, never hand-holding but never abandoning you either. You’ll boot systems, probe for vulnerabilities, crack passwords, and manipulate files—all with just a blinking cursor and your wits. There’s a certain thrill in executing a flawless sequence of commands under pressure, like defusing a bomb with only seconds to spare. The most positive consistently praise its atmosphere. The soundtrack—moody and immersive—drenches every hack in tension and mystery. The narrative, while not overly complex, feeds a constant sense of curiosity. You're not just following orders; you're unraveling a digital conspiracy. Describe the experience as “empowering,” especially for those who’ve never touched a line of code before. There’s a genuine sense of growth as you become more fluent in your digital arsenal. That said, even the best-crafted code has bugs. Point out a few frustrating limitations. First, while the UI is stylistically perfect for the theme, it can become visually fatiguing over long sessions, especially when you're staring at lines of text with minimal interface variety. Second, once you grasp the core mechanics, the challenge can taper off. Some missions fall into predictable patterns, and may find the mid-to-late game lacking in complexity. Additionally, the lack of real choice in how you approach objectives can feel constricting. While it feels like a sandbox at first glance, the game often funnels you into single-solution puzzles. Wishing for more freedom to experiment or “break the system” in creative ways. Hacknet is a brilliant idea executed with style, but not without cracks in its shell. The story is intriguing, yet occasionally shallow; the pacing tight, though at times undermined by repetitiveness. Still, it’s universally acknowledged as an educational and atmospheric triumph, especially for those willing to sink into its digital depths. Final Verdict: Hacknet is a thinking person’s game—a methodical, immersive dive into the world of virtual infiltration. It empowers through minimalism, teaches through tension, and wraps it all in a darkly ambient package. Despite a few structural shortcomings, it stands tall as a uniquely engrossing experience. Rating: 8.5/10 A captivating digital puzzle-box, slightly constrained by its own structure, but well worth unlocking. If you liked my attempt at making a professional review of this game, please leave a like for this review and if you think I should continue doing professional game reviews, then click on ""Award"" in the bottom right corner. Thank you!",True,2025-05-03T17:03:23+00:00,2025-05-25T21:12:24+00:00,310.0,310.0,0.0,3.0,0.0,0.4965035021305084,False,True,False,False,76561198050643585,,162.0,False,False,3179,487,5.166666666666667,5.166666666666667,3-10h,positive
201890214,365450,hacknet,Hacknet,english,"Hacknet is a unique and immersive hacking simulator that manages to blend educational elements with engaging gameplay to deliver an experience that feels both authentic and accessible. Developed by Team Fractal Alligator, the game places players in the role of a recently deceased hacker whose death was mysteriously logged in the system, prompting you to follow their digital footsteps through a series of hacking tasks. From the moment you begin, Hacknet pulls you into a gritty, text-based cyber world that relies heavily on realistic command-line interfaces, compelling storytelling, and a sense of discovery that is rarely found in traditional puzzle or adventure games.

At its core, Hacknet is all about learning and using real-world hacking concepts in a fictional setting. The gameplay revolves around typing actual Unix-based commands, running scripts, cracking passwords, and exploiting network vulnerabilities. Unlike many games that simplify hacking into a series of quick minigames or button presses, Hacknet demands attention to detail and encourages experimentation. The command line interface is intuitive yet detailed, and the game introduces commands gradually, allowing players to build a solid understanding of the mechanics as they progress. The pacing strikes a perfect balance between tutorialization and challenge, making it approachable for newcomers without feeling watered down for those with some technical knowledge.

The narrative is one of the standout features of Hacknet. It unfolds through in-game emails, chat logs, and system messages, painting a picture of a shadowy digital underworld filled with intrigue, moral ambiguity, and complex characters. You’re not just hacking for the sake of hacking; there is an overarching mystery and a compelling story that motivates your actions. The writing is sharp, immersive, and at times surprisingly emotional, which elevates the experience beyond a purely mechanical simulation. The game’s episodic structure ensures that the story unfolds organically, revealing new layers and twists as you delve deeper into the cyber realm.

Visually, Hacknet embraces a minimalist aesthetic that perfectly suits its subject matter. The black terminal screen with green and white text, simple window layouts, and sparse but effective use of icons and alerts all contribute to a tense, focused atmosphere. This stark visual style keeps distractions at bay and mirrors the real-world hacking environment, which is often devoid of flashy graphics or unnecessary clutter. Sound design is subtle but impactful—the ambient electronic soundtrack and occasional notification sounds create a sense of urgency and immersion without overwhelming the player.

One of the game’s greatest strengths lies in its open-ended approach to problem-solving. While certain missions have specific goals, there are often multiple ways to achieve them, encouraging players to think creatively and strategically. Tools can be upgraded and customized, and players must learn to manage limited resources like access time and software capabilities. This encourages careful planning and prioritization, and often rewards lateral thinking and patience. The inclusion of realistic constraints, such as the risk of being traced or locked out, adds tension and stakes to each hacking attempt.

The community surrounding Hacknet has also contributed significantly to its longevity. The game supports modding, and players have created custom missions, alternate storylines, and new tools that expand the gameplay experience far beyond the base game. This openness to user-generated content keeps the game fresh and provides a platform for those interested in exploring hacking concepts in even more depth.

While Hacknet is highly praised, it’s important to note that its appeal is somewhat niche. Players looking for fast-paced action or high-octane thrills might find the methodical, text-heavy gameplay slow or dense. The learning curve, though well-managed, can be steep for those unfamiliar with command-line interfaces or hacking terminology. However, for players fascinated by computers, cybersecurity, or puzzle-solving, Hacknet offers a deeply satisfying and often enlightening experience that feels genuinely rewarding.

In conclusion, Hacknet stands out as a rare title that successfully combines educational value with compelling storytelling and engaging gameplay mechanics. Its realistic portrayal of hacking, grounded in authentic command-line use, sets it apart from other cyber-themed games that often rely on gimmicks or unrealistic portrayals. The game’s narrative depth, minimalist yet effective presentation, and open-ended problem-solving create an experience that is both intellectually stimulating and highly entertaining. For anyone curious about the world of hacking or simply looking for a unique puzzle-adventure game, Hacknet is a must-play that continues to impress years after its release.

Rating: 9/10","Hacknet is a unique and immersive hacking simulator that manages to blend educational elements with engaging gameplay to deliver an experience that feels both authentic and accessible. Developed by Team Fractal Alligator, the game places players in the role of a recently deceased hacker whose death was mysteriously logged in the system, prompting you to follow their digital footsteps through a series of hacking tasks. From the moment you begin, Hacknet pulls you into a gritty, text-based cyber world that relies heavily on realistic command-line interfaces, compelling storytelling, and a sense of discovery that is rarely found in traditional puzzle or adventure games. At its core, Hacknet is all about learning and using real-world hacking concepts in a fictional setting. The gameplay revolves around typing actual Unix-based commands, running scripts, cracking passwords, and exploiting network vulnerabilities. Unlike many games that simplify hacking into a series of quick minigames or button presses, Hacknet demands attention to detail and encourages experimentation. The command line interface is intuitive yet detailed, and the game introduces commands gradually, allowing players to build a solid understanding of the mechanics as they progress. The pacing strikes a perfect balance between tutorialization and challenge, making it approachable for newcomers without feeling watered down for those with some technical knowledge. The narrative is one of the standout features of Hacknet. It unfolds through in-game emails, chat logs, and system messages, painting a picture of a shadowy digital underworld filled with intrigue, moral ambiguity, and complex characters. You’re not just hacking for the sake of hacking; there is an overarching mystery and a compelling story that motivates your actions. The writing is sharp, immersive, and at times surprisingly emotional, which elevates the experience beyond a purely mechanical simulation. The game’s episodic structure ensures that the story unfolds organically, revealing new layers and twists as you delve deeper into the cyber realm. Visually, Hacknet embraces a minimalist aesthetic that perfectly suits its subject matter. The black terminal screen with green and white text, simple window layouts, and sparse but effective use of icons and alerts all contribute to a tense, focused atmosphere. This stark visual style keeps distractions at bay and mirrors the real-world hacking environment, which is often devoid of flashy graphics or unnecessary clutter. Sound design is subtle but impactful—the ambient electronic soundtrack and occasional notification sounds create a sense of urgency and immersion without overwhelming the player. One of the game’s greatest strengths lies in its open-ended approach to problem-solving. While certain missions have specific goals, there are often multiple ways to achieve them, encouraging players to think creatively and strategically. Tools can be upgraded and customized, and players must learn to manage limited resources like access time and software capabilities. This encourages careful planning and prioritization, and often rewards lateral thinking and patience. The inclusion of realistic constraints, such as the risk of being traced or locked out, adds tension and stakes to each hacking attempt. The community surrounding Hacknet has also contributed significantly to its longevity. The game supports modding, and players have created custom missions, alternate storylines, and new tools that expand the gameplay experience far beyond the base game. This openness to user-generated content keeps the game fresh and provides a platform for those interested in exploring hacking concepts in even more depth. While Hacknet is highly praised, it’s important to note that its appeal is somewhat niche. Players looking for fast-paced action or high-octane thrills might find the methodical, text-heavy gameplay slow or dense. The learning curve, though well-managed, can be steep for those unfamiliar with command-line interfaces or hacking terminology. However, for players fascinated by computers, cybersecurity, or puzzle-solving, Hacknet offers a deeply satisfying and often enlightening experience that feels genuinely rewarding. In conclusion, Hacknet stands out as a rare title that successfully combines educational value with compelling storytelling and engaging gameplay mechanics. Its realistic portrayal of hacking, grounded in authentic command-line use, sets it apart from other cyber-themed games that often rely on gimmicks or unrealistic portrayals. The game’s narrative depth, minimalist yet effective presentation, and open-ended problem-solving create an experience that is both intellectually stimulating and highly entertaining. For anyone curious about the world of hacking or simply looking for a unique puzzle-adventure game, Hacknet is a must-play that continues to impress years after its release. Rating: 9/10",True,2025-08-11T05:02:55+00:00,2025-08-11T05:02:55+00:00,1882.0,1458.0,0.0,3.0,1.0,0.470992773771286,False,False,False,False,76561198367471798,,27525.0,False,False,4956,718,31.366666666666667,24.3,10h+,positive
65105334,365450,hacknet,Hacknet,english,"[h1] INTRO [/h1]
The best way to describe Hacknet for me is that it's an experience. You will like it if you're curious about what you see in the trailers and on YouTube. The comparison to real hacking that I've seen around the Interwebs is there in the similarities with the commands that you type into a terminal window, and the use of I.P. addresses, but that's really about it (Read about that here: https://www.quora.com/How-closely-is-HackNet-OS-game-related-to-the-real-life-hacking). But besides all of that, you should give it a go. It's $15, and it was worth every dime. I'll go into details below about why, but I would blanket recommend this game if you've seen anything interesting in the trailers, reviews, or content about this game. 

[h1] BEGINNING [/h1]
I'll go chronologically here: I found this game in a weird way. I found Furi through Dunkey's Best of 2017, and while listening to the Soundtrack for it Payload came on thanks to shuffle. I'll get to the soundtrack a ""Bit"" later, but Payload is one heck of an advertisement for Hacknet. The developer Matt Trobbiani said that the tutorial was what he was most proud of, which comes right when you start a New Session (https://www.youtube.com/watch?v=suQ_dT8ucVg 0:52). I found that it was... lacking. I was unsure of how to solve most problems at the beginning of the game that I was presented with, and the convoluted explanations of what the commands did was not helpful for knowing what exactly to do with them. My examples here are the explanation of Shells and an Executable that I can't remember. If you're anything like me, the first hour(s) will be a grind: learning the commands, getting a feel for what the missions are asking of you, and learning the flow of the game. [i] Note: I found that saying what's wrong plainly will help with finding a solution. For example: ""My file got deleted, I need another one. I'll just go and steal it"". [/i] This was my challenge, and I found myself on the incredibly helpful Steam guide more than a few times in the early game (DO NOT USE THIS UNTIL YOU ARE STUCK https://steamcommunity.com/sharedfiles/filedetails/?id=499723234). This was a more sufficient tutorial for getting accustomed to the game and progressing. But that's just the beginning of the game, and the game's biggest fault in my opinion. 

[h1] MID GAME [/h1]
After my mixed experience with the beginning of the game, things got better, and quickly. After you know the commands well and how they are used, (shell, rm, probe, connect, addnote, append/replace, upload, and a few more basics) you start to see the timing the game expects of you. The Trace adds real intensity to the game that will the expanded upon later. It really gets exciting as the commands come naturally to you. I disagree with Matt about the success of the tutorial, rather I would praise him on the pacing and creativity of the mid and the beautiful, beautiful, oh so beautiful endgame. I found myself going back to the guide less and less, and realizing that most problems can be solved with basic knowledge of the game, and a curiosity for combing through systems. You've got to look carefully through everything. You'll find everything from weird conversations to passwords that you can't proceed without. The flow of the mid game is quite enjoyable as the difficulty slowly picks up and your Net Map gets bigger and bigger. You start to get the sense that Hacknet is an open world game, which it is. Hacknet takes you through the mid game and cleverly prepares you for the final challenges that you will be ready for if you've paid attention throughout the game, and you won't have to use any guides at all. 

[h1] ENDGAME [/h1]
Hacknet's final challenge is daunting, but well-designed. Now for the ending. I won't say too much because it is best experienced without expectation, but I will say that it made it all worth it. Learning the commands, how the game is played, it all comes together. In a rather mild game, the experience of the ending is quite ""shocking"". This was where Hacknet was completely untouchable. I would give any amount of money to go back and experience that ending for the first time again. Best part of the game, by far. Sequencer is my favorite Executable and it will be yours as well once you finish the game. Now to the soundtrack, because this section and the next one go hand-in-hand. 

[h1] MUSIC [/h1]
Now I'm a music guy, and the soundtrack plays a huge role in Hacknet's overall experience. That's because there are almost no sound effects, the beeping of the Trace timer, accepting and competing contracts, and an Incoming Signal are all of the ones I can think of right now. If you turned the music off in settings, the game would be silent. Therefore there is a huge emphasis on the soundtrack. And I'll just say that I'm listening to Roja Drifts By just to get in the spirit for this section. There's a few really good ones, and the rest are ok. Here's a list of the good stuff: Carpenter Brut for obvious reasons, Tetrameth, Roja Drifts By, Outrun the Wolves, and in Labyrinths Dream Head, and even the legendary Resonance makes an appearance (at one point Matt said he thought he wouldn't make enough money to pay the artists back). The rest of the soundtrack was nice and ""techno-y"" and perfectly fit with the theme of the game and what you see on your screen. But the standout for me was obviously Remi Gallego. Everything he's put out, especially for Hacknet and Labyrinths turned out to be some of my favorite songs ever. Payload, Panic Track (which is basically Malware Injection), ClearText, and Sabotage were all masterpiece songs. I encourage you to check out the work he did on Hell is Other Demons as well if you liked his stuff here, it's great. However mentioning Payload gives me the opportunity to talk about the one problem that Hacknet has with its use of the soundtrack. I know Payload appears in Labyrinths, but the problem occurs in the main game as well. The songs are just set to repeat until you complete a contract or two (I also did not appreciate Matt cutting out the glitching in Payload, https://www.youtube.com/watch?v=4l6arwAIA6w 4:03). It gets old, and I found myself muting the music for a while to keep all of the tracks fresh because they are reused at points. 

[h1] STORY [/h1]
Lastly I'll touch on the story here, it's good. There's a Bit of a twist as to the fate of Hacknet which I thought was really cool, but it was also a bit convoluted. Took me some reading afterwards to figure out what just happened, but that's also because I wasn't really paying attention to the story and more worrying about why I couldn't complete some mission. Let's just say it's not spelled out, but I guess some players understood it pretty easily (THIS IS A STEAM FORUM ABOUT THE ENDING AND EXPLAINING IT, I AM ONLY INCLUDING IT TO SHOW THAT THE ENDING IS EXPLAINED IF YOU LOOK FOR IT https://steamcommunity.com/app/365450/discussions/0/530649887207612803/). Anyways, the story is strong and interesting, but you don't play it for the story. It's interesting enough that you could, but you just don't. 

[h1] SUMMARY & RATING [/h1]
Overall an unforgettable experience. Easter eggs, music, intensity, it's fun for the whole family (not really suitable for the whole family). Be patient in the beginning, learn the commands, comb through the systems, learn what is required of you. There are bumps and surprises waiting for you, and you're rewarded for jumping through each hurdle. Please give this a shot, I found music that I loved, an ending so good I pooped myself, I fought my way through an unfamiliar system, and I learned about video games. There's bound to be something you like about the game if you [b] stick with it [/b]. And if you liked what you played in the main game, get Labyrinths (https://store.steampowered.com/app/521840/Hacknet__Labyrinths/). You won't be sorry, mate. Matt put a lot of love into this game, and it shows. [b] 9/10. [/b]","[h1] INTRO [/h1] The best way to describe Hacknet for me is that it's an experience. You will like it if you're curious about what you see in the trailers and on YouTube. The comparison to real hacking that I've seen around the Interwebs is there in the similarities with the commands that you type into a terminal window, and the use of I.P. addresses, but that's really about it (Read about that here: https://www.quora.com/How-closely-is-HackNet-OS-game-related-to-the-real-life-hacking). But besides all of that, you should give it a go. It's $15, and it was worth every dime. I'll go into details below about why, but I would blanket recommend this game if you've seen anything interesting in the trailers, reviews, or content about this game. [h1] BEGINNING [/h1] I'll go chronologically here: I found this game in a weird way. I found Furi through Dunkey's Best of 2017, and while listening to the Soundtrack for it Payload came on thanks to shuffle. I'll get to the soundtrack a ""Bit"" later, but Payload is one heck of an advertisement for Hacknet. The developer Matt Trobbiani said that the tutorial was what he was most proud of, which comes right when you start a New Session (https://www.youtube.com/watch?v=suQ_dT8ucVg 0:52). I found that it was... lacking. I was unsure of how to solve most problems at the beginning of the game that I was presented with, and the convoluted explanations of what the commands did was not helpful for knowing what exactly to do with them. My examples here are the explanation of Shells and an Executable that I can't remember. If you're anything like me, the first hour(s) will be a grind: learning the commands, getting a feel for what the missions are asking of you, and learning the flow of the game. [i] Note: I found that saying what's wrong plainly will help with finding a solution. For example: ""My file got deleted, I need another one. I'll just go and steal it"". [/i] This was my challenge, and I found myself on the incredibly helpful Steam guide more than a few times in the early game (DO NOT USE THIS UNTIL YOU ARE STUCK https://steamcommunity.com/sharedfiles/filedetails/?id=499723234). This was a more sufficient tutorial for getting accustomed to the game and progressing. But that's just the beginning of the game, and the game's biggest fault in my opinion. [h1] MID GAME [/h1] After my mixed experience with the beginning of the game, things got better, and quickly. After you know the commands well and how they are used, (shell, rm, probe, connect, addnote, append/replace, upload, and a few more basics) you start to see the timing the game expects of you. The Trace adds real intensity to the game that will the expanded upon later. It really gets exciting as the commands come naturally to you. I disagree with Matt about the success of the tutorial, rather I would praise him on the pacing and creativity of the mid and the beautiful, beautiful, oh so beautiful endgame. I found myself going back to the guide less and less, and realizing that most problems can be solved with basic knowledge of the game, and a curiosity for combing through systems. You've got to look carefully through everything. You'll find everything from weird conversations to passwords that you can't proceed without. The flow of the mid game is quite enjoyable as the difficulty slowly picks up and your Net Map gets bigger and bigger. You start to get the sense that Hacknet is an open world game, which it is. Hacknet takes you through the mid game and cleverly prepares you for the final challenges that you will be ready for if you've paid attention throughout the game, and you won't have to use any guides at all. [h1] ENDGAME [/h1] Hacknet's final challenge is daunting, but well-designed. Now for the ending. I won't say too much because it is best experienced without expectation, but I will say that it made it all worth it. Learning the commands, how the game is played, it all comes together. In a rather mild game, the experience of the ending is quite ""shocking"". This was where Hacknet was completely untouchable. I would give any amount of money to go back and experience that ending for the first time again. Best part of the game, by far. Sequencer is my favorite Executable and it will be yours as well once you finish the game. Now to the soundtrack, because this section and the next one go hand-in-hand. [h1] MUSIC [/h1] Now I'm a music guy, and the soundtrack plays a huge role in Hacknet's overall experience. That's because there are almost no sound effects, the beeping of the Trace timer, accepting and competing contracts, and an Incoming Signal are all of the ones I can think of right now. If you turned the music off in settings, the game would be silent. Therefore there is a huge emphasis on the soundtrack. And I'll just say that I'm listening to Roja Drifts By just to get in the spirit for this section. There's a few really good ones, and the rest are ok. Here's a list of the good stuff: Carpenter Brut for obvious reasons, Tetrameth, Roja Drifts By, Outrun the Wolves, and in Labyrinths Dream Head, and even the legendary Resonance makes an appearance (at one point Matt said he thought he wouldn't make enough money to pay the artists back). The rest of the soundtrack was nice and ""techno-y"" and perfectly fit with the theme of the game and what you see on your screen. But the standout for me was obviously Remi Gallego. Everything he's put out, especially for Hacknet and Labyrinths turned out to be some of my favorite songs ever. Payload, Panic Track (which is basically Malware Injection), ClearText, and Sabotage were all masterpiece songs. I encourage you to check out the work he did on Hell is Other Demons as well if you liked his stuff here, it's great. However mentioning Payload gives me the opportunity to talk about the one problem that Hacknet has with its use of the soundtrack. I know Payload appears in Labyrinths, but the problem occurs in the main game as well. The songs are just set to repeat until you complete a contract or two (I also did not appreciate Matt cutting out the glitching in Payload, https://www.youtube.com/watch?v=4l6arwAIA6w 4:03). It gets old, and I found myself muting the music for a while to keep all of the tracks fresh because they are reused at points. [h1] STORY [/h1] Lastly I'll touch on the story here, it's good. There's a Bit of a twist as to the fate of Hacknet which I thought was really cool, but it was also a bit convoluted. Took me some reading afterwards to figure out what just happened, but that's also because I wasn't really paying attention to the story and more worrying about why I couldn't complete some mission. Let's just say it's not spelled out, but I guess some players understood it pretty easily (THIS IS A STEAM FORUM ABOUT THE ENDING AND EXPLAINING IT, I AM ONLY INCLUDING IT TO SHOW THAT THE ENDING IS EXPLAINED IF YOU LOOK FOR IT https://steamcommunity.com/app/365450/discussions/0/530649887207612803/). Anyways, the story is strong and interesting, but you don't play it for the story. It's interesting enough that you could, but you just don't. [h1] SUMMARY & RATING [/h1] Overall an unforgettable experience. Easter eggs, music, intensity, it's fun for the whole family (not really suitable for the whole family). Be patient in the beginning, learn the commands, comb through the systems, learn what is required of you. There are bumps and surprises waiting for you, and you're rewarded for jumping through each hurdle. Please give this a shot, I found music that I loved, an ending so good I pooped myself, I fought my way through an unfamiliar system, and I learned about video games. There's bound to be something you like about the game if you [b] stick with it [/b]. And if you liked what you played in the main game, get Labyrinths (https://store.steampowered.com/app/521840/Hacknet__Labyrinths/). You won't be sorry, mate. Matt put a lot of love into this game, and it shows. [b] 9/10. [/b]",True,2020-03-15T18:58:08+00:00,2020-03-15T18:58:08+00:00,1377.0,1288.0,0.0,2.0,0.0,0.490813672542572,True,False,False,False,76561198950286117,,1.0,False,False,7970,1376,22.95,21.466666666666665,10h+,positive
42955693,365450,hacknet,Hacknet,english,"This game really impressed me. Being a programmer, I enjoyed the *relative* accuracy to real commands and objects (port numbers were accurate, using real Linux commands, etc). I also enjoyed all of the bits of humor throughout the game (the bash archive threads were fun to read through). But overall, the game just impressed me. Good pacing, decent story, and a lot of interesting things to discover. Recommended for sure. Feels like a labor of love.","This game really impressed me. Being a programmer, I enjoyed the *relative* accuracy to real commands and objects (port numbers were accurate, using real Linux commands, etc). I also enjoyed all of the bits of humor throughout the game (the bash archive threads were fun to read through). But overall, the game just impressed me. Good pacing, decent story, and a lot of interesting things to discover. Recommended for sure. Feels like a labor of love.",True,2018-06-23T06:05:17+00:00,2018-06-23T06:07:53+00:00,465.0,465.0,0.0,1.0,0.0,0.523809552192688,False,True,False,False,76561198089437812,,22.0,False,False,451,76,7.75,7.75,3-10h,positive
45418697,365450,hacknet,Hacknet,english,"An absolutely thrilling game with lots to explore. The narrative and pacing is excellent, allowing you to find extras as well. Steam workshop support opens up the game so much and the things people have created are amazing.","An absolutely thrilling game with lots to explore. The narrative and pacing is excellent, allowing you to find extras as well. Steam workshop support opens up the game so much and the things people have created are amazing.",True,2018-10-24T13:30:54+00:00,2018-10-24T13:30:54+00:00,1073.0,982.0,0.0,1.0,0.0,0.523809552192688,True,False,False,False,76561198074820505,,17.0,False,False,223,38,17.883333333333333,16.366666666666667,10h+,positive
44514432,365450,hacknet,Hacknet,english,"Hacknet is a short and delicious experience. It rewards the player, and makes progress feel good, while also giving the occasional adrenaline rush.
The pacing is excellent, which is a very important thing for a puzzle game, which Hacknet is.
The story keeps the narrative going, and touches some interesting topics.
It's well polished, and at times clever.","Hacknet is a short and delicious experience. It rewards the player, and makes progress feel good, while also giving the occasional adrenaline rush. The pacing is excellent, which is a very important thing for a puzzle game, which Hacknet is. The story keeps the narrative going, and touches some interesting topics. It's well polished, and at times clever.",True,2018-09-01T18:40:23+00:00,2018-09-01T18:40:23+00:00,344.0,344.0,0.0,1.0,0.0,0.5192307829856873,False,True,False,False,76561198027532894,,95.0,False,False,356,58,5.733333333333333,5.733333333333333,3-10h,positive
108131419,365450,hacknet,Hacknet,english,"Great soundtrack, fun game.  

I enjoyed the writing quite a bit, which matched with the pacing and the soundtrack make for a really immersive and fun to play little game.  The interface has got to be within 90% accurate to a bash terminal and that's pretty cool, man.

The DLC was fun and worth the buy.  There is a program within the DLC that reorganizes the UI to much benefit.","Great soundtrack, fun game. I enjoyed the writing quite a bit, which matched with the pacing and the soundtrack make for a really immersive and fun to play little game. The interface has got to be within 90% accurate to a bash terminal and that's pretty cool, man. The DLC was fun and worth the buy. There is a program within the DLC that reorganizes the UI to much benefit.",True,2022-01-16T12:04:45+00:00,2022-01-16T12:04:45+00:00,1727.0,1727.0,0.0,1.0,0.0,0.508816123008728,False,False,False,False,76561198063114581,,22.0,False,False,374,70,28.783333333333335,28.783333333333335,10h+,positive
202724079,365450,hacknet,Hacknet,english,"A fun game that makes you feel like a hacker. 

The internal logic of the game is really good, and the game does offer some possibility of mastery.

The pacing is actually EXCELLENT and something that a lot of games like this get wrong: it teaches the player the mechanics and scales up the difficulty in a really nice way. 

For people unfamiliar with computers and UNIX systems, this is a great entryway into learning the basics of navigation, and also mimics some of the conceptual problemsolving skills one needs to be a hacker.

There were times that I was overthinking problems, and most of the time the game simply requires you to ""search and find the answer"" rather than figure out a more complex sollution, though there are a couple of paths in the game that allows you to flex your skills and challenges you if you're up to it.

The story and writing is trying to punch above its weight but it serves its purpose. Sometimes it got a chuckle out of me, and it was fun to dig through files and find some silly conversations. But its a tad cliche, even for 2013. The plot allows you to live out the fantasy within the limitations and rules of the game mechanics, so its effective but not groundbreaking.

Overall the best OS-simulator ""hacker"" game I've played so far.","A fun game that makes you feel like a hacker. The internal logic of the game is really good, and the game does offer some possibility of mastery. The pacing is actually EXCELLENT and something that a lot of games like this get wrong: it teaches the player the mechanics and scales up the difficulty in a really nice way. For people unfamiliar with computers and UNIX systems, this is a great entryway into learning the basics of navigation, and also mimics some of the conceptual problemsolving skills one needs to be a hacker. There were times that I was overthinking problems, and most of the time the game simply requires you to ""search and find the answer"" rather than figure out a more complex sollution, though there are a couple of paths in the game that allows you to flex your skills and challenges you if you're up to it. The story and writing is trying to punch above its weight but it serves its purpose. Sometimes it got a chuckle out of me, and it was fun to dig through files and find some silly conversations. But its a tad cliche, even for 2013. The plot allows you to live out the fantasy within the limitations and rules of the game mechanics, so its effective but not groundbreaking. Overall the best OS-simulator ""hacker"" game I've played so far.",True,2025-08-23T15:41:50+00:00,2025-08-23T15:49:09+00:00,736.0,736.0,0.0,1.0,0.0,0.5,True,False,False,False,76561198025546968,,1.0,False,False,1267,230,12.266666666666667,12.266666666666667,10h+,positive
35952768,365450,hacknet,Hacknet,english,"[h1] TL;DR 8/10 a truly immersive, simplistically beautiful hacking game [/h1]

Pros:
+ great soundtrack
+ feels very real
+ not too difficult to learn

Cons:
- occasionally difficult to progress
- can ruin missions causing restarting

Hacknet is a very fun and very realistic (I assume, I wouldn't know :D) hacking game. I got this game in a recent HumbleBundle and didn't expect to play it as it looked far too technical for me. I was worried the learning curve would be far too steep for someone like myself with no technical background whatsoever, but I was very wrong! The game is approachable and progresses you slowly enough that you can figure everything out, while not so slowly that once you're better at hacking it drags. It has the perfect pacing.

The visual and sound aesthetics are really nice in this game as well. A bit into the game you end up obtaining a software to even change the appearance of your hacking terminal (or whatever the hell the UI is called). Plenty of options for customizing to a color of your choice, it's really excellent.

All in all, this game has been a pure delight to play, even with the occasional difficulties I've had progressing. If you get stuck, there are lots of very friendly steam community threads with instructions and tips to help you move along. 8/10","[h1] TL;DR 8/10 a truly immersive, simplistically beautiful hacking game [/h1] Pros: + great soundtrack + feels very real + not too difficult to learn Cons: - occasionally difficult to progress - can ruin missions causing restarting Hacknet is a very fun and very realistic (I assume, I wouldn't know :D) hacking game. I got this game in a recent HumbleBundle and didn't expect to play it as it looked far too technical for me. I was worried the learning curve would be far too steep for someone like myself with no technical background whatsoever, but I was very wrong! The game is approachable and progresses you slowly enough that you can figure everything out, while not so slowly that once you're better at hacking it drags. It has the perfect pacing. The visual and sound aesthetics are really nice in this game as well. A bit into the game you end up obtaining a software to even change the appearance of your hacking terminal (or whatever the hell the UI is called). Plenty of options for customizing to a color of your choice, it's really excellent. All in all, this game has been a pure delight to play, even with the occasional difficulties I've had progressing. If you get stuck, there are lots of very friendly steam community threads with instructions and tips to help you move along. 8/10",True,2017-10-23T20:12:59+00:00,2017-10-23T20:12:59+00:00,700.0,585.0,0.0,1.0,0.0,0.5,False,False,False,False,76561198285597232,,64.0,False,False,1303,230,11.666666666666666,9.75,3-10h,positive
48109817,365450,hacknet,Hacknet,english,"Fun game, the story is quite nice, the progression curve and pacing is perfect.

It's a fun relaxing game that will give you 5 to 6 hours of relaxing gameplay.

Also the soundtrack is excellent.

Well worth it.","Fun game, the story is quite nice, the progression curve and pacing is perfect. It's a fun relaxing game that will give you 5 to 6 hours of relaxing gameplay. Also the soundtrack is excellent. Well worth it.",True,2019-01-05T01:18:04+00:00,2019-01-05T01:18:04+00:00,414.0,414.0,0.0,1.0,0.0,0.5,True,False,False,False,76561198006065083,,32.0,False,False,207,38,6.9,6.9,3-10h,positive
34318797,365450,hacknet,Hacknet,english,"Hacknet is pretty much what it says on the tin - a hacking-themed game in which you must meet escalating challenges throughout the course of its story, which opens with a posthumous message coming from a hacker who has disappeared.  Stop right there, though - the story isn't very strong on the conspiracy and ends up being a missed opportunity, so don't dive in just yet.

Those not familiar with command-lines need not fret as this isn't a full-blown OS simulator like other games in the genre.  While it does have its own level of CLI sophistication, the tutorial and pacing thereafter is carefully crafted as not to overwhelm the inexperienced.  Anyone looking to roleplay a super hacking machine can comfortably play this game without having a manual in front of them (though a notepad may help).  Rather than have you coding a bunch of exploits or what have you, your hacking terminal - which is beautifully-rendered, btw - is loaded with magical tools that do all the work for you.  You just need to handle the set up, if you will, and the software will do the rest.

What separates Hacknet from others in the genre is its combo of command-line terminal and graphical user interface (think X-Window).  The game is aesthetically pleasing to the eye with a mix of hi- and low-tech, giving the interface an authentic OS feel.  If you're not keen on typing every little thing (which you can absolutely elect to do), you can instead click on the GUI to navigate around most of the systems and poke around.  You'll still need to key in some commands, but there's a good balance here if you want to save some time with navigation and reading files.  Websites aren't functional, but they do appear in the game and give it that extra little flavor, with one exception being a Clicker game that you can waste time on should you so choose to.

So while the story doesn't really play out in the best of ways, the hacking is quite fun... at least for the first little bit.  It very soon becomes repetitive because ultimately the puzzles are limited.  You will be taking on contracts/jobs from message servers and they each boil down to a) get into the target system and b) grab some information or delete stuff.  Even though you are introduced to new tools (and thus, the difficulty of breaking into a system increases), the game rarely deviates from this formula, even when the story demands it.  It's not really until the latter quarter of the game when you're doing interesting stuff, not so much because the repetitiveness is gone, but more because the answers aren't quite as obvious.

I would have liked to have a more involved tale form throughout the game and as I said above, it's a missed opportunity.  It would make discovery so much more satisfying.  This isn't made much better by most servers being devoid of anything interesting other than some randomly-pulled bash quotes which, if you've been around on the Internet long enough, you've already read.  Still, this is a minor nitpick and beyond that, there was nary an issue with the game.  I encountered no bugs or crashes, except that I wasted a good 2 or 3 hours trying to go down a different path (which happens under very, very specific circumstances), which highlighted the inability to save-where-you-want; basically, failing to meet the conditions, even though I thought I knew what I had to do, meant that I had to restart from scratch repeatedly just to get there... however, this alternate path is completely optional and easily-missed.  I only put this here as a warning to achievement hunters.

At the end of the day, Hacknet is a fun game that captures the spirit of hacking without overwhelming the player.  I'm sure there are more hardcore games in the genre, but at that point - in my opinion - I feel it stops being a game and starts being a job.  Hacknet manages to find the right balance between authenticity and Hollywood fantasy so it's a very enjoyable experience.

Just be aware that the blue screens look incredibly authentic.  Don't panic.","Hacknet is pretty much what it says on the tin - a hacking-themed game in which you must meet escalating challenges throughout the course of its story, which opens with a posthumous message coming from a hacker who has disappeared. Stop right there, though - the story isn't very strong on the conspiracy and ends up being a missed opportunity, so don't dive in just yet. Those not familiar with command-lines need not fret as this isn't a full-blown OS simulator like other games in the genre. While it does have its own level of CLI sophistication, the tutorial and pacing thereafter is carefully crafted as not to overwhelm the inexperienced. Anyone looking to roleplay a super hacking machine can comfortably play this game without having a manual in front of them (though a notepad may help). Rather than have you coding a bunch of exploits or what have you, your hacking terminal - which is beautifully-rendered, btw - is loaded with magical tools that do all the work for you. You just need to handle the set up, if you will, and the software will do the rest. What separates Hacknet from others in the genre is its combo of command-line terminal and graphical user interface (think X-Window). The game is aesthetically pleasing to the eye with a mix of hi- and low-tech, giving the interface an authentic OS feel. If you're not keen on typing every little thing (which you can absolutely elect to do), you can instead click on the GUI to navigate around most of the systems and poke around. You'll still need to key in some commands, but there's a good balance here if you want to save some time with navigation and reading files. Websites aren't functional, but they do appear in the game and give it that extra little flavor, with one exception being a Clicker game that you can waste time on should you so choose to. So while the story doesn't really play out in the best of ways, the hacking is quite fun... at least for the first little bit. It very soon becomes repetitive because ultimately the puzzles are limited. You will be taking on contracts/jobs from message servers and they each boil down to a) get into the target system and b) grab some information or delete stuff. Even though you are introduced to new tools (and thus, the difficulty of breaking into a system increases), the game rarely deviates from this formula, even when the story demands it. It's not really until the latter quarter of the game when you're doing interesting stuff, not so much because the repetitiveness is gone, but more because the answers aren't quite as obvious. I would have liked to have a more involved tale form throughout the game and as I said above, it's a missed opportunity. It would make discovery so much more satisfying. This isn't made much better by most servers being devoid of anything interesting other than some randomly-pulled bash quotes which, if you've been around on the Internet long enough, you've already read. Still, this is a minor nitpick and beyond that, there was nary an issue with the game. I encountered no bugs or crashes, except that I wasted a good 2 or 3 hours trying to go down a different path (which happens under very, very specific circumstances), which highlighted the inability to save-where-you-want; basically, failing to meet the conditions, even though I thought I knew what I had to do, meant that I had to restart from scratch repeatedly just to get there... however, this alternate path is completely optional and easily-missed. I only put this here as a warning to achievement hunters. At the end of the day, Hacknet is a fun game that captures the spirit of hacking without overwhelming the player. I'm sure there are more hardcore games in the genre, but at that point - in my opinion - I feel it stops being a game and starts being a job. Hacknet manages to find the right balance between authenticity and Hollywood fantasy so it's a very enjoyable experience. Just be aware that the blue screens look incredibly authentic. Don't panic.",True,2017-08-18T01:38:30+00:00,2017-08-18T01:38:30+00:00,732.0,732.0,0.0,0.0,0.0,0.5,True,False,False,False,76561197979693740,,398.0,False,False,3997,701,12.2,12.2,10h+,positive
159958806,365450,hacknet,Hacknet,english,"Cheap and easy adventure game, but not really a puzzle game. 

The game is fun for what it is, but it isn't what I expected at all. When I fired it up I thought it was going to be a much deeper experience. That isn't to say it wasn't enjoyable, it at the very minimum had some amazing atmosphere and music. It was fun for a bit to read through old IRC chat logs and relive its heyday. 

Most of the game is following instructions without question. This was never subverted, and everything was as simple as expected throughout the entire game. I was expecting a few missions where I edited records, or deleted files, to backfire, and I would have to restore those records or find another copy of the file, but nothing of the sort happened. I instead became super hackerman within 2 hours and with some software I downloaded I was able to break into just about every computer on the planet. The game in general isn't particularly hard, and if you know anything about unix commands, you can get through everything fairly quickly. If you lose or someone traces you the worst that happens is you reboot your virtual computer, and the most you lose out is some time but that is about it, so the stakes are about as low as possible. 

There were a few bugs, and few missions never triggered unless I followed a guide. That is the only reason I have 8 hours on the game, I beat it easily doing just about everything except the DLC in around 4 hours. It took me redoing a particular part twice to get the /el message board missions to trigger but if you ignore 100% completion read quickly, know your unix commands and stick to the main story, you can finish even faster.

I do have a few gripes though, for one the user tags at the moment say it is a simulation and programming game. However this can't be further from the truth. The tutorial at first used real unix commands to control your computer, and I was preparing for a much more ""hardcore experience"". However, the more that I played the more that I was disappointed with the puzzles. It took me until about an hour in before I realized it isn't a puzzle game at all. It really just an adventure game. Very few locks have time pressure and that is the hardest part of the game. Otherwise you just follow instructions and don't really think about what is going on.  The simulation aspects are fairly shallow, and at most the ""hacking"" is just run multiple programs, one after another. There is no programming at all, and I have no idea how why that is a tag. I think that some people misinterpret the terminal as programming. The terminal is something most people used to interact with computers up until the late 90s, and if you use Linux, you use it pretty much every day. Its just an alternate interface, it would be like calling using a mouse programming.

Pick it up on a deep sale if you want to kill some time, but there are other games that are much deeper and have more going on. The atmosphere is nice, and snooping through old IRC logs is worth the nostalgia alone, but if you have no interest in that, I would recommend for you to pass on this.","Cheap and easy adventure game, but not really a puzzle game. The game is fun for what it is, but it isn't what I expected at all. When I fired it up I thought it was going to be a much deeper experience. That isn't to say it wasn't enjoyable, it at the very minimum had some amazing atmosphere and music. It was fun for a bit to read through old IRC chat logs and relive its heyday. Most of the game is following instructions without question. This was never subverted, and everything was as simple as expected throughout the entire game. I was expecting a few missions where I edited records, or deleted files, to backfire, and I would have to restore those records or find another copy of the file, but nothing of the sort happened. I instead became super hackerman within 2 hours and with some software I downloaded I was able to break into just about every computer on the planet. The game in general isn't particularly hard, and if you know anything about unix commands, you can get through everything fairly quickly. If you lose or someone traces you the worst that happens is you reboot your virtual computer, and the most you lose out is some time but that is about it, so the stakes are about as low as possible. There were a few bugs, and few missions never triggered unless I followed a guide. That is the only reason I have 8 hours on the game, I beat it easily doing just about everything except the DLC in around 4 hours. It took me redoing a particular part twice to get the /el message board missions to trigger but if you ignore 100% completion read quickly, know your unix commands and stick to the main story, you can finish even faster. I do have a few gripes though, for one the user tags at the moment say it is a simulation and programming game. However this can't be further from the truth. The tutorial at first used real unix commands to control your computer, and I was preparing for a much more ""hardcore experience"". However, the more that I played the more that I was disappointed with the puzzles. It took me until about an hour in before I realized it isn't a puzzle game at all. It really just an adventure game. Very few locks have time pressure and that is the hardest part of the game. Otherwise you just follow instructions and don't really think about what is going on. The simulation aspects are fairly shallow, and at most the ""hacking"" is just run multiple programs, one after another. There is no programming at all, and I have no idea how why that is a tag. I think that some people misinterpret the terminal as programming. The terminal is something most people used to interact with computers up until the late 90s, and if you use Linux, you use it pretty much every day. Its just an alternate interface, it would be like calling using a mouse programming. Pick it up on a deep sale if you want to kill some time, but there are other games that are much deeper and have more going on. The atmosphere is nice, and snooping through old IRC logs is worth the nostalgia alone, but if you have no interest in that, I would recommend for you to pass on this.",True,2024-03-06T10:15:55+00:00,2024-03-06T10:15:55+00:00,482.0,482.0,0.0,0.0,0.0,0.5,False,False,False,False,76561198011067144,,29.0,False,False,3097,578,8.033333333333333,8.033333333333333,3-10h,positive
233597621,365450,hacknet,Hacknet,english,"Hacknet is probably one of my favorite lil hacker sims currently, I think it's great fun if you enjoy these types of games!! Downside is you can absolutely softlock yourself quite easy, so make sure to be cautious about what you delete and when, since some important info can be contained in logs or other assorted files. Highly recommended tho!!

Hacknet is largely terminal-based, and is pretty classic for this genre of game: you input various commands and poke around at other systems after hacking into them. There is also a more visual interface you can click around on if navigating purely via terminal is a bit rough for you, but there's a few sections of game that DO require you to only use the terminal, so I'd recommend getting used to it while you can. I come from a coding background so it's hard to say how intelligible this is if you don't have experience messing about with command prompts, but there are some tutorials present so I'm sure you could crack it even if you don't have the experience =)) You'll be digging around inside files for pertinent information, finding ways to mess with said files, delete them outright, or upload your own substitutes in order to complete quests for various factions and progress the story. 

Honestly, I really enjoyed all the hacking puzzles!! I think there's a good mixture of ones that're nice and easy to ease you into it as well as some that felt like they required a bit more digging and clever thinking. The DLC, Labyrinths, was also a pretty cohesive experience but it certainly expected you to have learned quite a bit from the base game so you could work very quickly. The time pressure can be quite real, so I hope you're a fast typer lol.

I ran into one main issue, which was in the DLC. There's a section that asks you to use the command prompt to delete a file, and it seems to be somewhat inconsistent if this works or not - so consider this a brief warning, and a bit of a cheat in case you need it: using your file explorer to delete the file that way seems to work completely fine as long as you have admin. Then validate game files and restart the game and you should be good to go!!","Hacknet is probably one of my favorite lil hacker sims currently, I think it's great fun if you enjoy these types of games!! Downside is you can absolutely softlock yourself quite easy, so make sure to be cautious about what you delete and when, since some important info can be contained in logs or other assorted files. Highly recommended tho!! Hacknet is largely terminal-based, and is pretty classic for this genre of game: you input various commands and poke around at other systems after hacking into them. There is also a more visual interface you can click around on if navigating purely via terminal is a bit rough for you, but there's a few sections of game that DO require you to only use the terminal, so I'd recommend getting used to it while you can. I come from a coding background so it's hard to say how intelligible this is if you don't have experience messing about with command prompts, but there are some tutorials present so I'm sure you could crack it even if you don't have the experience =)) You'll be digging around inside files for pertinent information, finding ways to mess with said files, delete them outright, or upload your own substitutes in order to complete quests for various factions and progress the story. Honestly, I really enjoyed all the hacking puzzles!! I think there's a good mixture of ones that're nice and easy to ease you into it as well as some that felt like they required a bit more digging and clever thinking. The DLC, Labyrinths, was also a pretty cohesive experience but it certainly expected you to have learned quite a bit from the base game so you could work very quickly. The time pressure can be quite real, so I hope you're a fast typer lol. I ran into one main issue, which was in the DLC. There's a section that asks you to use the command prompt to delete a file, and it seems to be somewhat inconsistent if this works or not - so consider this a brief warning, and a bit of a cheat in case you need it: using your file explorer to delete the file that way seems to work completely fine as long as you have admin. Then validate game files and restart the game and you should be good to go!!",True,2026-08-24T14:58:42+00:00,2026-08-24T14:58:42+00:00,1007.0,1007.0,0.0,0.0,0.0,0.5,True,False,False,False,76561198179424749,,44.0,False,False,2156,396,16.783333333333335,16.783333333333335,10h+,positive
48299979,365450,hacknet,Hacknet,english,"This game is on a whole new level. Not many ambitious games like this can simultaneously achieve what they were hoping for (a realistic hacking sim) and make it fundamentally a good standalone game. You could have an accurate farming simulator, but then fail to make it fun with poor progression and pacing, or vice versa. This game doesn't compromise; it does both and does them well.

So for the recommendation part, here's a quick list of the good and bad (minimal spoilers).

Pros: 
[list]
    [*] One of the most comprehensive/accurate hacking sim games out there (rejoice, UNIX users)
    [*] Designed for beginners and the experienced alike
    [*] Great music, atmosphere, story, and of course gameplay
    [*] Fun puzzles, with good but not overly instrusive prompts
    [*] Replayability with some randomisations (expect 2-5 playthroughs for non-DLC)
    [*] Multiple routes, and many secrets
    [*] Everything links to each other (secrets, stories/lore, hints,)
    [*] Great community and moderators, if you ever need help
[/list]

Cons:
[list]
    [*] Not all missions may have the best ""turn-in"" trigger hints, but you can always consult the friendly community
    [*] Due to the complexities of data sanitisation in a game like this, not ""everything"" is technically possible (you can still do some fun stuff, just not literal programming inside the files)
    [*] Possible to get softlocked in many places; just dont stray off too far off the course and rm * every server lol
    [*] Singleplayer, because multiplayer turned out to be overly amibtious (even for this dev) and severly was underplayed
    [*] Existance of an awesome GUI may break the illusion of a ""truly accurate"" hacking sim, making it seem more like a script kiddie simulator, but I think this is justified for keeping the game immersive and fun for everyone
[/list]

Afternotes:
I got this game for free and completed it on day one while exploring some secrets. No breakfast, no lunch, and no dinner until I had finished. The very next day I played it all over again two more times to explore every last secret. I didn't think I would say this for any game, but I'll definitely buy the DLC when I get the chance. It is really that good of a game.","This game is on a whole new level. Not many ambitious games like this can simultaneously achieve what they were hoping for (a realistic hacking sim) and make it fundamentally a good standalone game. You could have an accurate farming simulator, but then fail to make it fun with poor progression and pacing, or vice versa. This game doesn't compromise; it does both and does them well. So for the recommendation part, here's a quick list of the good and bad (minimal spoilers). Pros: [list] [*] One of the most comprehensive/accurate hacking sim games out there (rejoice, UNIX users) [*] Designed for beginners and the experienced alike [*] Great music, atmosphere, story, and of course gameplay [*] Fun puzzles, with good but not overly instrusive prompts [*] Replayability with some randomisations (expect 2-5 playthroughs for non-DLC) [*] Multiple routes, and many secrets [*] Everything links to each other (secrets, stories/lore, hints,) [*] Great community and moderators, if you ever need help [/list] Cons: [list] [*] Not all missions may have the best ""turn-in"" trigger hints, but you can always consult the friendly community [*] Due to the complexities of data sanitisation in a game like this, not ""everything"" is technically possible (you can still do some fun stuff, just not literal programming inside the files) [*] Possible to get softlocked in many places; just dont stray off too far off the course and rm * every server lol [*] Singleplayer, because multiplayer turned out to be overly amibtious (even for this dev) and severly was underplayed [*] Existance of an awesome GUI may break the illusion of a ""truly accurate"" hacking sim, making it seem more like a script kiddie simulator, but I think this is justified for keeping the game immersive and fun for everyone [/list] Afternotes: I got this game for free and completed it on day one while exploring some secrets. No breakfast, no lunch, and no dinner until I had finished. The very next day I played it all over again two more times to explore every last secret. I didn't think I would say this for any game, but I'll definitely buy the DLC when I get the chance. It is really that good of a game.",True,2019-01-13T09:06:17+00:00,2019-01-13T09:06:17+00:00,1135.0,1121.0,0.0,0.0,0.0,0.5,False,True,False,False,76561198070817705,,16.0,False,False,2175,372,18.916666666666668,18.683333333333334,10h+,positive
233610044,365450,hacknet,Hacknet,english,"SPANDEX IS A PRIVILEGE, BUT THIS TERMINAL IS A BIRTHRIGHT

Yo! Grab your Jolt Cola, slap on your rollerblades, and look at the screen! Look at it!

Most games hand you a plastic neon toy and call it ""cyberpunk."" Not Hacknet. This isn't some baby-town Hollywood nonsense where mash-keys-to-win happens. This is the digital slipstream!

1. An Elite Adventure: It starts with a dead hacker’s automated distress beacon and spirals into pure, adrenaline-soaked corporate espionage. It’s an actual mystery with real stakes, paranoia, and elite-tier narrative hacking. You aren't just playing; you’re unraveling a digital ghost story.

2. Streamlined for Maximum Rush: Yeah, some commands and mechanics are streamlined so you aren't stuck reading 80-page manual dumps just to crack a port. The pacing moves at lightspeed to keep the thrill alive, but the logic remains authentic and deeply satisfying.

3. Mouse for Casuals, CLI for Gods: You can point-and-click your little desktop GUI like a tourist, or you can live where the legends live: 100% in the command line. Manually hammering out cat, rm *, nmap, and porthack while the system countdown timers bleed red neon makes you feel like you just bypassed the Gibson.

4. Pure Flow State: The soundtrack bumps, the text logs are fascinating to dig through, and when you execute a clean sweep without leaving a single trace, you will want to scream HACK THE PLANET!

It’s smart, thrilling, and an absolute blast of an adventure.

10/10. Zeroes and ones, baby. Zeroes and ones!","SPANDEX IS A PRIVILEGE, BUT THIS TERMINAL IS A BIRTHRIGHT Yo! Grab your Jolt Cola, slap on your rollerblades, and look at the screen! Look at it! Most games hand you a plastic neon toy and call it ""cyberpunk."" Not Hacknet. This isn't some baby-town Hollywood nonsense where mash-keys-to-win happens. This is the digital slipstream! 1. An Elite Adventure: It starts with a dead hacker’s automated distress beacon and spirals into pure, adrenaline-soaked corporate espionage. It’s an actual mystery with real stakes, paranoia, and elite-tier narrative hacking. You aren't just playing; you’re unraveling a digital ghost story. 2. Streamlined for Maximum Rush: Yeah, some commands and mechanics are streamlined so you aren't stuck reading 80-page manual dumps just to crack a port. The pacing moves at lightspeed to keep the thrill alive, but the logic remains authentic and deeply satisfying. 3. Mouse for Casuals, CLI for Gods: You can point-and-click your little desktop GUI like a tourist, or you can live where the legends live: 100% in the command line. Manually hammering out cat, rm *, nmap, and porthack while the system countdown timers bleed red neon makes you feel like you just bypassed the Gibson. 4. Pure Flow State: The soundtrack bumps, the text logs are fascinating to dig through, and when you execute a clean sweep without leaving a single trace, you will want to scream HACK THE PLANET! It’s smart, thrilling, and an absolute blast of an adventure. 10/10. Zeroes and ones, baby. Zeroes and ones!",True,2026-08-24T18:04:35+00:00,2026-08-24T18:04:35+00:00,2242.0,1549.0,0.0,0.0,0.0,0.5,True,False,False,False,76561197984050064,,19.0,False,False,1513,249,37.36666666666667,25.816666666666666,10h+,positive
41970339,365450,hacknet,Hacknet,english,"I really liked Hacknet due to it delivers a quite realistic perspective on how hacking actually works wrapped in an interesting story about how far you can go to do the right.

If you're not used to work with command lines, it may be a bit challenging at first, but you get there quite fast and in the end you might use the normal cmd in your actual operating system as well :)
Even though it's mainly text-based, it delivers a lot of tension, especially at the end. Also the Labyrinth expansion is worth a look, not only because of one very surprising and immersive event (no spoiler though :D ), but also since the story takes a very interesting turn in the end and makes you question your moral under time pressure.

All in all Hacknet is a quite nice game with a interesting origin story (the first version of this game was programmed in 48h during a game programming contest, you can actually find a youtube vid about it) and nice details (I really recommend taking a look at the conversation logs, there're some funny stuff to find ...), even though it is most probably not everyones taste.","I really liked Hacknet due to it delivers a quite realistic perspective on how hacking actually works wrapped in an interesting story about how far you can go to do the right. If you're not used to work with command lines, it may be a bit challenging at first, but you get there quite fast and in the end you might use the normal cmd in your actual operating system as well :) Even though it's mainly text-based, it delivers a lot of tension, especially at the end. Also the Labyrinth expansion is worth a look, not only because of one very surprising and immersive event (no spoiler though :D ), but also since the story takes a very interesting turn in the end and makes you question your moral under time pressure. All in all Hacknet is a quite nice game with a interesting origin story (the first version of this game was programmed in 48h during a game programming contest, you can actually find a youtube vid about it) and nice details (I really recommend taking a look at the conversation logs, there're some funny stuff to find ...), even though it is most probably not everyones taste.",True,2018-05-10T23:01:24+00:00,2018-05-11T16:07:04+00:00,1409.0,1012.0,0.0,0.0,0.0,0.5,True,False,False,False,76561198073847392,,6.0,False,False,1094,200,23.483333333333334,16.866666666666667,10h+,positive
73756408,365450,hacknet,Hacknet,english,"Totally worth it if you are looking for a game which tells a good story and gives you a . 
It has limitations in what you can do in the shell and most hacking is done via opening ports with scripts you gather as you are ""hacking"" servers and checking everything out, yes.
But here is the thing: Combined with time pressure, a really good story and even non-trivial customization of your user interface, it is so much fun. Even if you know your way around computers and the internet, it is most likely that you will have fun with this game.
Just chill, put on some playlist which puts you in the vibe of being a stealthy hacker and enjoy as your bot network is spamming the targets proxy server and your scripts are tearing down ports while you try to guess or solve the firewall password.
The mission design is absolutely groundbraking, by the way. You will be using your scripts most of the time, but there are some tweaks in the details and context of the mission so every mission has a unique feel to it.
I really recommend it to at least give it a try!","Totally worth it if you are looking for a game which tells a good story and gives you a . It has limitations in what you can do in the shell and most hacking is done via opening ports with scripts you gather as you are ""hacking"" servers and checking everything out, yes. But here is the thing: Combined with time pressure, a really good story and even non-trivial customization of your user interface, it is so much fun. Even if you know your way around computers and the internet, it is most likely that you will have fun with this game. Just chill, put on some playlist which puts you in the vibe of being a stealthy hacker and enjoy as your bot network is spamming the targets proxy server and your scripts are tearing down ports while you try to guess or solve the firewall password. The mission design is absolutely groundbraking, by the way. You will be using your scripts most of the time, but there are some tweaks in the details and context of the mission so every mission has a unique feel to it. I really recommend it to at least give it a try!",True,2020-08-04T15:40:05+00:00,2020-08-04T15:40:05+00:00,982.0,982.0,0.0,0.0,0.0,0.5,True,False,False,False,76561198107537530,,9.0,False,False,1055,200,16.366666666666667,16.366666666666667,10h+,positive
222179219,365450,hacknet,Hacknet,english,"Hacknet is one of those games that really pulls you in with its atmosphere and style. The core gameplay is solid and feels great—there’s a real sense of pressure while you’re navigating systems, cracking passwords, and racing against time. It does a great job of making you feel like you’re actually “in” the terminal, and that immersion is a big part of why it works so well.

The music fits perfectly. It’s not over the top, but it builds tension in just the right moments and keeps you focused. Combined with the pacing, it really enhances that feeling of urgency and keeps you engaged.

Overall, after playing for a longer stretch, the tasks can start to feel a bit repetitive. You’ll notice similar patterns in missions, which can take away some of the excitement over time. Still, it doesn’t completely ruin the experience—it just makes it better enjoyed in shorter sessions.

Overall, Hacknet is a really good game that I keep coming back to every now and then. Even with some repetition, the atmosphere, music, and gameplay loop make it worth revisiting. <3","Hacknet is one of those games that really pulls you in with its atmosphere and style. The core gameplay is solid and feels great—there’s a real sense of pressure while you’re navigating systems, cracking passwords, and racing against time. It does a great job of making you feel like you’re actually “in” the terminal, and that immersion is a big part of why it works so well. The music fits perfectly. It’s not over the top, but it builds tension in just the right moments and keeps you focused. Combined with the pacing, it really enhances that feeling of urgency and keeps you engaged. Overall, after playing for a longer stretch, the tasks can start to feel a bit repetitive. You’ll notice similar patterns in missions, which can take away some of the excitement over time. Still, it doesn’t completely ruin the experience—it just makes it better enjoyed in shorter sessions. Overall, Hacknet is a really good game that I keep coming back to every now and then. Even with some repetition, the atmosphere, music, and gameplay loop make it worth revisiting. <3",True,2026-03-31T14:18:02+00:00,2026-03-31T14:18:02+00:00,731.0,707.0,0.0,0.0,0.0,0.5,True,False,False,False,76561198838259356,,3.0,False,False,1062,183,12.183333333333334,11.783333333333333,10h+,positive
40572782,365450,hacknet,Hacknet,english,"Rating: 4/5

I enjoyed this game a lot. I am in the IT field (software development), so due to my background it was a lot of fun playing a computer hacking game. While real hacking I'm sure is quite sophisticated, it was interesting to get a glimpse of what it might be like.

What I really enjoyed was the ongoing mystery/thriller narrative. The pacing was pretty good and the game took me roughly 17 hours with breaks that may have driven up the length. The length overall felt just right.

To play this game you have to be ok with a lot of reading, and it is required to pick up clues and understand what's going on, and typing in order to enter commands. It is also helpful to write down some of the commands you learn or to follow a guide along the way in case you get stuck (which happened to me a few times). The writing uses humor and some tense timed moments to keep things interesting. Overall, I enjoyed this quite a lot and would recommend it.","Rating: 4/5 I enjoyed this game a lot. I am in the IT field (software development), so due to my background it was a lot of fun playing a computer hacking game. While real hacking I'm sure is quite sophisticated, it was interesting to get a glimpse of what it might be like. What I really enjoyed was the ongoing mystery/thriller narrative. The pacing was pretty good and the game took me roughly 17 hours with breaks that may have driven up the length. The length overall felt just right. To play this game you have to be ok with a lot of reading, and it is required to pick up clues and understand what's going on, and typing in order to enter commands. It is also helpful to write down some of the commands you learn or to follow a guide along the way in case you get stuck (which happened to me a few times). The writing uses humor and some tense timed moments to keep things interesting. Overall, I enjoyed this quite a lot and would recommend it.",True,2018-03-04T21:12:15+00:00,2018-03-04T21:12:15+00:00,1040.0,1040.0,0.0,0.0,0.0,0.5,False,False,False,False,76561198075628453,,35.0,False,False,952,181,17.333333333333332,17.333333333333332,10h+,positive
43565172,365450,hacknet,Hacknet,english,"I'll just keep this short and simple.

Hacknet is a game where you investigate the disappearance of a hacker named Bit and what he was doing before his disappearance. The game is about 4 to 6 hours long, taking me 5.4 hours. I found the game pretty fun for basically taking place in a terminal for the entire game. I do have some problems with the game though. The game teaches you mechanics that you will barely use if more than twice. Mostly the hacking resorts to hacking 4 ports then using the porthack command to become an administrator and access the files and the game does this over and over again. The story is basic and the music kind of annoyed me. Another problem I had was with the pacing of the second half of the game. The ending felt like it came on really fast and I didn't expect it. I personally found the last few missions and the first fight with Naix the best parts of the game.

Overall Score: 7.5/10","I'll just keep this short and simple. Hacknet is a game where you investigate the disappearance of a hacker named Bit and what he was doing before his disappearance. The game is about 4 to 6 hours long, taking me 5.4 hours. I found the game pretty fun for basically taking place in a terminal for the entire game. I do have some problems with the game though. The game teaches you mechanics that you will barely use if more than twice. Mostly the hacking resorts to hacking 4 ports then using the porthack command to become an administrator and access the files and the game does this over and over again. The story is basic and the music kind of annoyed me. Another problem I had was with the pacing of the second half of the game. The ending felt like it came on really fast and I didn't expect it. I personally found the last few missions and the first fight with Naix the best parts of the game. Overall Score: 7.5/10",True,2018-07-16T13:29:34+00:00,2018-07-16T13:29:34+00:00,325.0,325.0,0.0,0.0,0.0,0.5,False,True,False,False,76561198079735013,,4.0,False,False,921,174,5.416666666666667,5.416666666666667,3-10h,positive
90901545,365450,hacknet,Hacknet,english,"Finally played through this after it has been in my Steam library for some time.

What can I say but WOW! It takes a little time to get into, but once you do the interesting plot, various hacking missions and genuinely tense atmosphere will keep you absolutely hooked. I was so addicted, I played and completed this over 3 days - and if real life hadn't got in the way I'd have sat and completed it in one go!

The pacing of the game is spot on, gradually providing you with new tools and new skills as the difficulty level slowly increase and the sense of achievement when you a complete a mission is real. Sure, all the missions broadly boil down to the same thing (hack a server, steal, delete or amend files and get out), but, narrative driven as they are, they never feel repetitive.

A different, but brilliant game.  A stunning example of what an independent developer can achieve and a real breath of fresh air.","Finally played through this after it has been in my Steam library for some time. What can I say but WOW! It takes a little time to get into, but once you do the interesting plot, various hacking missions and genuinely tense atmosphere will keep you absolutely hooked. I was so addicted, I played and completed this over 3 days - and if real life hadn't got in the way I'd have sat and completed it in one go! The pacing of the game is spot on, gradually providing you with new tools and new skills as the difficulty level slowly increase and the sense of achievement when you a complete a mission is real. Sure, all the missions broadly boil down to the same thing (hack a server, steal, delete or amend files and get out), but, narrative driven as they are, they never feel repetitive. A different, but brilliant game. A stunning example of what an independent developer can achieve and a real breath of fresh air.",True,2021-04-25T14:48:47+00:00,2021-04-25T14:48:47+00:00,734.0,734.0,0.0,0.0,0.0,0.5,False,False,False,False,76561198331306936,,30.0,False,False,915,169,12.233333333333333,12.233333333333333,10h+,positive
29310894,365450,hacknet,Hacknet,english,"Just finished the story mode in this game, so I thought I'd write my thoughts about it. This game in phenomenal, and has a fantastic way of making you feel like a bad a**. Every time the game began to run on the repetitive side of things, there would be something to break up the pacing a bit. The missions themselves can require some critical thinking and reading over a bunch of information at times, and the pacing can go from slow, relaxing, to white knuckled and frantic as you're trying to complete a contract with only a few seconds to spare.

The soundtrack really shines here, with songs to match the mood. No spoilers, but the final mission music in particular had my heart pumping.

All in all, definitely give this game a shot, you really can't go wrong. I really hope a sequel comes out.","Just finished the story mode in this game, so I thought I'd write my thoughts about it. This game in phenomenal, and has a fantastic way of making you feel like a bad a**. Every time the game began to run on the repetitive side of things, there would be something to break up the pacing a bit. The missions themselves can require some critical thinking and reading over a bunch of information at times, and the pacing can go from slow, relaxing, to white knuckled and frantic as you're trying to complete a contract with only a few seconds to spare. The soundtrack really shines here, with songs to match the mood. No spoilers, but the final mission music in particular had my heart pumping. All in all, definitely give this game a shot, you really can't go wrong. I really hope a sequel comes out.",True,2017-01-17T05:54:53+00:00,2017-01-17T05:54:53+00:00,420.0,391.0,0.0,0.0,0.0,0.5,False,False,False,False,76561197983659367,,12.0,False,False,798,147,7.0,6.516666666666667,3-10h,positive
94359961,365450,hacknet,Hacknet,english,"A funny and clever puzzle game, that works as a great reminder to why I was bad at Linux in school.
It's pretty linear, and probably teaches little about how to hack (though it does explain a bit how hacking in general works), but the pacing is great and the fun is consistent.
If you have trouble reading, maybe skip this one, since it has some problems with showing characters properly if you increase the size of them.
Play it on your own, listen to the intense haxxor music, and just have fun pretending to be an unstoppable hacker.
","A funny and clever puzzle game, that works as a great reminder to why I was bad at Linux in school. It's pretty linear, and probably teaches little about how to hack (though it does explain a bit how hacking in general works), but the pacing is great and the fun is consistent. If you have trouble reading, maybe skip this one, since it has some problems with showing characters properly if you increase the size of them. Play it on your own, listen to the intense haxxor music, and just have fun pretending to be an unstoppable hacker.",True,2021-06-25T19:57:25+00:00,2021-06-25T19:57:25+00:00,519.0,519.0,0.0,0.0,0.0,0.5,False,False,False,False,76561198207854185,,88.0,False,False,536,99,8.65,8.65,3-10h,positive
17635157,365450,hacknet,Hacknet,english,"If a bit technic-y, the game is really well made, the music is cool and takes you even deeper into teh game.
The few flaws are really forgivable (Not yet able to delete a profile, tutorial disappears in some specific conditions) but they dont even begin to shadow the greatnesses of this awesome game.
If you want a game where you have to think a bit about what you are typing and when, it is just perfect. It is not a stressful game and still has a great sense of timing and pacing. Really a nice game!","If a bit technic-y, the game is really well made, the music is cool and takes you even deeper into teh game. The few flaws are really forgivable (Not yet able to delete a profile, tutorial disappears in some specific conditions) but they dont even begin to shadow the greatnesses of this awesome game. If you want a game where you have to think a bit about what you are typing and when, it is just perfect. It is not a stressful game and still has a great sense of timing and pacing. Really a nice game!",True,2015-08-20T21:21:42+00:00,2015-08-20T21:21:42+00:00,783.0,296.0,0.0,0.0,0.0,0.5,True,False,False,False,76561198043304307,,31.0,False,False,503,97,13.05,4.933333333333334,3-10h,positive
43779022,365450,hacknet,Hacknet,english,"I got this for free when it was so for 48 hours not long ago. I installed it now because I forgot about it, oh boy! This is the best hacking game ever. The music gives the tone of the action as all you see is code and numbers. The pacing is great speeding your heart only to calm down with more easy missions. 

No faces, no voices... Until the end.
Check this out, right now. You will not regret it!","I got this for free when it was so for 48 hours not long ago. I installed it now because I forgot about it, oh boy! This is the best hacking game ever. The music gives the tone of the action as all you see is code and numbers. The pacing is great speeding your heart only to calm down with more easy missions. No faces, no voices... Until the end. Check this out, right now. You will not regret it!",True,2018-07-27T14:58:20+00:00,2018-07-27T14:58:20+00:00,369.0,369.0,0.0,0.0,0.0,0.5,False,True,False,False,76561198064012611,,26.0,False,False,398,81,6.15,6.15,3-10h,positive
124894781,365450,hacknet,Hacknet,english,"The game definitely delivers on what it offers, I love the soundtrack as well. The game's difficulty is just right, you won't fly through it too quickly and it requires some thinking, but it is not frustrating. It's about as realistic as you can get in a hacking sim without participating in an actual CTF event, obviously some things are simplified to improve the pacing of the game, but it doesn't detract from the experience.","The game definitely delivers on what it offers, I love the soundtrack as well. The game's difficulty is just right, you won't fly through it too quickly and it requires some thinking, but it is not frustrating. It's about as realistic as you can get in a hacking sim without participating in an actual CTF event, obviously some things are simplified to improve the pacing of the game, but it doesn't detract from the experience.",True,2022-11-03T18:56:03+00:00,2022-11-03T18:56:03+00:00,877.0,268.0,0.0,0.0,0.0,0.5,True,True,False,False,76561198317112870,,12.0,False,False,428,75,14.616666666666667,4.466666666666667,3-10h,positive
19776986,365450,hacknet,Hacknet,english,"Just spent several hours tonight engrossed in this game. The pacing, immersion, and challenges are all well designed. You spend a lot of time exploring and discovering how to ""hack"" in to other computers. Hacknet is a very enjoyable game and a perfect tool for intoducing someone to command line navigation.","Just spent several hours tonight engrossed in this game. The pacing, immersion, and challenges are all well designed. You spend a lot of time exploring and discovering how to ""hack"" in to other computers. Hacknet is a very enjoyable game and a perfect tool for intoducing someone to command line navigation.",True,2015-12-19T07:53:51+00:00,2015-12-19T07:53:51+00:00,177.0,177.0,0.0,0.0,0.0,0.5,True,False,False,False,76561198030788868,,1.0,False,False,307,51,2.95,2.95,1-3h,positive
24174865,365450,hacknet,Hacknet,english,"Great game. Complex enough for the smart types and has enough pure critical thinking/puzzle type elements to keep you playing. Pacing is excellent, mechanics are solid, and the story is interesting enough to keep me wanting to know what happens next. Easily the best hacking game I've played","Great game. Complex enough for the smart types and has enough pure critical thinking/puzzle type elements to keep you playing. Pacing is excellent, mechanics are solid, and the story is interesting enough to keep me wanting to know what happens next. Easily the best hacking game I've played",True,2016-07-08T05:49:59+00:00,2016-07-08T05:49:59+00:00,344.0,299.0,0.0,0.0,0.0,0.5,True,False,False,False,76561197976662377,,4.0,False,False,291,48,5.733333333333333,4.983333333333333,3-10h,positive
118789601,365450,hacknet,Hacknet,english,one of my favourite games of all time! love the time pressure of hacking together with having to be a little bit creative here and there with scanning networks. the labyrinth extension was loads of fun too. would definitely play more extensions if there were!,one of my favourite games of all time! love the time pressure of hacking together with having to be a little bit creative here and there with scanning networks. the labyrinth extension was loads of fun too. would definitely play more extensions if there were!,True,2022-07-14T08:41:26+00:00,2022-07-14T08:41:26+00:00,1000.0,1000.0,0.0,0.0,0.0,0.5,True,False,False,False,76561198219787763,,4.0,False,False,259,45,16.666666666666668,16.666666666666668,10h+,positive
26907831,365450,hacknet,Hacknet,english,"[u][h1]Hacknet[/h1][/u]

Great terminal-based hacking-""[i]sim[/i]"" with unexpected terms and upcoming expansion.

[b]Pros[/b]
[list]
[*]atmosphere
[*]soundtrack
[*]performance
[*]many supported languages
[*]pacing
[*][i]exploration[/i](does looking through files on PCs count??)
[/list]

[b]Cons[/b]
[list]
[*](relatively) short story
[*]somewhat easy once you get the hang of it

Recommendation? [b]YES[/b]
","[u][h1]Hacknet[/h1][/u] Great terminal-based hacking-""[i]sim[/i]"" with unexpected terms and upcoming expansion. [b]Pros[/b] [list] [*]atmosphere [*]soundtrack [*]performance [*]many supported languages [*]pacing [*][i]exploration[/i](does looking through files on PCs count??) [/list] [b]Cons[/b] [list] [*](relatively) short story [*]somewhat easy once you get the hang of it Recommendation? [b]YES[/b]",True,2016-11-23T21:55:34+00:00,2016-11-23T21:55:34+00:00,431.0,208.0,0.0,0.0,0.0,0.5,True,False,False,False,76561198040215379,,4.0,False,False,403,43,7.183333333333334,3.466666666666667,3-10h,positive
19989534,365450,hacknet,Hacknet,english,"basically you just enter commands and click around, but its quite fun! 
after a time you have to work under time pressure so the game stays challenging.
story is fun, do recommend if u like text based games.","basically you just enter commands and click around, but its quite fun! after a time you have to work under time pressure so the game stays challenging. story is fun, do recommend if u like text based games.",True,2015-12-27T09:01:56+00:00,2015-12-27T09:01:56+00:00,402.0,402.0,0.0,0.0,0.0,0.5,False,False,False,False,76561197971902784,,106.0,False,False,206,38,6.7,6.7,3-10h,positive
77677518,365450,hacknet,Hacknet,english,Challenging puzzle game but really enjoyed the pacing. very satisfying ending. i highly recommend this to anyone who ever fancied a day in the life of a hacker,Challenging puzzle game but really enjoyed the pacing. very satisfying ending. i highly recommend this to anyone who ever fancied a day in the life of a hacker,True,2020-10-17T01:10:47+00:00,2020-10-17T01:10:47+00:00,592.0,592.0,0.0,0.0,0.0,0.5,True,False,False,False,76561198027410434,,6.0,False,False,159,28,9.866666666666667,9.866666666666667,3-10h,positive
77209674,365450,hacknet,Hacknet,english,"Pretty fun. At times it can get repeatitive and the pacing of the storyline isn't particularly great, but for 10$ you can do a lot worse.","Pretty fun. At times it can get repeatitive and the pacing of the storyline isn't particularly great, but for 10$ you can do a lot worse.",True,2020-10-08T03:09:44+00:00,2020-10-08T03:09:44+00:00,343.0,327.0,0.0,0.0,0.0,0.5,False,False,False,False,76561198013877022,,27.0,False,False,137,26,5.716666666666667,5.45,3-10h,positive
