review_id,steam_app_id,game_key,game_name,language,review_text_raw,review_text_clean,recommended,created_at,updated_at,playtime_forever_minutes,playtime_at_review_minutes,playtime_last_two_weeks_minutes,votes_up,votes_funny,weighted_vote_score,steam_purchase,received_for_free,written_during_early_access,refunded,author_steam_id,author_num_games_owned,author_num_reviews,is_empty,is_very_short,review_length_chars,review_length_words,playtime_forever_hours,playtime_at_review_hours,playtime_segment,overall_sentiment
140424684,365450,hacknet,Hacknet,english,"""Real Hacking
Based on actual UNIX commands, Hacknet focuses on real hacking, not the Hollywood-style version of it. This creates a truly immersive experience and puts players right in the thick of trying to break through the firewalls.""

Blatant lies. Hacknet is straight up Hollywood hacking. The terminal is a simplistic cross-breed between bash and cmd.exe. It puts you in the role of a script kiddy, who ""hacks"" systems by observing which ports are open on the target machine and running the corresponding hacking program by typing its name and a port number (e.g. ""FTPHack 21""). Once you're in, your job is to either snoop through some files for a password, to download files, or to delete them using basic terminal skills. You're supposed to cover your tracks by deleting logs, but it rarely matters. The same thing, over and over, no brains required. There's no sense you're accomplishing anything of value, nor of any consequence to yourself or others.

It's an insult to anyone with more than a surface-level understanding of network security, as challenging to a puzzle gamer as 50 consecutive games of Tic-tac-toe, and isn't even that interesting in terms of Hollywood hacking simulations. It's on par with a budding game developer's first project, not something worth spending $10 to $24 on. If you want an intellectual challenge (Hollywood setting, but real problem-solving), check out Zachtronics (Exapunks, Shenzhen I/O, TIS-100).

That said, Hacknet does have a few high points. The music is pretty great. The Labyrinths DLC is slightly less mediocre, but isn't worth the regular $7 price point on top of the base game's $10. If everything was like the DLC's final mission — which unexpectedly drops you into a timed, high-stakes situation with dire consequences — this might actually be a decent game. As is, though, it's just a bland waste of money.","""Real Hacking Based on actual UNIX commands, Hacknet focuses on real hacking, not the Hollywood-style version of it. This creates a truly immersive experience and puts players right in the thick of trying to break through the firewalls."" Blatant lies. Hacknet is straight up Hollywood hacking. The terminal is a simplistic cross-breed between bash and cmd.exe. It puts you in the role of a script kiddy, who ""hacks"" systems by observing which ports are open on the target machine and running the corresponding hacking program by typing its name and a port number (e.g. ""FTPHack 21""). Once you're in, your job is to either snoop through some files for a password, to download files, or to delete them using basic terminal skills. You're supposed to cover your tracks by deleting logs, but it rarely matters. The same thing, over and over, no brains required. There's no sense you're accomplishing anything of value, nor of any consequence to yourself or others. It's an insult to anyone with more than a surface-level understanding of network security, as challenging to a puzzle gamer as 50 consecutive games of Tic-tac-toe, and isn't even that interesting in terms of Hollywood hacking simulations. It's on par with a budding game developer's first project, not something worth spending $10 to $24 on. If you want an intellectual challenge (Hollywood setting, but real problem-solving), check out Zachtronics (Exapunks, Shenzhen I/O, TIS-100). That said, Hacknet does have a few high points. The music is pretty great. The Labyrinths DLC is slightly less mediocre, but isn't worth the regular $7 price point on top of the base game's $10. If everything was like the DLC's final mission — which unexpectedly drops you into a timed, high-stakes situation with dire consequences — this might actually be a decent game. As is, though, it's just a bland waste of money.",False,2023-06-21T05:05:17+00:00,2023-12-13T07:19:00+00:00,918.0,918.0,0.0,207.0,60.0,0.668962836265564,True,False,False,False,76561199162864482,,32.0,False,False,1865,308,15.3,15.3,10h+,negative
23442446,365450,hacknet,Hacknet,english,"PREFACE: I only played this game for one hour, and this may be a biased review, but so far I didn't see anything worth pursuing. The game may get interesting further down, but it just didn't pique my interesting so far.

This game does way too much hand holding to be enjoyable. If you're a casual gamer who wants to get the feeling that you're a cool hacker, go for it, but if you want any actual challenge, this game is not for you.

The whole game is just reading long emails trying to get the important information, then running the same sequence of commands over and over for every challenge. Every time they want to make it harder, they just add one more command to this sequence and repeat the same process.

There was very little problem solving or experimenting happening, which to me is what hacking is all about. Trying things out yourself and learning new tools. Not someone telling you what to do each step of the way.

The terminal interface was neat and the soundtrack was banging, but the game was just too bland and repetitive to be enjoyable.","PREFACE: I only played this game for one hour, and this may be a biased review, but so far I didn't see anything worth pursuing. The game may get interesting further down, but it just didn't pique my interesting so far. This game does way too much hand holding to be enjoyable. If you're a casual gamer who wants to get the feeling that you're a cool hacker, go for it, but if you want any actual challenge, this game is not for you. The whole game is just reading long emails trying to get the important information, then running the same sequence of commands over and over for every challenge. Every time they want to make it harder, they just add one more command to this sequence and repeat the same process. There was very little problem solving or experimenting happening, which to me is what hacking is all about. Trying things out yourself and learning new tools. Not someone telling you what to do each step of the way. The terminal interface was neat and the soundtrack was banging, but the game was just too bland and repetitive to be enjoyable.",False,2016-06-07T21:43:08+00:00,2016-06-13T00:16:28+00:00,72.0,72.0,0.0,95.0,4.0,0.5684182643890381,True,False,False,False,76561197976086060,,129.0,False,False,1056,193,1.2,1.2,1-3h,negative
62025818,365450,hacknet,Hacknet,english,"[+] Soundtrack
[+] User Interface

[-] Plot
[-] World design and interaction

I bought this game mainly for its soundtrack, then because I'm a terminal guy myself and I love typing commands.
From this standpoint the game is beautiful: hastily keyboard mashing while listening to Gallego's killer tracks was awesome, not even mentioning the time when Carpenter Brut took over...

This game perfectly sets the mood for an awesome experience, with its music, its terminals and pseudo-graphical GUIs... but then falls short story-side.

[b]The plot is dull, linear and somewhat predictable.[/b]
You only have one bifurcation of the storyline that's even non-obvious to unlock. It gives you access to some more interesting missions, a new faction, and let you see a dark corner of the in-game Internet; but then it merges back into the main path in an abrupt way, as meaningless as it could get.
Yes, there are some interesting easter eggs and strange computer systems, but nothing that makes you want to explore on your own all that much.
There's only, like, [i]one[/i] moral choice, and it's not even part of the main quest.

[b]Whatever you do, whoever you damage, there's no consequence. The world simply doesn't react.[/b]
No cops backtracing you, no factions you can anger, no reputation system: you're part of the Good Guys from start to finish; you can screw up all the machines you want, you are The Savior and no one will change that.
Heck, you can even fail hacks and, apart from a panicking minigame to atone, no officer nor corporate killer will ever knock on your door.
You're simply bounced from a Good faction to another, without any chance to express your will. Just keep on hacking. Don't even bother to cover up your footprints. Logs are useless.

In the end, yes you can buy it, sure, but don't expect much except aesthetics.


[TECHNICAL NOTE]
The in-game console is backed by your native OS, and everything is deeply woven with its runtime.
Yes, you read it right.
That means two things:
[list]
    [*] if some of your game files break, you can be welcomed by an OS error printed on the console;
    [*] while this game runs on both Windows and Linux and has cloud sync, the save files are [b]not[/b] cross-platform; I suspect it has to do with different text encodings (save files are simple XMLs), and you need a repair tool you can find on the forums in order to convert them.
[/list]
Yeah, that wasn't nice.","[+] Soundtrack [+] User Interface [-] Plot [-] World design and interaction I bought this game mainly for its soundtrack, then because I'm a terminal guy myself and I love typing commands. From this standpoint the game is beautiful: hastily keyboard mashing while listening to Gallego's killer tracks was awesome, not even mentioning the time when Carpenter Brut took over... This game perfectly sets the mood for an awesome experience, with its music, its terminals and pseudo-graphical GUIs... but then falls short story-side. [b]The plot is dull, linear and somewhat predictable.[/b] You only have one bifurcation of the storyline that's even non-obvious to unlock. It gives you access to some more interesting missions, a new faction, and let you see a dark corner of the in-game Internet; but then it merges back into the main path in an abrupt way, as meaningless as it could get. Yes, there are some interesting easter eggs and strange computer systems, but nothing that makes you want to explore on your own all that much. There's only, like, [i]one[/i] moral choice, and it's not even part of the main quest. [b]Whatever you do, whoever you damage, there's no consequence. The world simply doesn't react.[/b] No cops backtracing you, no factions you can anger, no reputation system: you're part of the Good Guys from start to finish; you can screw up all the machines you want, you are The Savior and no one will change that. Heck, you can even fail hacks and, apart from a panicking minigame to atone, no officer nor corporate killer will ever knock on your door. You're simply bounced from a Good faction to another, without any chance to express your will. Just keep on hacking. Don't even bother to cover up your footprints. Logs are useless. In the end, yes you can buy it, sure, but don't expect much except aesthetics. [TECHNICAL NOTE] The in-game console is backed by your native OS, and everything is deeply woven with its runtime. Yes, you read it right. That means two things: [list] [*] if some of your game files break, you can be welcomed by an OS error printed on the console; [*] while this game runs on both Windows and Linux and has cloud sync, the save files are [b]not[/b] cross-platform; I suspect it has to do with different text encodings (save files are simple XMLs), and you need a repair tool you can find on the forums in order to convert them. [/list] Yeah, that wasn't nice.",False,2020-01-18T11:57:15+00:00,2020-01-18T11:57:15+00:00,945.0,945.0,0.0,73.0,7.0,0.6454201936721802,False,False,False,False,76561198076886812,,2.0,False,False,2412,418,15.75,15.75,10h+,negative
132456221,365450,hacknet,Hacknet,english,"This is an extremely fun game, don't get me wrong, but I have two very major issues with it (especially the second one) that have prompted me to leave a negative review.  I very rarely review games on Steam, and only review the ones about which I am most passionately moved, positively or negatively.  In this case, negatively.  In contrast to my usual, I have enabled comments on this review -- feel free to state your feedback, whether you agree with me or not, just please remain respectful to me, the developers, other commenters, and anyone else as applicable.

There's a ""TL;DR"" at the end if you're lazy.

I'll start positive.  This game is crazy fun.  It is probably the funnest hacking-themed game I've ever played, and I've played a lot of them.  It was fun and helpful to see some things I recognize from real life, such as the default system port numbers being accurate and the existence of a few UNIX commands (my main OS has been FreeBSD for years, and my experience with UNIX helped with the gameplay in a way that felt good).  I liked seeing the C# source code and realizing it was actual, real C# source code that would probably work if the LESS_THAN was properly changed to a ""<"" sign, etc (C# is my main dev language, always a plus to see it referenced in a game at all).  That was cool, and I'll probably compile it later to have that tool on my PC for real (don't comment about the related real life security to this -- I assure you I already know, and it's just for fun).  The pacing was really good, and I got hooked fast.  So fast that I immediately bought the DLC, soundtrack, and DLC soundtrack for myself, then bought the game and DLC for both my wife and her boyfriend also.  Despite my negative review, I don't regret this decision at all, it's a very, very fun game.  Oh, the event thing that I can't discuss without giving spoilers, but well, the one where you need to get that thing back, that was super fun!  (Unimportant to the review and a spoiler:) I instinctively [spoiler]jumped to my host and forkbombed, apparently I was supposed to kill his forkbomb instead, oh well... I had already made a backup of that file just in case[/spoiler].  But anyway, the game was extremely fun, looks great, the music is great, and I'm excited to keep playing and see where things take me.

But there are two issues which were severe enough that they prompted me to leave a negative review despite all this.

The first issue isn't so bad and is easily rectified: This game is the pinnacle of Hollywood-style hacking.  It does it very well, and it references real hacking concepts in the game's flavor text and other areas.  Some tools are named the same as real ones, and you will probably learn a few real UNIX system port numbers, but that's about where the realism ends.  Oh, and [b]this wouldn't bother me in the slightest[/b] -- I love Hollywood-style hacking sim games! -- but it clearly says this in the ""Features"" section in the game's Steam page description, which to me is [u]blatant false advertisement[/u]:

[quote]
Real Hacking
Based on actual UNIX commands, Hacknet focuses on real hacking, not the Hollywood-style version of it.
[/quote]

If I stated what I consider my qualifications for knowing what constitutes ""Hollywood-style"" hacking, nobody would believe me, so I won't.  But even if you have never seen either a vtty or Hackers, I feel like anyone looking at the animation for the command called ""porthack"", god and the command name itself, and how it works, and everything related to the actual process of hacking (kinda the core concept in the entire game)... well I just think it doesn't take an expert to realize it's about as unrealistic as you can get.  If you don't believe me and this matters to you, buy the game and try it.  You will know I'm right within the 2 hour window to return it for a full refund, I assure you.  There is no ""SSHCrack"", no ""FTPBounce"", these wouldn't be PE executables if they did exist, PE doesn't even run on UNIX, ""opening ports"" and having requirements for a certain arbitrary number of open ports to ""porthack"" is very Hollywood.  Stahp.  Hollywood-style hacking is fine, don't be ashamed of it!  But most importantly, [b]advertise this game for it's many strengths, not for a falsehood[/b].  This game doesn't need lies to make it sound good, it's already a good game.  It's already a [i]great[/i] game.  Don't make false claims that sour its image.

Ok, now for the big one (to me).  Some people, many perhaps, won't care about this but I care.  I am quite literally sick to my stomach right now.  This has perhaps very minor spoilers for a very small number of optional (so far where I am in the story) missions, so I will spoiler-tag a lot to be safe, but even if you haven't played the game and hate spoilers, you probably won't be upset for reading the spoiler-tagged text in the next paragraph, it's the mildest of mild spoilers.

So, some of the missions require you to access a database of [spoiler]death row records[/spoiler] and modify them.  The missions are fine, and the topics are relevant.  I thought this was a positive thing to include in the game... until I gained access to this database and actually started reading the records.  I read about 40 of them in a row, unable to stop.  These were not made up, they were real records.  They had to be.  Surely the names were changed at least, right?  I Googled one at random and sure enough it was entirely real, and even the name, age, and date matched.  The [spoiler]last words[/spoiler] were their real [spoiler]last words[/spoiler], verbatim.  There is literally a massive database of actual real people's [spoiler]deaths[/spoiler] including their real [spoiler]last words[/spoiler] in the game, and there are missions to modify this database!  It is making light of a very serious topic with real people's real, actual names, turning it into a game.  If I am [spoiler]executed[/spoiler], I don't want my [spoiler]last words[/spoiler] to be made into a fun, ""cool"" game.  That's awful!  These families are mourning!  Please do not take real, actual tragedy and juxtapose it alongside comical IRC chat logs!  In a game?!  If you are a U.S. company, the families of these people may have legal justification to press charges.  I almost hope they do.  But instead of that, I would rather you modify your game and replace the real data with artificial data that you make up, or at least change the names and please also [spoiler]their last words[/spoiler].  This would have been such a cool set of missions, with a positive political message, but since you used real data it ruins the whole thing and instead makes it a mishandled slog of insensitivity... or... words, I just hate that you used real data for this.  Please replace it with artificial data.  It won't hurt the game.  It will take a single developer a day, if that, and then you can be on the right side of things, morally and honestly probably legally.  I plan to ask my lawyer his opinion on this sometime when he's not busy, not to press charges myself (I'm not listed in the data), but just out of legal curiosity if charges could be pressed for something like this.

Anyway this is a fun game and I'm not going to try to refund it, I'm not even going to stop playing it, but I will stop recommending it or buying it for more people (I have a tendency to buy games I like repeatedly for lots and lots of people, friends, family, etc.).  I think I bought Necesse 12 or 13 times?  I also fully plan to modify this review if my issues are addressed.  I will do so as soon as I notice the changes.  If you reply to this review when you've addressed them, I will likely notice faster and therefore update it faster... you know, if you don't want one nerd girl's negative review.

TL;DR: Great game, super fun.  But it uses false advertising on its Steam page, and is horribly insensitive to real mourning families IRL, and doesn't even change the names.

-- Amy","This is an extremely fun game, don't get me wrong, but I have two very major issues with it (especially the second one) that have prompted me to leave a negative review. I very rarely review games on Steam, and only review the ones about which I am most passionately moved, positively or negatively. In this case, negatively. In contrast to my usual, I have enabled comments on this review -- feel free to state your feedback, whether you agree with me or not, just please remain respectful to me, the developers, other commenters, and anyone else as applicable. There's a ""TL;DR"" at the end if you're lazy. I'll start positive. This game is crazy fun. It is probably the funnest hacking-themed game I've ever played, and I've played a lot of them. It was fun and helpful to see some things I recognize from real life, such as the default system port numbers being accurate and the existence of a few UNIX commands (my main OS has been FreeBSD for years, and my experience with UNIX helped with the gameplay in a way that felt good). I liked seeing the C# source code and realizing it was actual, real C# source code that would probably work if the LESS_THAN was properly changed to a ""<"" sign, etc (C# is my main dev language, always a plus to see it referenced in a game at all). That was cool, and I'll probably compile it later to have that tool on my PC for real (don't comment about the related real life security to this -- I assure you I already know, and it's just for fun). The pacing was really good, and I got hooked fast. So fast that I immediately bought the DLC, soundtrack, and DLC soundtrack for myself, then bought the game and DLC for both my wife and her boyfriend also. Despite my negative review, I don't regret this decision at all, it's a very, very fun game. Oh, the event thing that I can't discuss without giving spoilers, but well, the one where you need to get that thing back, that was super fun! (Unimportant to the review and a spoiler:) I instinctively [spoiler]jumped to my host and forkbombed, apparently I was supposed to kill his forkbomb instead, oh well... I had already made a backup of that file just in case[/spoiler]. But anyway, the game was extremely fun, looks great, the music is great, and I'm excited to keep playing and see where things take me. But there are two issues which were severe enough that they prompted me to leave a negative review despite all this. The first issue isn't so bad and is easily rectified: This game is the pinnacle of Hollywood-style hacking. It does it very well, and it references real hacking concepts in the game's flavor text and other areas. Some tools are named the same as real ones, and you will probably learn a few real UNIX system port numbers, but that's about where the realism ends. Oh, and [b]this wouldn't bother me in the slightest[/b] -- I love Hollywood-style hacking sim games! -- but it clearly says this in the ""Features"" section in the game's Steam page description, which to me is [u]blatant false advertisement[/u]: [quote] Real Hacking Based on actual UNIX commands, Hacknet focuses on real hacking, not the Hollywood-style version of it. [/quote] If I stated what I consider my qualifications for knowing what constitutes ""Hollywood-style"" hacking, nobody would believe me, so I won't. But even if you have never seen either a vtty or Hackers, I feel like anyone looking at the animation for the command called ""porthack"", god and the command name itself, and how it works, and everything related to the actual process of hacking (kinda the core concept in the entire game)... well I just think it doesn't take an expert to realize it's about as unrealistic as you can get. If you don't believe me and this matters to you, buy the game and try it. You will know I'm right within the 2 hour window to return it for a full refund, I assure you. There is no ""SSHCrack"", no ""FTPBounce"", these wouldn't be PE executables if they did exist, PE doesn't even run on UNIX, ""opening ports"" and having requirements for a certain arbitrary number of open ports to ""porthack"" is very Hollywood. Stahp. Hollywood-style hacking is fine, don't be ashamed of it! But most importantly, [b]advertise this game for it's many strengths, not for a falsehood[/b]. This game doesn't need lies to make it sound good, it's already a good game. It's already a [i]great[/i] game. Don't make false claims that sour its image. Ok, now for the big one (to me). Some people, many perhaps, won't care about this but I care. I am quite literally sick to my stomach right now. This has perhaps very minor spoilers for a very small number of optional (so far where I am in the story) missions, so I will spoiler-tag a lot to be safe, but even if you haven't played the game and hate spoilers, you probably won't be upset for reading the spoiler-tagged text in the next paragraph, it's the mildest of mild spoilers. So, some of the missions require you to access a database of [spoiler]death row records[/spoiler] and modify them. The missions are fine, and the topics are relevant. I thought this was a positive thing to include in the game... until I gained access to this database and actually started reading the records. I read about 40 of them in a row, unable to stop. These were not made up, they were real records. They had to be. Surely the names were changed at least, right? I Googled one at random and sure enough it was entirely real, and even the name, age, and date matched. The [spoiler]last words[/spoiler] were their real [spoiler]last words[/spoiler], verbatim. There is literally a massive database of actual real people's [spoiler]deaths[/spoiler] including their real [spoiler]last words[/spoiler] in the game, and there are missions to modify this database! It is making light of a very serious topic with real people's real, actual names, turning it into a game. If I am [spoiler]executed[/spoiler], I don't want my [spoiler]last words[/spoiler] to be made into a fun, ""cool"" game. That's awful! These families are mourning! Please do not take real, actual tragedy and juxtapose it alongside comical IRC chat logs! In a game?! If you are a U.S. company, the families of these people may have legal justification to press charges. I almost hope they do. But instead of that, I would rather you modify your game and replace the real data with artificial data that you make up, or at least change the names and please also [spoiler]their last words[/spoiler]. This would have been such a cool set of missions, with a positive political message, but since you used real data it ruins the whole thing and instead makes it a mishandled slog of insensitivity... or... words, I just hate that you used real data for this. Please replace it with artificial data. It won't hurt the game. It will take a single developer a day, if that, and then you can be on the right side of things, morally and honestly probably legally. I plan to ask my lawyer his opinion on this sometime when he's not busy, not to press charges myself (I'm not listed in the data), but just out of legal curiosity if charges could be pressed for something like this. Anyway this is a fun game and I'm not going to try to refund it, I'm not even going to stop playing it, but I will stop recommending it or buying it for more people (I have a tendency to buy games I like repeatedly for lots and lots of people, friends, family, etc.). I think I bought Necesse 12 or 13 times? I also fully plan to modify this review if my issues are addressed. I will do so as soon as I notice the changes. If you reply to this review when you've addressed them, I will likely notice faster and therefore update it faster... you know, if you don't want one nerd girl's negative review. TL;DR: Great game, super fun. But it uses false advertising on its Steam page, and is horribly insensitive to real mourning families IRL, and doesn't even change the names. -- Amy",False,2023-02-09T05:38:11+00:00,2023-02-09T05:59:42+00:00,1136.0,1135.0,0.0,47.0,0.0,0.7036677002906799,True,False,False,False,76561198842813303,,6.0,False,False,7905,1411,18.933333333333334,18.916666666666668,10h+,negative
169907212,365450,hacknet,Hacknet,english,"This is one of those games where I wish there was a neutral option. On one hand, this game has nice graphics and music. On the other, it's a very sensationalized game with not a lot of progression.

I wouldn't buy this game if you want to build real knowledge or skill, for that try Greyhack, Hackmud, or Bitburner. But for a fun little game to kind of introduce you to the world of hacking games, it's worth the price (on sale.)","This is one of those games where I wish there was a neutral option. On one hand, this game has nice graphics and music. On the other, it's a very sensationalized game with not a lot of progression. I wouldn't buy this game if you want to build real knowledge or skill, for that try Greyhack, Hackmud, or Bitburner. But for a fun little game to kind of introduce you to the world of hacking games, it's worth the price (on sale.)",False,2024-07-15T06:28:38+00:00,2024-07-15T06:28:38+00:00,99.0,99.0,0.0,41.0,1.0,0.6513318419456482,True,False,False,False,76561199092373665,,54.0,False,False,428,82,1.65,1.65,1-3h,negative
45151106,365450,hacknet,Hacknet,english,"
Good: 
[list]
    [*]the command line UI is accurate, and makes you feel a lot like a real hacker.
    [*]nice music
    [*]lots of little easter eggs
    [*]technically very accurate (uses correct port numbers, IP addresses, and more)
[/list]

Bad: 
[list]
   [*]core gameplay is extremely repetitive and time consuming (which is an awful combination)
[/list]

The core gameplay of Hacknet revolves around you, a hacker, who can run several different programs to hack into a server and complete some task for a client. For example, hacking into the fried chicken chain CFC server and stealing the list of 11 secret herbs and spices.

It's an interesting concept to start with, however the game falls extremely short in that the gameplay never evolves into anything that is challenging or involves meaningful decision making. 

Hacking each server in the entire game is exactly the same. That is no exaggeration. You literally do the exact same 3-7 things for each server you encounter in order to hack into it. And the worst part about this process is that the ""hacking"" requires no user interaction. You simply wait 1-2 minutes for the hacking programs to finish, and then you complete whatever task you were assigned to do on the server.

At no point do you need to make any in game decisions when hacking. At no point do you have any decision to make that can affect the gameplay. And that's really where it all falls apart for me. What am I really doing in this game? Because the game really lacks in the feeling of accomplishment.

I can completely understand how this gameplay can appeal to people who want to feel like a hacker, because the game definitely hits the mark in that regard. But once you get past that, you realise there is very little ""gameplay"" to be had. It just feels like a demo.","Good: [list] [*]the command line UI is accurate, and makes you feel a lot like a real hacker. [*]nice music [*]lots of little easter eggs [*]technically very accurate (uses correct port numbers, IP addresses, and more) [/list] Bad: [list] [*]core gameplay is extremely repetitive and time consuming (which is an awful combination) [/list] The core gameplay of Hacknet revolves around you, a hacker, who can run several different programs to hack into a server and complete some task for a client. For example, hacking into the fried chicken chain CFC server and stealing the list of 11 secret herbs and spices. It's an interesting concept to start with, however the game falls extremely short in that the gameplay never evolves into anything that is challenging or involves meaningful decision making. Hacking each server in the entire game is exactly the same. That is no exaggeration. You literally do the exact same 3-7 things for each server you encounter in order to hack into it. And the worst part about this process is that the ""hacking"" requires no user interaction. You simply wait 1-2 minutes for the hacking programs to finish, and then you complete whatever task you were assigned to do on the server. At no point do you need to make any in game decisions when hacking. At no point do you have any decision to make that can affect the gameplay. And that's really where it all falls apart for me. What am I really doing in this game? Because the game really lacks in the feeling of accomplishment. I can completely understand how this gameplay can appeal to people who want to feel like a hacker, because the game definitely hits the mark in that regard. But once you get past that, you realise there is very little ""gameplay"" to be had. It just feels like a demo.",False,2018-10-07T05:11:42+00:00,2018-10-07T05:11:42+00:00,205.0,205.0,0.0,35.0,3.0,0.7357282638549805,False,True,False,False,76561198352551562,,39.0,False,False,1776,311,3.4166666666666665,3.4166666666666665,3-10h,negative
109004682,365450,hacknet,Hacknet,english,"I have never left a review here in on steam for anything....that in itself should make you appreciate just how strongly I feel about what I am about to say and just how absolutely and unequivocally true what I am about to say really is.

Let's start from the positives.....actually positive:
The graphics are OK....along with the music it does create an atmosphere appropriate to the setting of the game.
That's it.

READ THIS BEFORE YOU BUY:
1) The game is essentially a mishap collection of dubiously formatted XML files, along with the main executable of the game which is obviously just a parser along with the graphics engine (presumably). Although it is possible to play the game normally, I guarantee that you will soon waste your time trying to ""fix"" the myriad of issues that arise from the poor structure of the gameplay itself (more on that later) See my play time? 87 hours? Most of it has been spent scouring the internet on ways to fix broken missions, enable progression through other parts of the story, etc.
2)There are several limits to and aspects of the basic design that make NO sense. For example, yes, you can use a ""terminal"" with a few commands to progress through the game. These commands include options to open and close your actual CD tray (wow, how ARG of the author--when was the last time anybody used the CD tray for anything? when was the last time anybody saw a computer with an actual CD drive ???). HOWEVER IT IS IMPOSSIBLE TO CREATE OR DELETE DIRECTORIES IN YOUR IN-GAME COMPUTER, NOR CREATE FILES..That's right....as crazy as it sounds, you can't even copy files on your own machine. The only way to create files is downloading them from somewhere else and then renaming them if you want to ""fake"" a simple copy command....but yes, if you want a game that opens your CD tray by all means, stop reading this now and buy the game. The terminal itself has no ability to scroll up, which sometimes means you need to retrace your steps if you forgot to jot some key piece of information down.
3)There is no hardware upgrade system, which means your hacking machine is what it is from beginning to end. It doesn't really matter for the most part, as the speed of the operations you perform in the game is largely dependent on your own ability and response time (that's the main game mechanic). However RAM is kind of important, because that's what all your hacking tools consume to run, as expected. The problem is that if you, for example have the notes app open with passwords and information about your current mission (thus avoiding the aforementioned backtracking in point 2) , you will run out of memory pretty quickly...forcing you to run programs one at a time and wishing you could actually make money in this game to buy more than 1 GB of ram (lol...seriously...just lol).
4)You can only accept 1 mission at a time (WHY...JUST WHY?!???!). This may not seem a big issue, but it is what literally breaks the game again and again. This ridiculous limitation means that you can't complete all the missions offered in the game because no matter what you do as you progress through the story the game forces you to move on and leave the unfinished missions behind, never to be played. The only way to get past this is to go and edit your save game (you guessed it, an XML file) in order to make it possible to complete some missions (this fix doesn't always work btw). This becomes a huge problem close to the end of the story. Without spoiling anything, you end up having two missions to do, and it seems that it doesn't matter the order you do them in, but if you choose wrong a subsequent mission will be skipped entirely (it is one of the most notorious bugs of the game) and you will miss part of the narrative and context. Seriously, if you are thinking of buying this game, in order to enjoy the story as it was meant to be played, you should first look up what I have just told you and figure out which mission you should do first when you get to that juncture, or be prepared to restart the whole game if you mess up (unbelievable).
5)The least the author could've done was to include a save management system, but of course, there is none. If you want to make sure you don't have to restart the game in case something gets screwed up (see above) you must manually backup your savegame file, and you have to be careful too...because although the game doesn't autosave normally it will autosave in certain circumstances, barely warning you that this has been done.
6)Although the game never crashes, there are a few technical bugs that wouldn't even be a problem if not for everything that i mentioned above. When working with the terminal, using the arrow keys to edit a command sometimes doesn't work properly, and there are a few other such things (sometimes, for example, you have to hack a computer twice because although you were able to hack in the first time, the game doesn't register it). There are also a few grammar mistakes that again, not really important on its own but if added to all of the above, it's just the ""cherry"" on top that you don't want...especially from a paid game, however cheap it is. 
7) There is a ranking system, but it doesn't work. No matter how many missions you complete and how high your rank is according to the success emails you get at the end of each completed mission, you are still the last on the list, with 0 points. It's annoying. Suggestion to the author: if a feature is too hard/you are to lazy to implement...don't include it, especially if it has no bearing on the gameplay whatsoever. It is pretty disappointing to reach the end of the game and see that in the eyes of your hacking faction you are still a newb. 

Now....I get it, it's an indie game...what did I expect? Well I expected something a little more functional. As a software developer myself I understand a few of the choices the author made, but sill...there are some laps in basic human logic that are beyond me. For example, it is obvious that is technically more difficult to write an ""open world"" style game as opposed to a linear game play experience. That's why the player is allowed to play one mission at a time. I really get it. What I don't get is if a linear game is what you wanted to code...THEN DO NOT OFFER CHOICES TO THE PLAYER THAT YOUR GAME IS UNABLE TO SUPPORT AND FORCE HIM/HER/THEY TO START OVER!!!
I also understand that is hard to test a piece of software by yourself, I have done it as my main occupation for many years. A few bugs are bound to crop up...but hey...IN THE CREDITS THERE ARE MENTIONED A WHOLE SLEW OF TESTERS...what the heck did they test exactly? Seriously...I want to see what test cases they ran on this....

I would ask for a refund...but hey if didn't get my 60 bucks back from CD Projekt RED for Cyberprank 2077 I certainly won't ask the 5 bucks i spent on this (i got the DLC too). Go ahead, enjoy your Starbucks latte on me.  
According to the author, this game started out as a 48h game jam project and was later refined for 2 and a half years to become what's on steam now. 2/3 YEARS??!?!?! THIS IS WHAT YOU COME UP WITH? I think the best definition of this game is just that....a barely interesting project  hurriedly cobbled together  for a 48h game jam event.

tl;dr; Do yourself a favor and buy Uplink Elite, which is obviously what this game wanted to be and failed...miserably. I'd be willing to gift Uplink to the author as well so that he can see how a game like this SHOULD be made.","I have never left a review here in on steam for anything....that in itself should make you appreciate just how strongly I feel about what I am about to say and just how absolutely and unequivocally true what I am about to say really is. Let's start from the positives.....actually positive: The graphics are OK....along with the music it does create an atmosphere appropriate to the setting of the game. That's it. READ THIS BEFORE YOU BUY: 1) The game is essentially a mishap collection of dubiously formatted XML files, along with the main executable of the game which is obviously just a parser along with the graphics engine (presumably). Although it is possible to play the game normally, I guarantee that you will soon waste your time trying to ""fix"" the myriad of issues that arise from the poor structure of the gameplay itself (more on that later) See my play time? 87 hours? Most of it has been spent scouring the internet on ways to fix broken missions, enable progression through other parts of the story, etc. 2)There are several limits to and aspects of the basic design that make NO sense. For example, yes, you can use a ""terminal"" with a few commands to progress through the game. These commands include options to open and close your actual CD tray (wow, how ARG of the author--when was the last time anybody used the CD tray for anything? when was the last time anybody saw a computer with an actual CD drive ???). HOWEVER IT IS IMPOSSIBLE TO CREATE OR DELETE DIRECTORIES IN YOUR IN-GAME COMPUTER, NOR CREATE FILES..That's right....as crazy as it sounds, you can't even copy files on your own machine. The only way to create files is downloading them from somewhere else and then renaming them if you want to ""fake"" a simple copy command....but yes, if you want a game that opens your CD tray by all means, stop reading this now and buy the game. The terminal itself has no ability to scroll up, which sometimes means you need to retrace your steps if you forgot to jot some key piece of information down. 3)There is no hardware upgrade system, which means your hacking machine is what it is from beginning to end. It doesn't really matter for the most part, as the speed of the operations you perform in the game is largely dependent on your own ability and response time (that's the main game mechanic). However RAM is kind of important, because that's what all your hacking tools consume to run, as expected. The problem is that if you, for example have the notes app open with passwords and information about your current mission (thus avoiding the aforementioned backtracking in point 2) , you will run out of memory pretty quickly...forcing you to run programs one at a time and wishing you could actually make money in this game to buy more than 1 GB of ram (lol...seriously...just lol). 4)You can only accept 1 mission at a time (WHY...JUST WHY?!???!). This may not seem a big issue, but it is what literally breaks the game again and again. This ridiculous limitation means that you can't complete all the missions offered in the game because no matter what you do as you progress through the story the game forces you to move on and leave the unfinished missions behind, never to be played. The only way to get past this is to go and edit your save game (you guessed it, an XML file) in order to make it possible to complete some missions (this fix doesn't always work btw). This becomes a huge problem close to the end of the story. Without spoiling anything, you end up having two missions to do, and it seems that it doesn't matter the order you do them in, but if you choose wrong a subsequent mission will be skipped entirely (it is one of the most notorious bugs of the game) and you will miss part of the narrative and context. Seriously, if you are thinking of buying this game, in order to enjoy the story as it was meant to be played, you should first look up what I have just told you and figure out which mission you should do first when you get to that juncture, or be prepared to restart the whole game if you mess up (unbelievable). 5)The least the author could've done was to include a save management system, but of course, there is none. If you want to make sure you don't have to restart the game in case something gets screwed up (see above) you must manually backup your savegame file, and you have to be careful too...because although the game doesn't autosave normally it will autosave in certain circumstances, barely warning you that this has been done. 6)Although the game never crashes, there are a few technical bugs that wouldn't even be a problem if not for everything that i mentioned above. When working with the terminal, using the arrow keys to edit a command sometimes doesn't work properly, and there are a few other such things (sometimes, for example, you have to hack a computer twice because although you were able to hack in the first time, the game doesn't register it). There are also a few grammar mistakes that again, not really important on its own but if added to all of the above, it's just the ""cherry"" on top that you don't want...especially from a paid game, however cheap it is. 7) There is a ranking system, but it doesn't work. No matter how many missions you complete and how high your rank is according to the success emails you get at the end of each completed mission, you are still the last on the list, with 0 points. It's annoying. Suggestion to the author: if a feature is too hard/you are to lazy to implement...don't include it, especially if it has no bearing on the gameplay whatsoever. It is pretty disappointing to reach the end of the game and see that in the eyes of your hacking faction you are still a newb. Now....I get it, it's an indie game...what did I expect? Well I expected something a little more functional. As a software developer myself I understand a few of the choices the author made, but sill...there are some laps in basic human logic that are beyond me. For example, it is obvious that is technically more difficult to write an ""open world"" style game as opposed to a linear game play experience. That's why the player is allowed to play one mission at a time. I really get it. What I don't get is if a linear game is what you wanted to code...THEN DO NOT OFFER CHOICES TO THE PLAYER THAT YOUR GAME IS UNABLE TO SUPPORT AND FORCE HIM/HER/THEY TO START OVER!!! I also understand that is hard to test a piece of software by yourself, I have done it as my main occupation for many years. A few bugs are bound to crop up...but hey...IN THE CREDITS THERE ARE MENTIONED A WHOLE SLEW OF TESTERS...what the heck did they test exactly? Seriously...I want to see what test cases they ran on this.... I would ask for a refund...but hey if didn't get my 60 bucks back from CD Projekt RED for Cyberprank 2077 I certainly won't ask the 5 bucks i spent on this (i got the DLC too). Go ahead, enjoy your Starbucks latte on me. According to the author, this game started out as a 48h game jam project and was later refined for 2 and a half years to become what's on steam now. 2/3 YEARS??!?!?! THIS IS WHAT YOU COME UP WITH? I think the best definition of this game is just that....a barely interesting project hurriedly cobbled together for a 48h game jam event. tl;dr; Do yourself a favor and buy Uplink Elite, which is obviously what this game wanted to be and failed...miserably. I'd be willing to gift Uplink to the author as well so that he can see how a game like this SHOULD be made.",False,2022-01-29T08:24:00+00:00,2022-01-29T08:24:00+00:00,5234.0,5234.0,0.0,7.0,2.0,0.5817854404449463,True,False,False,False,76561198983162925,,1.0,False,False,7492,1367,87.23333333333333,87.23333333333333,10h+,negative
99190551,365450,hacknet,Hacknet,english,"The inability to create folders or dynamically modify files seems odd for a game about hackers. It's a script kiddy typing speed test more than anything else, and you'll figure out the solutions to all the puzzles in the first two hours. Do I regret buying this? No. But I wouldn't want anyone else to be misled about what this is. 

Good music. Solid UX. Little actual interactivity. I think this is cute more than it's engaging. There's a lot of implied value and untapped potential here, which are qualities in games that always leave me frustrated.","The inability to create folders or dynamically modify files seems odd for a game about hackers. It's a script kiddy typing speed test more than anything else, and you'll figure out the solutions to all the puzzles in the first two hours. Do I regret buying this? No. But I wouldn't want anyone else to be misled about what this is. Good music. Solid UX. Little actual interactivity. I think this is cute more than it's engaging. There's a lot of implied value and untapped potential here, which are qualities in games that always leave me frustrated.",False,2021-09-11T21:35:07+00:00,2021-09-11T21:35:07+00:00,342.0,334.0,0.0,7.0,0.0,0.5331253409385681,True,False,False,False,76561198002595868,,38.0,False,False,550,97,5.7,5.566666666666666,3-10h,negative
23443096,365450,hacknet,Hacknet,english,"This game looks good, haves good music and lets dumb people to feel like 1337 hackers.","This game looks good, haves good music and lets dumb people to feel like 1337 hackers.",False,2016-06-07T22:36:54+00:00,2016-06-08T19:46:45+00:00,8.0,8.0,0.0,5.0,5.0,0.19501391053199768,True,False,False,True,76561198038032196,,123.0,False,False,86,16,0.13333333333333333,0.13333333333333333,0-1h,negative
74145095,365450,hacknet,Hacknet,english,"It's a good hacking simulation game, but I couldn't bring myself to like it. The game is short, probably will take around 6 hours to finish. The mission objectives were very unclear, I had to use a guide to finish the game. The NetMap was really horrible, everything was cluttered, and it was so hard to use. I couldn't understand the story much. The contract missions felt repetitive for me. Sometimes hacking a PC doesn't save the credentials and I had to hack the same PC multiple times even when looking at my mailbox. About 90% of time, you'll be writing 'Shell, Porthack, Analyze, SSHcrack, FTPbounce' etc. And on top of that you're given just a measly 800 MB ram PC... are you kidding me???

Looking on the bright side, there're definitely plenty of surprises in the game. I mean for real. I used a guide, so it was ruined for me. You'll definitely get stuck at some point of the game. The visual effects were really good. The music went well with the game.","It's a good hacking simulation game, but I couldn't bring myself to like it. The game is short, probably will take around 6 hours to finish. The mission objectives were very unclear, I had to use a guide to finish the game. The NetMap was really horrible, everything was cluttered, and it was so hard to use. I couldn't understand the story much. The contract missions felt repetitive for me. Sometimes hacking a PC doesn't save the credentials and I had to hack the same PC multiple times even when looking at my mailbox. About 90% of time, you'll be writing 'Shell, Porthack, Analyze, SSHcrack, FTPbounce' etc. And on top of that you're given just a measly 800 MB ram PC... are you kidding me??? Looking on the bright side, there're definitely plenty of surprises in the game. I mean for real. I used a guide, so it was ruined for me. You'll definitely get stuck at some point of the game. The visual effects were really good. The music went well with the game.",False,2020-08-11T17:07:05+00:00,2021-06-02T15:33:45+00:00,458.0,450.0,0.0,3.0,2.0,0.5233439207077026,False,False,False,False,76561198121413521,,380.0,False,False,963,175,7.633333333333334,7.5,3-10h,negative
78757576,365450,hacknet,Hacknet,english,"Extremely linear and repetitive, moreover hacking resolves to ""run hack.exe to hack a computer, then clear logs"". After that repeat until the end. There is not many actual puzzles or danger or choices to be made either, you just follow as the game tells you. Basically a hacking walking sim. With decent music though.

If you look for this kind of game you're much better off (re)playing Uplink.","Extremely linear and repetitive, moreover hacking resolves to ""run hack.exe to hack a computer, then clear logs"". After that repeat until the end. There is not many actual puzzles or danger or choices to be made either, you just follow as the game tells you. Basically a hacking walking sim. With decent music though. If you look for this kind of game you're much better off (re)playing Uplink.",False,2020-11-05T11:14:32+00:00,2020-11-05T11:14:32+00:00,122.0,122.0,0.0,3.0,1.0,0.508665144443512,False,False,False,False,76561198053229942,,1349.0,False,False,394,68,2.033333333333333,2.033333333333333,1-3h,negative
23944407,365450,hacknet,Hacknet,english,"This game is... interesting

Pros
Good sound track 
clean layout
'learn' how to hack
feel like a badass

Cons
get's boring very quickly
Lose intrest and the will to go on in the game
requires a basic understanding of how to use console commands, i mention this because one 'mission' needed you to know something and I had to use a hint to get it.

Conclusion
I think the idea of the game is cool but the gameplay isn't compelling enough to keep most players playing.","This game is... interesting Pros Good sound track clean layout 'learn' how to hack feel like a badass Cons get's boring very quickly Lose intrest and the will to go on in the game requires a basic understanding of how to use console commands, i mention this because one 'mission' needed you to know something and I had to use a hint to get it. Conclusion I think the idea of the game is cool but the gameplay isn't compelling enough to keep most players playing.",False,2016-06-30T04:03:59+00:00,2016-06-30T04:05:49+00:00,54.0,54.0,0.0,3.0,0.0,0.4757709205150604,True,False,False,False,76561198014089484,,17.0,False,False,462,86,0.9,0.9,0-1h,negative
28165465,365450,hacknet,Hacknet,english,"This is not a game I hate. However, much like that TIS-100 game, I was left completely clueless as to how to proceed, though nowhere near as quickly, thanks to an actual tutorial and being able to play a little bit of the game before getting stuck, as well as a help menu listing commands. As a child in the 80s, I spent a fair amount of time using DOS to find files, modify them, etc., and in college, I used UNIX for a semester, scoring an A. There isn't a day that goes by where I don't use a PC, unless something really weird happens, like a blackout. Therefore, I was more than a little surprised when I got so hopelessly dumbfounded by this game. Granted, this game is far classier than TIS-100.

This game actually has music, and it's quite nice, while TIS-100 had none that I found. TIS-100's manual was difficult to understand and quite daunting, while Hacknet is far more user friendly, and really appears to have a story and more purpose to it. That said, the game left me confused and stuck when I came upon a firewall. The game never covered how to deal with firewalls in the tutorial. I tried running a program I had just downloaded from another computer in-game, which let me access one port, but I couldn't access any of the other ports. I used every page of help to look up commands that could help me, and analyzing the firewall brought up a wall of letters and numbers that didn't seem to do anything, and selecting to ""solve"" the firewall didn't do anything, either. I checked every computer I had access to and found nothing else that could help me.

If I'm stuck this early in, checking a walkthrough or asking for help online will likely lead to me continuing my confused wandering without learning anything within the game itself. I should not have to rely on the Internet to learn how to play a game for fun...

I'm disappointed in the game, but only because I liked what I saw when the game was presenting things in a way that cleverly educates the player, but then it throws you a problem early-game that no amount of searching within the game itself appears to turn up a solution. The point where it figuratively drops you in the deep end of the digital pool with a cyber-anchor tied to your feet is where I lose any ability to appreciate the game beyond that point.

It's also entirely possible I lack the mental faculties to interact with this digital gaming experience in a fulfilling manner. If that's the case, then so be it, but I must represent the ""mentally deficient"" population and state that I do not recommend this game as a result.","This is not a game I hate. However, much like that TIS-100 game, I was left completely clueless as to how to proceed, though nowhere near as quickly, thanks to an actual tutorial and being able to play a little bit of the game before getting stuck, as well as a help menu listing commands. As a child in the 80s, I spent a fair amount of time using DOS to find files, modify them, etc., and in college, I used UNIX for a semester, scoring an A. There isn't a day that goes by where I don't use a PC, unless something really weird happens, like a blackout. Therefore, I was more than a little surprised when I got so hopelessly dumbfounded by this game. Granted, this game is far classier than TIS-100. This game actually has music, and it's quite nice, while TIS-100 had none that I found. TIS-100's manual was difficult to understand and quite daunting, while Hacknet is far more user friendly, and really appears to have a story and more purpose to it. That said, the game left me confused and stuck when I came upon a firewall. The game never covered how to deal with firewalls in the tutorial. I tried running a program I had just downloaded from another computer in-game, which let me access one port, but I couldn't access any of the other ports. I used every page of help to look up commands that could help me, and analyzing the firewall brought up a wall of letters and numbers that didn't seem to do anything, and selecting to ""solve"" the firewall didn't do anything, either. I checked every computer I had access to and found nothing else that could help me. If I'm stuck this early in, checking a walkthrough or asking for help online will likely lead to me continuing my confused wandering without learning anything within the game itself. I should not have to rely on the Internet to learn how to play a game for fun... I'm disappointed in the game, but only because I liked what I saw when the game was presenting things in a way that cleverly educates the player, but then it throws you a problem early-game that no amount of searching within the game itself appears to turn up a solution. The point where it figuratively drops you in the deep end of the digital pool with a cyber-anchor tied to your feet is where I lose any ability to appreciate the game beyond that point. It's also entirely possible I lack the mental faculties to interact with this digital gaming experience in a fulfilling manner. If that's the case, then so be it, but I must represent the ""mentally deficient"" population and state that I do not recommend this game as a result.",False,2016-12-03T17:14:57+00:00,2016-12-03T17:15:13+00:00,39.0,39.0,0.0,3.0,3.0,0.4424510896205902,False,False,False,False,76561197972040704,,741.0,False,False,2568,472,0.65,0.65,0-1h,negative
45610858,365450,hacknet,Hacknet,english,"---{Graphics}---
☐ You forget what reality is
☐ Beautiful
☐ Good
☐ Decent
☐ Bad
☐ Don‘t look too long at it
☑ Paint.exe

---{Gameplay}---
☐ Very good
☐ Good
☐ It‘s just gameplay
☑ Mehh
☐ Starring at walls is better
☐ Just don‘t

---{Audio}---
☐ Eargasm
☐ Very good
☐ Good
☑ Not too bad
☐ Bad
☐ Earrape

---{Audience}---
☑ Kids
☐ Teens
☐ Adults
☑ Anonymous

---{PC Requirements}---
☑ Check if you can run paint
☐ Potato
☐ Decent
☐ Fast
☐ Rich boiiiiii
☐ Ask NASA if they have a spare computer

---{Difficulity}---
☐ Just press ‚A‘
☑ Easy
☐ Significant brain usage
☐ Easy to learn / Hard to master
☐ Difficult
☐ Dark Souls

---{Grind}---
☑ Nothing to grind
☐ Only if u care about leaderboards/ranks
☐ Isnt necessary to progress
☐ Average grind level
☐ Too much grind
☐ You‘ll need a second live for grinding

---{Story}---
☐ Story?
☑ Text or Audio floating around
☐ Average
☐ Good
☐ Lovley
☐ It‘ll replace your life

---{Game Time}---
☐ Long enough for a cup of coffee
☐ Short
☑ Average
☐ Long
☐ To infinity and beyond

---{Price}---
☐ It’s free!
☐ Worth the price
☐ If u have some spare money left
☑ Not recommended
☐ You could also just burn your money

---{Bugs}---
☑ Never heard of
☐ Minor bugs
☐ Can get annoying
☐ ARK: Survival Evolved
☐ The game itself is a big terrarium for bugs",---{Graphics}--- ☐ You forget what reality is ☐ Beautiful ☐ Good ☐ Decent ☐ Bad ☐ Don‘t look too long at it ☑ Paint.exe ---{Gameplay}--- ☐ Very good ☐ Good ☐ It‘s just gameplay ☑ Mehh ☐ Starring at walls is better ☐ Just don‘t ---{Audio}--- ☐ Eargasm ☐ Very good ☐ Good ☑ Not too bad ☐ Bad ☐ Earrape ---{Audience}--- ☑ Kids ☐ Teens ☐ Adults ☑ Anonymous ---{PC Requirements}--- ☑ Check if you can run paint ☐ Potato ☐ Decent ☐ Fast ☐ Rich boiiiiii ☐ Ask NASA if they have a spare computer ---{Difficulity}--- ☐ Just press ‚A‘ ☑ Easy ☐ Significant brain usage ☐ Easy to learn / Hard to master ☐ Difficult ☐ Dark Souls ---{Grind}--- ☑ Nothing to grind ☐ Only if u care about leaderboards/ranks ☐ Isnt necessary to progress ☐ Average grind level ☐ Too much grind ☐ You‘ll need a second live for grinding ---{Story}--- ☐ Story? ☑ Text or Audio floating around ☐ Average ☐ Good ☐ Lovley ☐ It‘ll replace your life ---{Game Time}--- ☐ Long enough for a cup of coffee ☐ Short ☑ Average ☐ Long ☐ To infinity and beyond ---{Price}--- ☐ It’s free! ☐ Worth the price ☐ If u have some spare money left ☑ Not recommended ☐ You could also just burn your money ---{Bugs}--- ☑ Never heard of ☐ Minor bugs ☐ Can get annoying ☐ ARK: Survival Evolved ☐ The game itself is a big terrarium for bugs,False,2018-11-03T22:33:23+00:00,2018-11-03T22:33:23+00:00,49.0,28.0,0.0,3.0,1.0,0.42866629362106323,False,False,False,False,76561198147161872,,21.0,False,False,1275,248,0.8166666666666667,0.4666666666666667,0-1h,negative
129083621,365450,hacknet,Hacknet,english,"Another bad hacking game.

It has a better User Interface UI than say Uplink.

But, still an assorted mess of culture and character.

I mean I hate the music, does a hacking game really need to impersonate a cinematic experience?

Windows that cannot move, resize or elsewise? 

Plug-ins and programs you cannot turn off? It's like your locked in to hack the way the game tells you.
from a point of view that is too specific to a style that just doesn't make sense to me.","Another bad hacking game. It has a better User Interface UI than say Uplink. But, still an assorted mess of culture and character. I mean I hate the music, does a hacking game really need to impersonate a cinematic experience? Windows that cannot move, resize or elsewise? Plug-ins and programs you cannot turn off? It's like your locked in to hack the way the game tells you. from a point of view that is too specific to a style that just doesn't make sense to me.",False,2022-12-23T09:51:32+00:00,2022-12-23T09:51:32+00:00,66.0,66.0,0.0,2.0,0.0,0.4803149402141571,True,False,False,False,76561198032588847,,169.0,False,False,465,86,1.1,1.1,1-3h,negative
171560605,365450,hacknet,Hacknet,english,"Tons of hype and the game wont even load properly. When opening the game I'm greeted with a black screen, some music and then a terminal opens on my actual computer that I cant interact with and that's it. that's the whole game. I have looked online for answers but it appears I'm the only person this has happened to. I would love some help trying to figure this out but YouTube, steam and google haven't worked so far.","Tons of hype and the game wont even load properly. When opening the game I'm greeted with a black screen, some music and then a terminal opens on my actual computer that I cant interact with and that's it. that's the whole game. I have looked online for answers but it appears I'm the only person this has happened to. I would love some help trying to figure this out but YouTube, steam and google haven't worked so far.",False,2024-08-06T16:24:29+00:00,2024-08-06T16:24:29+00:00,26.0,11.0,0.0,2.0,0.0,0.46382978558540344,True,False,False,False,76561198813181592,,2.0,False,False,420,79,0.43333333333333335,0.18333333333333332,0-1h,negative
98711743,365450,hacknet,Hacknet,english,"There is no overarching narrative; you're completing puzzles with no purpose. 

Thus, the puzzles are the focus of the game. However, the puzzles are simple and boring. Simple puzzles can still be interesting. Imagine a child's toy where you fit shapes through their respective holes. You can keep yourself busy for a little bit. This game is similar, but everything is a square. How many times can you fit the square in the square hole before it gets boring? Example: you need the password to decrypt a file and you'll find it on the same system within a file called ""password.txt"". 

Firewall solving requires no input from the player, it's just a timesink. You call the ""analyze"" command and wait a few seconds at a time until it reveals the answer. You need to call this command multiple times before it starts to reveal the answer - what gameplay function does this serve? Sometimes you don't have any other task to do while the analyze command is processing, so you just wait and wait.. like an idle game. 

Overloading a proxy server involves clicking a button and waiting a few seconds (depending on the number of shells you have up). There's no depth.

Missions share objectives in the form of notes on your computer. For some reason, the devs thought it was a bright idea to have notes take up a significant portion (~30% sometimes) of your memory. So you often have to write up your own abbreviated notes or you won't have enough memory to run the programs you need to crack the ports. The game is fighting itself.

The UI is a mess. A couple hours and your network map becomes an unintelligible mess with no tools to label systems or otherwise organize it. Missions could at least highlight linked servers.

The music is repetitive. Music can make or break a game. In this case, I found myself shutting off music to play my own playlist in the background so I wouldn't be bored to tears while doing all of the waiting the game requires.","There is no overarching narrative; you're completing puzzles with no purpose. Thus, the puzzles are the focus of the game. However, the puzzles are simple and boring. Simple puzzles can still be interesting. Imagine a child's toy where you fit shapes through their respective holes. You can keep yourself busy for a little bit. This game is similar, but everything is a square. How many times can you fit the square in the square hole before it gets boring? Example: you need the password to decrypt a file and you'll find it on the same system within a file called ""password.txt"". Firewall solving requires no input from the player, it's just a timesink. You call the ""analyze"" command and wait a few seconds at a time until it reveals the answer. You need to call this command multiple times before it starts to reveal the answer - what gameplay function does this serve? Sometimes you don't have any other task to do while the analyze command is processing, so you just wait and wait.. like an idle game. Overloading a proxy server involves clicking a button and waiting a few seconds (depending on the number of shells you have up). There's no depth. Missions share objectives in the form of notes on your computer. For some reason, the devs thought it was a bright idea to have notes take up a significant portion (~30% sometimes) of your memory. So you often have to write up your own abbreviated notes or you won't have enough memory to run the programs you need to crack the ports. The game is fighting itself. The UI is a mess. A couple hours and your network map becomes an unintelligible mess with no tools to label systems or otherwise organize it. Missions could at least highlight linked servers. The music is repetitive. Music can make or break a game. In this case, I found myself shutting off music to play my own playlist in the background so I wouldn't be bored to tears while doing all of the waiting the game requires.",False,2021-09-03T12:13:44+00:00,2021-09-03T12:13:44+00:00,275.0,275.0,0.0,1.0,1.0,0.4838292598724365,False,False,False,False,76561198046867240,,18.0,False,False,1939,347,4.583333333333333,4.583333333333333,3-10h,negative
29053431,365450,hacknet,Hacknet,english,"Boring and repetitive. It's pretty and has some nice BG music but that's it.

This game is shallow and very restrictive. 
You can't do anything with your rig.
You can't reply to mails during a mission (yeah, it's useless but I expected some minor rôle play elements).
You can only accept one mission at a time.
Once you ""change factions"" (wtf ?), you can no longer do missions for another even though you still have your credentials.
Many commands don't have a default parameter (mainly those that require a port number) making the process of hacking them annoying.
""Hacking"" is better described as running various tools in order to get the server's admin rights then doing what the mission requires ( copy,delete,rename,edit... some file ) and replying to a mail to confirm. You're a ""script kiddie"" as one of the hackers calls you yet your employers are impressed by your ""skills"" ... : s

Ok, this game atempts some clever things with the file edit stuff but other than that it's just boring. I want to go further in hopes to see more varied stuff but the post hack stuff is annoying...
All in all, it's a bare bones and simplified version of Interoversion's Uplink for example.

Also, it crashes. Hopefully, the forums explain how to get the XNA beta version that should work on most configs.

","Boring and repetitive. It's pretty and has some nice BG music but that's it. This game is shallow and very restrictive. You can't do anything with your rig. You can't reply to mails during a mission (yeah, it's useless but I expected some minor rôle play elements). You can only accept one mission at a time. Once you ""change factions"" (wtf ?), you can no longer do missions for another even though you still have your credentials. Many commands don't have a default parameter (mainly those that require a port number) making the process of hacking them annoying. ""Hacking"" is better described as running various tools in order to get the server's admin rights then doing what the mission requires ( copy,delete,rename,edit... some file ) and replying to a mail to confirm. You're a ""script kiddie"" as one of the hackers calls you yet your employers are impressed by your ""skills"" ... : s Ok, this game atempts some clever things with the file edit stuff but other than that it's just boring. I want to go further in hopes to see more varied stuff but the post hack stuff is annoying... All in all, it's a bare bones and simplified version of Interoversion's Uplink for example. Also, it crashes. Hopefully, the forums explain how to get the XNA beta version that should work on most configs.",False,2017-01-06T06:50:36+00:00,2017-01-06T06:50:36+00:00,328.0,328.0,0.0,1.0,0.0,0.46532902121543884,False,False,False,False,76561197963876742,,69.0,False,False,1292,227,5.466666666666667,5.466666666666667,3-10h,negative
106463414,365450,hacknet,Hacknet,english,"---{ Graphics }---
☐ You forget what reality is
☐ Beautiful
☐ Good
☐ Decent
☑ Bad
☐ Don‘t look too long at it
☐ MS-DOS

---{ Gameplay }---
☐ Very good
☐ Good
☐ It's just gameplay
☑ Mehh
☐ Watch paint dry instead
☐ Just don't

---{ Audio }---
☐ Eargasm
☐ Very good
☐ Good
☐ Not too bad
☑ Bad
☐ I'm now deaf

---{ Audience }---
☐ Kids
☑ Teens
☐ Adults
☐ Grandma

---{ PC Requirements }---
☐ Check if you can run paint
☑ Potato
☐ Decent
☐ Fast
☐ Rich boi
☐ Ask NASA if they have a spare computer

---{ Difficulty }---
☐ Just press 'W'
☑ Easy
☐ Easy to learn / Hard to master
☐ Significant brain usage
☐ Difficult
☐ Dark Souls

---{ Grind }---
☐ Nothing to grind
☐ Only if u care about leaderboards/ranks
☑ Isn't necessary to progress
☐ Average grind level
☐ Too much grind
☐ You'll need a second live for grinding

---{ Story }---
☐ No Story
☑ Some lore
☐ Average
☐ Good
☐ Lovely
☐ It'll replace your life

---{ Game Time }---
☐ Long enough for a cup of coffee
☐ Short
☐ Average
☑ Long
☐ To infinity and beyond

---{ Price }---
☐ It's free!
☐ Worth the price
☐ If it's on sale
☐ If u have some spare money left
☑ Not recommended
☐ You could also just burn your money

---{ Bugs }---
☑ Never heard of
☐ Minor bugs
☐ Can get annoying
☐ ARK: Survival Evolved
☐ The game itself is a big terrarium for bugs

---{ ? / 10 }---
☐ 1
☐ 2
☑ 3
☐ 4
☐ 5
☐ 6
☐ 7
☐ 8
☐ 9
☐ 10

+=+=+=+=+=+=+=+=+=+=+=+=+=+=+=+=+=+=+=+=+=+=+=+=+=+=+=+=+=+=+=+=+=+=+=+=+=+=+=+=+=+=+=+=+
In summary : This game is trying to emulate the feeling of using linux, hacking and programming at once. But its not good at it. The GUI of this game is just trying to catch people's eyes to some graphic matrix things, but its just not correct to use real UNIX. I highly suggest you try BitBurner game its same concept but more precise, if you can program in javascript you can put it to your own advantage since you can write your own scripts in-game to automate your gameplay. However if you can't progam in javascript or you can't program at all you can use their own programming languages which are well documented on their websites.","---{ Graphics }--- ☐ You forget what reality is ☐ Beautiful ☐ Good ☐ Decent ☑ Bad ☐ Don‘t look too long at it ☐ MS-DOS ---{ Gameplay }--- ☐ Very good ☐ Good ☐ It's just gameplay ☑ Mehh ☐ Watch paint dry instead ☐ Just don't ---{ Audio }--- ☐ Eargasm ☐ Very good ☐ Good ☐ Not too bad ☑ Bad ☐ I'm now deaf ---{ Audience }--- ☐ Kids ☑ Teens ☐ Adults ☐ Grandma ---{ PC Requirements }--- ☐ Check if you can run paint ☑ Potato ☐ Decent ☐ Fast ☐ Rich boi ☐ Ask NASA if they have a spare computer ---{ Difficulty }--- ☐ Just press 'W' ☑ Easy ☐ Easy to learn / Hard to master ☐ Significant brain usage ☐ Difficult ☐ Dark Souls ---{ Grind }--- ☐ Nothing to grind ☐ Only if u care about leaderboards/ranks ☑ Isn't necessary to progress ☐ Average grind level ☐ Too much grind ☐ You'll need a second live for grinding ---{ Story }--- ☐ No Story ☑ Some lore ☐ Average ☐ Good ☐ Lovely ☐ It'll replace your life ---{ Game Time }--- ☐ Long enough for a cup of coffee ☐ Short ☐ Average ☑ Long ☐ To infinity and beyond ---{ Price }--- ☐ It's free! ☐ Worth the price ☐ If it's on sale ☐ If u have some spare money left ☑ Not recommended ☐ You could also just burn your money ---{ Bugs }--- ☑ Never heard of ☐ Minor bugs ☐ Can get annoying ☐ ARK: Survival Evolved ☐ The game itself is a big terrarium for bugs ---{ ? / 10 }--- ☐ 1 ☐ 2 ☑ 3 ☐ 4 ☐ 5 ☐ 6 ☐ 7 ☐ 8 ☐ 9 ☐ 10 +=+=+=+=+=+=+=+=+=+=+=+=+=+=+=+=+=+=+=+=+=+=+=+=+=+=+=+=+=+=+=+=+=+=+=+=+=+=+=+=+=+=+=+=+ In summary : This game is trying to emulate the feeling of using linux, hacking and programming at once. But its not good at it. The GUI of this game is just trying to catch people's eyes to some graphic matrix things, but its just not correct to use real UNIX. I highly suggest you try BitBurner game its same concept but more precise, if you can program in javascript you can put it to your own advantage since you can write your own scripts in-game to automate your gameplay. However if you can't progam in javascript or you can't program at all you can use their own programming languages which are well documented on their websites.",False,2021-12-25T02:05:36+00:00,2021-12-25T02:05:36+00:00,8.0,8.0,0.0,1.0,0.0,0.4583333432674408,True,False,False,False,76561198149895233,,13.0,False,False,2074,417,0.13333333333333333,0.13333333333333333,0-1h,negative
23485455,365450,hacknet,Hacknet,english,"Within two or three missions I lost the game. With no tutorial on what to do if someone hacks YOU, I was forced to sit there and watch this happen with no idea what to do about it. It's over in under ten seconds. Losing deletes your HUD, which includes the ability to...quit the game. I read somewhere that you 'have enough clues' to get out of this, I literally do not care about any of that, it's 3 in the morning and I want to go to bed so I have to ctrl+alt+delete out of it. This crashes my computer so badly it needs to be restarted three times, and now when I try to run hacknet I get audio and a black screen.

My smaller shittier laptop still runs it, but my savegame is still in ""punish you for sucking at this"" mode and I can't be arsed. Apparently the black screen is common. I went looking for the sequence of nonsense I would have to type to make the damn thing go again but gave up after a half hour. I'm sure this is a great game but it doesn't seem to want me playing it so I'm stuck trying to get a refund. I wouldn't recommend risking it.","Within two or three missions I lost the game. With no tutorial on what to do if someone hacks YOU, I was forced to sit there and watch this happen with no idea what to do about it. It's over in under ten seconds. Losing deletes your HUD, which includes the ability to...quit the game. I read somewhere that you 'have enough clues' to get out of this, I literally do not care about any of that, it's 3 in the morning and I want to go to bed so I have to ctrl+alt+delete out of it. This crashes my computer so badly it needs to be restarted three times, and now when I try to run hacknet I get audio and a black screen. My smaller shittier laptop still runs it, but my savegame is still in ""punish you for sucking at this"" mode and I can't be arsed. Apparently the black screen is common. I went looking for the sequence of nonsense I would have to type to make the damn thing go again but gave up after a half hour. I'm sure this is a great game but it doesn't seem to want me playing it so I'm stuck trying to get a refund. I wouldn't recommend risking it.",False,2016-06-10T14:53:03+00:00,2016-06-10T14:53:03+00:00,168.0,168.0,0.0,1.0,1.0,0.4580981433391571,True,False,False,False,76561198028116215,,22.0,False,False,1056,212,2.8,2.8,1-3h,negative
31986492,365450,hacknet,Hacknet,english,"Wont show up... the game opens but it gives me a black screen, i can hear the music but i cant see, ive re-install this game for about 5 times and it always does the same.","Wont show up... the game opens but it gives me a black screen, i can hear the music but i cant see, ive re-install this game for about 5 times and it always does the same.",False,2017-05-27T02:19:34+00:00,2017-05-27T02:19:34+00:00,11.0,11.0,0.0,1.0,0.0,0.4531721770763397,True,False,False,False,76561198185341079,,12.0,False,False,171,36,0.18333333333333332,0.18333333333333332,0-1h,negative
196645549,365450,hacknet,Hacknet,english,"Some objectives don’t really specify what you’re supposed to do. For example, an email might say something along the lines of ""break into this server using a shell command"". Okay… then what? Am I supposed to delete everything once inside, or copy it? And the objectives you do complete will still show as incomplete even after you’ve finished them. Also, screw up on a server and need to restart? Well then you're screwed. You can't really reset a server easily so you have to reload a save. The UI (not the terminal) is absolutely atrocious. Sound is awful, cause you can't turn it off completely. They have these gunshot sounds every time you complete and objective (replying to an email), or when a new server node spawns in, so it ends up being a jump scare. Why can't I turn these off?","Some objectives don’t really specify what you’re supposed to do. For example, an email might say something along the lines of ""break into this server using a shell command"". Okay… then what? Am I supposed to delete everything once inside, or copy it? And the objectives you do complete will still show as incomplete even after you’ve finished them. Also, screw up on a server and need to restart? Well then you're screwed. You can't really reset a server easily so you have to reload a save. The UI (not the terminal) is absolutely atrocious. Sound is awful, cause you can't turn it off completely. They have these gunshot sounds every time you complete and objective (replying to an email), or when a new server node spawns in, so it ends up being a jump scare. Why can't I turn these off?",False,2025-06-07T18:30:43+00:00,2025-06-07T18:35:39+00:00,653.0,599.0,0.0,1.0,2.0,0.4439489245414734,True,False,False,False,76561198412812820,,221.0,False,False,790,142,10.883333333333333,9.983333333333333,3-10h,negative
109576118,365450,hacknet,Hacknet,english,"Stars received: 1.1/10 _ Note: v.6 [0.0 to 1] = personal impressions

[0.3] Controls & Training & Help
[0.1] Menu & Settings
[0.1] Sound & Music
[0.2] Graphics
[0.1] Game Design
[0.1] Game Story
[0.1] Game Content
[0.1] Completion time (level/game)?
[0] is it Enjoyable & Fun?
[0] Could it hold a spot in Favorites? (& if the Game can be repeatedly played again)
[0] BONUS point: Multi-Player related
[0] BONUS point: Review for VR
[N] - if Registration is required with providing PII
[No = Categorical] - is it acceptable to Play the Game in 2022+ ?

Game description key-points: This Gamash, few commands on a dark screen already hackers :o) SIM

Overview:
old, featureless and low quality, potentially could be a cool container with tutorials for various tools and processes, but dev`s don`t care about that, lol :D","Stars received: 1.1/10 _ Note: v.6 [0.0 to 1] = personal impressions [0.3] Controls & Training & Help [0.1] Menu & Settings [0.1] Sound & Music [0.2] Graphics [0.1] Game Design [0.1] Game Story [0.1] Game Content [0.1] Completion time (level/game)? [0] is it Enjoyable & Fun? [0] Could it hold a spot in Favorites? (& if the Game can be repeatedly played again) [0] BONUS point: Multi-Player related [0] BONUS point: Review for VR [N] - if Registration is required with providing PII [No = Categorical] - is it acceptable to Play the Game in 2022+ ? Game description key-points: This Gamash, few commands on a dark screen already hackers :o) SIM Overview: old, featureless and low quality, potentially could be a cool container with tutorials for various tools and processes, but dev`s don`t care about that, lol :D",False,2022-02-05T17:28:11+00:00,2022-02-05T17:28:11+00:00,194.0,194.0,0.0,1.0,2.0,0.43109315633773804,False,False,False,False,76561199094146993,,1872.0,False,False,815,140,3.2333333333333334,3.2333333333333334,3-10h,negative
17844236,365450,hacknet,Hacknet,english,"[h1]What to expect if you're new to this game genre[/h1]
Hacknet is a new title in the otherwise stagnant, indie genre of hacking simulation games.
And a fresh breeze it is.

No doubt there is hardly any competition for this kind of quality.
Graphics are amazing, the hacking system introduced is quite good and consistent, it has gigantic potential for expansion that desperately needs to be used, and hopefully will. In it's current shape there might be little room for multiplayer gameplay, because of the game mechanics, but hopefully as the game gets finalized it will be implemented.

The puzzles you have to face are fun to solve and most of the time at medium or easy difficulty level.
Even though the game description provided on Steam might be a little misleading, as to non-holywood hacking style, or minimal hand-holding, the gameplay can be extremely exciting and satisfying.
The thrill of hacking, taking unauthorised control over websites, other web services, or user machines and mobile devices, identity theft or destruction, and constantly racing the trace clock are all very satisfying and will give you an addictive adrenaline rush.

Music is a very proper and enjoyable background for your virtual crimes, not quite something to remember.

The game has too high hardware requirements in my opinion. All in all it is a console based hacking game, and it is barely playable on i5, 4GB, Intel graphics HD4000 Lenovo laptop (12 fps max with too much typing lag!!!)

[h1]Finally the 'Uplink vs Hacknet'[/h1]
Many people look up to Hacknet in comparison to Uplink.
Based on my experiences with both titles If you did truly enjoy Uplink, You will be dazzled by Hacknet's modern design. Graphics are eyecandy.
The gameplay itself however, as compared to Uplink I have found to be short (if that can be said - I was unable to finish the game due to numerous bugs [despite 50+hrs in-game]), shallow and at many times unchallenging.
If you can bear with, well kinda outdated graphics and a little clumsy UI, I'd say Uplink offers far greater immersion, much more complex world to explore, more freedom, less hand holding.
Hardware upgrades covering several computer components to your machine, or even different, more upgradable machines (you can create them yourself or download one of many community created ones!!!!), software upgrades that all can be purchased are something you won't find in Hacknet, since finances have been taken out of the picture in the first place. Money earning, stock market participation and manipulation, and banking are all absent in Hacknet. So are LAN networks that pose a sublevel of gameplay in Uplink. Hacknet at this stage of developement also gives you the feeling of being the only web user out there, since only on rare story related events will you ever find logs left by anyone else on any servers (even the public services). Tracing other hackers or users is nearly non existent since the idea of connection bouncing has also been skipped so far. In my opinion, with similar development times of several years for both games, Uplink is a masterpiece bot technically and story-wise, compared to Hacknet.

[h1]Final words[/h1]
Whatever Hacknet is or will be, I'd say Uplink is worth playing, as the only other hacking game out there with some serious gameplay to this date.
If compatibility issues or the kinda-outdated-look are an obstacle for you playing Uplink, Hacknet will still be a very enjoyable and exciting experience, however I would strongly advise to wait with the purchase until numerous major bugs are addressed and more potential gets released from Hacknet, or you might be facing quite a frustrating struggle with what I can only call a beta version (at best) right now. I have also learned there is a free remake of Uplink to be found out there, I will let you find it yourself tho, since I'd stick with the original version by Introversion Software and support it's makers.
Keep track of Hacknet news and discussion on Steam for a stable version somewhen in the (hopefully) near future.","[h1]What to expect if you're new to this game genre[/h1] Hacknet is a new title in the otherwise stagnant, indie genre of hacking simulation games. And a fresh breeze it is. No doubt there is hardly any competition for this kind of quality. Graphics are amazing, the hacking system introduced is quite good and consistent, it has gigantic potential for expansion that desperately needs to be used, and hopefully will. In it's current shape there might be little room for multiplayer gameplay, because of the game mechanics, but hopefully as the game gets finalized it will be implemented. The puzzles you have to face are fun to solve and most of the time at medium or easy difficulty level. Even though the game description provided on Steam might be a little misleading, as to non-holywood hacking style, or minimal hand-holding, the gameplay can be extremely exciting and satisfying. The thrill of hacking, taking unauthorised control over websites, other web services, or user machines and mobile devices, identity theft or destruction, and constantly racing the trace clock are all very satisfying and will give you an addictive adrenaline rush. Music is a very proper and enjoyable background for your virtual crimes, not quite something to remember. The game has too high hardware requirements in my opinion. All in all it is a console based hacking game, and it is barely playable on i5, 4GB, Intel graphics HD4000 Lenovo laptop (12 fps max with too much typing lag!!!) [h1]Finally the 'Uplink vs Hacknet'[/h1] Many people look up to Hacknet in comparison to Uplink. Based on my experiences with both titles If you did truly enjoy Uplink, You will be dazzled by Hacknet's modern design. Graphics are eyecandy. The gameplay itself however, as compared to Uplink I have found to be short (if that can be said - I was unable to finish the game due to numerous bugs [despite 50+hrs in-game]), shallow and at many times unchallenging. If you can bear with, well kinda outdated graphics and a little clumsy UI, I'd say Uplink offers far greater immersion, much more complex world to explore, more freedom, less hand holding. Hardware upgrades covering several computer components to your machine, or even different, more upgradable machines (you can create them yourself or download one of many community created ones!!!!), software upgrades that all can be purchased are something you won't find in Hacknet, since finances have been taken out of the picture in the first place. Money earning, stock market participation and manipulation, and banking are all absent in Hacknet. So are LAN networks that pose a sublevel of gameplay in Uplink. Hacknet at this stage of developement also gives you the feeling of being the only web user out there, since only on rare story related events will you ever find logs left by anyone else on any servers (even the public services). Tracing other hackers or users is nearly non existent since the idea of connection bouncing has also been skipped so far. In my opinion, with similar development times of several years for both games, Uplink is a masterpiece bot technically and story-wise, compared to Hacknet. [h1]Final words[/h1] Whatever Hacknet is or will be, I'd say Uplink is worth playing, as the only other hacking game out there with some serious gameplay to this date. If compatibility issues or the kinda-outdated-look are an obstacle for you playing Uplink, Hacknet will still be a very enjoyable and exciting experience, however I would strongly advise to wait with the purchase until numerous major bugs are addressed and more potential gets released from Hacknet, or you might be facing quite a frustrating struggle with what I can only call a beta version (at best) right now. I have also learned there is a free remake of Uplink to be found out there, I will let you find it yourself tho, since I'd stick with the original version by Introversion Software and support it's makers. Keep track of Hacknet news and discussion on Steam for a stable version somewhen in the (hopefully) near future.",False,2015-09-02T09:44:48+00:00,2015-09-02T09:57:02+00:00,3790.0,2974.0,0.0,0.0,0.0,0.5,True,False,False,False,76561198203369746,,4.0,False,False,4051,679,63.166666666666664,49.56666666666667,10h+,negative
20342005,365450,hacknet,Hacknet,english,"First things first, I loved the slick layout and visuals Hacknet plays quite nicely.  Music is pretty damn good too!

At first I really liked Hacknet as it feels like what Uplink should be in the modern gaming age.  You get cool looking interfaces, some psuedo-unix commands and maniplulations and a feeling of pressure as you hack your way past traces and logs.  However, thats where it falls apart a little.  You realise that logs are redundant and apart from an active trace when hacking some systems there are no repercussions to breaking log chains.  Except for one scripted event you dont need to worry about the men in black knocking on your door.  It was this attention to detail and consequnce that, in my opinion, gave Uplink its amazing gameplay.  I felt like the game needed that next level of complexity and difficulty to really come of age.

The major thumbs down however is game breaking bugs.  At time of writing this review there is at least one huge bug that is preventing the game being completed.  An attempt at fixing the bug was done but it did not solve the problem.  Cudos for the Developer at rushing to solve the issue but after one attempted patch there has been no communication on the status of the bug for about a month now.

Bottomline.  Its a fun little game but becomes one dimentional and easy once you realise there is no real way to lose apart from letting an active hack trace get you but even that is easily bypassed with one click or command.  The killer at this stage is bugs and more bugs.  I hope the game gets fixed and expanded, it could be a very nice game one day.


UPDATE:  The major bug has been fixed and I was able to finish the game.  Thanks to the Dev for fixing that up.
I have left my recommendation as negatvie which I am sad about as the game is pretty good.  The problem still is that its too easy once you realise there arent any repurcussions to not covering your tracks.  A little more depth would make this game a killer title!","First things first, I loved the slick layout and visuals Hacknet plays quite nicely. Music is pretty damn good too! At first I really liked Hacknet as it feels like what Uplink should be in the modern gaming age. You get cool looking interfaces, some psuedo-unix commands and maniplulations and a feeling of pressure as you hack your way past traces and logs. However, thats where it falls apart a little. You realise that logs are redundant and apart from an active trace when hacking some systems there are no repercussions to breaking log chains. Except for one scripted event you dont need to worry about the men in black knocking on your door. It was this attention to detail and consequnce that, in my opinion, gave Uplink its amazing gameplay. I felt like the game needed that next level of complexity and difficulty to really come of age. The major thumbs down however is game breaking bugs. At time of writing this review there is at least one huge bug that is preventing the game being completed. An attempt at fixing the bug was done but it did not solve the problem. Cudos for the Developer at rushing to solve the issue but after one attempted patch there has been no communication on the status of the bug for about a month now. Bottomline. Its a fun little game but becomes one dimentional and easy once you realise there is no real way to lose apart from letting an active hack trace get you but even that is easily bypassed with one click or command. The killer at this stage is bugs and more bugs. I hope the game gets fixed and expanded, it could be a very nice game one day. UPDATE: The major bug has been fixed and I was able to finish the game. Thanks to the Dev for fixing that up. I have left my recommendation as negatvie which I am sad about as the game is pretty good. The problem still is that its too easy once you realise there arent any repurcussions to not covering your tracks. A little more depth would make this game a killer title!",False,2016-01-06T04:45:54+00:00,2016-01-07T02:55:10+00:00,587.0,587.0,0.0,0.0,1.0,0.5,True,False,False,False,76561197971447388,,75.0,False,False,1967,365,9.783333333333333,9.783333333333333,3-10h,negative
63011276,365450,hacknet,Hacknet,english,"Got the game for free and it has been sitting in my backlog for a while. Some while ago I finally decided to clear this game with high expectations seeing it receive a lot of positive reviews. Unfortunately I was faced with only disappointment.

At first the gameplay is intriguing and engaging. The terminal style UI certainly looks cool. There are quests that procedurally guide you through the mechanics of the game, and the discovery process keeps the gameplay fresh, but not for long until you join the hacker organization.

From that point what you do is just repeating the same hacking routine again and again, and it gets repetitive very quickly. At this point the only thing left that can do some good for this game is the story. My last hope for the game was that after hours of labour I would uncover traces of a big conspiracy that leads me to something like stopping a skynet, or fighting myself in a moral conflict, you get the meaning.

But no! The main plot is linear and doesn't have much depth to it. It was so uninspiring that I didn't even know I came to the end of the story, just after I did the usual hacking stuff I was greeted with a voice recording and I was like ""is that it?"".

Also the 'hacking experience' is far from realistic. But I guess it serves the point of letting people feel like they're a hacker.

I really want to like this game, but I couldn't. The music is good though, I think it's the only plus side.

TL;DR: Cool hacking-look UI, repetitive hacking routine, weak story","Got the game for free and it has been sitting in my backlog for a while. Some while ago I finally decided to clear this game with high expectations seeing it receive a lot of positive reviews. Unfortunately I was faced with only disappointment. At first the gameplay is intriguing and engaging. The terminal style UI certainly looks cool. There are quests that procedurally guide you through the mechanics of the game, and the discovery process keeps the gameplay fresh, but not for long until you join the hacker organization. From that point what you do is just repeating the same hacking routine again and again, and it gets repetitive very quickly. At this point the only thing left that can do some good for this game is the story. My last hope for the game was that after hours of labour I would uncover traces of a big conspiracy that leads me to something like stopping a skynet, or fighting myself in a moral conflict, you get the meaning. But no! The main plot is linear and doesn't have much depth to it. It was so uninspiring that I didn't even know I came to the end of the story, just after I did the usual hacking stuff I was greeted with a voice recording and I was like ""is that it?"". Also the 'hacking experience' is far from realistic. But I guess it serves the point of letting people feel like they're a hacker. I really want to like this game, but I couldn't. The music is good though, I think it's the only plus side. TL;DR: Cool hacking-look UI, repetitive hacking routine, weak story",False,2020-02-05T14:30:23+00:00,2021-07-10T09:03:40+00:00,400.0,400.0,0.0,0.0,0.0,0.5,False,True,False,False,76561198316362490,,6.0,False,False,1508,277,6.666666666666667,6.666666666666667,3-10h,negative
68078800,365450,hacknet,Hacknet,english,"This is one of those games that makes you wish for a 'meh' rating. I'm three hours in and the narrative isn't really picking up. The soundtrack is excellent, the use of real console commands is cool, and hacking feels pretty fun -- it scratches that fantasy of being a shady, smart hacker... but provides none of the challenge. The hacking is easy and the contracts largely repetitive outside of a few good gags. There's no real moral choices and ultimately, the game just doesn't hook you in as much after a while. A stronger narrative, more choices and better puzzles would serve this game well. The best moment I experienced came when I was counter-hacked, and had to reboot my system by navigating only with the terminal. But the moment-to-moment gameplay requires no such thought.

Still, a lot of people seem to enjoy that core fantasy and find the narrative engaging enough to keep going, and if you're really into the game, the mod support is excellent. 

Tl;dr it's fine, if you enjoy the core fantasy a lot there's a lot of good stuff there for you, but otherwise it's let down by disappointing gameplay.","This is one of those games that makes you wish for a 'meh' rating. I'm three hours in and the narrative isn't really picking up. The soundtrack is excellent, the use of real console commands is cool, and hacking feels pretty fun -- it scratches that fantasy of being a shady, smart hacker... but provides none of the challenge. The hacking is easy and the contracts largely repetitive outside of a few good gags. There's no real moral choices and ultimately, the game just doesn't hook you in as much after a while. A stronger narrative, more choices and better puzzles would serve this game well. The best moment I experienced came when I was counter-hacked, and had to reboot my system by navigating only with the terminal. But the moment-to-moment gameplay requires no such thought. Still, a lot of people seem to enjoy that core fantasy and find the narrative engaging enough to keep going, and if you're really into the game, the mod support is excellent. Tl;dr it's fine, if you enjoy the core fantasy a lot there's a lot of good stuff there for you, but otherwise it's let down by disappointing gameplay.",False,2020-04-26T20:02:57+00:00,2020-04-26T20:02:57+00:00,181.0,181.0,0.0,0.0,0.0,0.5,False,True,False,False,76561198137076399,,93.0,False,False,1111,196,3.0166666666666666,3.0166666666666666,3-10h,negative
43424348,365450,hacknet,Hacknet,english,"The game is very repetitive and very easy, most of the puzzles are solved by tipping on the console the same amount of commands, and you will use about 4 or 5 of them. Want to hack this port? porthack.exe Want to hack this ssh encryption? sshhack,exe Everything is like this.

There are things that have no consequence at all, like at the beggining you are told you msut delete the log files from the computer you hack or else!! But if you don't delete them, nothing happens, at all. It's not even mentioned, not a single change



The story is ok, a bit cheesy but it fits. The music is good, but the main ""theme"" is roller mobster I think? or one of them more popular ones from hotline miami, so i guess the merit goes to hotline miami, not this game.

Also there is a couple of commands given to you and never explained or that the game never brings up again, and that is because the multiplayet got cut, but nowhere is that to be said.","The game is very repetitive and very easy, most of the puzzles are solved by tipping on the console the same amount of commands, and you will use about 4 or 5 of them. Want to hack this port? porthack.exe Want to hack this ssh encryption? sshhack,exe Everything is like this. There are things that have no consequence at all, like at the beggining you are told you msut delete the log files from the computer you hack or else!! But if you don't delete them, nothing happens, at all. It's not even mentioned, not a single change The story is ok, a bit cheesy but it fits. The music is good, but the main ""theme"" is roller mobster I think? or one of them more popular ones from hotline miami, so i guess the merit goes to hotline miami, not this game. Also there is a couple of commands given to you and never explained or that the game never brings up again, and that is because the multiplayet got cut, but nowhere is that to be said.",False,2018-07-09T14:49:14+00:00,2018-07-09T14:52:14+00:00,577.0,529.0,0.0,0.0,0.0,0.5,False,True,False,False,76561197984600345,,57.0,False,False,934,179,9.616666666666667,8.816666666666666,3-10h,negative
43006423,365450,hacknet,Hacknet,english,"For a text based adventure, there sure is a lot of reused text throughout the entire game. The story isn't that strong either. There isn't much exposition. What you're paying for here is a really fancy UI. Gameplay isn't that deep, it mostly consists of typing a few characters and pressing tab to autocomplete. There's a game mechanic where you're encouraged to delete logs detailing your activity while you're inside another person's computer, but at the end of the day, it doesn't matter because there are no real fail-states in this game. It's super casual. The soundtrack is okay, I guess.","For a text based adventure, there sure is a lot of reused text throughout the entire game. The story isn't that strong either. There isn't much exposition. What you're paying for here is a really fancy UI. Gameplay isn't that deep, it mostly consists of typing a few characters and pressing tab to autocomplete. There's a game mechanic where you're encouraged to delete logs detailing your activity while you're inside another person's computer, but at the end of the day, it doesn't matter because there are no real fail-states in this game. It's super casual. The soundtrack is okay, I guess.",False,2018-06-24T14:48:14+00:00,2018-07-11T11:54:04+00:00,1031.0,563.0,0.0,0.0,1.0,0.5,True,False,False,False,76561197978943561,,274.0,False,False,594,101,17.183333333333334,9.383333333333333,3-10h,negative
47152108,365450,hacknet,Hacknet,english,"This game is presented as ""immersive, terminal-based hacking simulator"". 
I'm sad to say there's nothing immersive, there's no challenge at all. The only thing you're going to do is the same thing over and over again from start to end. The puzzle are so easy even a 6 years old can do it. 

If you're looking to an hacking simulator (like uplink) this is not what you're looking for. The music are good tho.
CONCLUSION: 5/10 good concept bad execution","This game is presented as ""immersive, terminal-based hacking simulator"". I'm sad to say there's nothing immersive, there's no challenge at all. The only thing you're going to do is the same thing over and over again from start to end. The puzzle are so easy even a 6 years old can do it. If you're looking to an hacking simulator (like uplink) this is not what you're looking for. The music are good tho. CONCLUSION: 5/10 good concept bad execution",False,2018-11-27T19:19:47+00:00,2018-11-27T19:19:47+00:00,136.0,136.0,0.0,0.0,0.0,0.5,True,False,False,False,76561198135001966,,3.0,False,False,448,80,2.2666666666666666,2.2666666666666666,1-3h,negative
17783054,365450,hacknet,Hacknet,english,"Interesting game, and shows some potentional.  I'm sure I'm missing something because I can't read the tiny font they use.  Even with the largest font setting the text is tiny - give us better scaling options!  I run at 2560 x 1440 and yeah that's large, but by no means is it even 4k.  Also the music is nice yes, but after it's looped the 1000'th time you get kind of tired of it.","Interesting game, and shows some potentional. I'm sure I'm missing something because I can't read the tiny font they use. Even with the largest font setting the text is tiny - give us better scaling options! I run at 2560 x 1440 and yeah that's large, but by no means is it even 4k. Also the music is nice yes, but after it's looped the 1000'th time you get kind of tired of it.",False,2015-08-29T23:25:09+00:00,2015-08-29T23:25:09+00:00,29.0,29.0,0.0,0.0,0.0,0.5,False,False,False,False,76561197961089682,,39.0,False,False,378,74,0.48333333333333334,0.48333333333333334,0-1h,negative
23459733,365450,hacknet,Hacknet,english,"For me the game seems to be VERY slow and sometimes gets stuck in the launching screen when u hit play game on it in Steam. And when i hit the start button on my key board my tool bar comes up like normal but also a little window comes up giving me options if i want to close the program (Hacknet) or wait for the speed to get better. Also everytime i try to launch it, what looks like a command prompt window pops up right before the launching screen, so there are then 2 windows of hacknet on my tool bar and idk if the creator added this or something because its a hacking game or no. Sometimes even when im stuck loading in the launching screen, the main menu music will cue, but my screen will never get to the main menu. Anyways, for me the game is hella slow and idk why.","For me the game seems to be VERY slow and sometimes gets stuck in the launching screen when u hit play game on it in Steam. And when i hit the start button on my key board my tool bar comes up like normal but also a little window comes up giving me options if i want to close the program (Hacknet) or wait for the speed to get better. Also everytime i try to launch it, what looks like a command prompt window pops up right before the launching screen, so there are then 2 windows of hacknet on my tool bar and idk if the creator added this or something because its a hacking game or no. Sometimes even when im stuck loading in the launching screen, the main menu music will cue, but my screen will never get to the main menu. Anyways, for me the game is hella slow and idk why.",False,2016-06-08T23:10:07+00:00,2016-06-08T23:10:07+00:00,555.0,29.0,0.0,0.0,0.0,0.4761904776096344,True,False,False,False,76561198139268075,,1.0,False,False,778,156,9.25,0.48333333333333334,0-1h,negative
62356660,365450,hacknet,Hacknet,english,"I'll be brief:
Pretty weak plot and it's not interesting tinkering through other people's computers.
The commands are repetitive and there is no way to have them automated by some in-game script. This can be intentional but it just rote repetition of the basic 6-7 commands.

Music, while good gets repetitive very quickly.","I'll be brief: Pretty weak plot and it's not interesting tinkering through other people's computers. The commands are repetitive and there is no way to have them automated by some in-game script. This can be intentional but it just rote repetition of the basic 6-7 commands. Music, while good gets repetitive very quickly.",False,2020-01-25T02:33:42+00:00,2020-01-25T02:33:42+00:00,729.0,729.0,0.0,0.0,1.0,0.4761904776096344,False,False,False,False,76561197999419446,,30.0,False,False,322,53,12.15,12.15,10h+,negative
135566642,365450,hacknet,Hacknet,english,"Dose not work. I can launch the game but all it is, is a black blank page with music in the background.","Dose not work. I can launch the game but all it is, is a black blank page with music in the background.",False,2023-03-27T20:30:29+00:00,2023-03-27T20:30:29+00:00,28.0,26.0,0.0,0.0,0.0,0.4729729890823364,True,False,False,False,76561199089451750,,7.0,False,False,103,22,0.4666666666666667,0.43333333333333335,0-1h,negative
232641580,365450,hacknet,Hacknet,english,"I have been waiting for the game to start, and now that I'm halfway through I've given up. It's boring and pointless. There is no story, there are no choices (even though the game wants you to think there are). That aside, it's not really a hacking game. ""Hacking"" just means typing the same commands and waiting for them to execute... every time... for every PC in the network.

Another big problem is that the game implies that it will use real world logic but then it doesn't. Like I can't execute a file on a PC I'm connected to? Since when? 

Instructions are never clear and even if they are I hate that the game forces me to only do things how the dev intended. Specifically for advcancing missions, it's never clear whether I just need to read the file or send it or send the password contained in it. All of those should work, not just one!

There are bugs - mostly soft locks, which is unacceptable for such a simple game.

Instead of spending time on the visualizations for each tool the dev should have spent time designing mechanics around them. For instance the firewall analyzer is okay. Not fun, but it's not completely idle, you have to do something. Each tool has to be like that, there has to be some mini-game associated with it, or there has to be some strategy as to which tools are used in what order.

I don't know what the music was like. It was so repeptitve so annoying I turned it off and played Vampire The Masquerade: Bloodlines OST. 

The only thing I liked about the game is the environmental storytelling. The chat logs sound EXACTLY like the Old Internet days. Kudos to the author for the research!","I have been waiting for the game to start, and now that I'm halfway through I've given up. It's boring and pointless. There is no story, there are no choices (even though the game wants you to think there are). That aside, it's not really a hacking game. ""Hacking"" just means typing the same commands and waiting for them to execute... every time... for every PC in the network. Another big problem is that the game implies that it will use real world logic but then it doesn't. Like I can't execute a file on a PC I'm connected to? Since when? Instructions are never clear and even if they are I hate that the game forces me to only do things how the dev intended. Specifically for advcancing missions, it's never clear whether I just need to read the file or send it or send the password contained in it. All of those should work, not just one! There are bugs - mostly soft locks, which is unacceptable for such a simple game. Instead of spending time on the visualizations for each tool the dev should have spent time designing mechanics around them. For instance the firewall analyzer is okay. Not fun, but it's not completely idle, you have to do something. Each tool has to be like that, there has to be some mini-game associated with it, or there has to be some strategy as to which tools are used in what order. I don't know what the music was like. It was so repeptitve so annoying I turned it off and played Vampire The Masquerade: Bloodlines OST. The only thing I liked about the game is the environmental storytelling. The chat logs sound EXACTLY like the Old Internet days. Kudos to the author for the research!",False,2026-08-12T08:32:51+00:00,2026-08-12T08:32:51+00:00,517.0,517.0,0.0,0.0,1.0,0.4545454680919647,False,False,False,False,76561198001388008,,1.0,False,False,1624,299,8.616666666666667,8.616666666666667,3-10h,negative
28867446,365450,hacknet,Hacknet,english,The story line is too simple and not really interesting. Also the difficulty is too easy. The music makes my ears bleed.Bad version of Uplink.,The story line is too simple and not really interesting. Also the difficulty is too easy. The music makes my ears bleed.Bad version of Uplink.,False,2016-12-31T12:47:46+00:00,2016-12-31T12:47:46+00:00,1434.0,78.0,0.0,0.0,0.0,0.4400000274181366,True,False,False,False,76561198067539205,,17.0,False,False,142,25,23.9,1.3,1-3h,negative
216206460,365450,hacknet,Hacknet,english,"(playtime was like 2.2 hrs)
just slightly boring? as a game? hmm.
best part is the music! lol",(playtime was like 2.2 hrs) just slightly boring? as a game? hmm. best part is the music! lol,False,2026-01-17T23:33:32+00:00,2026-01-17T23:34:05+00:00,9.0,9.0,0.0,0.0,0.0,0.439068078994751,True,False,False,False,76561199266877256,,112.0,False,False,93,18,0.15,0.15,0-1h,negative
161598120,365450,hacknet,Hacknet,english,"Just terrible, the whole game is literally running `scp` in a terminal window while the techno music loops on a repeat after a couple of minutes. It's like listening to a CD key gen from the 90s run on your machine. The commands are clunky. I did not come home from coding the whole day to do more work, and yet this is exactly what this game is.","Just terrible, the whole game is literally running `scp` in a terminal window while the techno music loops on a repeat after a couple of minutes. It's like listening to a CD key gen from the 90s run on your machine. The commands are clunky. I did not come home from coding the whole day to do more work, and yet this is exactly what this game is.",False,2024-03-27T18:05:24+00:00,2024-03-27T18:05:24+00:00,88.0,88.0,0.0,0.0,0.0,0.4362194538116455,True,False,False,False,76561197966858394,,10.0,False,False,346,68,1.4666666666666666,1.4666666666666666,1-3h,negative
32745242,365450,hacknet,Hacknet,english,"Not actually learning terminal commands :(

I bought this to gamify my transition to Linux, but none of the commands in this game translate to any OS out there. Not to mention it's very formulaic and reliant on tools.

If you're completely new to the world of computer security (i.e. you took CISM but not CEH or CISSP), this might be a step forward for you. 

Good soundtrack so far. Would recommend the soundtrack only for most gamers.","Not actually learning terminal commands :( I bought this to gamify my transition to Linux, but none of the commands in this game translate to any OS out there. Not to mention it's very formulaic and reliant on tools. If you're completely new to the world of computer security (i.e. you took CISM but not CEH or CISSP), this might be a step forward for you. Good soundtrack so far. Would recommend the soundtrack only for most gamers.",False,2017-06-24T22:00:26+00:00,2017-06-24T22:00:26+00:00,20.0,20.0,0.0,0.0,2.0,0.42204365134239197,True,False,False,False,76561197961205241,,42.0,False,False,433,78,0.3333333333333333,0.3333333333333333,0-1h,negative
44961589,365450,hacknet,Hacknet,english,"It feels like doing homework. If I wanted to learn code, I'd learn code. Don't let me use the mouse for some things but not everything, why give me the option if it's barely useful? Some of it is weirdly specific about what it accepts and the music is pretty generic. Gets annoying after ten minutes or so.","It feels like doing homework. If I wanted to learn code, I'd learn code. Don't let me use the mouse for some things but not everything, why give me the option if it's barely useful? Some of it is weirdly specific about what it accepts and the music is pretty generic. Gets annoying after ten minutes or so.",False,2018-09-27T08:03:24+00:00,2018-09-27T08:03:24+00:00,221.0,221.0,0.0,0.0,0.0,0.40207263827323914,False,False,False,False,76561197993922877,,369.0,False,False,306,58,3.683333333333333,3.683333333333333,3-10h,negative
