review_id,steam_app_id,game_key,game_name,language,review_text_raw,review_text_clean,recommended,created_at,updated_at,playtime_forever_minutes,playtime_at_review_minutes,playtime_last_two_weeks_minutes,votes_up,votes_funny,weighted_vote_score,steam_purchase,received_for_free,written_during_early_access,refunded,author_steam_id,author_num_games_owned,author_num_reviews,is_empty,is_very_short,review_length_chars,review_length_words,playtime_forever_hours,playtime_at_review_hours,playtime_segment,overall_sentiment
100961131,490930,need-to-know,Need to Know,english,This game is so good I played it start to finish twice.,This game is so good I played it start to finish twice.,True,2021-10-12T22:03:36+00:00,2021-10-12T22:03:36+00:00,1350.0,1350.0,0.0,2.0,0.0,0.523809552192688,True,False,False,False,76561197963969312,,100.0,False,False,55,12,22.5,22.5,10h+,positive
101577235,490930,need-to-know,Need to Know,english,It's a very interesting game.,It's a very interesting game.,True,2021-10-24T22:02:16+00:00,2021-10-24T22:02:16+00:00,2702.0,2702.0,0.0,1.0,0.0,0.5,False,False,False,False,76561198126709783,,1.0,False,False,29,5,45.03333333333333,45.03333333333333,10h+,positive
102796001,490930,need-to-know,Need to Know,english,"Image you have a good core gameplay idea. From there you have two ways to make a game out of it.
Number 1 is trying to expand that gameplay idea with many additions and variations.
Number 2 is an nearly endless loop of the same basic idea with nothing more then graphical changes (aka the way most mobile games work).
Now guess which way the devs of this game take. Right. Number 2.

This was one of the hardest games for me in the last years to force myself to get all achievements.
But the game isn't hard. Instead it is very easy, but unnecessary long (real playtime around 20 hours) and amazingly boring.
The ground premise of the story and the first hours of gameplay were really good and kept me going.
But soon all the flaws popped up:

- While some missions tell you, there is time pressure ... there is no countdown gameplay wise.
- There is no way to arrange your screen with nearly 1/2 of unnecessary infos for the mission, 1/5 for the mission info and only the rest for the changing mission data you need to process.
- While the game has a linear story and missions, that follow up older ones, there is no database or such and using info from it in further investigations.
- The very few times, the game expands the gameplay and make it a bit more complex (for example compare infos from different suspects), it ruins this step, by not changing your possible way to process the data.

The funny thing is, that with a way shorter game length/less missions (around five hours) I would have looked other all these flaws and would have given this game a thumbs up.","Image you have a good core gameplay idea. From there you have two ways to make a game out of it. Number 1 is trying to expand that gameplay idea with many additions and variations. Number 2 is an nearly endless loop of the same basic idea with nothing more then graphical changes (aka the way most mobile games work). Now guess which way the devs of this game take. Right. Number 2. This was one of the hardest games for me in the last years to force myself to get all achievements. But the game isn't hard. Instead it is very easy, but unnecessary long (real playtime around 20 hours) and amazingly boring. The ground premise of the story and the first hours of gameplay were really good and kept me going. But soon all the flaws popped up: - While some missions tell you, there is time pressure ... there is no countdown gameplay wise. - There is no way to arrange your screen with nearly 1/2 of unnecessary infos for the mission, 1/5 for the mission info and only the rest for the changing mission data you need to process. - While the game has a linear story and missions, that follow up older ones, there is no database or such and using info from it in further investigations. - The very few times, the game expands the gameplay and make it a bit more complex (for example compare infos from different suspects), it ruins this step, by not changing your possible way to process the data. The funny thing is, that with a way shorter game length/less missions (around five hours) I would have looked other all these flaws and would have given this game a thumbs up.",False,2021-11-14T22:04:26+00:00,2021-11-14T22:04:26+00:00,1768.0,1768.0,0.0,9.0,0.0,0.6058632135391235,True,False,False,False,76561197971269084,,76.0,False,False,1569,292,29.466666666666665,29.466666666666665,10h+,negative
104960543,490930,need-to-know,Need to Know,english,"Was a good game when I was able to play it, but should reflect on the store page that it doesn't work on an M1 Mac.","Was a good game when I was able to play it, but should reflect on the store page that it doesn't work on an M1 Mac.",False,2021-12-01T09:54:10+00:00,2022-01-04T03:50:24+00:00,479.0,466.0,0.0,0.0,0.0,0.5258620381355286,True,False,False,False,76561198136197097,,20.0,False,False,115,26,7.983333333333333,7.766666666666667,3-10h,negative
106332849,490930,need-to-know,Need to Know,english,"I wanted very much to like this game and was a very early kickstarter backer, however, Monomyth overpromised hard and under-delivered catastrophically. The game isn't anywhere near what was promised (equivalent to the bad state of ""No Man's Sky"" at release).

None of the stretch goals were ever implemented, despite getting 4x the amount requested and it being a popular game on Steam at one time.

The game promised ""meaningful choices"", and various other options and customizability, but most ""choices"" [spoiler]merely lead to a game over[/spoiler].

This game had so much promise, and unfortunately, the game developers weren't and aren't clear about what the game actually entails, and a lot comes down to fussy micromanaging of elements outside of normal gameplay that aren't fun, rewarding, or interesting. Your choices there also don't appear to actually matter.

I fell for the idea of this game immediately when it was pitched, I was super patient, but this game ends up getting a hard pass from me. There's nowhere near enough actual ""game"" to play, and even with fewer bugs, it's mostly an exercise in frustration.

The sad thing was? I would've been happy to give the developer a lot more credit if they had ever done exactly one thing: been a lot more honest and up-front with what was and wasn't going to happen with the community. The community was never valued by this company, and unfortunately that means unlike the disaster that used to be ""No Man's Sky"", this is a game that, while at least it wasn't instantly abandoned, will never end up being even half the game that was promised.

Also unfortunately, since the decision to not do any of the stretch goals, and not truly ""complete"" the game as promised, obviously wasn't sudden...this is the sort of game where it WOULD have been a saving grace if they would've let the community take up the mantle via modding support, but this also never happened.

This is [b]THE[/b] game that made me completely stop participating in KickStarter. Overpaying to get less™️.","I wanted very much to like this game and was a very early kickstarter backer, however, Monomyth overpromised hard and under-delivered catastrophically. The game isn't anywhere near what was promised (equivalent to the bad state of ""No Man's Sky"" at release). None of the stretch goals were ever implemented, despite getting 4x the amount requested and it being a popular game on Steam at one time. The game promised ""meaningful choices"", and various other options and customizability, but most ""choices"" [spoiler]merely lead to a game over[/spoiler]. This game had so much promise, and unfortunately, the game developers weren't and aren't clear about what the game actually entails, and a lot comes down to fussy micromanaging of elements outside of normal gameplay that aren't fun, rewarding, or interesting. Your choices there also don't appear to actually matter. I fell for the idea of this game immediately when it was pitched, I was super patient, but this game ends up getting a hard pass from me. There's nowhere near enough actual ""game"" to play, and even with fewer bugs, it's mostly an exercise in frustration. The sad thing was? I would've been happy to give the developer a lot more credit if they had ever done exactly one thing: been a lot more honest and up-front with what was and wasn't going to happen with the community. The community was never valued by this company, and unfortunately that means unlike the disaster that used to be ""No Man's Sky"", this is a game that, while at least it wasn't instantly abandoned, will never end up being even half the game that was promised. Also unfortunately, since the decision to not do any of the stretch goals, and not truly ""complete"" the game as promised, obviously wasn't sudden...this is the sort of game where it WOULD have been a saving grace if they would've let the community take up the mantle via modding support, but this also never happened. This is [b]THE[/b] game that made me completely stop participating in KickStarter. Overpaying to get less™️.",False,2021-12-23T04:45:45+00:00,2021-12-23T04:45:45+00:00,2382.0,1203.0,0.0,7.0,0.0,0.5431088805198669,False,False,False,False,76561197991156884,,2.0,False,False,2026,342,39.7,20.05,10h+,negative
107414917,490930,need-to-know,Need to Know,english,"As a fan of Orwellian games like Papers Please, this is right up my alley. Although it would be nice to have at least a third skin tone option. Since we can choose a skin tone, we should have more than just two especially when they're pretty close together. It's like beige and slightly darker beige. That's pretty nitpicky and inconsequential though.","As a fan of Orwellian games like Papers Please, this is right up my alley. Although it would be nice to have at least a third skin tone option. Since we can choose a skin tone, we should have more than just two especially when they're pretty close together. It's like beige and slightly darker beige. That's pretty nitpicky and inconsequential though.",True,2022-01-06T00:34:36+00:00,2022-01-06T00:34:36+00:00,2466.0,620.0,0.0,0.0,0.0,0.5,True,False,False,False,76561198152147612,,24.0,False,False,351,62,41.1,10.333333333333334,10h+,positive
110465120,490930,need-to-know,Need to Know,english,"I do enjoy the game so far but have not ventured too far down the rabbit hole. It does remind me of Papers Please, Orwell and such, which if you are into, this should be right up your alley. This game requires a lot of my concentration, due to spotting tiny differences like spelling mistakes, timing of phone calls instead of just the contact person etc. It's not necessarily a bad thing, but I can't play it for too long as I would feel mentally tired after a while. It's a fun game I pop into for a couple sessions and then hop out of, and not something I can play all night and feel relaxed. 

All in all I would recommend if you enjoy this genre, and I did feel like I was making a difference with my ""work"", I guess. My main gripe is something lot of other reviews have mentioned, that the game was marketed as a game of choice, so you could choose to use your ""powers"" for good or evil, choose how you handle the information and what side you are on etc. However, this is not truly the case because you end up having to balance all the different ""sides"" to avoid a game over. This feels incongruent with the marketing and does not feel too nice when you realize you have to play all the sides, essentially lying to everyone, and cannot really play the game the way you want to, or that your character would have. The storyline is pretty linear so far, which also does not match my expectation of the game and I've been following it's development from way back.

Other than that, it's an interesting take on the surveillance topic. Wish there was an easier mode for when I want to chill out, or a creative mode that does not force me to make a choice I do not want to, is all.","I do enjoy the game so far but have not ventured too far down the rabbit hole. It does remind me of Papers Please, Orwell and such, which if you are into, this should be right up your alley. This game requires a lot of my concentration, due to spotting tiny differences like spelling mistakes, timing of phone calls instead of just the contact person etc. It's not necessarily a bad thing, but I can't play it for too long as I would feel mentally tired after a while. It's a fun game I pop into for a couple sessions and then hop out of, and not something I can play all night and feel relaxed. All in all I would recommend if you enjoy this genre, and I did feel like I was making a difference with my ""work"", I guess. My main gripe is something lot of other reviews have mentioned, that the game was marketed as a game of choice, so you could choose to use your ""powers"" for good or evil, choose how you handle the information and what side you are on etc. However, this is not truly the case because you end up having to balance all the different ""sides"" to avoid a game over. This feels incongruent with the marketing and does not feel too nice when you realize you have to play all the sides, essentially lying to everyone, and cannot really play the game the way you want to, or that your character would have. The storyline is pretty linear so far, which also does not match my expectation of the game and I've been following it's development from way back. Other than that, it's an interesting take on the surveillance topic. Wish there was an easier mode for when I want to chill out, or a creative mode that does not force me to make a choice I do not want to, is all.",True,2022-02-18T02:31:14+00:00,2022-02-18T02:31:14+00:00,544.0,544.0,0.0,0.0,0.0,0.5,True,False,False,False,76561198153116957,,11.0,False,False,1679,324,9.066666666666666,9.066666666666666,3-10h,positive
110594954,490930,need-to-know,Need to Know,english,Way too many unclear rules. Tutorial guy talks too fast. Game punishes you for not being able to keep up with all of this.,Way too many unclear rules. Tutorial guy talks too fast. Game punishes you for not being able to keep up with all of this.,False,2022-02-19T23:36:49+00:00,2022-02-19T23:36:49+00:00,92.0,92.0,0.0,0.0,1.0,0.4724409580230713,True,False,False,False,76561198096747533,,10.0,False,False,122,24,1.5333333333333334,1.5333333333333334,1-3h,negative
110713358,490930,need-to-know,Need to Know,english,"The concept isn't exactly unique. A few games touch on subject of state sponsored espionage programs. Orwell, Beholder, etc. The concepts are straightforward, and those games execute those concepts pretty well. I'd love to recommend this game but the UI in beyond buggy and non-functional in some areas. 

It's a small gripe but the fact the map scrolls while you're clicking around is silly as shit. Not sure who thought that was a good idea, but it's a mild annoyance I can look past.","The concept isn't exactly unique. A few games touch on subject of state sponsored espionage programs. Orwell, Beholder, etc. The concepts are straightforward, and those games execute those concepts pretty well. I'd love to recommend this game but the UI in beyond buggy and non-functional in some areas. It's a small gripe but the fact the map scrolls while you're clicking around is silly as shit. Not sure who thought that was a good idea, but it's a mild annoyance I can look past.",False,2022-02-21T19:06:18+00:00,2022-02-21T19:06:18+00:00,143.0,111.0,0.0,0.0,0.0,0.47413790225982666,True,False,False,False,76561198035225540,,25.0,False,False,484,84,2.3833333333333333,1.85,1-3h,negative
112454355,490930,need-to-know,Need to Know,english,"Controls and IU are horrible, it has the potential for a good detective type game but not like this. Expecting to play something like Spycraft? Go play Spycraft again instead of this.","Controls and IU are horrible, it has the potential for a good detective type game but not like this. Expecting to play something like Spycraft? Go play Spycraft again instead of this.",False,2022-03-19T06:22:24+00:00,2022-03-19T06:22:24+00:00,48.0,48.0,0.0,0.0,0.0,0.5,True,False,False,False,76561198048640355,,484.0,False,False,183,32,0.8,0.8,0-1h,negative
113448489,490930,need-to-know,Need to Know,english,"A fun take on the point and click genre where you play as an Intelligence Agent trying to do what they think is right. Though the UI and lack of ""story choices matter"" in the game let it down someone, still a bit of fun to be had with it.","A fun take on the point and click genre where you play as an Intelligence Agent trying to do what they think is right. Though the UI and lack of ""story choices matter"" in the game let it down someone, still a bit of fun to be had with it.",True,2022-04-06T21:34:19+00:00,2022-04-06T21:34:19+00:00,1351.0,1351.0,0.0,0.0,0.0,0.5,False,False,False,False,76561198044281230,,95.0,False,False,238,50,22.516666666666666,22.516666666666666,10h+,positive
115410716,490930,need-to-know,Need to Know,english,This game is fun and addictive. I love how detailed and rich the story is and how many choices you get to make as a player.,This game is fun and addictive. I love how detailed and rich the story is and how many choices you get to make as a player.,True,2022-05-13T22:57:04+00:00,2022-05-13T22:57:04+00:00,1558.0,1224.0,0.0,0.0,0.0,0.5,False,False,False,False,76561198141291278,,1.0,False,False,123,26,25.966666666666665,20.4,10h+,positive
116434405,490930,need-to-know,Need to Know,english,"Backed it on Kickstarter (I'm even in the credits if you looked!), played it, abandoned it for a few years, and then finally finished it, doesn't mean it's a boring game, hear me out.

Need to Know came from the era of Orwell - which I've also played, loved and reviewed - basically pattern matching gameplay laid on top of a ""visual"" novel (only without boobs). The gameplay, while has to be involved and brain-teasing, needs to tells a story.

Orwell excelled with being a more aggressively ramped-up authoritarian nightmare. A seemingly more far-fetched future. A story where an outsider can help control information, narratives, and through that, the truth and history.

(Mild spoilers ahead, skip next paragraph if you don't wanna know anything)

Need to Know, on the other hand, writes a story in a near future - where we may be right now, or in a few years. You play as a US citizen, whose sole power is to prosecute, to ""just follow orders"", and meanwhile trying to survive a personal political hell. You play yourself into becoming a regular crimer, a warcrimer, and a national terrorist. You see repercussion of your own actions in the story. You may justify yourself into believing you're fighting for ""the truth""; yet the information you are given keeps getting worse, and it makes you wonder if you're becoming a eugenicist and a fascist. At that point, the only winning move may just be not to play, or yeet yourself into prison.

(Spoiler over)

If you choose to play on, the gameplay is more involved than Orwell - while Orwell only makes you marks single pieces of evidence, Need to Know makes you show the link between different pieces of seemingly unrelated information - only becoming related because you are given inside knowledge of what they may have been doing. Messages, tweets, locations, bank statements, satellite images, heartbeats - all the data we give willingly these days - can and will be used against them. You request more data, you use that data to find incriminating evidence, and you string them together to prosecute them. Everyday is like a mini-Sherlock Holmes mind palace minigame, only it keeps getting more complicated. It can get repetitive, but being engaged to the story and the new data types will help mitigate it a little bit.

The game represents a possible future, and you are a judge, jury, and executioner. Have fun doing war crimes.","Backed it on Kickstarter (I'm even in the credits if you looked!), played it, abandoned it for a few years, and then finally finished it, doesn't mean it's a boring game, hear me out. Need to Know came from the era of Orwell - which I've also played, loved and reviewed - basically pattern matching gameplay laid on top of a ""visual"" novel (only without boobs). The gameplay, while has to be involved and brain-teasing, needs to tells a story. Orwell excelled with being a more aggressively ramped-up authoritarian nightmare. A seemingly more far-fetched future. A story where an outsider can help control information, narratives, and through that, the truth and history. (Mild spoilers ahead, skip next paragraph if you don't wanna know anything) Need to Know, on the other hand, writes a story in a near future - where we may be right now, or in a few years. You play as a US citizen, whose sole power is to prosecute, to ""just follow orders"", and meanwhile trying to survive a personal political hell. You play yourself into becoming a regular crimer, a warcrimer, and a national terrorist. You see repercussion of your own actions in the story. You may justify yourself into believing you're fighting for ""the truth""; yet the information you are given keeps getting worse, and it makes you wonder if you're becoming a eugenicist and a fascist. At that point, the only winning move may just be not to play, or yeet yourself into prison. (Spoiler over) If you choose to play on, the gameplay is more involved than Orwell - while Orwell only makes you marks single pieces of evidence, Need to Know makes you show the link between different pieces of seemingly unrelated information - only becoming related because you are given inside knowledge of what they may have been doing. Messages, tweets, locations, bank statements, satellite images, heartbeats - all the data we give willingly these days - can and will be used against them. You request more data, you use that data to find incriminating evidence, and you string them together to prosecute them. Everyday is like a mini-Sherlock Holmes mind palace minigame, only it keeps getting more complicated. It can get repetitive, but being engaged to the story and the new data types will help mitigate it a little bit. The game represents a possible future, and you are a judge, jury, and executioner. Have fun doing war crimes.",True,2022-06-03T18:06:23+00:00,2022-06-03T18:06:23+00:00,1397.0,1397.0,0.0,1.0,0.0,0.5,False,True,False,False,76561198033250688,,17.0,False,False,2381,409,23.283333333333335,23.283333333333335,10h+,positive
124762776,490930,need-to-know,Need to Know,english,"Well i have come back to this game [yet again] and it still suffers from the problems that it started with in so far as you do not get any choice in anything regarding contacts. The game really only give you any decisions in the mission, if you try to ignore any of the contacts once you get home, well you find out very fast that you will be restarting the game again :(.
I love the idea behind the game but the bit when you get home is just so not needed, i wish there was a way that this could be turned off.
","Well i have come back to this game [yet again] and it still suffers from the problems that it started with in so far as you do not get any choice in anything regarding contacts. The game really only give you any decisions in the mission, if you try to ignore any of the contacts once you get home, well you find out very fast that you will be restarting the game again :(. I love the idea behind the game but the bit when you get home is just so not needed, i wish there was a way that this could be turned off.",False,2022-11-01T09:05:14+00:00,2022-11-01T09:05:14+00:00,1145.0,1031.0,0.0,0.0,0.0,0.5,True,False,False,False,76561197979422293,,6.0,False,False,511,105,19.083333333333332,17.183333333333334,10h+,negative
126934360,490930,need-to-know,Need to Know,english,"It's an alright entry in the dystopian sim category, but it really has a number of flaws. For one, besides ""Oh no I don't get money today"" there's almost no penalty for failure, and money itself is pretty irrelevant besides buying yourself new toys. There's no consequences! You can leave the org at multiple story points, which ""ends"" the game til you reload it. Most dystopian games make you feel like you have no choice in the matter of your participation, though the data selling portion does give you some of that ""I have to be doing this"" feel. It falls short in communicating clear directions sometimes, too; you get new tools and data given to you but sometimes the instructions get int he way of making accurate assessments.","It's an alright entry in the dystopian sim category, but it really has a number of flaws. For one, besides ""Oh no I don't get money today"" there's almost no penalty for failure, and money itself is pretty irrelevant besides buying yourself new toys. There's no consequences! You can leave the org at multiple story points, which ""ends"" the game til you reload it. Most dystopian games make you feel like you have no choice in the matter of your participation, though the data selling portion does give you some of that ""I have to be doing this"" feel. It falls short in communicating clear directions sometimes, too; you get new tools and data given to you but sometimes the instructions get int he way of making accurate assessments.",True,2022-11-26T02:50:20+00:00,2022-11-26T02:50:20+00:00,538.0,495.0,0.0,0.0,0.0,0.5,True,False,False,False,76561198076888592,,149.0,False,False,733,129,8.966666666666667,8.25,3-10h,positive
132294746,490930,need-to-know,Need to Know,english,no,no,False,2023-02-06T00:53:32+00:00,2023-02-06T00:53:32+00:00,76.0,76.0,0.0,0.0,0.0,0.5,False,False,False,False,76561197990109202,,64.0,False,True,2,1,1.2666666666666666,1.2666666666666666,1-3h,negative
132654294,490930,need-to-know,Need to Know,english,"I do recommend this game but it’s not without its faults and some of those are gameplay problems.  I would give this a 3/5 if such a ratings system existed on Steam.

This game reminds me a lot of Papers, Please but it lacks the urgency of PP.  There is a clock ticking down but as far as I could tell there were no repercussions to letting it run out.  Most of the missions were solved within 2 hours of the clock ticking and there’s no pro or con to finishing by a certain time.  This is one of many parts of the game where I thought, “Why is this here, it serves no purpose”.

The after work missions get extremely tedious.  I did all of them but I wonder if you didn’t whether the ending would have been different.  Something tells me it would not have mattered.  You get money but besides one particular time, it doesn’t matter if you do anything with it or not.  There’s another after work “task” that you can do that does nothing other than add a distraction (trying to be vague to be spoiler free here) and I stopped doing it halfway through the game with again, no repercussions.

Trying to select points on the map is a huge pain especially when there are multiple suspects in a location.  The map keeps scrolling and the location point doesn’t lock very well onto the mouse.  A lot (all maybe?) of the dialogue screens are off-center and near the bottom of the screen.  So you’re watching a cut scene and it’s in the bottom 30% of your computer monitor and not centered. Seems like a weird style choice along with half-hiding the graphics for home/office/etc.  There are a couple of missions that I had to write down data or take pictures of the screen to correlate data between people because there wasn’t a good way of doing this in game.  Also had some graphics issues where the screen would bounce around randomly.

The last act of the game really tried my patience.  I had to restart multiple levels because the data I was pulling wasn’t right and this is already a very lengthy game where there isn’t a meaningful change in mechanics so it was feeling REALLY tedious by this point.

All that having been said, I did enjoy the game from a storyline standpoint and the data correlation/searching aspect.  If there was a sequel with the gameplay problems fixed and the stakes were higher, I would definitely check it out.","I do recommend this game but it’s not without its faults and some of those are gameplay problems. I would give this a 3/5 if such a ratings system existed on Steam. This game reminds me a lot of Papers, Please but it lacks the urgency of PP. There is a clock ticking down but as far as I could tell there were no repercussions to letting it run out. Most of the missions were solved within 2 hours of the clock ticking and there’s no pro or con to finishing by a certain time. This is one of many parts of the game where I thought, “Why is this here, it serves no purpose”. The after work missions get extremely tedious. I did all of them but I wonder if you didn’t whether the ending would have been different. Something tells me it would not have mattered. You get money but besides one particular time, it doesn’t matter if you do anything with it or not. There’s another after work “task” that you can do that does nothing other than add a distraction (trying to be vague to be spoiler free here) and I stopped doing it halfway through the game with again, no repercussions. Trying to select points on the map is a huge pain especially when there are multiple suspects in a location. The map keeps scrolling and the location point doesn’t lock very well onto the mouse. A lot (all maybe?) of the dialogue screens are off-center and near the bottom of the screen. So you’re watching a cut scene and it’s in the bottom 30% of your computer monitor and not centered. Seems like a weird style choice along with half-hiding the graphics for home/office/etc. There are a couple of missions that I had to write down data or take pictures of the screen to correlate data between people because there wasn’t a good way of doing this in game. Also had some graphics issues where the screen would bounce around randomly. The last act of the game really tried my patience. I had to restart multiple levels because the data I was pulling wasn’t right and this is already a very lengthy game where there isn’t a meaningful change in mechanics so it was feeling REALLY tedious by this point. All that having been said, I did enjoy the game from a storyline standpoint and the data correlation/searching aspect. If there was a sequel with the gameplay problems fixed and the stakes were higher, I would definitely check it out.",True,2023-02-11T21:01:38+00:00,2023-02-11T21:01:38+00:00,1292.0,1292.0,0.0,1.0,0.0,0.5,True,False,False,False,76561198274136875,,9.0,False,False,2315,426,21.533333333333335,21.533333333333335,10h+,positive
136476362,490930,need-to-know,Need to Know,english,"This game is ok - but just ok. It has a great concept for those who like political/dystopian/investigative games, like myself. Nonetheless, the game falls rather short considering there really are no choices you can make (technically, there are, but these choices just mean the game is over before its real ending). I value choices in these types of games more than anything, however the developers really had just one type of character in mind; you can't be completely devoted to the Department, and you can't be a rebel either. Also, although day-to-day duties are interesting at first, later they become really boring, except for few meaningful investigations, so the developers could have made the game shorter without sacrificing anything, really. Still recommended for people who like these types of games, just don't expect too much.","This game is ok - but just ok. It has a great concept for those who like political/dystopian/investigative games, like myself. Nonetheless, the game falls rather short considering there really are no choices you can make (technically, there are, but these choices just mean the game is over before its real ending). I value choices in these types of games more than anything, however the developers really had just one type of character in mind; you can't be completely devoted to the Department, and you can't be a rebel either. Also, although day-to-day duties are interesting at first, later they become really boring, except for few meaningful investigations, so the developers could have made the game shorter without sacrificing anything, really. Still recommended for people who like these types of games, just don't expect too much.",True,2023-04-10T15:39:40+00:00,2023-04-10T15:39:40+00:00,1394.0,1394.0,0.0,3.0,0.0,0.5406360626220703,True,False,False,False,76561198074310107,,39.0,False,False,840,136,23.233333333333334,23.233333333333334,10h+,positive
136680858,490930,need-to-know,Need to Know,english,"Overall I did like playing the game but I feel it could be way better. I backed the game on Kickstarter and finally took the time to play through it.

I mostly liked the game the game mechanics but it was too long for me with about 25-30h to complete. I felt some clearance levels were stretching for way too long and a shorter experience would have been more enjoyable.

The story is completely linear and you only have an illusion of choice with the dialogue. The only variation possible from the story is to lose. I made the choice to not interact with anyone with the dating app but the story forces you to be in couple with your hometown friend. I never leaked data to Denys but it still ends up backfiring at you. Same thing goes with Tripwire, you have no other way to handle them.

During the game, I never felt there was much at stake. I would have liked to have some dilemma when making a decision for suspects. The only times I wasn't 100% in compliance was because I made slight mistakes, never because I was compelled to protect people or serve some personnal interest. So most of the time I had no interest to know how much % of compliance I gained, nor my ranking changed.

The part I most enjoyed was the end where the rythm was different, even if it was still linear, I liked the sense of story progression and the interrogation gameplay.

I would love to see a sequel, maybe shorter with a non linear story and more stakes.","Overall I did like playing the game but I feel it could be way better. I backed the game on Kickstarter and finally took the time to play through it. I mostly liked the game the game mechanics but it was too long for me with about 25-30h to complete. I felt some clearance levels were stretching for way too long and a shorter experience would have been more enjoyable. The story is completely linear and you only have an illusion of choice with the dialogue. The only variation possible from the story is to lose. I made the choice to not interact with anyone with the dating app but the story forces you to be in couple with your hometown friend. I never leaked data to Denys but it still ends up backfiring at you. Same thing goes with Tripwire, you have no other way to handle them. During the game, I never felt there was much at stake. I would have liked to have some dilemma when making a decision for suspects. The only times I wasn't 100% in compliance was because I made slight mistakes, never because I was compelled to protect people or serve some personnal interest. So most of the time I had no interest to know how much % of compliance I gained, nor my ranking changed. The part I most enjoyed was the end where the rythm was different, even if it was still linear, I liked the sense of story progression and the interrogation gameplay. I would love to see a sequel, maybe shorter with a non linear story and more stakes.",True,2023-04-14T13:35:56+00:00,2023-04-14T13:35:56+00:00,1930.0,1930.0,0.0,4.0,0.0,0.5652173757553101,False,False,False,False,76561198026761552,,10.0,False,False,1436,270,32.166666666666664,32.166666666666664,10h+,positive
140716888,490930,need-to-know,Need to Know,english,"Presents itself as a game with choices but railroads you, doesn't allow you to choose your stance in the story and ultimately doesnt give you real freedom.","Presents itself as a game with choices but railroads you, doesn't allow you to choose your stance in the story and ultimately doesnt give you real freedom.",False,2023-06-26T05:12:34+00:00,2023-06-26T05:12:34+00:00,510.0,510.0,0.0,3.0,0.0,0.5032421946525574,True,False,False,False,76561198077440956,,5.0,False,False,155,27,8.5,8.5,3-10h,negative
145532799,490930,need-to-know,Need to Know,english,"I do not recommend this game, because it is often unclear how to play. For instance: I could not figure out how to flag multiple pieces of evidence, and at the end, this counts against your score. The Rialto app/mechanics of how THAT system works is similarly confusing. It could've been a fun game if it weren't for buggy/confusing mechanics. I usually love this type of game. Disappointing.","I do not recommend this game, because it is often unclear how to play. For instance: I could not figure out how to flag multiple pieces of evidence, and at the end, this counts against your score. The Rialto app/mechanics of how THAT system works is similarly confusing. It could've been a fun game if it weren't for buggy/confusing mechanics. I usually love this type of game. Disappointing.",False,2023-09-02T16:02:40+00:00,2023-09-02T16:02:40+00:00,56.0,56.0,0.0,1.0,0.0,0.4794263541698456,True,False,False,False,76561198844669064,,7.0,False,False,392,68,0.9333333333333333,0.9333333333333333,0-1h,negative
147723370,490930,need-to-know,Need to Know,english,"Well, I certainly have some thoughts about this game after beating it. Let’s get through them starting with the positives.

- The soundtrack is great! It adds to the intensity and urgency during some missions and very much fits with the whole mass surveillance theme. 
- Some missions were very good and fun. Definitely some memorable ones especially when you got better clearance levels. (As long as they weren’t crossmatch missions which I’ll get to in a bit) 

And that’s about it with the positives :/ on to the negatives which overall, lead me to not recommend this game especially if you respect your time.

- Bad tutorials. One of the biggest problems with the game. The guide talks pretty fast and the dialogue during its explanations keeps going rather than clicking to proceed which can make you easily miss information on what to do. Often times I felt like I was thrown into a pool expecting to know how to swim. This was especially the case with what I think is the worst mission type in the game, crossmatch. I was just lost with these missions and just rushed through them. I saw in a couple of cases I could just approve everyone very quickly and my performance would still be good.
- Money is useless. All you can do with your hard earned cash is spending it on items for your house that serve no purpose other than just sitting there. [spoiler] (Near the end of the game, you go to prison and are on the run after escaping which further adds to the uselessness of money and items from the shop.)[/spoiler] You never have to pay rent other than one point in the game but you can easily do something to not pay. Other similar games like Not Tonight, papers please etc had much better economies and it would’ve been nice to have some upgrades for work that you could buy.
- The game overstays it’s welcome. I think this game is way too long and drags on especially with the home missions where you have to find data to sell. At first they were alright but it got really tedious once you had to balance between 3 sellers. I didn’t do the home missions for money, more so I did them to keep the relationship between the sellers high and not get a game over. I think what would’ve been better is to have the main story be shorter and make an endless mode for those who want more. 
- Unfulfilled promises. I certainly think this is one of the biggest disappointments. Once I learned this game was made possible by kickstarter, I went to its page and saw that the only stretch goals implemented were a series of missions like taking down a cult, finding stolen artifacts, rigging an election etc. The ones that would’ve been really nice like better customization, clearance level 0 and arcade mode were never implemented despite being reached. I also saw comments from the dev saying they are working on a spin-off for this game but that was back in 2020 and their social media hasn’t had a post since then which leads me to believe they’ve abandoned plans altogether which is a big shame.","Well, I certainly have some thoughts about this game after beating it. Let’s get through them starting with the positives. - The soundtrack is great! It adds to the intensity and urgency during some missions and very much fits with the whole mass surveillance theme. - Some missions were very good and fun. Definitely some memorable ones especially when you got better clearance levels. (As long as they weren’t crossmatch missions which I’ll get to in a bit) And that’s about it with the positives :/ on to the negatives which overall, lead me to not recommend this game especially if you respect your time. - Bad tutorials. One of the biggest problems with the game. The guide talks pretty fast and the dialogue during its explanations keeps going rather than clicking to proceed which can make you easily miss information on what to do. Often times I felt like I was thrown into a pool expecting to know how to swim. This was especially the case with what I think is the worst mission type in the game, crossmatch. I was just lost with these missions and just rushed through them. I saw in a couple of cases I could just approve everyone very quickly and my performance would still be good. - Money is useless. All you can do with your hard earned cash is spending it on items for your house that serve no purpose other than just sitting there. [spoiler] (Near the end of the game, you go to prison and are on the run after escaping which further adds to the uselessness of money and items from the shop.)[/spoiler] You never have to pay rent other than one point in the game but you can easily do something to not pay. Other similar games like Not Tonight, papers please etc had much better economies and it would’ve been nice to have some upgrades for work that you could buy. - The game overstays it’s welcome. I think this game is way too long and drags on especially with the home missions where you have to find data to sell. At first they were alright but it got really tedious once you had to balance between 3 sellers. I didn’t do the home missions for money, more so I did them to keep the relationship between the sellers high and not get a game over. I think what would’ve been better is to have the main story be shorter and make an endless mode for those who want more. - Unfulfilled promises. I certainly think this is one of the biggest disappointments. Once I learned this game was made possible by kickstarter, I went to its page and saw that the only stretch goals implemented were a series of missions like taking down a cult, finding stolen artifacts, rigging an election etc. The ones that would’ve been really nice like better customization, clearance level 0 and arcade mode were never implemented despite being reached. I also saw comments from the dev saying they are working on a spin-off for this game but that was back in 2020 and their social media hasn’t had a post since then which leads me to believe they’ve abandoned plans altogether which is a big shame.",False,2023-10-06T06:02:44+00:00,2023-10-06T06:02:44+00:00,1575.0,1575.0,0.0,8.0,0.0,0.6003558039665222,True,False,False,False,76561198845183546,,61.0,False,False,2993,545,26.25,26.25,10h+,negative
153804455,490930,need-to-know,Need to Know,english,Ended up refunding as the game kept glitching and making me exit out. Navigation between in-game pages was super difficult and the gameplay was overall not interesting enough to forgive the major bugs.,Ended up refunding as the game kept glitching and making me exit out. Navigation between in-game pages was super difficult and the gameplay was overall not interesting enough to forgive the major bugs.,False,2023-12-17T17:29:03+00:00,2023-12-17T17:29:03+00:00,56.0,56.0,0.0,1.0,0.0,0.5032421946525574,False,False,False,False,76561198971616196,,32.0,False,False,201,33,0.9333333333333333,0.9333333333333333,0-1h,negative
154969050,490930,need-to-know,Need to Know,english,Backed this one on Kickstarter and I'm still mad.,Backed this one on Kickstarter and I'm still mad.,False,2024-01-01T11:51:05+00:00,2024-01-01T11:51:05+00:00,202.0,202.0,0.0,7.0,2.0,0.5080071091651917,False,False,False,False,76561198042730997,,10.0,False,False,49,9,3.3666666666666667,3.3666666666666667,3-10h,negative
155489032,490930,need-to-know,Need to Know,english,"This game is like Papers, Please where you examine documents according to daily rules,. However, this interface-heavy game fail in both UI & UX fronts. The UI elements is buggy and in the way almost every day. Animations are slow, and you wish it would go faster. I don't even know if there's a time limit because no UI explicitly tell you that (maybe they tell you that in the manual, but good UI doesn't need manual). The ""Live"" information display only show one line, and often hide information. UI elements obscure subjects in corners of the map (like Alaska, Australia). UX is bad because you cannot open multiple suspects at once, while some mission objective ask you to compare information across several suspects. Large part of the UI are unusable space.

There's some story that might be interesting, with eleemnts from real world. But it's full of filler missions that make the game move 10x slower than Papers, Please or Orwell. And even though many games in this genre do have different routes for your decision, this game force you into choices. Characters will add themselves to your contacts even if you refuse (by giving you ""an offer you cannot refuse"") and threaten you with game over if relationship is not maintained. Some story choice is an illusion that either do nothing or resulting in game over.","This game is like Papers, Please where you examine documents according to daily rules,. However, this interface-heavy game fail in both UI & UX fronts. The UI elements is buggy and in the way almost every day. Animations are slow, and you wish it would go faster. I don't even know if there's a time limit because no UI explicitly tell you that (maybe they tell you that in the manual, but good UI doesn't need manual). The ""Live"" information display only show one line, and often hide information. UI elements obscure subjects in corners of the map (like Alaska, Australia). UX is bad because you cannot open multiple suspects at once, while some mission objective ask you to compare information across several suspects. Large part of the UI are unusable space. There's some story that might be interesting, with eleemnts from real world. But it's full of filler missions that make the game move 10x slower than Papers, Please or Orwell. And even though many games in this genre do have different routes for your decision, this game force you into choices. Characters will add themselves to your contacts even if you refuse (by giving you ""an offer you cannot refuse"") and threaten you with game over if relationship is not maintained. Some story choice is an illusion that either do nothing or resulting in game over.",False,2024-01-07T16:28:09+00:00,2024-01-07T16:28:09+00:00,1198.0,724.0,0.0,7.0,0.0,0.5884497165679932,True,False,False,False,76561198005481210,,19.0,False,False,1319,228,19.966666666666665,12.066666666666666,10h+,negative
160088836,490930,need-to-know,Need to Know,english,I could not stop playing and finished in 2 days,I could not stop playing and finished in 2 days,True,2024-03-08T08:25:12+00:00,2024-03-08T08:25:12+00:00,1283.0,1150.0,0.0,1.0,0.0,0.5,True,False,False,False,76561199340299617,,1.0,False,False,47,10,21.383333333333333,19.166666666666668,10h+,positive
160099633,490930,need-to-know,Need to Know,english,"At around a 3 hour mark I wrote a review
Thinking I was too harsh on the game I gave it another chance, but after almost 10 hours of playtime and reaching [spoiler] clearance level 7 [/spoiler] I do not like this game unfortunately

What I like:
-Similarity to Orwell, basically text based, info gathering game where you have to read and make assumptions

What I do not like:
-Lots and lots of ui bugs
-[spoiler] After reaching clearance level 8 the game tries to introduce you to a new type of mission, tells you choices matter but it it does not [/spoiler]
-[spoiler] You are basically forced to play the data selling minigame [/spoiler]
-[spoiler] The writing on the higher ups is so annoying, they look like they do not even know what are they doing [/spoiler]","At around a 3 hour mark I wrote a review Thinking I was too harsh on the game I gave it another chance, but after almost 10 hours of playtime and reaching [spoiler] clearance level 7 [/spoiler] I do not like this game unfortunately What I like: -Similarity to Orwell, basically text based, info gathering game where you have to read and make assumptions What I do not like: -Lots and lots of ui bugs -[spoiler] After reaching clearance level 8 the game tries to introduce you to a new type of mission, tells you choices matter but it it does not [/spoiler] -[spoiler] You are basically forced to play the data selling minigame [/spoiler] -[spoiler] The writing on the higher ups is so annoying, they look like they do not even know what are they doing [/spoiler]",False,2024-03-08T12:35:28+00:00,2024-03-09T11:10:44+00:00,636.0,591.0,0.0,2.0,0.0,0.5032421946525574,True,False,False,False,76561198390129458,,77.0,False,False,762,138,10.6,9.85,3-10h,negative
161465693,490930,need-to-know,Need to Know,english,"Forces you to both help out the agency and the resistance. No reasonable (in-universe) explanation given either. The whole choices matter part is a lie, game doesnt let you make a single choice, its either play one linear path or loose and retry. If you want the same concept done better, try Mainlining.","Forces you to both help out the agency and the resistance. No reasonable (in-universe) explanation given either. The whole choices matter part is a lie, game doesnt let you make a single choice, its either play one linear path or loose and retry. If you want the same concept done better, try Mainlining.",False,2024-03-25T22:16:54+00:00,2024-03-25T22:16:54+00:00,171.0,171.0,0.0,11.0,0.0,0.6083752512931824,True,False,False,True,76561198259792968,,13.0,False,False,304,53,2.85,2.85,1-3h,negative
166232898,490930,need-to-know,Need to Know,english,"I really enjoyed Need To Know. It's a bit of a hacker, ethical dilemma and political title. You work for a highly invasive government surveillance department, investigating a wide range of people. As you advance up the ranks of the department, you gain new surveillance tools and become more enmeshed in its mission. The hacking/surveillance gameplay is trickier and more exacting than similar games and the material for which your looking and type of people you're investigating varies from day to day. Also, the game is not too short, which I appreciated.

Need To Know is a strong title.","I really enjoyed Need To Know. It's a bit of a hacker, ethical dilemma and political title. You work for a highly invasive government surveillance department, investigating a wide range of people. As you advance up the ranks of the department, you gain new surveillance tools and become more enmeshed in its mission. The hacking/surveillance gameplay is trickier and more exacting than similar games and the material for which your looking and type of people you're investigating varies from day to day. Also, the game is not too short, which I appreciated. Need To Know is a strong title.",True,2024-05-28T18:41:52+00:00,2024-05-28T18:41:52+00:00,1976.0,1976.0,0.0,0.0,0.0,0.5,True,False,False,False,76561198058566871,,205.0,False,False,589,99,32.93333333333333,32.93333333333333,10h+,positive
168661370,490930,need-to-know,Need to Know,english,"I'm not terribly far into this game, but good god is it scratching the Orwell-formed itch in my brain that's been sitting around for the last few years. It's more like Not Tonight in its mechanics and ease of play/pacing, but it has the right vibe to entertain any Orwell fan (especially if, like me, you were disappointed by Ignorance is Strength).","I'm not terribly far into this game, but good god is it scratching the Orwell-formed itch in my brain that's been sitting around for the last few years. It's more like Not Tonight in its mechanics and ease of play/pacing, but it has the right vibe to entertain any Orwell fan (especially if, like me, you were disappointed by Ignorance is Strength).",True,2024-07-01T03:57:32+00:00,2024-07-01T03:57:32+00:00,1728.0,60.0,0.0,0.0,0.0,0.5,True,False,False,False,76561198292663645,,13.0,False,False,349,62,28.8,1.0,1-3h,positive
170584225,490930,need-to-know,Need to Know,english,"[h1]Rating:6/10[/h1]
[b]Completion difficulty:3/10[/b]
This game plays similarly to Papers please, in my opinion. In some ways, it may just be more complex but lacks a time limit (as far as I know). I'm less a fan of the graphics but the story may also be more developed. Music isn't as great though. The game goes a tad too long for my taste, but it's still pretty nice for the gameplay. Try it if you enjoyed papers please and aren't tired of the whole ""privacy breached in a dystopian world"" setting.","[h1]Rating:6/10[/h1] [b]Completion difficulty:3/10[/b] This game plays similarly to Papers please, in my opinion. In some ways, it may just be more complex but lacks a time limit (as far as I know). I'm less a fan of the graphics but the story may also be more developed. Music isn't as great though. The game goes a tad too long for my taste, but it's still pretty nice for the gameplay. Try it if you enjoyed papers please and aren't tired of the whole ""privacy breached in a dystopian world"" setting.",True,2024-07-23T21:36:07+00:00,2024-07-23T21:36:07+00:00,2850.0,2850.0,0.0,1.0,0.0,0.5367847084999084,True,False,False,False,76561198030593806,,159.0,False,False,503,90,47.5,47.5,10h+,positive
172428266,490930,need-to-know,Need to Know,english,"Tutorial is bugged, guidance on what's right or wrong is vague, and the game gets old fast, doing the same two variations of things over and over again. Made it to Clearance Level 7 before deciding to pivot to a different game.","Tutorial is bugged, guidance on what's right or wrong is vague, and the game gets old fast, doing the same two variations of things over and over again. Made it to Clearance Level 7 before deciding to pivot to a different game.",False,2024-08-19T01:24:31+00:00,2024-08-19T01:24:31+00:00,333.0,333.0,0.0,1.0,0.0,0.5032421946525574,False,False,False,False,76561198040863390,,2.0,False,False,227,42,5.55,5.55,3-10h,negative
174109424,490930,need-to-know,Need to Know,english,"Yes the actual game mechanic is extremely repetitive, but for me, it was a nice game to come back to over a long period of time and find ease and comfort in its familiarity. If the mechanic looks fun for you, I think you'll get a lot of fun out of this!","Yes the actual game mechanic is extremely repetitive, but for me, it was a nice game to come back to over a long period of time and find ease and comfort in its familiarity. If the mechanic looks fun for you, I think you'll get a lot of fun out of this!",True,2024-09-03T03:38:24+00:00,2024-09-03T03:38:24+00:00,1865.0,1865.0,0.0,0.0,0.0,0.5,True,False,False,False,76561198409959777,,9.0,False,False,253,52,31.083333333333332,31.083333333333332,10h+,positive
178072910,490930,need-to-know,Need to Know,english,"---{ Graphics }---
☐ You forget what reality is
☐ Beautiful
☐ Good
☑ Decent
☐ Bad
☐ Don‘t look too long at it
☐ MS-DOS

---{ Gameplay }---
☐ Very good
☐ Good
☑ It's just gameplay
☐ Mehh
☐ Watch paint dry instead
☐ Just don't

---{ Audio }---
☐ Eargasm
☐ Very good
☐ Good
☑ Not too bad
☐ Bad
☐ I'm now deaf

---{ Audience }---
☐ Kids
☑ Teens
☑ Adults
☐ Grandma

---{ PC Requirements }---
☐ Check if you can run paint
☑ Potato
☐ Decent
☐ Fast
☐ Rich boi
☐ Ask NASA if they have a spare computer

---{ Game Size }---
☐ Floppy Disk
☐ Old Fashioned
☑ Workable
☐ Big
☐ Will eat 10% of your 1TB hard drive
☐ You will want an entire hard drive to hold it
☐ You will need to invest in a black hole to hold all the data

---{ Difficulty }---
☐ Just press 'W'
☑ Easy
☐ Easy to learn / Hard to master
☐ Significant brain usage
☐ Difficult
☐ Dark Souls

---{ Grind }---
☑ Nothing to grind
☐ Only if u care about leaderboards/ranks
☐ Isn't necessary to progress
☐ Average grind level
☐ Too much grind
☐ You'll need a second life for grinding

---{ Story }---
☐ No Story
☐ Some lore
☑ Average
☐ Good
☐ Lovely
☐ It'll replace your life

---{ Game Time }---
☐ Long enough for a cup of coffee
☐ Short
☐ Average
☑ Long
☐ To infinity and beyond

---{ Price }---
☐ It's free!
☐ Worth the price
☑ If it's on sale
☐ If u have some spare money left
☐ Not recommended
☐ You could also just burn your money

---{ Bugs }---
☐ Never heard of
☐ Minor bugs
☑ Can get annoying
☐ ARK: Survival Evolved
☐ The game itself is a big terrarium for bugs

---{ ? / 10 }---
☐ 1
☐ 2
☐ 3
☐ 4
☑ 5
☐ 6
☐ 7
☐ 8
☐ 9
☐ 10",---{ Graphics }--- ☐ You forget what reality is ☐ Beautiful ☐ Good ☑ Decent ☐ Bad ☐ Don‘t look too long at it ☐ MS-DOS ---{ Gameplay }--- ☐ Very good ☐ Good ☑ It's just gameplay ☐ Mehh ☐ Watch paint dry instead ☐ Just don't ---{ Audio }--- ☐ Eargasm ☐ Very good ☐ Good ☑ Not too bad ☐ Bad ☐ I'm now deaf ---{ Audience }--- ☐ Kids ☑ Teens ☑ Adults ☐ Grandma ---{ PC Requirements }--- ☐ Check if you can run paint ☑ Potato ☐ Decent ☐ Fast ☐ Rich boi ☐ Ask NASA if they have a spare computer ---{ Game Size }--- ☐ Floppy Disk ☐ Old Fashioned ☑ Workable ☐ Big ☐ Will eat 10% of your 1TB hard drive ☐ You will want an entire hard drive to hold it ☐ You will need to invest in a black hole to hold all the data ---{ Difficulty }--- ☐ Just press 'W' ☑ Easy ☐ Easy to learn / Hard to master ☐ Significant brain usage ☐ Difficult ☐ Dark Souls ---{ Grind }--- ☑ Nothing to grind ☐ Only if u care about leaderboards/ranks ☐ Isn't necessary to progress ☐ Average grind level ☐ Too much grind ☐ You'll need a second life for grinding ---{ Story }--- ☐ No Story ☐ Some lore ☑ Average ☐ Good ☐ Lovely ☐ It'll replace your life ---{ Game Time }--- ☐ Long enough for a cup of coffee ☐ Short ☐ Average ☑ Long ☐ To infinity and beyond ---{ Price }--- ☐ It's free! ☐ Worth the price ☑ If it's on sale ☐ If u have some spare money left ☐ Not recommended ☐ You could also just burn your money ---{ Bugs }--- ☐ Never heard of ☐ Minor bugs ☑ Can get annoying ☐ ARK: Survival Evolved ☐ The game itself is a big terrarium for bugs ---{ ? / 10 }--- ☐ 1 ☐ 2 ☐ 3 ☐ 4 ☑ 5 ☐ 6 ☐ 7 ☐ 8 ☐ 9 ☐ 10,True,2024-10-31T02:29:19+00:00,2024-10-31T02:29:19+00:00,1769.0,1588.0,0.0,3.0,1.0,0.5602689981460571,True,False,False,False,76561198126597300,,30.0,False,False,1562,348,29.483333333333334,26.466666666666665,10h+,positive
187987915,490930,need-to-know,Need to Know,english,"Fun game for if you enjoy working for the government or ""good guys"" in games. Humour is awesome too.","Fun game for if you enjoy working for the government or ""good guys"" in games. Humour is awesome too.",True,2025-02-15T19:56:07+00:00,2025-02-15T19:56:07+00:00,425.0,380.0,0.0,1.0,0.0,0.5192307829856873,True,False,False,False,76561198344274562,,3.0,False,False,100,19,7.083333333333333,6.333333333333333,3-10h,positive
191125943,490930,need-to-know,Need to Know,english,"It was alright. If just alright is good enough for you, and you enjoy these kind of investigative sim games, I might suggest getting it on sale. It's nothing to write home about though, and I don't think I'd encourage a friend to get it. 
I was severely dissatisfied with how railroaded the story was.  [spoiler] When given a chance to help the DoL or anti-government agencies, you're forced to help both or you lose the game. There are several mechanics that seem pointless to the game itself. There is a dating app you use eventually, and you can use the information from your database to have a hand-up in conversations with suitors. This doesn't matter at all. The app serves no value besides I guess extra practice? The roleplaying element from it I guess is alright but there's no reward to doing well in the dating app. Another thing is buying furniture and things for your house. It served no purpose besides wasting your money. I was hoping once I got farther in the game would feel like there was more at stake, but the conclusion felt rushed and I just wanted to finish it so I could be done by the end. I think the game is supposed to make you feel like your MC is nuanced in some way too, with different instances of you looking at your own data, but I felt no investment in the MC since I had no power over who she was. [/spoiler]","It was alright. If just alright is good enough for you, and you enjoy these kind of investigative sim games, I might suggest getting it on sale. It's nothing to write home about though, and I don't think I'd encourage a friend to get it. I was severely dissatisfied with how railroaded the story was. [spoiler] When given a chance to help the DoL or anti-government agencies, you're forced to help both or you lose the game. There are several mechanics that seem pointless to the game itself. There is a dating app you use eventually, and you can use the information from your database to have a hand-up in conversations with suitors. This doesn't matter at all. The app serves no value besides I guess extra practice? The roleplaying element from it I guess is alright but there's no reward to doing well in the dating app. Another thing is buying furniture and things for your house. It served no purpose besides wasting your money. I was hoping once I got farther in the game would feel like there was more at stake, but the conclusion felt rushed and I just wanted to finish it so I could be done by the end. I think the game is supposed to make you feel like your MC is nuanced in some way too, with different instances of you looking at your own data, but I felt no investment in the MC since I had no power over who she was. [/spoiler]",False,2025-03-25T04:24:37+00:00,2025-03-25T04:24:37+00:00,1191.0,1169.0,0.0,2.0,0.0,0.5032421946525574,True,False,False,False,76561198190997481,,2.0,False,False,1342,251,19.85,19.483333333333334,10h+,negative
198811672,490930,need-to-know,Need to Know,english,"I played this game a long time ago and put it down after 1 playthrough because from what I remember it was mainly a story-dialogue game that brought you down 1 path, and then right when you think the game is really about to open up and let you play around with the mechanics the game ends. Did not leave a good taste in my mouth, and for the full price of $15 it would most likely also leave you with feelings of disappointment as well. You would be far better off putting that $15 towards some other game, or saving it up to swing for something bigger.","I played this game a long time ago and put it down after 1 playthrough because from what I remember it was mainly a story-dialogue game that brought you down 1 path, and then right when you think the game is really about to open up and let you play around with the mechanics the game ends. Did not leave a good taste in my mouth, and for the full price of $15 it would most likely also leave you with feelings of disappointment as well. You would be far better off putting that $15 towards some other game, or saving it up to swing for something bigger.",False,2025-07-03T08:35:28+00:00,2025-07-03T08:36:15+00:00,1158.0,1158.0,0.0,0.0,0.0,0.5,True,False,False,False,76561198035786822,,44.0,False,False,553,108,19.3,19.3,10h+,negative
203456424,490930,need-to-know,Need to Know,english,"It uses a pretty solidly done gameplay loop as foundation for a story. It's much, MUCH longer than I thought it would be- I haven't finished yet, but regardless it's value for money.","It uses a pretty solidly done gameplay loop as foundation for a story. It's much, MUCH longer than I thought it would be- I haven't finished yet, but regardless it's value for money.",True,2025-09-03T17:39:02+00:00,2025-09-03T17:39:02+00:00,189.0,171.0,0.0,0.0,0.0,0.5,True,False,False,False,76561199528644892,,14.0,False,False,182,33,3.15,2.85,1-3h,positive
204239439,490930,need-to-know,Need to Know,english,"I loved this game. Recommend.

Selling point:
The morally ambigious writing and the logical characters. The game makes you feel you are part of a 90s political thriller, set in the modern world.

Pros:
- writing is amazing
- puzzles are logical and set in the real world
- aesthetics are minimalistic, but cool (my only gripe is that some people looked bizarre),
- game duration (game changes pace once it gets slightly repetitive, which was welcome)
- world-building (despite its conspiracy context, the game is very much grounded in the real world both in terms of politics and technology, and everything felt contemporary, even in its future years)
- achievements (100% completion is based on completing the game, not on some wild goose chase)

Cons:
- UI (common visual glitches, although I do play on linux which may add glitches; animations are slow, changing suspects is slow, link puzzles between multiple suspects are slow not due to complexity of puzzle but due to UI problems; clicking on suspects is difficult even if you remove map scrolling)
- some puzzle solutions have obtuse or small consequences, could have kept its linearity but with some more impact on world, you do get some comics balloons for some optional objectives
- game does push you to become a government bot, even if your character disagrees wildly with that (but this is somewhat necessary from a writing standpoint).

In Brief:
This is a very good game for someone who is interested in mass surveillance, abuse of power, corporate capitalism, world politics, solving puzzles, and in general feeling like a special part of an important conspiracy.","I loved this game. Recommend. Selling point: The morally ambigious writing and the logical characters. The game makes you feel you are part of a 90s political thriller, set in the modern world. Pros: - writing is amazing - puzzles are logical and set in the real world - aesthetics are minimalistic, but cool (my only gripe is that some people looked bizarre), - game duration (game changes pace once it gets slightly repetitive, which was welcome) - world-building (despite its conspiracy context, the game is very much grounded in the real world both in terms of politics and technology, and everything felt contemporary, even in its future years) - achievements (100% completion is based on completing the game, not on some wild goose chase) Cons: - UI (common visual glitches, although I do play on linux which may add glitches; animations are slow, changing suspects is slow, link puzzles between multiple suspects are slow not due to complexity of puzzle but due to UI problems; clicking on suspects is difficult even if you remove map scrolling) - some puzzle solutions have obtuse or small consequences, could have kept its linearity but with some more impact on world, you do get some comics balloons for some optional objectives - game does push you to become a government bot, even if your character disagrees wildly with that (but this is somewhat necessary from a writing standpoint). In Brief: This is a very good game for someone who is interested in mass surveillance, abuse of power, corporate capitalism, world politics, solving puzzles, and in general feeling like a special part of an important conspiracy.",True,2025-09-13T13:58:16+00:00,2025-09-13T13:58:16+00:00,1600.0,1600.0,0.0,0.0,0.0,0.5,True,False,False,False,76561197985846700,,7.0,False,False,1626,272,26.666666666666668,26.666666666666668,10h+,positive
207524250,490930,need-to-know,Need to Know,english,This was an enjoyable game.,This was an enjoyable game.,True,2025-10-25T07:06:09+00:00,2025-10-25T07:06:09+00:00,104.0,104.0,0.0,0.0,0.0,0.5,True,False,False,False,76561198054138898,,969.0,False,False,27,5,1.7333333333333334,1.7333333333333334,1-3h,positive
226881511,490930,need-to-know,Need to Know,english,"I backed this way back when and unfortunately it is so clunky to play - it is not clear why some decisions are wrong when you are following prompts. The tutorial is rough, I played for a while and there are new things coming out that still are not clear. It has potential... but needs work still","I backed this way back when and unfortunately it is so clunky to play - it is not clear why some decisions are wrong when you are following prompts. The tutorial is rough, I played for a while and there are new things coming out that still are not clear. It has potential... but needs work still",False,2026-05-31T17:14:58+00:00,2026-05-31T17:14:58+00:00,107.0,107.0,0.0,1.0,0.0,0.5185185670852661,False,False,False,False,76561198117841485,,6.0,False,False,295,57,1.7833333333333334,1.7833333333333334,1-3h,negative
227619755,490930,need-to-know,Need to Know,english,"I would recommend getting this at this price point. It's long gameplay though there are parts that can be unclear, or confusing. With some trial and error it's easy to get around. Overall if you're looking for a hacker style game it's a good casual play.","I would recommend getting this at this price point. It's long gameplay though there are parts that can be unclear, or confusing. With some trial and error it's easy to get around. Overall if you're looking for a hacker style game it's a good casual play.",True,2026-06-10T06:44:31+00:00,2026-06-10T06:44:31+00:00,1387.0,1361.0,0.0,0.0,0.0,0.5,True,False,False,False,76561198131634680,,23.0,False,False,254,46,23.116666666666667,22.683333333333334,10h+,positive
229775168,490930,need-to-know,Need to Know,english,"Really good game, very detailed and storyline is amazing.","Really good game, very detailed and storyline is amazing.",True,2026-07-06T15:28:47+00:00,2026-07-06T15:28:47+00:00,1496.0,485.0,0.0,0.0,0.0,0.5,True,False,False,False,76561199760381159,,2.0,False,False,57,9,24.933333333333334,8.083333333333334,3-10h,positive
230097760,490930,need-to-know,Need to Know,english,"So overall I would recommend this game, it has decent writing, somewhat annoying music sometimes but overall is pretty good and sets a proper mood for what you are setting out to do.

Unfortunately there are many, various and sundry game breaking bugs and it has been abandoned. I ran into multiple soft locks and finally was unable to progress further as the game wouldn't recognize that I completed all the available tasks, and it doesn't time out if you let it just sit, it will lock at 4:59pm (so no need to rush anything either.. boo)

Some of the changes are very poorly explained and the story writing doesn't always track with your actual performance (100% and you are told you aren't good enough, or 35% and you are congratulated and promoted lol)

Sadly the developer bounced, this just needed some bug fixes to be a strong entry.","So overall I would recommend this game, it has decent writing, somewhat annoying music sometimes but overall is pretty good and sets a proper mood for what you are setting out to do. Unfortunately there are many, various and sundry game breaking bugs and it has been abandoned. I ran into multiple soft locks and finally was unable to progress further as the game wouldn't recognize that I completed all the available tasks, and it doesn't time out if you let it just sit, it will lock at 4:59pm (so no need to rush anything either.. boo) Some of the changes are very poorly explained and the story writing doesn't always track with your actual performance (100% and you are told you aren't good enough, or 35% and you are congratulated and promoted lol) Sadly the developer bounced, this just needed some bug fixes to be a strong entry.",False,2026-07-10T06:05:56+00:00,2026-07-10T06:05:56+00:00,2079.0,2079.0,0.0,1.0,0.0,0.5224719047546387,True,False,False,False,76561197977222567,,51.0,False,False,837,149,34.65,34.65,10h+,negative
230892009,490930,need-to-know,Need to Know,english,"Very interesting, nuanced game","Very interesting, nuanced game",True,2026-07-20T08:08:24+00:00,2026-07-20T08:08:24+00:00,3699.0,3510.0,0.0,0.0,0.0,0.5,True,False,False,False,76561198106973707,,32.0,False,True,30,4,61.65,58.5,10h+,positive
44429737,490930,need-to-know,Need to Know,english,"Failed the first task, didn't even get hired

10/10","Failed the first task, didn't even get hired 10/10",True,2018-08-28T18:26:30+00:00,2018-08-28T18:26:30+00:00,584.0,236.0,0.0,10.0,39.0,0.506781280040741,False,False,False,False,76561198050668067,,14.0,False,False,50,9,9.733333333333333,3.933333333333333,3-10h,positive
44430348,490930,need-to-know,Need to Know,english,"The intro, with slowly changing black screens with a line of info on what happened in the world is too slow. No skipping, and pressing ESC opens the menu screen hidden, so everything stops.

In the first ""interview"" there is actually a fail condition. Doesn't tell you how, why spesifically or anything. Just, ""You were not right and had a life in web development"" Seriously? a fail condition in the first ""gameplay"" portion?  

Stay away.","The intro, with slowly changing black screens with a line of info on what happened in the world is too slow. No skipping, and pressing ESC opens the menu screen hidden, so everything stops. In the first ""interview"" there is actually a fail condition. Doesn't tell you how, why spesifically or anything. Just, ""You were not right and had a life in web development"" Seriously? a fail condition in the first ""gameplay"" portion? Stay away.",False,2018-08-28T19:06:46+00:00,2018-08-28T19:06:46+00:00,37.0,14.0,0.0,12.0,2.0,0.3310789167881012,False,False,False,False,76561197989891744,,3.0,False,False,435,75,0.6166666666666667,0.23333333333333334,0-1h,negative
44431224,490930,need-to-know,Need to Know,english,"Bought this game because it was interesting and played it but the controls for this game do not respond well.

There is no real tutorial, and I am actually stuck because there is not indicator where to proceed after the email at the lunch table.

It feels like no QA was done either because the intro repeated twice, going through the history of the Dept of Liberty and the train bit. In addition, I found out if you press escape you can interrupt the music and nothing happens.","Bought this game because it was interesting and played it but the controls for this game do not respond well. There is no real tutorial, and I am actually stuck because there is not indicator where to proceed after the email at the lunch table. It feels like no QA was done either because the intro repeated twice, going through the history of the Dept of Liberty and the train bit. In addition, I found out if you press escape you can interrupt the music and nothing happens.",False,2018-08-28T20:00:28+00:00,2018-08-28T20:00:28+00:00,22.0,22.0,0.0,9.0,0.0,0.46788933873176575,True,False,False,False,76561198038641174,,14.0,False,False,476,88,0.36666666666666664,0.36666666666666664,0-1h,negative
44431584,490930,need-to-know,Need to Know,english,"Quite fun so far! I'm really enjoying the atmosphere and storyline. Take a look at the videos on the store page - if you think you'll enjoy that type of game, I don't think you'll be disappointed. The title screen music is also very well done, which always helps.

There's some small bugs, but the bugs are disappearing with patches.","Quite fun so far! I'm really enjoying the atmosphere and storyline. Take a look at the videos on the store page - if you think you'll enjoy that type of game, I don't think you'll be disappointed. The title screen music is also very well done, which always helps. There's some small bugs, but the bugs are disappearing with patches.",True,2018-08-28T20:24:31+00:00,2018-09-01T17:53:19+00:00,14890.0,418.0,0.0,12.0,1.0,0.5716867446899414,True,False,False,False,76561198009490585,,73.0,False,False,332,60,248.16666666666666,6.966666666666667,3-10h,positive
44431761,490930,need-to-know,Need to Know,english,"Game hits a little close to home when you fail the first mission and don't get hired.

Honestly though, the game is pretty fun so far and it seems fairly challenging after you get past the first few basic missions. I thought I was going to 100% everything but im no where close to that. I like that I can make mistakes in a mission and still go forward in the story line without feeling like I need to go back and 100% it.

Backed on Kickstarter and couldnt be happier I did. Congrats on release.","Game hits a little close to home when you fail the first mission and don't get hired. Honestly though, the game is pretty fun so far and it seems fairly challenging after you get past the first few basic missions. I thought I was going to 100% everything but im no where close to that. I like that I can make mistakes in a mission and still go forward in the story line without feeling like I need to go back and 100% it. Backed on Kickstarter and couldnt be happier I did. Congrats on release.",True,2018-08-28T20:35:25+00:00,2018-08-28T20:35:25+00:00,258.0,197.0,0.0,3.0,0.0,0.4989495873451233,False,False,False,False,76561198057644399,,4.0,False,False,494,96,4.3,3.283333333333333,3-10h,positive
44432101,490930,need-to-know,Need to Know,english,"Ok, so I've been waiting for this game for so long. First, I was extremely hyped up. After playing demo for some time my enthusiasm went down a bit, mainly because of lack of real, engaging gameplay, very clunky interface and lack of clarity in every screen in the game. Still, game looked beautiful with it's cartoon style and many cool symbols, graphics, and so. And now finally it's out. While I still think that this kind of a game has great potential (UPLINK, anyone?), unfortunately Need to Know is very hard to enjoy, despite it's visual charm. 

First, there are so many small, but annoying things, like unresponsivness or lack of skip button during certain screens. There's a lot of it in this game, and I wonder why those things weren't eliminated during long developement time. 

Second, despite the fact that the game looks great, the whole interface is a confusing mess. It is so hard to figure out what you are supposed to do, there are so many buttons and aditional cards around and no tutorial. It is so confusing, since so much is just randomly generated and serves just as an extra, cause...

Third. The gameplay. It is actually a memory clicking game (Think of it as a very flawed ""Papers Please""). Granted, I played for an hour or two, but it gets repetitive already, and it doesn't feel real at all. There is no real suspense, just randomly generated trivia facts and phrases you have to find as fast as you can. It's no fun, at least for me. No excitement, no immersion. 

I'm sure the game gets more complex after a while: there is shop app in your phone and some stuff to buy, there are new ""powers"" that you unlock while advancing in the ranks of the agency, but everything feels undeveloped, almost like a free mobile game. And that's a shame, cause the visual style is (again) amazing, and the story is at least ok. So, maybe in Need To Know 2? 

Pros:
- Cool visual style
- Exciting topic 
- Modernately interesting story 

Cons:
- TERRIBLE interface
- Repetitive and almost non-existent gameplay
- Really annoying mechanics choices (No skip button? C'mon...)

Eventually, it's a no, unless you are willing to play repetitive memo / visual novel game and are patient enough to constantly fight with the interface.","Ok, so I've been waiting for this game for so long. First, I was extremely hyped up. After playing demo for some time my enthusiasm went down a bit, mainly because of lack of real, engaging gameplay, very clunky interface and lack of clarity in every screen in the game. Still, game looked beautiful with it's cartoon style and many cool symbols, graphics, and so. And now finally it's out. While I still think that this kind of a game has great potential (UPLINK, anyone?), unfortunately Need to Know is very hard to enjoy, despite it's visual charm. First, there are so many small, but annoying things, like unresponsivness or lack of skip button during certain screens. There's a lot of it in this game, and I wonder why those things weren't eliminated during long developement time. Second, despite the fact that the game looks great, the whole interface is a confusing mess. It is so hard to figure out what you are supposed to do, there are so many buttons and aditional cards around and no tutorial. It is so confusing, since so much is just randomly generated and serves just as an extra, cause... Third. The gameplay. It is actually a memory clicking game (Think of it as a very flawed ""Papers Please""). Granted, I played for an hour or two, but it gets repetitive already, and it doesn't feel real at all. There is no real suspense, just randomly generated trivia facts and phrases you have to find as fast as you can. It's no fun, at least for me. No excitement, no immersion. I'm sure the game gets more complex after a while: there is shop app in your phone and some stuff to buy, there are new ""powers"" that you unlock while advancing in the ranks of the agency, but everything feels undeveloped, almost like a free mobile game. And that's a shame, cause the visual style is (again) amazing, and the story is at least ok. So, maybe in Need To Know 2? Pros: - Cool visual style - Exciting topic - Modernately interesting story Cons: - TERRIBLE interface - Repetitive and almost non-existent gameplay - Really annoying mechanics choices (No skip button? C'mon...) Eventually, it's a no, unless you are willing to play repetitive memo / visual novel game and are patient enough to constantly fight with the interface.",False,2018-08-28T20:57:33+00:00,2018-08-28T20:57:33+00:00,69.0,69.0,0.0,34.0,0.0,0.6800839304924011,False,False,False,False,76561198156488708,,4.0,False,False,2228,396,1.15,1.15,1-3h,negative
44432228,490930,need-to-know,Need to Know,english,"So far, this game looks super promising. I too failed the initiation, but I simply took it again as there is a save point, and read the rules a little more.

The whole interface is nicely done, and the interlinking story is intriguing. The game definitely needs more of a tutorial though, to open with. There are 4 tools that you can use, and if I'm honest, I'm not sure really what any of them do or when is the correct time to use them. The points explaining them, after I found them, didn't offer much help. 

The missions, too, whilst well written and pretty self-explanitory, don't offer much in the way of what tools to use, for instance. 

Having said all that, I'm really excited for the future of this game. It looks like further into the game there are some really original challenges. I've only played a few hours into the game, but I'll revisit it soon and see if I can get to grips with it.

Potentially, an awesome game.","So far, this game looks super promising. I too failed the initiation, but I simply took it again as there is a save point, and read the rules a little more. The whole interface is nicely done, and the interlinking story is intriguing. The game definitely needs more of a tutorial though, to open with. There are 4 tools that you can use, and if I'm honest, I'm not sure really what any of them do or when is the correct time to use them. The points explaining them, after I found them, didn't offer much help. The missions, too, whilst well written and pretty self-explanitory, don't offer much in the way of what tools to use, for instance. Having said all that, I'm really excited for the future of this game. It looks like further into the game there are some really original challenges. I've only played a few hours into the game, but I'll revisit it soon and see if I can get to grips with it. Potentially, an awesome game.",True,2018-08-28T21:06:35+00:00,2018-08-28T21:06:35+00:00,179.0,104.0,0.0,5.0,0.0,0.49904489517211914,True,False,False,False,76561198013793824,,3.0,False,False,928,173,2.9833333333333334,1.7333333333333334,1-3h,positive
44432230,490930,need-to-know,Need to Know,english,"I backed this game on kickstarter back in 2016, I have been enjoying playing it, there are a few bugs here and there, but in time they will be fixed. Overalll I reccomend this game.","I backed this game on kickstarter back in 2016, I have been enjoying playing it, there are a few bugs here and there, but in time they will be fixed. Overalll I reccomend this game.",True,2018-08-28T21:06:41+00:00,2018-08-28T21:06:41+00:00,567.0,380.0,0.0,2.0,0.0,0.45498543977737427,False,False,False,False,76561197970384554,,23.0,False,False,181,35,9.45,6.333333333333333,3-10h,positive
44432321,490930,need-to-know,Need to Know,english,"The concept of this game was one I found very interesting. I definitely would recommend this game to players that are more patient. What I mean by that is as there aren't any tutorials per say, there's a lot of clicking required and figuring out things on your own. 

For e.g. - I had a research task to complete at home which I missed for two entire days, decreasing my in-game rating with my contact, and didn't realise it until after. 

While there are a few other minor glitches in this game, I think it has potential (as it's similar to the likes of the 'Orwell' games - side note: the Orwell series are one of my top favourite games till date) and for the price it's fun and there's lots of gameplay. I haven't reached the higher levels as yet but it's something i'm looking forward to play through. 

SPOILER - INTERVIEW HELP / HINT (As I see this seems to be a point people are getting stuck at based on other comments)
*
[spoiler] Make sure to mark at least the 5th guy as a threat (among the other ones) when doing the assessment. When they ask you for the more 'dangerous' of profiles in the last question of the interview - say it's the 5th guy. [/spoiler]
*","The concept of this game was one I found very interesting. I definitely would recommend this game to players that are more patient. What I mean by that is as there aren't any tutorials per say, there's a lot of clicking required and figuring out things on your own. For e.g. - I had a research task to complete at home which I missed for two entire days, decreasing my in-game rating with my contact, and didn't realise it until after. While there are a few other minor glitches in this game, I think it has potential (as it's similar to the likes of the 'Orwell' games - side note: the Orwell series are one of my top favourite games till date) and for the price it's fun and there's lots of gameplay. I haven't reached the higher levels as yet but it's something i'm looking forward to play through. SPOILER - INTERVIEW HELP / HINT (As I see this seems to be a point people are getting stuck at based on other comments) * [spoiler] Make sure to mark at least the 5th guy as a threat (among the other ones) when doing the assessment. When they ask you for the more 'dangerous' of profiles in the last question of the interview - say it's the 5th guy. [/spoiler] *",True,2018-08-28T21:13:20+00:00,2019-08-27T21:12:02+00:00,2313.0,264.0,0.0,2.0,0.0,0.4989495873451233,True,False,False,False,76561198196934786,,13.0,False,False,1164,221,38.55,4.4,3-10h,positive
44432376,490930,need-to-know,Need to Know,english,"I feel like a some bug finding needs to happen with this game. The intro repeated twice randomly, messages will disapear quickly, and the sliders on the sound options don't do anything to name a few. There is no tutorial so the game is very confusing. Even on the missions the instructions are not clear and I was confused on what exactly to do.","I feel like a some bug finding needs to happen with this game. The intro repeated twice randomly, messages will disapear quickly, and the sliders on the sound options don't do anything to name a few. There is no tutorial so the game is very confusing. Even on the missions the instructions are not clear and I was confused on what exactly to do.",False,2018-08-28T21:17:22+00:00,2018-08-28T21:17:22+00:00,60.0,60.0,0.0,3.0,0.0,0.5042592883110046,True,False,False,False,76561198077176216,,2.0,False,False,345,64,1.0,1.0,1-3h,negative
44432867,490930,need-to-know,Need to Know,english,"This is pretty much Papers Please, but terrible. The user interface is unintuitive, and direction as to what to do is nill. For a game that actually delivers what Need to Know promissed, check out Orwell.","This is pretty much Papers Please, but terrible. The user interface is unintuitive, and direction as to what to do is nill. For a game that actually delivers what Need to Know promissed, check out Orwell.",False,2018-08-28T21:56:32+00:00,2018-08-28T21:56:32+00:00,60.0,60.0,0.0,9.0,0.0,0.525564968585968,False,False,False,False,76561197984226858,,26.0,False,False,204,36,1.0,1.0,1-3h,negative
44433355,490930,need-to-know,Need to Know,english,"After some more work by the DEVS (and they should be credited for working on the game and hearing peoples complaints)

I still can't recommend the game ( and i really wanted it to be a game i recommended)

First , this game still has a problem with the design , it is repetetive and most of the time , all you want to do is just be done with the mission so you can advance the story
When you do have a mission you like you don't actually get to do what you want with the information ( maybe at clearance level 1 , im one clearence level away )
There is a certain set of right or wrong answers , its a game about finding the correct answers not about decision making

Second , This game is still full of confusing instructions and data presentation
I have been playing games on computers for the past 28 years and i have never felt so confused like i did with the instructions on some of this levels 

Their QA department ( If they have one ) has really dropped the ball here , along with the designer

In short

Good idea , not a bad story
Poorly executed in terms of gameplay and intrest
Very repetitive
Does not allow you real decision making , just a game about matching what you see to what is expected in advance and marking it

too bad , i was rooting for it","After some more work by the DEVS (and they should be credited for working on the game and hearing peoples complaints) I still can't recommend the game ( and i really wanted it to be a game i recommended) First , this game still has a problem with the design , it is repetetive and most of the time , all you want to do is just be done with the mission so you can advance the story When you do have a mission you like you don't actually get to do what you want with the information ( maybe at clearance level 1 , im one clearence level away ) There is a certain set of right or wrong answers , its a game about finding the correct answers not about decision making Second , This game is still full of confusing instructions and data presentation I have been playing games on computers for the past 28 years and i have never felt so confused like i did with the instructions on some of this levels Their QA department ( If they have one ) has really dropped the ball here , along with the designer In short Good idea , not a bad story Poorly executed in terms of gameplay and intrest Very repetitive Does not allow you real decision making , just a game about matching what you see to what is expected in advance and marking it too bad , i was rooting for it",False,2018-08-28T22:35:18+00:00,2018-10-18T21:40:40+00:00,6902.0,5026.0,0.0,6.0,0.0,0.5077454447746277,True,False,False,False,76561198061570988,,137.0,False,False,1256,249,115.03333333333333,83.76666666666667,10h+,negative
44433545,490930,need-to-know,Need to Know,english,"I feel the game is quite a bit of fun but some of the negative reviews are correct in pointing out that instructions are sometimes less than clear.

On your first day of ""work"" (after getting hired) the mission briefing doesn't really explain specifically what you need to do.  I played the alpha and beta of this game and I can tell you that they actually did a better job of explaining this, not sure why they altered it.  Also they changed the assignment ""rules"" screen which used to be divided between suspicious people and suspicious data, now it just lists everything in a single list.  I personally liked it the old way but that may just be a subjective thing.

For those who are confused here are a few pointers to get you started:

1. On each suspects profile open their evidence which will be their web browsing history and/or their phone records.

2. If you find one of the names or websites in the assignment rules in those sections you need to:
   a) right click and select blacksheep tool
   b) select the relevant data (name or website)
   c) select the rule it relates to in the rules page
   d) mark the suspect as a ""Threat"" using the lightning (powers) button

3. If you find no evidence matching the rules, just click the powers button and select ""Safe"".

I don't know why the devs thought it would be a good idea to leave the above (or similar) instructions out of their game as it is bound to put people off, so yeah, I can understand some of the negatives so far.  But personally, I'm marking this as ""recommended"" because I'm enjoying it and I can say from playing the beta that the story gets more interesting as you get further into it.

Having said that, I really do hope the devs sort out this point of making things clearer to first time users.","I feel the game is quite a bit of fun but some of the negative reviews are correct in pointing out that instructions are sometimes less than clear. On your first day of ""work"" (after getting hired) the mission briefing doesn't really explain specifically what you need to do. I played the alpha and beta of this game and I can tell you that they actually did a better job of explaining this, not sure why they altered it. Also they changed the assignment ""rules"" screen which used to be divided between suspicious people and suspicious data, now it just lists everything in a single list. I personally liked it the old way but that may just be a subjective thing. For those who are confused here are a few pointers to get you started: 1. On each suspects profile open their evidence which will be their web browsing history and/or their phone records. 2. If you find one of the names or websites in the assignment rules in those sections you need to: a) right click and select blacksheep tool b) select the relevant data (name or website) c) select the rule it relates to in the rules page d) mark the suspect as a ""Threat"" using the lightning (powers) button 3. If you find no evidence matching the rules, just click the powers button and select ""Safe"". I don't know why the devs thought it would be a good idea to leave the above (or similar) instructions out of their game as it is bound to put people off, so yeah, I can understand some of the negatives so far. But personally, I'm marking this as ""recommended"" because I'm enjoying it and I can say from playing the beta that the story gets more interesting as you get further into it. Having said that, I really do hope the devs sort out this point of making things clearer to first time users.",True,2018-08-28T22:51:17+00:00,2018-08-28T23:04:07+00:00,5758.0,1298.0,0.0,6.0,0.0,0.5088768601417542,False,False,False,False,76561198000006421,,14.0,False,False,1750,324,95.96666666666667,21.633333333333333,10h+,positive
44433686,490930,need-to-know,Need to Know,english,"Still not in a enjoyable state, kinda broken, despite original release date being Oct 2016.....


Edit: Monolyth has been updating everyday lately for a while now, it's getting close to being a decent game","Still not in a enjoyable state, kinda broken, despite original release date being Oct 2016..... Edit: Monolyth has been updating everyday lately for a while now, it's getting close to being a decent game",False,2018-08-28T23:06:20+00:00,2018-09-07T00:35:18+00:00,2421.0,1041.0,0.0,3.0,0.0,0.5010504126548767,False,False,False,False,76561198075046204,,2.0,False,False,203,34,40.35,17.35,10h+,negative
44434008,490930,need-to-know,Need to Know,english,seems buggy right now but hopefully will be ironed out with time.  please fix them as quickly as possible.,seems buggy right now but hopefully will be ironed out with time. please fix them as quickly as possible.,True,2018-08-28T23:38:46+00:00,2018-08-28T23:51:12+00:00,114.0,67.0,0.0,2.0,0.0,0.4989495873451233,False,False,False,False,76561198275223008,,1.0,False,False,105,19,1.9,1.1166666666666667,1-3h,positive
44434214,490930,need-to-know,Need to Know,english,"I backed this on Kickstarter, I played the demo and the Kickstarter beta. Both of which were nice examples of the software that worked fairly nice but were obviously just beta software.

The main issue with this game as it stands is it is still that - beta. It's as if absolutely no QA was done to the game before release. No matter how much I dislike ""early access"" or beta title on Steam, I find it surprising Monomyth didn't go this route or at least run a short closed beta to get input from users on functionality and bugs.

As it stands the current version is pretty much just the beta with more content and more bugs. The game is riddled with tiny bugs and typos that would have been found by a normal group of testers. It's also riddled with usability issues.

[list]
[*] The lack of a clear tutorial is confusing - and piecing together how you're supposed to go about things using peepr is a PITA.
[*] The UI is stale and unintuitive. Very few of the buttons in the UI you need to press are actually animated - with no indication you've moused over them or that they are a button.
[*] Another UI issue - no skip buttons? No way to skip over cutscenes.
[*] Lack of customization - why even offer a screen to customize your character when you've got 3 combinations?
[/list]

Overall with those usability issues and the current bugs, I'm going to have to say I can't recommend this. Follow the project, see if they fix things up in a timely manner - but if you didn't already buy it years ago - you're probably better off waiting to see if you can get a better experience.","I backed this on Kickstarter, I played the demo and the Kickstarter beta. Both of which were nice examples of the software that worked fairly nice but were obviously just beta software. The main issue with this game as it stands is it is still that - beta. It's as if absolutely no QA was done to the game before release. No matter how much I dislike ""early access"" or beta title on Steam, I find it surprising Monomyth didn't go this route or at least run a short closed beta to get input from users on functionality and bugs. As it stands the current version is pretty much just the beta with more content and more bugs. The game is riddled with tiny bugs and typos that would have been found by a normal group of testers. It's also riddled with usability issues. [list] [*] The lack of a clear tutorial is confusing - and piecing together how you're supposed to go about things using peepr is a PITA. [*] The UI is stale and unintuitive. Very few of the buttons in the UI you need to press are actually animated - with no indication you've moused over them or that they are a button. [*] Another UI issue - no skip buttons? No way to skip over cutscenes. [*] Lack of customization - why even offer a screen to customize your character when you've got 3 combinations? [/list] Overall with those usability issues and the current bugs, I'm going to have to say I can't recommend this. Follow the project, see if they fix things up in a timely manner - but if you didn't already buy it years ago - you're probably better off waiting to see if you can get a better experience.",False,2018-08-28T23:59:38+00:00,2018-08-28T23:59:38+00:00,752.0,532.0,0.0,6.0,0.0,0.524224042892456,False,False,False,False,76561198038495684,,19.0,False,False,1574,297,12.533333333333333,8.866666666666667,3-10h,negative
44434264,490930,need-to-know,Need to Know,english,"So far I enjoy it, except few minor bugs, with one annoying at the early game when I singed out it deleted my agent profile.
Somewhere around convo with your junior crush.
Other that that there is problem with interface mainly blacksheep tool.
Still it's an indie game, I saw AAA productions with more bugs, but hopefully it will be fixed in time.
Over all if you want ""working with the Big Brother"" experience I highly recommend.","So far I enjoy it, except few minor bugs, with one annoying at the early game when I singed out it deleted my agent profile. Somewhere around convo with your junior crush. Other that that there is problem with interface mainly blacksheep tool. Still it's an indie game, I saw AAA productions with more bugs, but hopefully it will be fixed in time. Over all if you want ""working with the Big Brother"" experience I highly recommend.",True,2018-08-29T00:05:04+00:00,2018-08-29T00:05:04+00:00,1921.0,1302.0,0.0,4.0,0.0,0.5113983154296875,True,False,False,False,76561197997248678,,31.0,False,False,430,77,32.016666666666666,21.7,10h+,positive
44434549,490930,need-to-know,Need to Know,english,"I failed after gettng to clearance 9 becuase I could not satisfy dude that wants all that ""covert info"" when you're at home. I tried it again, taking notes of what exactly he wants. I have no idea if I am just stupid or if this game if broken. I wouldn't recomment it in its state.","I failed after gettng to clearance 9 becuase I could not satisfy dude that wants all that ""covert info"" when you're at home. I tried it again, taking notes of what exactly he wants. I have no idea if I am just stupid or if this game if broken. I wouldn't recomment it in its state.",False,2018-08-29T00:31:08+00:00,2018-08-29T00:31:08+00:00,194.0,194.0,0.0,4.0,0.0,0.5048763155937195,False,False,False,False,76561198188451041,,3.0,False,False,281,56,3.2333333333333334,3.2333333333333334,3-10h,negative
44434607,490930,need-to-know,Need to Know,english,"This game is very slow, and there is very little game to be played. I was hoping for an interesting story about today's surveillance state and the dangers of an unchecked intelligence dept, and that might be in there but it is buried in extremely slow unskippable cutscenes, and a slow clunky interface. I don't recommend this to anyone.","This game is very slow, and there is very little game to be played. I was hoping for an interesting story about today's surveillance state and the dangers of an unchecked intelligence dept, and that might be in there but it is buried in extremely slow unskippable cutscenes, and a slow clunky interface. I don't recommend this to anyone.",False,2018-08-29T00:36:03+00:00,2018-08-29T00:36:03+00:00,103.0,103.0,0.0,2.0,0.0,0.47084537148475647,False,False,False,False,76561198027061024,,4.0,False,False,337,59,1.7166666666666666,1.7166666666666666,1-3h,negative
44434634,490930,need-to-know,Need to Know,english,"I was really looking forward to this game but thus far I have to say it has been a disappointment.
I have only just started playing it but am already overwhelmed with the bugs and poor interface design issues. 
It gives you simple tasks yet the means to interact with the displays is plagued with problems both in its design and what appear to be bugs.

Just listing out the issues I ran into I can think of:
- Depending on your resolution important parts of the screen will be cut off and unreadable
- Phone rang after my first day and I was simply unable to click the answer button.
- Rules window becomes stuck in the up position covering up all other windows. Had to restart the mission to clear that up.
- Trying to change your tool to another tool causes windows to close that you wanted to use the tool to click on
- Rules window is very often covered up by the window of evidence you are trying to flag making it impossible to read the rules to choose the right one
- Clipboard window often does the same thing covering up things that you wanted to click on.
- No indication on the screen to guide you as to how to actually start your mission. Button to start work is the same button to view your overall status. Extremely confusing and no good feedback as to the current state.
- Clicking on the pyramid helper opens up a series of help tips but the window doesnt pop up making it impossible to scroll or view
- Rules window, when minimized, allows you to scroll but its such a small sliver its pointless. Why not just make this thing either minimized or full sized, why let it function at all in its minimized form other than to click on it and maximize it?

Overall the concept is interesting and I am still hopeful for imporovements. But thus far I am going to wait longer to give it another go.","I was really looking forward to this game but thus far I have to say it has been a disappointment. I have only just started playing it but am already overwhelmed with the bugs and poor interface design issues. It gives you simple tasks yet the means to interact with the displays is plagued with problems both in its design and what appear to be bugs. Just listing out the issues I ran into I can think of: - Depending on your resolution important parts of the screen will be cut off and unreadable - Phone rang after my first day and I was simply unable to click the answer button. - Rules window becomes stuck in the up position covering up all other windows. Had to restart the mission to clear that up. - Trying to change your tool to another tool causes windows to close that you wanted to use the tool to click on - Rules window is very often covered up by the window of evidence you are trying to flag making it impossible to read the rules to choose the right one - Clipboard window often does the same thing covering up things that you wanted to click on. - No indication on the screen to guide you as to how to actually start your mission. Button to start work is the same button to view your overall status. Extremely confusing and no good feedback as to the current state. - Clicking on the pyramid helper opens up a series of help tips but the window doesnt pop up making it impossible to scroll or view - Rules window, when minimized, allows you to scroll but its such a small sliver its pointless. Why not just make this thing either minimized or full sized, why let it function at all in its minimized form other than to click on it and maximize it? Overall the concept is interesting and I am still hopeful for imporovements. But thus far I am going to wait longer to give it another go.",False,2018-08-29T00:38:29+00:00,2018-08-29T00:38:29+00:00,75.0,51.0,0.0,21.0,0.0,0.6619021892547607,False,False,False,False,76561197992566364,,147.0,False,False,1804,344,1.25,0.85,0-1h,negative
44435260,490930,need-to-know,Need to Know,english,"[quote]Edit Saturday, November 3, 2018:
As a Monomyth developer posted below this review, this game has changed a lot since it's release and since I wrote this review. While I do not currently have time to give the game another shot due to classes, keep in mind that the review below is not an accurate reflection of the current version of Need to Know.
[/quote]

So I tried to like this game, I really did, and I was one of the ones who followed the hype from the first trailer release in the Kickstarter campaign. I really looked forward to the Papers, Please -eqsue surveillance game that the trailers advertised. Holding out to release (remember, no pre-orders!), however, revealed some key flaws that the game has.

[h1]Lack of Tutorial[/h1]
The lack of a tutorial is my primary issue with Need to Know. With almost zero instruction given, the player has no clue on how to progress, how to use the different tools provided in-game, and what distinguishes a subject between a ""safe"" individual and a threat. Players are expected to know beforehand what all the tools do and how to use them effectively, and  with the game not arming the players with that knowledge, I and many others were left confused as to what to do almost constantly.

[h1]User Interface[/h1]
The current user interface is extremely similar to the user interface that was advertised throughout the developer cycle. While it seems to be extremely sleek and inviting, don't let its looks fool you. The UI was another primary issue with Need to Know. In practice, the UI was sluggish and huge on-screen, with every single element in each window being blown up unnecessarily. Everything except any back or close indicators, which took minutes to find on several occasions. In the beginning of the game, it even took me about 10 minutes to figure out how to begin the first mission! 

[h1]Final Evidence is not consistent with Evidence Requirements[/h1]
At the beginning of each mission, you are given specific key evidence to look out for while analyzing individuals. Several times, the evidence the game wanted me to find were inconsistent with the requirements it gave me. This meant I often “missed” evidence which was never actually listed as a requirement.

[h1]Inconsistent Results after Missions[/h1]
As part of the story, you need to build up your agency's trust in you by successfully analyzing, identifying key elements a suspect might exhibit, and eventually classifying the subject as safe or a threat. These trust points given, however, were often inconsistent. Successfully classify and identify all pieces of evidence in a mission? Have 15 trust points! Missed one piece of evidence? There goes 30 points!

[h1]Inconsistent Dialogue[/h1]
Have a bad day and lose a lot of trust points? Doesn't matter, your boss will let you know what a great job you did today!

[h1]Bugs and Glitches[/h1]
While many people (such as myself) disregard the bug warnings in games and play them anyway only to still have a positive experience, let me tell you that it is not the case with this game. Throughout playing, I experienced numerous bugs, some of which were game breaking or needed a restart. For example, after losing in the prologue (why is that even possible?) and making a new profile the game glitched out and showed two different points in the story, progressing through them simultaneously, requiring a full restart of the game and clearing out the old profile and creating a new profile. Notifications on your in-game phone often appear and disappear in under a second, not giving you enough time to read what it says. You can’t even change the wallpaper.

[h1]In Conclusion[/h1]
In its current state, I cannot recommend Need to Know. The game has vital problems that it needs to solve, problems so important that it makes you wonder if Monomyth Games even play-tested all the features in-game before the final release, in despite of several beta versions being released to Kickstarter backers in the previous months. The game feels like a rushed beta version, even though the game was delayed by a month. Should Monomyth Games fix these key issues, I would gladly re-purchase the game for another shot at Need to Know.","[quote]Edit Saturday, November 3, 2018: As a Monomyth developer posted below this review, this game has changed a lot since it's release and since I wrote this review. While I do not currently have time to give the game another shot due to classes, keep in mind that the review below is not an accurate reflection of the current version of Need to Know. [/quote] So I tried to like this game, I really did, and I was one of the ones who followed the hype from the first trailer release in the Kickstarter campaign. I really looked forward to the Papers, Please -eqsue surveillance game that the trailers advertised. Holding out to release (remember, no pre-orders!), however, revealed some key flaws that the game has. [h1]Lack of Tutorial[/h1] The lack of a tutorial is my primary issue with Need to Know. With almost zero instruction given, the player has no clue on how to progress, how to use the different tools provided in-game, and what distinguishes a subject between a ""safe"" individual and a threat. Players are expected to know beforehand what all the tools do and how to use them effectively, and with the game not arming the players with that knowledge, I and many others were left confused as to what to do almost constantly. [h1]User Interface[/h1] The current user interface is extremely similar to the user interface that was advertised throughout the developer cycle. While it seems to be extremely sleek and inviting, don't let its looks fool you. The UI was another primary issue with Need to Know. In practice, the UI was sluggish and huge on-screen, with every single element in each window being blown up unnecessarily. Everything except any back or close indicators, which took minutes to find on several occasions. In the beginning of the game, it even took me about 10 minutes to figure out how to begin the first mission! [h1]Final Evidence is not consistent with Evidence Requirements[/h1] At the beginning of each mission, you are given specific key evidence to look out for while analyzing individuals. Several times, the evidence the game wanted me to find were inconsistent with the requirements it gave me. This meant I often “missed” evidence which was never actually listed as a requirement. [h1]Inconsistent Results after Missions[/h1] As part of the story, you need to build up your agency's trust in you by successfully analyzing, identifying key elements a suspect might exhibit, and eventually classifying the subject as safe or a threat. These trust points given, however, were often inconsistent. Successfully classify and identify all pieces of evidence in a mission? Have 15 trust points! Missed one piece of evidence? There goes 30 points! [h1]Inconsistent Dialogue[/h1] Have a bad day and lose a lot of trust points? Doesn't matter, your boss will let you know what a great job you did today! [h1]Bugs and Glitches[/h1] While many people (such as myself) disregard the bug warnings in games and play them anyway only to still have a positive experience, let me tell you that it is not the case with this game. Throughout playing, I experienced numerous bugs, some of which were game breaking or needed a restart. For example, after losing in the prologue (why is that even possible?) and making a new profile the game glitched out and showed two different points in the story, progressing through them simultaneously, requiring a full restart of the game and clearing out the old profile and creating a new profile. Notifications on your in-game phone often appear and disappear in under a second, not giving you enough time to read what it says. You can’t even change the wallpaper. [h1]In Conclusion[/h1] In its current state, I cannot recommend Need to Know. The game has vital problems that it needs to solve, problems so important that it makes you wonder if Monomyth Games even play-tested all the features in-game before the final release, in despite of several beta versions being released to Kickstarter backers in the previous months. The game feels like a rushed beta version, even though the game was delayed by a month. Should Monomyth Games fix these key issues, I would gladly re-purchase the game for another shot at Need to Know.",False,2018-08-29T01:36:53+00:00,2018-11-03T20:19:39+00:00,114.0,114.0,0.0,67.0,0.0,0.7581765055656433,True,False,False,True,76561198045516664,,4.0,False,False,4192,708,1.9,1.9,1-3h,negative
44435621,490930,need-to-know,Need to Know,english,If you liked papers please then this is a very similar great game. Appealing art style and exactly what I wanted gameplay wise when I first backed it on kickstarter.,If you liked papers please then this is a very similar great game. Appealing art style and exactly what I wanted gameplay wise when I first backed it on kickstarter.,True,2018-08-29T02:08:59+00:00,2018-08-29T02:08:59+00:00,712.0,525.0,0.0,3.0,0.0,0.5,False,False,False,False,76561198037990694,,10.0,False,False,165,30,11.866666666666667,8.75,3-10h,positive
44436254,490930,need-to-know,Need to Know,english,"I backed this game on Kickstarter and was excited to play it. There are a few UI things that could be worked on, as well as a more in depth tutorial. I feel like you kinda have to learn some of the stuff on your own. Also, some times it will ask for a certain type of evidence, and you'll miss something that wasn't on the list or what you selected is wrong for seemingly no reason. Overall, though, I'm finding it very enjoyable.","I backed this game on Kickstarter and was excited to play it. There are a few UI things that could be worked on, as well as a more in depth tutorial. I feel like you kinda have to learn some of the stuff on your own. Also, some times it will ask for a certain type of evidence, and you'll miss something that wasn't on the list or what you selected is wrong for seemingly no reason. Overall, though, I'm finding it very enjoyable.",True,2018-08-29T03:09:10+00:00,2018-08-29T03:09:10+00:00,1219.0,1219.0,0.0,3.0,0.0,0.5,False,False,False,False,76561198084930458,,11.0,False,False,430,84,20.316666666666666,20.316666666666666,10h+,positive
44436301,490930,need-to-know,Need to Know,english,"-Slow loading 
-Tons of typos
-No tutorial for anything, except the very first thing you do in the game, and it tells you to do the wrong thing
-The audio options also seem to be broken. Music and sounds get super loud after the volume is lowered
-Constant annoying pop-ups, just show me what happens to the suspects on one page
-That scroll bar on the review page is either broken or badly implemented
-At random points, you get messages but the notifications disappear so fast, you're left wondering why the game isn't advancing
-Gives you access to stuff you can't use super early on, like the Assay tool and all of the ""Help"" stuff when you click on the pyramid icon thing
-Randomly clicking on the ""Pyramid"" icon because it's in the way of the screen
-No point to the money as far as I've seen except for using it on a side-quest early on
-Not sure if the Rialto app works. Sold some stuff to one person but the other person doesn't buy?
-The UI is super cluttered- Too many huge windows for unnecessary things and the important things are blocked by other things that can be made way smaller","-Slow loading -Tons of typos -No tutorial for anything, except the very first thing you do in the game, and it tells you to do the wrong thing -The audio options also seem to be broken. Music and sounds get super loud after the volume is lowered -Constant annoying pop-ups, just show me what happens to the suspects on one page -That scroll bar on the review page is either broken or badly implemented -At random points, you get messages but the notifications disappear so fast, you're left wondering why the game isn't advancing -Gives you access to stuff you can't use super early on, like the Assay tool and all of the ""Help"" stuff when you click on the pyramid icon thing -Randomly clicking on the ""Pyramid"" icon because it's in the way of the screen -No point to the money as far as I've seen except for using it on a side-quest early on -Not sure if the Rialto app works. Sold some stuff to one person but the other person doesn't buy? -The UI is super cluttered- Too many huge windows for unnecessary things and the important things are blocked by other things that can be made way smaller",False,2018-08-29T03:13:48+00:00,2018-08-29T03:15:40+00:00,210.0,210.0,0.0,11.0,0.0,0.605334997177124,False,False,False,False,76561198025542322,,18.0,False,False,1096,202,3.5,3.5,3-10h,negative
44436665,490930,need-to-know,Need to Know,english,"I really wanted to like this game.  I love the premise, I love the feeling of detective work and secret-selling, and the narrative for me was more interesting and less stressful than Papers Please, which is easily the game it most resembles.

Unfortunately, the game is buggy, and on top of that, the process of identifying evidence or tying pieces together is so painfully unintuitive that it kills the enjoyment.  On top of that, the pace is absolutely glacial.  Assuming the idea is that you are working your way up from a rookie at the alternate universe NSA to ultimate shadow broker, I expected to be quite a bit further than 3 levels in at the six hour mark.   How much of that time was eaten up by really pointless missions that don't seem to tie into the narrative or plot?   Quite a bit.

And then there's the penalty for failure.  Woe unto the one that misunderstands the instructions for how to handle your pieces of evidence.   If you don't figure it out, you can lose a metric crap-ton of ""compliance"", which is the game's meter for how well you're doing.   I went from 97% compliance to 33% in a single mission.  It doesn't really give you much partial credit - if you recognize something is off about a person, but you don't mark it exactly correctly, it's nearly as bad as missing the clue entirely.   

I think that's what's really broken about this game at the end.  The part where you know in your gut when someone is clearly a problem or dangerous, but the game doesn't seem to recognize your efforts and punishes you for trying.   Having worked in government, I can say that's accurate in terms of simulating the job experience, but it's not fun.   Not at all.","I really wanted to like this game. I love the premise, I love the feeling of detective work and secret-selling, and the narrative for me was more interesting and less stressful than Papers Please, which is easily the game it most resembles. Unfortunately, the game is buggy, and on top of that, the process of identifying evidence or tying pieces together is so painfully unintuitive that it kills the enjoyment. On top of that, the pace is absolutely glacial. Assuming the idea is that you are working your way up from a rookie at the alternate universe NSA to ultimate shadow broker, I expected to be quite a bit further than 3 levels in at the six hour mark. How much of that time was eaten up by really pointless missions that don't seem to tie into the narrative or plot? Quite a bit. And then there's the penalty for failure. Woe unto the one that misunderstands the instructions for how to handle your pieces of evidence. If you don't figure it out, you can lose a metric crap-ton of ""compliance"", which is the game's meter for how well you're doing. I went from 97% compliance to 33% in a single mission. It doesn't really give you much partial credit - if you recognize something is off about a person, but you don't mark it exactly correctly, it's nearly as bad as missing the clue entirely. I think that's what's really broken about this game at the end. The part where you know in your gut when someone is clearly a problem or dangerous, but the game doesn't seem to recognize your efforts and punishes you for trying. Having worked in government, I can say that's accurate in terms of simulating the job experience, but it's not fun. Not at all.",False,2018-08-29T03:47:16+00:00,2018-08-29T03:47:16+00:00,485.0,485.0,0.0,4.0,0.0,0.5083538889884949,False,False,False,False,76561197998743026,,16.0,False,False,1658,301,8.083333333333334,8.083333333333334,3-10h,negative
44437356,490930,need-to-know,Need to Know,english,"Excellent game and an awesome concept. I'll be honest, getting into it, it is a bit confusing as there is a lack of direction and instructions, but once you get the hang of it, its really quite cool. 
Been playing for a while now, no negative experiences yet, hopefully it stays that way.

EDIT.
Over time i've found the ""rules"" or indications for evidence to be quite, how to put it, sh*t. Often causing me to make errors or incorrect power because of the way the game is set up, it can get quite annoying, i still really enjoy the game, but sometimes its just not very intuitive in the way you identify threats","Excellent game and an awesome concept. I'll be honest, getting into it, it is a bit confusing as there is a lack of direction and instructions, but once you get the hang of it, its really quite cool. Been playing for a while now, no negative experiences yet, hopefully it stays that way. EDIT. Over time i've found the ""rules"" or indications for evidence to be quite, how to put it, sh*t. Often causing me to make errors or incorrect power because of the way the game is set up, it can get quite annoying, i still really enjoy the game, but sometimes its just not very intuitive in the way you identify threats",True,2018-08-29T04:54:34+00:00,2018-08-29T05:15:57+00:00,450.0,450.0,0.0,3.0,0.0,0.49615803360939026,False,False,False,False,76561198063028719,,23.0,False,False,610,114,7.5,7.5,3-10h,positive
44438953,490930,need-to-know,Need to Know,english,"So far really dam good. Love the sounds, love the art and design. Can't wait to play more","So far really dam good. Love the sounds, love the art and design. Can't wait to play more",True,2018-08-29T07:39:51+00:00,2018-08-29T07:39:51+00:00,499.0,300.0,0.0,2.0,0.0,0.5,True,False,False,False,76561198061347777,,1.0,False,False,89,18,8.316666666666666,5.0,3-10h,positive
44438971,490930,need-to-know,Need to Know,english,"A lot of potential, but needs a lot of work.

I'm shocked that this has been beta-d/put through the kickstarter process, because there are still a bunch of issues. Missions seem to be bugged (Currently on healthyGlow, which inevitably reports the wrong thing for one of the suspects no matter how many times I retry), the interface is clunky, and it introduces WAY too many useless tools right off the bat without any real tutorials. 

I love the idea and the base-game seems good-ish, but when you can't trust what you're being told to do, it's hard to get invested.","A lot of potential, but needs a lot of work. I'm shocked that this has been beta-d/put through the kickstarter process, because there are still a bunch of issues. Missions seem to be bugged (Currently on healthyGlow, which inevitably reports the wrong thing for one of the suspects no matter how many times I retry), the interface is clunky, and it introduces WAY too many useless tools right off the bat without any real tutorials. I love the idea and the base-game seems good-ish, but when you can't trust what you're being told to do, it's hard to get invested.",False,2018-08-29T07:41:03+00:00,2018-08-29T07:41:03+00:00,721.0,237.0,0.0,12.0,0.0,0.5869380831718445,False,False,False,False,76561198025029328,,14.0,False,False,564,100,12.016666666666667,3.95,3-10h,negative
44440021,490930,need-to-know,Need to Know,english,"EDIT: I changed from not recommended to recommended. Because the game (tactics) change after reaching clearance level 8. Still the below criticizm is applied, but for a game with this pricetag it doesn't to that bad.

So i was hyped for this game from the start & a early kickstarter funder, but it feels like a disappointment for now.
I specially played this game for a few hours to see if it just has a slow start. But sadly it doesn't only have a slow start.. It keeps slow (might even call it boring). 
Only positive note i have at this moment is, that the story is well written and has some noticable real life scenarios.

Another bad thing (in my opinion) is the time it takes to unlock new ablilities. This only happens when you reach a new/higer clearence level. 
I have more then 4 hours into the game. And i only just unlocked clearance level 8 and therby new abilities. This takes to long in my opinion..

The game has the ""beta"" feel all over itself. Feels cluncky, UI is horrible to work with & windows get blocked constantly. Rules window should be movable at least.
Crashes at weird moments and nothings happening at the same point after restarting the game.

Also the evidence that needs to be collected, can be very conflicting. The rules states that something needs to be collected. But it it isn't directly linked to your suspect but a contact. The game states that you made a wrong choice.

Just as many i was hoping for a ""Papers, Please"" like gameplay and challenge, but than in a intelligence styled jacket.
This game is disappointing on all fonts:
- Gets boring soon, game also needs some kind of speed mode.
- Sometimes very unclear/conflicting what kind of evidence needs to be collected.
- You get new ways to check on people but no new tools to use, but only whit new clearance levels.
- Just point and click/memory playstyle. I miss some sort of typing involved (for example keyboard shortcuts), playing as an analist.
- Some times theres logic in ""linking"" people or suspects together early on. You just/simply can't... This is only possible when the game tells you to.
- (to hide spoilers) You do the same thing anywere.
- Buying stuff.. Ehh, whats the use of this? Whats the use of making money in this game anyway. I don't even have to pay rent.. 
- Weird saving structure. Log out before ""End Session"" aaaand start all over again with the same mission.
- When you ""start over"" a session by quitting the game. The location and names of the suspects is the same every time & also their logs.
- Crashes mid game (had three in less than 4 hours of gameplay).

It's just constantly doing the same thing.. Over and over.
This is the thing with most games and isn't that big of an issue. 

The issue with this game is, that there isn't enough variation in ""what"" to do. 
There is just to little to do to keep it interesting. It's way too late in the game & taking way too long to get there, if you even get there you're interest in this game is most likely already gone.

Still putting all the negative points aside. For their first (major) game, it's actually quite good.
I'm certain they will improve the game and crush some bugs in the oncoming days. So lets see how this plays out!","EDIT: I changed from not recommended to recommended. Because the game (tactics) change after reaching clearance level 8. Still the below criticizm is applied, but for a game with this pricetag it doesn't to that bad. So i was hyped for this game from the start & a early kickstarter funder, but it feels like a disappointment for now. I specially played this game for a few hours to see if it just has a slow start. But sadly it doesn't only have a slow start.. It keeps slow (might even call it boring). Only positive note i have at this moment is, that the story is well written and has some noticable real life scenarios. Another bad thing (in my opinion) is the time it takes to unlock new ablilities. This only happens when you reach a new/higer clearence level. I have more then 4 hours into the game. And i only just unlocked clearance level 8 and therby new abilities. This takes to long in my opinion.. The game has the ""beta"" feel all over itself. Feels cluncky, UI is horrible to work with & windows get blocked constantly. Rules window should be movable at least. Crashes at weird moments and nothings happening at the same point after restarting the game. Also the evidence that needs to be collected, can be very conflicting. The rules states that something needs to be collected. But it it isn't directly linked to your suspect but a contact. The game states that you made a wrong choice. Just as many i was hoping for a ""Papers, Please"" like gameplay and challenge, but than in a intelligence styled jacket. This game is disappointing on all fonts: - Gets boring soon, game also needs some kind of speed mode. - Sometimes very unclear/conflicting what kind of evidence needs to be collected. - You get new ways to check on people but no new tools to use, but only whit new clearance levels. - Just point and click/memory playstyle. I miss some sort of typing involved (for example keyboard shortcuts), playing as an analist. - Some times theres logic in ""linking"" people or suspects together early on. You just/simply can't... This is only possible when the game tells you to. - (to hide spoilers) You do the same thing anywere. - Buying stuff.. Ehh, whats the use of this? Whats the use of making money in this game anyway. I don't even have to pay rent.. - Weird saving structure. Log out before ""End Session"" aaaand start all over again with the same mission. - When you ""start over"" a session by quitting the game. The location and names of the suspects is the same every time & also their logs. - Crashes mid game (had three in less than 4 hours of gameplay). It's just constantly doing the same thing.. Over and over. This is the thing with most games and isn't that big of an issue. The issue with this game is, that there isn't enough variation in ""what"" to do. There is just to little to do to keep it interesting. It's way too late in the game & taking way too long to get there, if you even get there you're interest in this game is most likely already gone. Still putting all the negative points aside. For their first (major) game, it's actually quite good. I'm certain they will improve the game and crush some bugs in the oncoming days. So lets see how this plays out!",True,2018-08-29T09:10:48+00:00,2018-08-29T11:09:06+00:00,1044.0,568.0,0.0,17.0,1.0,0.6113349795341492,False,False,False,False,76561198009328277,,16.0,False,False,3199,587,17.4,9.466666666666667,3-10h,positive
44441523,490930,need-to-know,Need to Know,english,"I can't recommend this game in it's current state. Bugs, problems with other things which is found in other reviews. I even backed this game on humble bundle and was disappointed with it. First, it just the demo with tons of bugs, gammer and spelling mistakes, and also lose agency trust points faster because one wrong guess would subtract 30 points or more. I think the developers put more money into the visuals then actually programming the game! They said in the kickstarter that there was conquences for your actions, I am at level 8 and saw none. Yet there visuals are top notch. They didn't keep promises either!","I can't recommend this game in it's current state. Bugs, problems with other things which is found in other reviews. I even backed this game on humble bundle and was disappointed with it. First, it just the demo with tons of bugs, gammer and spelling mistakes, and also lose agency trust points faster because one wrong guess would subtract 30 points or more. I think the developers put more money into the visuals then actually programming the game! They said in the kickstarter that there was conquences for your actions, I am at level 8 and saw none. Yet there visuals are top notch. They didn't keep promises either!",False,2018-08-29T11:08:33+00:00,2018-08-29T21:20:45+00:00,323.0,209.0,0.0,6.0,0.0,0.5229474902153015,False,False,False,False,76561198046014963,,93.0,False,False,620,109,5.383333333333334,3.4833333333333334,3-10h,negative
44441825,490930,need-to-know,Need to Know,english,I backed it through Kickstarter and have been waiting 2 years. I am kind of dissapointed. All you do is look at a profile and find clues of someone is a threat based on certain rules. After 2 hours of gameplay I am bored with the game already.,I backed it through Kickstarter and have been waiting 2 years. I am kind of dissapointed. All you do is look at a profile and find clues of someone is a threat based on certain rules. After 2 hours of gameplay I am bored with the game already.,False,2018-08-29T11:30:02+00:00,2018-08-29T11:30:02+00:00,469.0,469.0,0.0,6.0,0.0,0.5229474902153015,False,False,False,False,76561198205115349,,4.0,False,False,243,48,7.816666666666666,7.816666666666666,3-10h,negative
44441998,490930,need-to-know,Need to Know,english,"Extremely slow and boring gameplay. Lack of tutorial.
Waited for so long for this game and it is a massive disappointment. Avoid.",Extremely slow and boring gameplay. Lack of tutorial. Waited for so long for this game and it is a massive disappointment. Avoid.,False,2018-08-29T11:41:58+00:00,2018-08-29T11:41:58+00:00,1966.0,34.0,0.0,5.0,0.0,0.5196741223335266,False,False,False,False,76561198015327749,,7.0,False,False,129,22,32.766666666666666,0.5666666666666667,0-1h,negative
44443008,490930,need-to-know,Need to Know,english,"I was really hyped and must say I am really satisfied. If you liked Papers Please, you'll like this","I was really hyped and must say I am really satisfied. If you liked Papers Please, you'll like this",True,2018-08-29T12:46:15+00:00,2018-08-29T12:46:15+00:00,488.0,336.0,0.0,1.0,0.0,0.4989495873451233,False,False,False,False,76561198078533894,,2.0,False,False,99,19,8.133333333333333,5.6,3-10h,positive
44444344,490930,need-to-know,Need to Know,english,A few rough edges but an enjoyable game so far.,A few rough edges but an enjoyable game so far.,True,2018-08-29T14:10:22+00:00,2018-08-29T14:10:22+00:00,289.0,289.0,0.0,2.0,0.0,0.48491376638412476,False,False,False,False,76561198013548746,,8.0,False,False,47,10,4.816666666666666,4.816666666666666,3-10h,positive
44445732,490930,need-to-know,Need to Know,english,"Worst UI i have ever seen. Not ugly, just not friendly and impossible to understand how to play the game","Worst UI i have ever seen. Not ugly, just not friendly and impossible to understand how to play the game",False,2018-08-29T15:36:13+00:00,2018-08-29T15:36:13+00:00,29.0,29.0,0.0,2.0,0.0,0.523809552192688,False,False,False,False,76561198018236818,,31.0,False,False,104,20,0.48333333333333334,0.48333333333333334,0-1h,negative
44445992,490930,need-to-know,Need to Know,english,After a long wait I am so extied to final be able to play this! If you liked Papers Please you will love this game.,After a long wait I am so extied to final be able to play this! If you liked Papers Please you will love this game.,True,2018-08-29T15:51:14+00:00,2018-08-29T15:51:14+00:00,596.0,297.0,0.0,6.0,0.0,0.5540308952331543,False,False,False,False,76561198104659939,,6.0,False,False,115,25,9.933333333333334,4.95,3-10h,positive
44446861,490930,need-to-know,Need to Know,english,"In a nutshell: A good game, with some great ideas, that needs some polish on the execution, with a number of technical and interface issues that drag down a good story and a great idea.

Put simply, the idea of a game where you move through the hierarchy of a sinister spying agency is a great one, and this game's greatest success so far in my time with it has been not only showing how quickly the power to snoop on everything and everyone can go wrong, but also, and crucially, how it can still also be a force for good. The story is I think the strongest point of the game for me, because it's depiction of the ironically named 'Department of Liberty' is not really as some cartoon villain 'Illuminati conspiracy' but as a government organisation set up in response to a great crisis which, at least initially, is comprised largely of ordinary people. Sure, some of the people you meet in the game are dubiously motivated at best, but the game reinforces in the narrative consistently that there are good people in the DoL, who genuinely believe the spying they engage in is justified and indeed, there are examples in game where the power you use does make a real difference.

I can't say much more without spoiling the hell out of the game, but suffice it to say, if story is what you want, the game offers an intriguing story, and while it may not be a Tom Clancy tale, I've found it engaging and compelling.

Likewise, the gameplay offers good challenge, requiring you to carefully dissect the data you sift through, looking not just for keywords early on but as time goes on, looking for more complicated and easily missed details, like tracing suspicious bank activity with logs of suspicious contacts, and working out if they match up or are a red herring. These shifting challenges do a reasonably good job of building on each other, with each clearance level you go through iterating on previous challenges with an extra layer of complexity, and this organic growth of difficulty is largely well-executed. But it does lead into the big problem in the game: communication.

This game has a real problem communicating with the player, and I think it's largely down to an interface that can be clunky and unintuitive. Partially this is down to bugs, like notifications on your phone not displaying so you're left staring blankly waiting for something to happen, to more egregious errors like typos in the keywords you're looking for, and contextual menus being hard to close once opened and obscuring the screen. These are all fixable issues thankfully, and while irritating, they don't for me drag the game down too much, but the sooner they are resolved, the better, and they are likely to irritate some players too much to continue.

Also, the game can be ambiguous in what the objectives of each day actually require. For instance, you might be asked to look for keywords, but the game isn't good at indicating whether you need a literal, case-sensitive match of the word, or a contextual match. For instance, if the keyword was 'Bomb Kit' and you saw a log that said 'making my own bombs in a kit', you might well flag that as suspicious, and logically, it totally is, but because the game is looking for a case-sensitive, exact match, it marks you down as wrong for it. Again, these issues are not exactly common, but they're infrequent enough to annoy, and for me are the biggest issue of all in the game, but again, can be fixed by the devs.

So in the end, I recommend this game, but I do it with an advisory: if you want a good story, with fun challenges and an engaging concept of government intelligence and the morality of that, then I highly recommend it, but make sure you go in right now knowing there are currently technical and design issues, and while these will likely be fixed, as of the time of this review they exist, and they can annoy. Hopefully you'll be like me, and able to see through the roughness to the diamond within, and enjoy the experience for what it is, not what you necessarily would like it to be.","In a nutshell: A good game, with some great ideas, that needs some polish on the execution, with a number of technical and interface issues that drag down a good story and a great idea. Put simply, the idea of a game where you move through the hierarchy of a sinister spying agency is a great one, and this game's greatest success so far in my time with it has been not only showing how quickly the power to snoop on everything and everyone can go wrong, but also, and crucially, how it can still also be a force for good. The story is I think the strongest point of the game for me, because it's depiction of the ironically named 'Department of Liberty' is not really as some cartoon villain 'Illuminati conspiracy' but as a government organisation set up in response to a great crisis which, at least initially, is comprised largely of ordinary people. Sure, some of the people you meet in the game are dubiously motivated at best, but the game reinforces in the narrative consistently that there are good people in the DoL, who genuinely believe the spying they engage in is justified and indeed, there are examples in game where the power you use does make a real difference. I can't say much more without spoiling the hell out of the game, but suffice it to say, if story is what you want, the game offers an intriguing story, and while it may not be a Tom Clancy tale, I've found it engaging and compelling. Likewise, the gameplay offers good challenge, requiring you to carefully dissect the data you sift through, looking not just for keywords early on but as time goes on, looking for more complicated and easily missed details, like tracing suspicious bank activity with logs of suspicious contacts, and working out if they match up or are a red herring. These shifting challenges do a reasonably good job of building on each other, with each clearance level you go through iterating on previous challenges with an extra layer of complexity, and this organic growth of difficulty is largely well-executed. But it does lead into the big problem in the game: communication. This game has a real problem communicating with the player, and I think it's largely down to an interface that can be clunky and unintuitive. Partially this is down to bugs, like notifications on your phone not displaying so you're left staring blankly waiting for something to happen, to more egregious errors like typos in the keywords you're looking for, and contextual menus being hard to close once opened and obscuring the screen. These are all fixable issues thankfully, and while irritating, they don't for me drag the game down too much, but the sooner they are resolved, the better, and they are likely to irritate some players too much to continue. Also, the game can be ambiguous in what the objectives of each day actually require. For instance, you might be asked to look for keywords, but the game isn't good at indicating whether you need a literal, case-sensitive match of the word, or a contextual match. For instance, if the keyword was 'Bomb Kit' and you saw a log that said 'making my own bombs in a kit', you might well flag that as suspicious, and logically, it totally is, but because the game is looking for a case-sensitive, exact match, it marks you down as wrong for it. Again, these issues are not exactly common, but they're infrequent enough to annoy, and for me are the biggest issue of all in the game, but again, can be fixed by the devs. So in the end, I recommend this game, but I do it with an advisory: if you want a good story, with fun challenges and an engaging concept of government intelligence and the morality of that, then I highly recommend it, but make sure you go in right now knowing there are currently technical and design issues, and while these will likely be fixed, as of the time of this review they exist, and they can annoy. Hopefully you'll be like me, and able to see through the roughness to the diamond within, and enjoy the experience for what it is, not what you necessarily would like it to be.",True,2018-08-29T16:42:10+00:00,2018-08-29T16:42:10+00:00,1011.0,238.0,0.0,1.0,0.0,0.5,False,False,False,False,76561197994425275,,5.0,False,False,4041,723,16.85,3.966666666666667,3-10h,positive
44447013,490930,need-to-know,Need to Know,english,Only play this if you liked Papers Please,Only play this if you liked Papers Please,True,2018-08-29T16:51:24+00:00,2020-08-06T10:30:33+00:00,4398.0,559.0,0.0,0.0,0.0,0.5,True,False,False,False,76561198147176343,,31.0,False,False,41,8,73.3,9.316666666666666,3-10h,positive
44447252,490930,need-to-know,Need to Know,english,"The game feels fun at first, admittingly I am a fan of ""Papers, Please"" style gameplay with the whole advancing memorization concept. However, the main difference between what makes Papers, Please great and Need To Know kinda shit is the complete lack of tutorial and information. 

It's not immediately obvious what any of the tools do at the start and it's not obvious what the data selling feature even is (I may have missed an important piece of text but if something is so integral to advancing the game it'd be a good idea to teach it well) You slowly piece together what the main tool you need to use is as the others don't even have a function yet, you slowly figure out that the game wants evidence that isn't directly related to the ones they tell you to look for, and you slowly realize that there are major improvements that could be made to make this game playable.

Although I wouldn't recommend it right now, I would still recommend keeping it on your watchlist especially if you're interested in this type of game. It might get better in the future.","The game feels fun at first, admittingly I am a fan of ""Papers, Please"" style gameplay with the whole advancing memorization concept. However, the main difference between what makes Papers, Please great and Need To Know kinda shit is the complete lack of tutorial and information. It's not immediately obvious what any of the tools do at the start and it's not obvious what the data selling feature even is (I may have missed an important piece of text but if something is so integral to advancing the game it'd be a good idea to teach it well) You slowly piece together what the main tool you need to use is as the others don't even have a function yet, you slowly figure out that the game wants evidence that isn't directly related to the ones they tell you to look for, and you slowly realize that there are major improvements that could be made to make this game playable. Although I wouldn't recommend it right now, I would still recommend keeping it on your watchlist especially if you're interested in this type of game. It might get better in the future.",False,2018-08-29T17:03:30+00:00,2018-08-29T17:03:30+00:00,1223.0,1223.0,0.0,3.0,0.0,0.5481191873550415,False,False,False,False,76561198042152593,,5.0,False,False,1062,192,20.383333333333333,20.383333333333333,10h+,negative
44447800,490930,need-to-know,Need to Know,english,"The interface is truly horrid. Not only is it very possible to get tools stuck on your cursor or the interface to trigger several things at once, it is also extremely unclear what you are supposed to do in many missions. It feels... incomplete.

Very dissapointed.","The interface is truly horrid. Not only is it very possible to get tools stuck on your cursor or the interface to trigger several things at once, it is also extremely unclear what you are supposed to do in many missions. It feels... incomplete. Very dissapointed.",False,2018-08-29T17:33:26+00:00,2018-08-29T17:33:26+00:00,58.0,58.0,0.0,1.0,0.0,0.523809552192688,False,False,False,False,76561197992666487,,17.0,False,False,263,46,0.9666666666666667,0.9666666666666667,0-1h,negative
44449370,490930,need-to-know,Need to Know,english,"This game is not without it's problems, but for it's price, and the assumption that the problems will be fixed, I personally think it's worth a playthrough, especially if commentary on Orwellian government is something that interests you. Having finished the game once, I'm unsure if there are points of divergence in the story, but I do know there are conditions where
you fail and have to restart, and there are in fact multiple endings.

Pros:
-Engaging storyline.
-Pretty interface, actually makes you feel like you're sitting in an office doing this stuff.
-Simple, easy to follow gameplay, most of the time.
-Lots of different actions you can take make it feel like you're doing different things even though you aren't really.
-The mission where you interrogate the guy was REALLY fun and I wish they had more of those.

Cons:
-Gameplay can be frustrating at times, particularly on a certain mission type where it's unclear which power you are meant to use to Discard/Ignore/NoMatch people, and using the wrong power makes you lose compliance.
-Minor spelling errors littered throughout the game.
-Certain parts (""post-mission missions"") can be really boring, but they are fast and even skippable.
-Certain bugs, but nothing gamebreaking. For instance, there was one case of 3 pieces of evidence having to be linked, but you can only link 2 at once.
-Clarity on which tool to use could be better, but that's more my fault on not paying attention.
-Interface clunky at times.

Overall, I'd say 6.5/10. This game, like I said, is not without it's flaws, but they can be corrected, and if you like the concept and you liked Papers Please, you'll have a fun time with this. The pros do outweigh the cons, though it can be a bit of a slog to get through sometimes and it can be a bit frustrating. At the end of the day, for 15 bucks, it's worth a playthrough.","This game is not without it's problems, but for it's price, and the assumption that the problems will be fixed, I personally think it's worth a playthrough, especially if commentary on Orwellian government is something that interests you. Having finished the game once, I'm unsure if there are points of divergence in the story, but I do know there are conditions where you fail and have to restart, and there are in fact multiple endings. Pros: -Engaging storyline. -Pretty interface, actually makes you feel like you're sitting in an office doing this stuff. -Simple, easy to follow gameplay, most of the time. -Lots of different actions you can take make it feel like you're doing different things even though you aren't really. -The mission where you interrogate the guy was REALLY fun and I wish they had more of those. Cons: -Gameplay can be frustrating at times, particularly on a certain mission type where it's unclear which power you are meant to use to Discard/Ignore/NoMatch people, and using the wrong power makes you lose compliance. -Minor spelling errors littered throughout the game. -Certain parts (""post-mission missions"") can be really boring, but they are fast and even skippable. -Certain bugs, but nothing gamebreaking. For instance, there was one case of 3 pieces of evidence having to be linked, but you can only link 2 at once. -Clarity on which tool to use could be better, but that's more my fault on not paying attention. -Interface clunky at times. Overall, I'd say 6.5/10. This game, like I said, is not without it's flaws, but they can be corrected, and if you like the concept and you liked Papers Please, you'll have a fun time with this. The pros do outweigh the cons, though it can be a bit of a slog to get through sometimes and it can be a bit frustrating. At the end of the day, for 15 bucks, it's worth a playthrough.",True,2018-08-29T18:52:05+00:00,2018-08-29T18:53:15+00:00,1037.0,1037.0,0.0,0.0,0.0,0.5,True,False,False,False,76561198034977203,,7.0,False,False,1857,323,17.283333333333335,17.283333333333335,10h+,positive
44450221,490930,need-to-know,Need to Know,english,"This is not an easy game nor a polished one. I sense the direction of this game was focused towards a giant sandbox of snooping and somewhere along its devcycle someone said, ""Hey, this isn't a game."" Then someone else said, “Okay, we have all these things the player can do. Read emails, check contacts. Put people on watchlists… How do we make this into a game?” 

The answer of course was to have the player click on links, clicking on the right ones giving  the player points, or if they got it wrong taking points away. But that was too simple, and not very fun, so they added a couple tools to click on the links in different ways and it made it better. And the Devs (who by this point knew exactly how to use each different link clicking tools) said, “Behold! Fun!” And that’s probably as far as playtesting ever got; to the point where the small team of developers had fun playing their own game. 

This is always a problem with small indies with big visions,  they didn’t have time to playtest and get substantitive player feedback. And the biggest problem this game actually has is that the player doesn't receive feedback until  they’ve already failed. Of course, you can review these mistakes after you've failed, but with all the data you need to take in, it is difficult to parse exactly what you did wrong or even how you failed in some cases.

Despite these problems,  this game has there is a good core gameplay loop and a pretty fascinating story. KtK is a competent game in many senses and does not deserved to be tossed aside as a bad game when it is simly missing satisfying feedback.

With time I imagine this game’s player feedback will be fixed. And if it ever is, I would wholeheartedly recommend it to anyone with an interest in ""connect the dots"" style gameplay and Snowden Era cyberspying.  Right now, the only people I would recommend it to are people who not only love the genre and click on the right thing mechanics, but also have a high tolerance for failing and vigorously studying their failures and don't mind reading forum posts to figure stuff out.

Edit for patches: The developers have accomplished a lot in making the early gameplay more intelligible.","This is not an easy game nor a polished one. I sense the direction of this game was focused towards a giant sandbox of snooping and somewhere along its devcycle someone said, ""Hey, this isn't a game."" Then someone else said, “Okay, we have all these things the player can do. Read emails, check contacts. Put people on watchlists… How do we make this into a game?” The answer of course was to have the player click on links, clicking on the right ones giving the player points, or if they got it wrong taking points away. But that was too simple, and not very fun, so they added a couple tools to click on the links in different ways and it made it better. And the Devs (who by this point knew exactly how to use each different link clicking tools) said, “Behold! Fun!” And that’s probably as far as playtesting ever got; to the point where the small team of developers had fun playing their own game. This is always a problem with small indies with big visions, they didn’t have time to playtest and get substantitive player feedback. And the biggest problem this game actually has is that the player doesn't receive feedback until they’ve already failed. Of course, you can review these mistakes after you've failed, but with all the data you need to take in, it is difficult to parse exactly what you did wrong or even how you failed in some cases. Despite these problems, this game has there is a good core gameplay loop and a pretty fascinating story. KtK is a competent game in many senses and does not deserved to be tossed aside as a bad game when it is simly missing satisfying feedback. With time I imagine this game’s player feedback will be fixed. And if it ever is, I would wholeheartedly recommend it to anyone with an interest in ""connect the dots"" style gameplay and Snowden Era cyberspying. Right now, the only people I would recommend it to are people who not only love the genre and click on the right thing mechanics, but also have a high tolerance for failing and vigorously studying their failures and don't mind reading forum posts to figure stuff out. Edit for patches: The developers have accomplished a lot in making the early gameplay more intelligible.",True,2018-08-29T19:39:31+00:00,2018-09-13T11:30:49+00:00,111.0,111.0,0.0,4.0,0.0,0.5461556911468506,False,False,False,False,76561197992168039,,46.0,False,False,2180,393,1.85,1.85,1-3h,positive
44450758,490930,need-to-know,Need to Know,english,It's ok but some quests are god damn glitchy like hell,It's ok but some quests are god damn glitchy like hell,True,2018-08-29T20:12:40+00:00,2018-08-31T11:39:19+00:00,604.0,508.0,0.0,0.0,0.0,0.5,True,False,False,False,76561198125757426,,40.0,False,False,54,11,10.066666666666666,8.466666666666667,3-10h,positive
44450997,490930,need-to-know,Need to Know,english,"I've pre-ordered this game two years ago and have been looking forward to finally playing it this week.  At first the reviews here scared me a bit, but after playing a couple of hours... I really like it.

The storyline and gameplay slowly increases in difficulty and is quite entertaining.  At first the tools and clearance levels are limited, but after a couple of rounds new tools, options and storylines emerge.  I didn't encounter resolution difficulties (playing on 1920x1080) and don't consider the interface very difficult.  The first minutes you need to search a bit, but I quickly becomes obvious.  At the bottom of the screen, there is also a little guide.","I've pre-ordered this game two years ago and have been looking forward to finally playing it this week. At first the reviews here scared me a bit, but after playing a couple of hours... I really like it. The storyline and gameplay slowly increases in difficulty and is quite entertaining. At first the tools and clearance levels are limited, but after a couple of rounds new tools, options and storylines emerge. I didn't encounter resolution difficulties (playing on 1920x1080) and don't consider the interface very difficult. The first minutes you need to search a bit, but I quickly becomes obvious. At the bottom of the screen, there is also a little guide.",True,2018-08-29T20:26:33+00:00,2018-08-29T20:26:33+00:00,791.0,269.0,0.0,4.0,0.0,0.5348837375640869,False,False,False,False,76561197966783327,,1.0,False,False,661,112,13.183333333333334,4.483333333333333,3-10h,positive
44451382,490930,need-to-know,Need to Know,english,"EDIT: After many hundreds of updates, that i missed due to being distracted by other shiny games, I have come back to this to find it much overhauled, with every complaint I had before addressed. I find the new time limit on the out of work jobs a bit of a pain, considering if you dont give the two groups what they want the game ends. Along with the fact there isnt really a pause option it makes these sections a mad rush to finish so i can leave the game to do real life things; like use a bathroom, or eat.

ORIGINAL REVIEW BELOW
tl;dr buy after a few updates or a sale.

First of all I will point out I enjoyed most of this. The visuals are clean, its reasionably easy to move on and i loved the first few missions.

Unfortunatly it all goes to pot around clearance level 8 with the damn crosslink missions. They are possibly the most frustrating things I have ever met in my entire life!

The most annoying thing about them is if you click on a 'suspect' then you CANNOT click off them without making a decision as to thier guilt or innocence. This is okay for the first dozen or so missions as all the info you need to make that choice is present on that particular characters BIO. The problem with the crosslink ones is if you click on a suspect straight away you have no option of actually finding the linking info or even who the non suspects are or anything about them. This is confounded by the fact you can only store THREE pieces of infomation in your little cloud storage area. Really, you really thought that was enough? That means you cant even collate all the data you want to maybe link to! And thats if you are lucky enough to click on those people in the first place! 

Add to the fact that the game makes wierd decisions about what it thinks is suspect infomation and you are frequently told you were wrong for very arbitary reasons. Thank god the game autosaves BEFORE your mission starts and AFTER you head home so be prepared to save-scum a LOT.

Add this to the small irritations that I can usually brush off in games, How slow the menus are, the lack of space you have to fit stuff on (like the bottom tab bar that tells you what to look for), the fact everything the suspects do apparently happens at exactly the same time and date (time travel!?!), plus some others i didnt conciously notice but are nagging at me even now and i simply cannot recommend this game at this time.

Save your money, wait for updates.","EDIT: After many hundreds of updates, that i missed due to being distracted by other shiny games, I have come back to this to find it much overhauled, with every complaint I had before addressed. I find the new time limit on the out of work jobs a bit of a pain, considering if you dont give the two groups what they want the game ends. Along with the fact there isnt really a pause option it makes these sections a mad rush to finish so i can leave the game to do real life things; like use a bathroom, or eat. ORIGINAL REVIEW BELOW tl;dr buy after a few updates or a sale. First of all I will point out I enjoyed most of this. The visuals are clean, its reasionably easy to move on and i loved the first few missions. Unfortunatly it all goes to pot around clearance level 8 with the damn crosslink missions. They are possibly the most frustrating things I have ever met in my entire life! The most annoying thing about them is if you click on a 'suspect' then you CANNOT click off them without making a decision as to thier guilt or innocence. This is okay for the first dozen or so missions as all the info you need to make that choice is present on that particular characters BIO. The problem with the crosslink ones is if you click on a suspect straight away you have no option of actually finding the linking info or even who the non suspects are or anything about them. This is confounded by the fact you can only store THREE pieces of infomation in your little cloud storage area. Really, you really thought that was enough? That means you cant even collate all the data you want to maybe link to! And thats if you are lucky enough to click on those people in the first place! Add to the fact that the game makes wierd decisions about what it thinks is suspect infomation and you are frequently told you were wrong for very arbitary reasons. Thank god the game autosaves BEFORE your mission starts and AFTER you head home so be prepared to save-scum a LOT. Add this to the small irritations that I can usually brush off in games, How slow the menus are, the lack of space you have to fit stuff on (like the bottom tab bar that tells you what to look for), the fact everything the suspects do apparently happens at exactly the same time and date (time travel!?!), plus some others i didnt conciously notice but are nagging at me even now and i simply cannot recommend this game at this time. Save your money, wait for updates.",True,2018-08-29T20:48:14+00:00,2018-12-08T12:31:40+00:00,1524.0,1440.0,0.0,0.0,0.0,0.49913546442985535,True,False,False,False,76561198009343662,,25.0,False,False,2434,461,25.4,24.0,10h+,positive
44452368,490930,need-to-know,Need to Know,english,"There's a very good game here, somewhat hidden under a clunky UI. Once you get past some of the unclear instructions, the gameplay is straightforward and can be very enjoyable. You just have to work out the logic behind some of the decisions you're required to make, and that can take one or two do-overs.

I've waited for this game for two years, as have many other people, and I'm choosing to give the devs the benefit of the doubt. Clearly this game is a labour of love and with some tweaks could become a whole lot of fun.

UPDATE 1.02: Just as an addition, the post-launch work that the devs have put in shows that they *are* listening to the community. They are not just fixing bugs but also taking the advice of players to make improvements to gameplay and the UI. This is really good to see.","There's a very good game here, somewhat hidden under a clunky UI. Once you get past some of the unclear instructions, the gameplay is straightforward and can be very enjoyable. You just have to work out the logic behind some of the decisions you're required to make, and that can take one or two do-overs. I've waited for this game for two years, as have many other people, and I'm choosing to give the devs the benefit of the doubt. Clearly this game is a labour of love and with some tweaks could become a whole lot of fun. UPDATE 1.02: Just as an addition, the post-launch work that the devs have put in shows that they *are* listening to the community. They are not just fixing bugs but also taking the advice of players to make improvements to gameplay and the UI. This is really good to see.",True,2018-08-29T21:49:19+00:00,2018-08-31T15:18:28+00:00,1331.0,500.0,0.0,11.0,0.0,0.5722143054008484,False,False,False,False,76561198028319383,,3.0,False,False,797,149,22.183333333333334,8.333333333333334,3-10h,positive
44453855,490930,need-to-know,Need to Know,english,"The game in its current state is pretty confusing to get started with. It would definitely benefit from a tutorial or even a basic overview of the features the UI has to offer.

The introductory mission is also pretty confusing, in the end you just have to open the profile, analyze whatever name your character tells you to find and move on to their dot on the map. The game expects you to figure this out without any visual clues.

I can not recommend the game at this moment, I'm enjoying it so far. But for people less prone to just try clicking on anything until something sticks, it's too confusing to get started. All of this could be solved with a short tutorial, just a quick overview of how to handle the map and showcasing what each tool does. Although I guess government tools not being well-documented kinda fits.","The game in its current state is pretty confusing to get started with. It would definitely benefit from a tutorial or even a basic overview of the features the UI has to offer. The introductory mission is also pretty confusing, in the end you just have to open the profile, analyze whatever name your character tells you to find and move on to their dot on the map. The game expects you to figure this out without any visual clues. I can not recommend the game at this moment, I'm enjoying it so far. But for people less prone to just try clicking on anything until something sticks, it's too confusing to get started. All of this could be solved with a short tutorial, just a quick overview of how to handle the map and showcasing what each tool does. Although I guess government tools not being well-documented kinda fits.",False,2018-08-29T23:38:22+00:00,2018-08-29T23:55:18+00:00,54.0,54.0,0.0,1.0,0.0,0.5,False,False,False,False,76561198012052330,,3.0,False,False,824,150,0.9,0.9,0-1h,negative
44453940,490930,need-to-know,Need to Know,english,"I'm gonna change my review to positive, because I can see the devs care for their game and they are  fixing the issues. The game still has flaws, but it's heading in the right direction.
Currently I'm CL 8, here are my fidings.
- As I see until now there is no punishment for making bad decisions, unless you kinda miss all the clues, where it can go game over. The only downside so far is to get less salary, still you can't do anything effective with the money you make other then decorating your house, or paying off the rent or helping your family.
- On the other hand I was sitting on 100% compliance for a couple of days, and i didn't get any benefit from it. Initially i thought you move through the levels according to your performance, but unfortunately it's all scripted. I understand it would be difficult, still a nice change if the devs could implement this.
- There is no pressure, no engagement. The time stops at 5pm and waits until you finish all the suspects, no matter how slow you are.
-There is no real weight of your decisions, as everything seems scripted. You get updates after each mission, what happens with the profile of the suspects. Still it's so irrelevant, probably you won't even remember what was in their profiles, and even if they appear ingame later, you won't remember that you've already seen them. (Or it might be only me) Maybe would be nice to implement a summary of DoL record for the suspects, stating your findings and the actions taken. 
-Mission 3 was a so called speedrun, still it doesn't seem any different than the other days.
-The whole game is really slow paced, feels sluggish. CL 10 and 9 is way too long for the amount of diverse actions you can do. It feels much like a grind.
- As a lot of others, I don't like the UI either. I think there are too many irrelevent staff on screen while you are in mission (Phone, ID, building, office), they all take space from the important infos, i struggle to have all the data and the rules for the mission on screen. Also I hate that the map is moving, it just gives an extra level of frustration, that i need to drag the map between profiles.
Sorry devs, I need to compare it to Papers, please. Need to know has a much wider scale, potential and story, still PP has much  more flavor, and there you can really feel the weight of your decisions.","I'm gonna change my review to positive, because I can see the devs care for their game and they are fixing the issues. The game still has flaws, but it's heading in the right direction. Currently I'm CL 8, here are my fidings. - As I see until now there is no punishment for making bad decisions, unless you kinda miss all the clues, where it can go game over. The only downside so far is to get less salary, still you can't do anything effective with the money you make other then decorating your house, or paying off the rent or helping your family. - On the other hand I was sitting on 100% compliance for a couple of days, and i didn't get any benefit from it. Initially i thought you move through the levels according to your performance, but unfortunately it's all scripted. I understand it would be difficult, still a nice change if the devs could implement this. - There is no pressure, no engagement. The time stops at 5pm and waits until you finish all the suspects, no matter how slow you are. -There is no real weight of your decisions, as everything seems scripted. You get updates after each mission, what happens with the profile of the suspects. Still it's so irrelevant, probably you won't even remember what was in their profiles, and even if they appear ingame later, you won't remember that you've already seen them. (Or it might be only me) Maybe would be nice to implement a summary of DoL record for the suspects, stating your findings and the actions taken. -Mission 3 was a so called speedrun, still it doesn't seem any different than the other days. -The whole game is really slow paced, feels sluggish. CL 10 and 9 is way too long for the amount of diverse actions you can do. It feels much like a grind. - As a lot of others, I don't like the UI either. I think there are too many irrelevent staff on screen while you are in mission (Phone, ID, building, office), they all take space from the important infos, i struggle to have all the data and the rules for the mission on screen. Also I hate that the map is moving, it just gives an extra level of frustration, that i need to drag the map between profiles. Sorry devs, I need to compare it to Papers, please. Need to know has a much wider scale, potential and story, still PP has much more flavor, and there you can really feel the weight of your decisions.",True,2018-08-29T23:45:12+00:00,2018-09-02T13:04:54+00:00,1589.0,735.0,0.0,1.0,0.0,0.5038419961929321,False,False,False,False,76561198101247959,,2.0,False,False,2338,436,26.483333333333334,12.25,10h+,positive
44455945,490930,need-to-know,Need to Know,english,"Dead game, lacking features promised","Dead game, lacking features promised",False,2018-08-30T02:25:35+00:00,2021-10-03T17:39:47+00:00,1382.0,1170.0,0.0,0.0,0.0,0.5,False,False,False,False,76561198089883623,,7.0,False,False,36,5,23.033333333333335,19.5,10h+,negative
44456466,490930,need-to-know,Need to Know,english,"Rough around the edges, but glad I backed it.","Rough around the edges, but glad I backed it.",True,2018-08-30T03:09:45+00:00,2018-08-30T03:09:45+00:00,375.0,196.0,0.0,3.0,0.0,0.5,False,False,False,False,76561198035920211,,12.0,False,False,45,9,6.25,3.2666666666666666,3-10h,positive
44457245,490930,need-to-know,Need to Know,english,"I backed this game on Kickstarter and was excited with what was being done.
Unfortunately my first few hours experience with the game is very disappointing, the lack of tutorial really leaves your floundering in working what you're trying to be doing.  And even then things are very poorly explained and very unintuative.
So very disappointed, I hope these things can be easily resolved.","I backed this game on Kickstarter and was excited with what was being done. Unfortunately my first few hours experience with the game is very disappointing, the lack of tutorial really leaves your floundering in working what you're trying to be doing. And even then things are very poorly explained and very unintuative. So very disappointed, I hope these things can be easily resolved.",False,2018-08-30T04:20:06+00:00,2018-08-30T04:20:06+00:00,226.0,226.0,0.0,2.0,0.0,0.5038419961929321,False,False,False,False,76561198012228748,,2.0,False,False,386,64,3.7666666666666666,3.7666666666666666,3-10h,negative
44463781,490930,need-to-know,Need to Know,english,A bit clunky to get into but once you figure things out the game itself is quite intriguing.,A bit clunky to get into but once you figure things out the game itself is quite intriguing.,True,2018-08-30T12:05:17+00:00,2018-08-30T12:05:17+00:00,285.0,285.0,0.0,5.0,0.0,0.523809552192688,True,False,False,False,76561198031307017,,3.0,False,False,92,18,4.75,4.75,3-10h,positive
44464577,490930,need-to-know,Need to Know,english,"The Developers have really worked on this since release, and although I would have liked them to release the game after doing an insane amount of bug stomping, I appreciate the hard work they've put into making the game better.

It's a great game, and worth your time; a long story, interesting missions and great plot","The Developers have really worked on this since release, and although I would have liked them to release the game after doing an insane amount of bug stomping, I appreciate the hard work they've put into making the game better. It's a great game, and worth your time; a long story, interesting missions and great plot",True,2018-08-30T12:51:56+00:00,2018-11-23T14:50:04+00:00,1679.0,1679.0,0.0,0.0,0.0,0.5731214284896851,True,False,False,False,76561198016845817,,5.0,False,False,317,56,27.983333333333334,27.983333333333334,10h+,positive
44464723,490930,need-to-know,Need to Know,english,"This is a terrible game and I hate that I backed it. The music was bad, the dialogue was worse and the story ruins any fun that could be had from the ""searching for badguys"" aspect of it.","This is a terrible game and I hate that I backed it. The music was bad, the dialogue was worse and the story ruins any fun that could be had from the ""searching for badguys"" aspect of it.",False,2018-08-30T13:00:36+00:00,2018-08-30T13:00:36+00:00,56.0,56.0,0.0,3.0,0.0,0.5010504126548767,False,False,False,False,76561197970749607,,20.0,False,False,187,38,0.9333333333333333,0.9333333333333333,0-1h,negative
44467707,490930,need-to-know,Need to Know,english,"Great concept, but the game is a buggy mess right now. Avoid until they fix the bugs.","Great concept, but the game is a buggy mess right now. Avoid until they fix the bugs.",False,2018-08-30T15:33:29+00:00,2018-08-30T15:33:29+00:00,763.0,763.0,0.0,5.0,1.0,0.5517609119415283,False,False,False,False,76561197972985547,,9.0,False,False,85,17,12.716666666666667,12.716666666666667,10h+,negative
44470642,490930,need-to-know,Need to Know,english,How do I return this?,How do I return this?,False,2018-08-30T18:07:21+00:00,2018-08-30T18:07:21+00:00,899.0,35.0,0.0,2.0,0.0,0.4793093800544739,True,False,False,False,76561198022732138,,1.0,False,False,21,5,14.983333333333333,0.5833333333333334,0-1h,negative
44471430,490930,need-to-know,Need to Know,english,Interesting game but tells you very little to get you started leaving you fumbling around.,Interesting game but tells you very little to get you started leaving you fumbling around.,True,2018-08-30T18:52:36+00:00,2018-08-30T18:52:36+00:00,48.0,48.0,0.0,1.0,0.0,0.5,False,False,False,False,76561197998988711,,182.0,False,False,90,15,0.8,0.8,0-1h,positive
44474902,490930,need-to-know,Need to Know,english,"Will probably be good in 6 to 12 months. Currently not woth your time.

Pros:
Compelling Story
Interesting Plot Development
Nice Artwork

Cons:
Unituitive & slow UI
Unclear fail conditions within the first few minutes of starting
Strange save points (It is possible to be stuck in a loop of failure as the savepoint is after a wrong decision, but before the game ends).
Settings menu is basically empty of options.
The entire map constantly pans for no reason making it hard to use.

How to fix quickly: Remove the pointless animation of game elements like buttons and evidence.
Remove the insane pauses between actions.
Give the player more time to play and less time to wait around for boring animations to finish.
Clearly explain how new rules work
PLAYTEST THE GAME A FEW TIMES!

TL;DR: I have been a long time backer of this game but I can't recommend it in its current state. 
","Will probably be good in 6 to 12 months. Currently not woth your time. Pros: Compelling Story Interesting Plot Development Nice Artwork Cons: Unituitive & slow UI Unclear fail conditions within the first few minutes of starting Strange save points (It is possible to be stuck in a loop of failure as the savepoint is after a wrong decision, but before the game ends). Settings menu is basically empty of options. The entire map constantly pans for no reason making it hard to use. How to fix quickly: Remove the pointless animation of game elements like buttons and evidence. Remove the insane pauses between actions. Give the player more time to play and less time to wait around for boring animations to finish. Clearly explain how new rules work PLAYTEST THE GAME A FEW TIMES! TL;DR: I have been a long time backer of this game but I can't recommend it in its current state.",False,2018-08-30T22:20:23+00:00,2018-08-30T22:20:23+00:00,1672.0,651.0,0.0,3.0,0.0,0.5067230463027954,False,False,False,False,76561198080825637,,14.0,False,False,877,155,27.866666666666667,10.85,10h+,negative
44475043,490930,need-to-know,Need to Know,english,"UI issues, unclear expectations of how to proceed and no tutorial with every game option unlocked far before you need them.
  
I ignored the person blackmailing you into giving them confidental information and nothing happened even at 0/10 trust. 

Your dialog choices can give you a game over both at the start and some way into the game, and the writing is a bit ham-fisted at times.

You're disproportionately penalized for mistakes compared to rewarded for correct observations.

In short: Even two patches in and it's still a frustrating game to play, despite how much I enjoy the concept.","UI issues, unclear expectations of how to proceed and no tutorial with every game option unlocked far before you need them. I ignored the person blackmailing you into giving them confidental information and nothing happened even at 0/10 trust. Your dialog choices can give you a game over both at the start and some way into the game, and the writing is a bit ham-fisted at times. You're disproportionately penalized for mistakes compared to rewarded for correct observations. In short: Even two patches in and it's still a frustrating game to play, despite how much I enjoy the concept.",False,2018-08-30T22:31:08+00:00,2018-08-30T22:31:08+00:00,849.0,416.0,0.0,4.0,0.0,0.5077454447746277,False,False,False,False,76561197995947148,,5.0,False,False,587,99,14.15,6.933333333333334,3-10h,negative
44475983,490930,need-to-know,Need to Know,english,"I've greatly enjoyed the plot of this game and have seen it becoming more and more interesting with each new mission. 

While I'm pained to say this needs more work for a fantastic premise, I'm afraid it must be said that there persistent need of a toutorial and better introduction of tools. 

For this reason I can understand mixed reception, but with updates I can see the wonderful game beeneth these issues shining through.

Despite feeling a little like I needed to struggle through what I've played so far, I still reccomend this game on it's engaging story and fun if occasionally unclear mechanics.","I've greatly enjoyed the plot of this game and have seen it becoming more and more interesting with each new mission. While I'm pained to say this needs more work for a fantastic premise, I'm afraid it must be said that there persistent need of a toutorial and better introduction of tools. For this reason I can understand mixed reception, but with updates I can see the wonderful game beeneth these issues shining through. Despite feeling a little like I needed to struggle through what I've played so far, I still reccomend this game on it's engaging story and fun if occasionally unclear mechanics.",True,2018-08-30T23:44:34+00:00,2018-08-30T23:44:34+00:00,544.0,164.0,0.0,5.0,0.0,0.5167819857597351,False,False,False,False,76561197999455036,,4.0,False,False,602,104,9.066666666666666,2.7333333333333334,1-3h,positive
44476074,490930,need-to-know,Need to Know,english,"Looks promising, wait for updates.","Looks promising, wait for updates.",False,2018-08-30T23:51:04+00:00,2018-08-30T23:51:04+00:00,20.0,7.0,0.0,4.0,0.0,0.49525079131126404,False,False,False,False,76561197971911471,,12.0,False,False,34,5,0.3333333333333333,0.11666666666666667,0-1h,negative
44476901,490930,need-to-know,Need to Know,english,The developers have really worked a lot on this and they should be commended. The game is still not very pretty but it is now almost bugless and offers a very interesting story and a stimulating gameplay.,The developers have really worked a lot on this and they should be commended. The game is still not very pretty but it is now almost bugless and offers a very interesting story and a stimulating gameplay.,True,2018-08-31T00:57:03+00:00,2021-03-20T16:04:34+00:00,1938.0,496.0,0.0,0.0,0.0,0.49452540278434753,False,False,False,False,76561197993149868,,7.0,False,False,204,37,32.3,8.266666666666667,3-10h,positive
44478458,490930,need-to-know,Need to Know,english,"I preorderd this game. I am so disapointed with it. It begins with a story which probably has nothing to do with the actual game, and damn Steve keeps winking. There is no 'training' or 'tutorial' to be found, no controlls listed, and once I click on something there is no way to go back. I don;t know what to do with this game. Can I get a refund on my $13 from 2 years ago?","I preorderd this game. I am so disapointed with it. It begins with a story which probably has nothing to do with the actual game, and damn Steve keeps winking. There is no 'training' or 'tutorial' to be found, no controlls listed, and once I click on something there is no way to go back. I don;t know what to do with this game. Can I get a refund on my $13 from 2 years ago?",False,2018-08-31T03:08:52+00:00,2018-08-31T03:08:52+00:00,696.0,222.0,0.0,7.0,1.0,0.5300270318984985,False,False,False,False,76561198067446357,,2.0,False,False,375,76,11.6,3.7,3-10h,negative
44479471,490930,need-to-know,Need to Know,english,"UPDATE 9/3: The game updating to version 1.05 just erased my 23+ hour savegame. This game is an unmitigated disaster. As they fix one thing, another thing fails.

-------

This game has multiple, significant bugs. It has a limited tutorial (they are fixing this), leaves you unable to successsfully complete some missions without forced errors, and sometimes forces choices on you via bugs. It is borderline unplayable. Also, the nuances necessary to succeed are undefined to the point of frustration- one task called for sorting people into ""match,"" ""no match,"" or ""safe."" Now match is easy, but if you can figure out the difference between ""no match"" and ""safe"" based purely on the words (no real in game direction) then maybe this game is for your psychic mind. For everyone else, its just frustrating.

I really hope to see it improve in the future; as it stands now, its just another kickstarted unpolished game with little QA rolled out 90% ready.","UPDATE 9/3: The game updating to version 1.05 just erased my 23+ hour savegame. This game is an unmitigated disaster. As they fix one thing, another thing fails. ------- This game has multiple, significant bugs. It has a limited tutorial (they are fixing this), leaves you unable to successsfully complete some missions without forced errors, and sometimes forces choices on you via bugs. It is borderline unplayable. Also, the nuances necessary to succeed are undefined to the point of frustration- one task called for sorting people into ""match,"" ""no match,"" or ""safe."" Now match is easy, but if you can figure out the difference between ""no match"" and ""safe"" based purely on the words (no real in game direction) then maybe this game is for your psychic mind. For everyone else, its just frustrating. I really hope to see it improve in the future; as it stands now, its just another kickstarted unpolished game with little QA rolled out 90% ready.",False,2018-08-31T04:43:08+00:00,2018-09-03T15:36:29+00:00,2422.0,1350.0,0.0,7.0,0.0,0.5427578091621399,False,False,False,False,76561198011098289,,13.0,False,False,950,161,40.36666666666667,22.5,10h+,negative
44495962,490930,need-to-know,Need to Know,english,"I quite enjoy this game. Similar type of gameplay to ""Papers, Please"". Day of release, the game had quite a few bugs. They have since turned out 2 bug fixes and QoL updates. They are responding quite quickly to the communities complaints.","I quite enjoy this game. Similar type of gameplay to ""Papers, Please"". Day of release, the game had quite a few bugs. They have since turned out 2 bug fixes and QoL updates. They are responding quite quickly to the communities complaints.",True,2018-08-31T21:46:47+00:00,2018-08-31T21:46:47+00:00,2241.0,734.0,0.0,6.0,0.0,0.5454545617103577,False,False,False,False,76561198009095126,,3.0,False,False,238,42,37.35,12.233333333333333,10h+,positive
44496304,490930,need-to-know,Need to Know,english,I like the idea but I can't recommend this in it's current guise. It's too confusing given the complete lack of tutorial and the multiple bugs. I've got to a point where literally noting is happening and time is standing still. Keep an eye on this if you liked Papers Please but save your money until the devs fix this.,I like the idea but I can't recommend this in it's current guise. It's too confusing given the complete lack of tutorial and the multiple bugs. I've got to a point where literally noting is happening and time is standing still. Keep an eye on this if you liked Papers Please but save your money until the devs fix this.,False,2018-08-31T22:11:47+00:00,2018-08-31T22:11:47+00:00,96.0,49.0,0.0,3.0,0.0,0.5045816898345947,False,False,False,False,76561197974195851,,1.0,False,False,319,60,1.6,0.8166666666666667,0-1h,negative
44496949,490930,need-to-know,Need to Know,english,I want to love the  game but bugs with the Deeplink tool are keeping me from progressing.  Going to drop it for a few months and see how it is after the devs do more patches.,I want to love the game but bugs with the Deeplink tool are keeping me from progressing. Going to drop it for a few months and see how it is after the devs do more patches.,False,2018-08-31T23:00:20+00:00,2018-08-31T23:00:20+00:00,514.0,487.0,0.0,3.0,0.0,0.5045816898345947,False,False,False,False,76561198004066366,,29.0,False,False,172,36,8.566666666666666,8.116666666666667,3-10h,negative
44498468,490930,need-to-know,Need to Know,english,"Writing this on release + 3 : it took a hot minute to get used to the UI which, as almost all other reviews mention, has a confusing flow and unintuitive button areas. After that, it's a great game. Strong comparisons to be made with Orwell of course, but so far I think I prefer Need To Know. There's buckets more narrative and the actual process of doing things is less of just a steps puzzle and more involved and interesting.

I was an early bird kickstarter backer and I've been waiting for Need To Know for a good long while. After a few hours of light play, I'm happy with the game so far. A little polish on the UX in the form of better interaction cues and guides and it'll go from fun with a rocky start to an excellent experience.","Writing this on release + 3 : it took a hot minute to get used to the UI which, as almost all other reviews mention, has a confusing flow and unintuitive button areas. After that, it's a great game. Strong comparisons to be made with Orwell of course, but so far I think I prefer Need To Know. There's buckets more narrative and the actual process of doing things is less of just a steps puzzle and more involved and interesting. I was an early bird kickstarter backer and I've been waiting for Need To Know for a good long while. After a few hours of light play, I'm happy with the game so far. A little polish on the UX in the form of better interaction cues and guides and it'll go from fun with a rocky start to an excellent experience.",True,2018-09-01T00:55:21+00:00,2018-09-01T00:55:21+00:00,615.0,489.0,0.0,1.0,0.0,0.523809552192688,False,False,False,False,76561197999969399,,25.0,False,False,740,143,10.25,8.15,3-10h,positive
44500920,490930,need-to-know,Need to Know,english,"The game description says: ""You must spy on people’s deepest secrets, pick apart their private lives, and determine how dangerous they are. You can also resist these suffocating privacy invasions by aiding underground groups in leaking data to the media. Or, you can just use all of that juicy classified information for your own personal gain. Your call.""

I took this statement literally, and after my first major 'choice', I was told I failed and the game returned to the menu screen.

Now don't get me wrong. I have no problem with fail conditions in games, or even perma-death consquences to actions, but this fail condition was so illogical that it is [i]exceptionally[/i] unique amongst my experiences with video games and choice-driven RPGs. It went like this:

[spoiler]Civilian privacy protection group (TripWire) asks me to sell classified data to them instead of to an internal operative within the department itself. When they ask, I refuse.

Nevermind what you tell them, the game adds them to your buyer list anyway and assigns them a relationship meter. 

When I don't sell data to them the very first time I have the opportunity, and the relationship meter reaches 0, I get this text at the game-over screen:

""TripWire became dissatisfied with your lack of assistance and notified the Department. You have been arrested for treason.""

Arrested for treason....for [i]not[/i] selling classified government data to an outside group.[/spoiler]

Choice is expressly offered in the game description, but the choices are pointless when they merely determine [i]if[/i] you can continue instead of [i]how[/i] you continue.

Couple this with a lot of bugs, lack of tutorial and cluttered, clunky UI, and I simply can't recommend it in it's current state.

The game shows promise, but it needs polishing.


","The game description says: ""You must spy on people’s deepest secrets, pick apart their private lives, and determine how dangerous they are. You can also resist these suffocating privacy invasions by aiding underground groups in leaking data to the media. Or, you can just use all of that juicy classified information for your own personal gain. Your call."" I took this statement literally, and after my first major 'choice', I was told I failed and the game returned to the menu screen. Now don't get me wrong. I have no problem with fail conditions in games, or even perma-death consquences to actions, but this fail condition was so illogical that it is [i]exceptionally[/i] unique amongst my experiences with video games and choice-driven RPGs. It went like this: [spoiler]Civilian privacy protection group (TripWire) asks me to sell classified data to them instead of to an internal operative within the department itself. When they ask, I refuse. Nevermind what you tell them, the game adds them to your buyer list anyway and assigns them a relationship meter. When I don't sell data to them the very first time I have the opportunity, and the relationship meter reaches 0, I get this text at the game-over screen: ""TripWire became dissatisfied with your lack of assistance and notified the Department. You have been arrested for treason."" Arrested for treason....for [i]not[/i] selling classified government data to an outside group.[/spoiler] Choice is expressly offered in the game description, but the choices are pointless when they merely determine [i]if[/i] you can continue instead of [i]how[/i] you continue. Couple this with a lot of bugs, lack of tutorial and cluttered, clunky UI, and I simply can't recommend it in it's current state. The game shows promise, but it needs polishing.",False,2018-09-01T04:33:21+00:00,2018-09-01T04:33:21+00:00,252.0,252.0,0.0,168.0,5.0,0.9124804735183716,False,False,False,False,76561198036002183,,9.0,False,False,1800,292,4.2,4.2,3-10h,negative
44503684,490930,need-to-know,Need to Know,english,"I really liked the concept and really wanted to like the game, but it's just not there yet, my main issues are

Lack of meaningful decisions, like fallout 4 dialogue options  that all lead to the same place
Lack of tutorial for some aspects leading to situations of a fail state where you know the right answer, just not the arbitrary way they want it recorded. 
Lack of explaining what needs to be done, twice I failed a new section to sell data as it wasn't clear that a new area existed.
Unskippable sections. This means replay is you fail if boring and repetitive. Maybe an hour or 2 of grinding to get to the same place
Not being able to play my way. I should have more freedom who I side with and why, including not to work for someone 


Game has a lot of potential, I love the concept and the setting, but the gameplay just falls short. 

Hopefully there are some changes and I'll come back in a few weeks and try again, and update this review. 
","I really liked the concept and really wanted to like the game, but it's just not there yet, my main issues are Lack of meaningful decisions, like fallout 4 dialogue options that all lead to the same place Lack of tutorial for some aspects leading to situations of a fail state where you know the right answer, just not the arbitrary way they want it recorded. Lack of explaining what needs to be done, twice I failed a new section to sell data as it wasn't clear that a new area existed. Unskippable sections. This means replay is you fail if boring and repetitive. Maybe an hour or 2 of grinding to get to the same place Not being able to play my way. I should have more freedom who I side with and why, including not to work for someone Game has a lot of potential, I love the concept and the setting, but the gameplay just falls short. Hopefully there are some changes and I'll come back in a few weeks and try again, and update this review.",False,2018-09-01T08:24:46+00:00,2018-09-01T08:24:46+00:00,407.0,377.0,0.0,4.0,0.0,0.5045816898345947,True,False,False,False,76561198118510581,,1.0,False,False,944,180,6.783333333333333,6.283333333333333,3-10h,negative
44505151,490930,need-to-know,Need to Know,english,"Petty solid game if you like games like Uplink / Hacknet. You have to combine and double check by yourself. It is not like other games where you press X and get a hint or the solution to your current objective. 
The Story is very compelling, also the music lets you dive into the game.

With the latest Updates (1.02 / 1.03) this game gets even better. (The lack of tutorials can make it hard to get into the game, but once your reached CL 8 or 7 you should know how to handle new missions).","Petty solid game if you like games like Uplink / Hacknet. You have to combine and double check by yourself. It is not like other games where you press X and get a hint or the solution to your current objective. The Story is very compelling, also the music lets you dive into the game. With the latest Updates (1.02 / 1.03) this game gets even better. (The lack of tutorials can make it hard to get into the game, but once your reached CL 8 or 7 you should know how to handle new missions).",True,2018-09-01T10:02:24+00:00,2018-09-01T10:24:56+00:00,1408.0,652.0,0.0,3.0,0.0,0.523809552192688,True,False,False,False,76561198015189664,,2.0,False,False,489,96,23.466666666666665,10.866666666666667,10h+,positive
44508426,490930,need-to-know,Need to Know,english,"[h1]What is this game?[/h1]
It is the foremost NSA-watch-the-world-from-an-office simulator you will find as of the time of writing this review, and possibly for a long time.

You play a young man, joining a government agency. The rabbithole goes deep, and you are thrusted into a position of Orwellian surveillance, intrigue and thrill.

Starting at the bottom, you analyze simple things. Metadata, browser history and try to piece together a puzzle that is very clearly Need To Know. Given only slight glimpses of what is truly going on in this world. As you progress, you will advance in rank, getting a higher and higher level of clearance, and quickly find yourself face to face with the choice of whether or not to use your access for the good of the agency, the government, the country. the people or even yourself. 

Utilizing your powers of cyber-espionage to predict and even outright uncover your flings interests and hobbies, getting the IRS to get off your back, finding your sister/brother during an emergency or even getting out of paying your rent.

It very quickly becomes apparent what kind of power it actually is you are trusted with, and you will immediately realize why exactly it is so dangerous if left unchecked.

Don't just take it from me. Take it from the very person who knows this the best when he retweeted the game
[i]""Art imitates life.""
~Edward Snowden[/i]

[h1]Visuals[/h1]
The graphic artstyle of this game is great. It's minimalistic, but still detailed in the way it is done. The whole layout gives a sense of a point-and-click adventure, and for all intents and purposes it is.

Graphically, this game is unique in the way it focuses on the mechanics and uses the art direction to enhance them. You're never distracted by what's on the screen or in your peripheral vision, yet even after many hours (I'm writing this after a 24 hour bender on this game) it never ceases to be interesting or captivating. Artistically, it's very clear it was drawn by somebody who is passionate about the game, and it shows.

[h1]Gameplay & Mechanics[/h1]
The game had a very rough start at launch, with virtually no tutorial. That has been corrected. The team behind this game are very active both on the games own Subreddit, taking into account all the reports being thrown at them and have now rolled out the fourth daily patch in a row. Where else do you see that?

The gameplay itself is good. However, I will be the first to admit that it can be un-intuitive. They have and still are taking steps to improve on this, but the game itself doesn't suffer that heavily under the previous or current issues. It plays like one would very much expect of a game of this type, yet it manages to do [i]so much[/i] with the established fundamentals of the game. Despite having pre-ordered this the moment I saw it almost half a year ago (it has been in development since 2016 and undergone many redesigns), I was honestly afraid that it would end up like most games of this caliber do, where you end up feeling the developers grasping at straws, and the game for its breath as it tries to reskin the same old mechanics and play them off as changes to the gameplay. The gameplay [b]does not change[/b], and thats strangely enough the charm and appeal.

Connect the dots as you chain together events from mere fragments of information such as e-mails, texts, social media, phone calls, browser history, bank account transcripts and decide the fate of the very people you've been spying on from behind your screen. Will you label them a threat for speaking their mind in, what they assumed to be total privacy and confidence, or will you stand up and become a whistleblower and help bring down this omniscient, omnipotent government entity?

You do unlock new abilities progressively as you pass through the ranks of this fictional quasi-NSA government agency, but they do not change the way the game plays, only improve and enhance upon it. All too often do you see games desperately trying to change its own formula throughout the span of the game, and it more often than not ends up sweeping the rug out from under themselves. You won't find that here.

I have never been much for point-and-click games. So much so that I own none except for Orwell and Need to Know. If you have played Orwell, you will without a doubt find yourself enamored with this title.

On a final note, I'll add that there is a story. Getting into it here wouldn't do it justice, and I haven't even completed the game yet. But it will draw you in. Seemingly unrelated events tie together into something larger, and as you scale the ranks of this clandestine government, denying counter-surveillance groups information (or perhaps supplying it yourself), so does the plot thicken and grow.

I would most definitely recommend this game to pretty much anybody who likes a captivating experience.

It is not without flaws, but the developers have rolled out daily fixes since release, and are obviously very passionate about this game. It's not early access, but it isn't a triple-A polished and buffed product, either. But it is getting there.","[h1]What is this game?[/h1] It is the foremost NSA-watch-the-world-from-an-office simulator you will find as of the time of writing this review, and possibly for a long time. You play a young man, joining a government agency. The rabbithole goes deep, and you are thrusted into a position of Orwellian surveillance, intrigue and thrill. Starting at the bottom, you analyze simple things. Metadata, browser history and try to piece together a puzzle that is very clearly Need To Know. Given only slight glimpses of what is truly going on in this world. As you progress, you will advance in rank, getting a higher and higher level of clearance, and quickly find yourself face to face with the choice of whether or not to use your access for the good of the agency, the government, the country. the people or even yourself. Utilizing your powers of cyber-espionage to predict and even outright uncover your flings interests and hobbies, getting the IRS to get off your back, finding your sister/brother during an emergency or even getting out of paying your rent. It very quickly becomes apparent what kind of power it actually is you are trusted with, and you will immediately realize why exactly it is so dangerous if left unchecked. Don't just take it from me. Take it from the very person who knows this the best when he retweeted the game [i]""Art imitates life."" ~Edward Snowden[/i] [h1]Visuals[/h1] The graphic artstyle of this game is great. It's minimalistic, but still detailed in the way it is done. The whole layout gives a sense of a point-and-click adventure, and for all intents and purposes it is. Graphically, this game is unique in the way it focuses on the mechanics and uses the art direction to enhance them. You're never distracted by what's on the screen or in your peripheral vision, yet even after many hours (I'm writing this after a 24 hour bender on this game) it never ceases to be interesting or captivating. Artistically, it's very clear it was drawn by somebody who is passionate about the game, and it shows. [h1]Gameplay & Mechanics[/h1] The game had a very rough start at launch, with virtually no tutorial. That has been corrected. The team behind this game are very active both on the games own Subreddit, taking into account all the reports being thrown at them and have now rolled out the fourth daily patch in a row. Where else do you see that? The gameplay itself is good. However, I will be the first to admit that it can be un-intuitive. They have and still are taking steps to improve on this, but the game itself doesn't suffer that heavily under the previous or current issues. It plays like one would very much expect of a game of this type, yet it manages to do [i]so much[/i] with the established fundamentals of the game. Despite having pre-ordered this the moment I saw it almost half a year ago (it has been in development since 2016 and undergone many redesigns), I was honestly afraid that it would end up like most games of this caliber do, where you end up feeling the developers grasping at straws, and the game for its breath as it tries to reskin the same old mechanics and play them off as changes to the gameplay. The gameplay [b]does not change[/b], and thats strangely enough the charm and appeal. Connect the dots as you chain together events from mere fragments of information such as e-mails, texts, social media, phone calls, browser history, bank account transcripts and decide the fate of the very people you've been spying on from behind your screen. Will you label them a threat for speaking their mind in, what they assumed to be total privacy and confidence, or will you stand up and become a whistleblower and help bring down this omniscient, omnipotent government entity? You do unlock new abilities progressively as you pass through the ranks of this fictional quasi-NSA government agency, but they do not change the way the game plays, only improve and enhance upon it. All too often do you see games desperately trying to change its own formula throughout the span of the game, and it more often than not ends up sweeping the rug out from under themselves. You won't find that here. I have never been much for point-and-click games. So much so that I own none except for Orwell and Need to Know. If you have played Orwell, you will without a doubt find yourself enamored with this title. On a final note, I'll add that there is a story. Getting into it here wouldn't do it justice, and I haven't even completed the game yet. But it will draw you in. Seemingly unrelated events tie together into something larger, and as you scale the ranks of this clandestine government, denying counter-surveillance groups information (or perhaps supplying it yourself), so does the plot thicken and grow. I would most definitely recommend this game to pretty much anybody who likes a captivating experience. It is not without flaws, but the developers have rolled out daily fixes since release, and are obviously very passionate about this game. It's not early access, but it isn't a triple-A polished and buffed product, either. But it is getting there.",True,2018-09-01T13:17:49+00:00,2018-09-01T13:20:07+00:00,2457.0,1965.0,0.0,1.0,0.0,0.5222930312156677,False,False,False,False,76561197990285609,,30.0,False,False,5114,887,40.95,32.75,10h+,positive
44512983,490930,need-to-know,Need to Know,english,"They're still working out a few of the kinks, but I've found the game to be quite fun.  There is a steeper learning curve than most games, but on the other hand, I sort of feel like it fits the game layout of the steep learning curve of a new job.

I might re-review it later, but I doubt that I'll ever be dis-recommending it..","They're still working out a few of the kinks, but I've found the game to be quite fun. There is a steeper learning curve than most games, but on the other hand, I sort of feel like it fits the game layout of the steep learning curve of a new job. I might re-review it later, but I doubt that I'll ever be dis-recommending it..",True,2018-09-01T17:16:29+00:00,2018-09-01T17:16:29+00:00,383.0,367.0,0.0,0.0,0.0,0.5,False,False,False,False,76561198027285014,,13.0,False,False,326,65,6.383333333333334,6.116666666666666,3-10h,positive
44515357,490930,need-to-know,Need to Know,english,"v1.0: There were quite some issue, in general with the UX/UI. I decided to not play it after 30mins.

v1.04: I started a new game, the whole entry is a lot better and finally I understand how the tools work.

TL;DR(after v1.04): 
Not sure what KS backers were promised, but if you liked ""Papers, please!"" you might l like this one too.","v1.0: There were quite some issue, in general with the UX/UI. I decided to not play it after 30mins. v1.04: I started a new game, the whole entry is a lot better and finally I understand how the tools work. TL;DR(after v1.04): Not sure what KS backers were promised, but if you liked ""Papers, please!"" you might l like this one too.",True,2018-09-01T19:35:34+00:00,2018-09-01T19:35:34+00:00,207.0,207.0,0.0,14.0,1.0,0.6545397043228149,True,False,False,False,76561197978989691,,28.0,False,False,332,62,3.45,3.45,3-10h,positive
44518418,490930,need-to-know,Need to Know,english,"The game had a few, in my opinion minor, flaws at the start but it's still fun. I enjoy the fact that this game actually makes me think and look for little details. I was confused by the lack of tutorial but I managed to figure things out and I am glad to see they have since added one in. The devs are releasing daily fixes and seem to be staying on top of things and actually listening to feedback. 

TL;DR: Game was pretty good; Devs making constant improvents: now game is better.","The game had a few, in my opinion minor, flaws at the start but it's still fun. I enjoy the fact that this game actually makes me think and look for little details. I was confused by the lack of tutorial but I managed to figure things out and I am glad to see they have since added one in. The devs are releasing daily fixes and seem to be staying on top of things and actually listening to feedback. TL;DR: Game was pretty good; Devs making constant improvents: now game is better.",True,2018-09-01T22:55:32+00:00,2018-09-01T22:55:32+00:00,183.0,170.0,0.0,0.0,0.0,0.5,True,False,False,False,76561198035099469,,48.0,False,False,482,93,3.05,2.8333333333333335,1-3h,positive
44518976,490930,need-to-know,Need to Know,english,"I've enoyed the game and it's definitely worth giving it a go if the premise intrigues you, especially if you can find it on sale. The experience can only improve as time goes by and patches are released. 

The gameplay at the beginning of the game is fairly dull, a strange mix of taking it easy on you while also explaining nothing about what you're meant to be doing. As apt a description of starting a new job as it is, it doesn't make for exciting gameplay. The game does pick up however, ultimately morphing into an enjoyable, if somewhat repetitive, experience. 

Sadly the game is marred by many many bugs and inconsistincies, ranging from complete crashes or unrendered screens, to small iritations like a suspect from a 1970's communist group being aged 19 in 2023. Honestly it is the latter which is the most annoying, having to restart the game a few times in kind of par for the course on a newly released title but the consistent lack of attention to detail is grating in a game which is entirely about the details...

","I've enoyed the game and it's definitely worth giving it a go if the premise intrigues you, especially if you can find it on sale. The experience can only improve as time goes by and patches are released. The gameplay at the beginning of the game is fairly dull, a strange mix of taking it easy on you while also explaining nothing about what you're meant to be doing. As apt a description of starting a new job as it is, it doesn't make for exciting gameplay. The game does pick up however, ultimately morphing into an enjoyable, if somewhat repetitive, experience. Sadly the game is marred by many many bugs and inconsistincies, ranging from complete crashes or unrendered screens, to small iritations like a suspect from a 1970's communist group being aged 19 in 2023. Honestly it is the latter which is the most annoying, having to restart the game a few times in kind of par for the course on a newly released title but the consistent lack of attention to detail is grating in a game which is entirely about the details...",True,2018-09-01T23:39:11+00:00,2018-09-01T23:39:11+00:00,1359.0,1359.0,0.0,0.0,0.0,0.5,False,False,False,False,76561198008663440,,5.0,False,False,1027,185,22.65,22.65,10h+,positive
44519694,490930,need-to-know,Need to Know,english,"Rubbish!  Backed this game on kickstarter and waited a long time for it. Did anyone actually test this game?  No clear instructions on what you need to do.  You want me to report suspects that match certain criteria..... Well I do that but I still get 5 wrong.  Which ones!?!?!? What a mess.  Point and click, point and click.  No game here at all.  Save yourself the money and buy something like papers please or uplink.  Very dissappointed.","Rubbish! Backed this game on kickstarter and waited a long time for it. Did anyone actually test this game? No clear instructions on what you need to do. You want me to report suspects that match certain criteria..... Well I do that but I still get 5 wrong. Which ones!?!?!? What a mess. Point and click, point and click. No game here at all. Save yourself the money and buy something like papers please or uplink. Very dissappointed.",False,2018-09-02T00:39:16+00:00,2018-09-02T00:39:16+00:00,162.0,145.0,0.0,5.0,0.0,0.5359233617782593,False,False,False,False,76561197971028361,,4.0,False,False,434,78,2.7,2.4166666666666665,1-3h,negative
44521499,490930,need-to-know,Need to Know,english,"Okay, so here we go. I've reached up to CL 3 now and have played the alpha version of this game as well. It's quite a bit of fun and I'm enjoying it.  PLEASE TRY THIS GAME. THE GRIND PAYS OFF.

Pros:
Neat concept, reasonably well executed by what I understand is a fairly novice indy team.
Developers are fixing the bugs
The art style is neat  (was kind of getting tired of Indy game meaning pixelart)
The CODEX facts are kinda funny sometimes and the little easteregg info bits are a nice touch.
The story is reasonably engaging
Fun sort of puzzle-type game
Doesn't feel like papers please
Hope to see new stuff get added in future as Devs are being fairly responsive to community input
The UI is well-optimized (especially when compared to the Beta)
Soundtrack isn't bad either.
The characters do actually feel like real people.
Cons

Sometimes the rules aren't always super clear and this can lead to some serious mission screwups (however, fret not, even if you get a huge compliance ding you can either A) exit the mission before going home (this will restart it from the login screen or B) Just eat the compliance hit because usually the next mission is more forgiving it's usually a couple easy missions then a kind of tough one and then a few easier ones)

The missions can feel a little grind-y. 

There's some stuff missing that seems like it should be there (There's no stock trading system as promised, the shop only has a handfull of items to buy, no cars or anything like what was in the original trailer for this game).

The first couple CLs are a grind. I've got almost 17 hours into the game and I'm at CL 3 (you start at 10). The real fun doesn't really start until about CL 6 or so and I think that's pushing a couple people away from the game.

The Data selling thing is just kind of super annoying and stretches the gameplay out unnecessarily while adding little to the story.

Wish there were more character customization options. 


TL;DR: Neat indy game, responsive development team. Can be a little grind-y through the first bit but gets pretty good after that.","Okay, so here we go. I've reached up to CL 3 now and have played the alpha version of this game as well. It's quite a bit of fun and I'm enjoying it. PLEASE TRY THIS GAME. THE GRIND PAYS OFF. Pros: Neat concept, reasonably well executed by what I understand is a fairly novice indy team. Developers are fixing the bugs The art style is neat (was kind of getting tired of Indy game meaning pixelart) The CODEX facts are kinda funny sometimes and the little easteregg info bits are a nice touch. The story is reasonably engaging Fun sort of puzzle-type game Doesn't feel like papers please Hope to see new stuff get added in future as Devs are being fairly responsive to community input The UI is well-optimized (especially when compared to the Beta) Soundtrack isn't bad either. The characters do actually feel like real people. Cons Sometimes the rules aren't always super clear and this can lead to some serious mission screwups (however, fret not, even if you get a huge compliance ding you can either A) exit the mission before going home (this will restart it from the login screen or B) Just eat the compliance hit because usually the next mission is more forgiving it's usually a couple easy missions then a kind of tough one and then a few easier ones) The missions can feel a little grind-y. There's some stuff missing that seems like it should be there (There's no stock trading system as promised, the shop only has a handfull of items to buy, no cars or anything like what was in the original trailer for this game). The first couple CLs are a grind. I've got almost 17 hours into the game and I'm at CL 3 (you start at 10). The real fun doesn't really start until about CL 6 or so and I think that's pushing a couple people away from the game. The Data selling thing is just kind of super annoying and stretches the gameplay out unnecessarily while adding little to the story. Wish there were more character customization options. TL;DR: Neat indy game, responsive development team. Can be a little grind-y through the first bit but gets pretty good after that.",True,2018-09-02T03:19:29+00:00,2018-09-02T03:19:29+00:00,1234.0,1234.0,0.0,1.0,0.0,0.5,False,False,False,False,76561198011229784,,22.0,False,False,2073,376,20.566666666666666,20.566666666666666,10h+,positive
44535819,490930,need-to-know,Need to Know,english,"The game has a lot of missions with mature, political and real life-inspired events. I'm surprised how the story telling keeps holding me after 25 hours, and I'm only Clearance Level 3, not even the end game. The game has a really good writing and variety of situations.

The whole experience is sadly spoils by some bad UI design choices and a serious lack of polish at release. The devs seems to double their effort to correct this with a lot of fixes.

Otherwise the immersion is really involving as you up the ranks with more and more decision-making, secrets, conspiracy, twist and questioning about your real mission, motivation, moral.","The game has a lot of missions with mature, political and real life-inspired events. I'm surprised how the story telling keeps holding me after 25 hours, and I'm only Clearance Level 3, not even the end game. The game has a really good writing and variety of situations. The whole experience is sadly spoils by some bad UI design choices and a serious lack of polish at release. The devs seems to double their effort to correct this with a lot of fixes. Otherwise the immersion is really involving as you up the ranks with more and more decision-making, secrets, conspiracy, twist and questioning about your real mission, motivation, moral.",True,2018-09-02T18:34:57+00:00,2018-09-02T18:36:41+00:00,2075.0,1846.0,0.0,3.0,0.0,0.523809552192688,False,False,False,False,76561197981928556,,31.0,False,False,640,110,34.583333333333336,30.766666666666666,10h+,positive
44553267,490930,need-to-know,Need to Know,english,"Bugs, bugs everywhere.","Bugs, bugs everywhere.",False,2018-09-03T17:37:44+00:00,2018-09-03T17:37:44+00:00,792.0,85.0,0.0,1.0,0.0,0.4660797715187073,False,False,False,False,76561197985085936,,47.0,False,True,22,3,13.2,1.4166666666666667,1-3h,negative
44553289,490930,need-to-know,Need to Know,english,"This game seriously sucks. It's a poor rip off of papers please with out the cool story line, rules that don't make sense, a truely frustrating and awful UI. I mark people as threats when they violate the rules, I get yelled at. I don't mark people as threats I still get yelled at. 

All in all, pretty obvious no one play tested the game. Which is sad considering how delayed the game is. Wait for a lot of patching before considering buying. Does have the traces of a cool story, just too frustrating to play to be worth following. Don't buy.","This game seriously sucks. It's a poor rip off of papers please with out the cool story line, rules that don't make sense, a truely frustrating and awful UI. I mark people as threats when they violate the rules, I get yelled at. I don't mark people as threats I still get yelled at. All in all, pretty obvious no one play tested the game. Which is sad considering how delayed the game is. Wait for a lot of patching before considering buying. Does have the traces of a cool story, just too frustrating to play to be worth following. Don't buy.",False,2018-09-03T17:39:04+00:00,2018-09-03T17:39:04+00:00,1186.0,176.0,0.0,3.0,0.0,0.47644558548927307,False,False,False,False,76561198030784268,,16.0,False,False,543,102,19.766666666666666,2.933333333333333,1-3h,negative
44557007,490930,need-to-know,Need to Know,english,"Very good game! The sound muting feature does not work, but other then that it is a wonderful game!","Very good game! The sound muting feature does not work, but other then that it is a wonderful game!",True,2018-09-03T21:32:45+00:00,2018-09-03T21:32:45+00:00,1499.0,228.0,0.0,1.0,0.0,0.5,True,False,False,False,76561198279459188,,3.0,False,False,99,19,24.983333333333334,3.8,3-10h,positive
44557267,490930,need-to-know,Need to Know,english,"I've enjoyed this game when it's made sense, unfortunately as you progress it gets more and more convoluted and less and less consistent in the results it gives you.

Firstly, the lack of tutorials is a glaring omission, having to try and work out what you're supposed to do can be frustrating at times.

Secondly: The interface is unresponsive and a bit of a mess. Having to cover a chunk of your screen real estate with the 'requirements' panel makes it hard to look at evidence and requirements at the same time, and having to click on your badge to start the mission with no hint whatsoever is a massive oversight.

My major bugbear however: Sometimes you miss evidence because it wasn't actually in the requirements. Other times, you flag evidence that matches the requirements, but apparently one or two specific pieces don't count. The most infuriating example of this I found was when a name was misspelled - an O had been substituted for an A, which led me to believe that it wasn't a match for what I was looking for (often homonyms or similar spellings are used to try and throw you off). In this case, it was an actual spelling mistake that had somehow made it through to the final product. Errors like this are a dealbreaker for me - It adds too much of a random element to the game, especially when the penalties for missing something or getting something wrong are so severe.

About those penalties: Get everything right from a pool of 18 and you'll get a modest boost, miss a couple of things out of a pool of 20 and you lose a ton of points. Balance is totally off, and because it's a 100% scale, knocking it out of the park early on doesn't buffer you against getting screwed by inconistent missions later on.

Bugs-wise, the only ones I've seen so far are message alerts on your phone flashing up so quick that you'll miss them if you blink, and a conversation going on whilst I was supposed to be doing something else. Nothing game-breaking yet, but I wouldn't be surprised if I found something more problematic in future.

Until the inconsistencies are fixed, I can't recommend this game. It's frustrating, as it had so much potential and I really wanted to like it.

","I've enjoyed this game when it's made sense, unfortunately as you progress it gets more and more convoluted and less and less consistent in the results it gives you. Firstly, the lack of tutorials is a glaring omission, having to try and work out what you're supposed to do can be frustrating at times. Secondly: The interface is unresponsive and a bit of a mess. Having to cover a chunk of your screen real estate with the 'requirements' panel makes it hard to look at evidence and requirements at the same time, and having to click on your badge to start the mission with no hint whatsoever is a massive oversight. My major bugbear however: Sometimes you miss evidence because it wasn't actually in the requirements. Other times, you flag evidence that matches the requirements, but apparently one or two specific pieces don't count. The most infuriating example of this I found was when a name was misspelled - an O had been substituted for an A, which led me to believe that it wasn't a match for what I was looking for (often homonyms or similar spellings are used to try and throw you off). In this case, it was an actual spelling mistake that had somehow made it through to the final product. Errors like this are a dealbreaker for me - It adds too much of a random element to the game, especially when the penalties for missing something or getting something wrong are so severe. About those penalties: Get everything right from a pool of 18 and you'll get a modest boost, miss a couple of things out of a pool of 20 and you lose a ton of points. Balance is totally off, and because it's a 100% scale, knocking it out of the park early on doesn't buffer you against getting screwed by inconistent missions later on. Bugs-wise, the only ones I've seen so far are message alerts on your phone flashing up so quick that you'll miss them if you blink, and a conversation going on whilst I was supposed to be doing something else. Nothing game-breaking yet, but I wouldn't be surprised if I found something more problematic in future. Until the inconsistencies are fixed, I can't recommend this game. It's frustrating, as it had so much potential and I really wanted to like it.",False,2018-09-03T21:53:46+00:00,2018-09-03T21:53:46+00:00,490.0,449.0,0.0,12.0,0.0,0.6409520506858826,False,False,False,False,76561197966115004,,2.0,False,False,2181,393,8.166666666666666,7.483333333333333,3-10h,negative
44559006,490930,need-to-know,Need to Know,english,"Real fun game! Bit hard to figure out everything in the beginning, but in the end you get the hang of it. I really like that the game is mainly focused around my character's story and not only the agency's. Story sometimes goes a bit slow and it almost gets repetitive before you get new powers, but not enough to severely bother me.
Great fun all around, more importantly when you get to the juicier stuff and get powers that have more effect on the world! Love it!","Real fun game! Bit hard to figure out everything in the beginning, but in the end you get the hang of it. I really like that the game is mainly focused around my character's story and not only the agency's. Story sometimes goes a bit slow and it almost gets repetitive before you get new powers, but not enough to severely bother me. Great fun all around, more importantly when you get to the juicier stuff and get powers that have more effect on the world! Love it!",True,2018-09-04T00:30:50+00:00,2018-09-04T00:30:50+00:00,589.0,382.0,0.0,2.0,0.0,0.5,False,False,False,False,76561198053054636,,11.0,False,False,466,88,9.816666666666666,6.366666666666666,3-10h,positive
44576397,490930,need-to-know,Need to Know,english,"A combination of Orwell and Papers Please, this game will be fun if you enjoyed either of those. The developers have been constantly updating bugs and typos as well as adding tutorials. I find it to be lots of fun even if it can seem like a bit of a grind sometimes, I appreciate the story that is placed between missions. 

Many of the complaints from other reviewers have been addressed.","A combination of Orwell and Papers Please, this game will be fun if you enjoyed either of those. The developers have been constantly updating bugs and typos as well as adding tutorials. I find it to be lots of fun even if it can seem like a bit of a grind sometimes, I appreciate the story that is placed between missions. Many of the complaints from other reviewers have been addressed.",True,2018-09-05T03:02:41+00:00,2018-09-05T03:02:41+00:00,646.0,588.0,0.0,7.0,0.0,0.5419602394104004,False,False,False,False,76561197990187840,,3.0,False,False,387,71,10.766666666666667,9.8,3-10h,positive
44596414,490930,need-to-know,Need to Know,english,Beautiful game and loving the puzzle mechanic of correlating evidence.,Beautiful game and loving the puzzle mechanic of correlating evidence.,True,2018-09-06T09:13:15+00:00,2018-09-06T09:13:15+00:00,60.0,60.0,0.0,4.0,0.0,0.5,True,False,False,False,76561198004131853,,1.0,False,False,70,10,1.0,1.0,1-3h,positive
44607749,490930,need-to-know,Need to Know,english,"Many of my initial gripes with the lack of instructions for the game mechanics were resolved within 48 hours. The Dev's are ontop of getting this game into a clean & playable state.

Totally worth your money. The Dev's have been extremley responsive and open with the community regarding changes/patches.",Many of my initial gripes with the lack of instructions for the game mechanics were resolved within 48 hours. The Dev's are ontop of getting this game into a clean & playable state. Totally worth your money. The Dev's have been extremley responsive and open with the community regarding changes/patches.,True,2018-09-07T01:20:23+00:00,2018-09-07T01:20:23+00:00,140.0,108.0,0.0,4.0,0.0,0.5258620381355286,False,False,False,False,76561198021750475,,1.0,False,False,303,50,2.3333333333333335,1.8,1-3h,positive
44609499,490930,need-to-know,Need to Know,english,Still a work in progress!,Still a work in progress!,True,2018-09-07T04:54:47+00:00,2018-09-07T04:54:47+00:00,614.0,360.0,0.0,0.0,0.0,0.5,False,False,False,False,76561198015372618,,56.0,False,False,25,5,10.233333333333333,6.0,3-10h,positive
44627794,490930,need-to-know,Need to Know,english,"Having only reached [spoiler]Clearance Level 7[/spoiler], I can safely say that this game is brilliant!
One of the videos that I saw compared this to a merge between Papers Please (A game by Lucas Pope) and the National Security Agency, and that description is quite apt.
You work for the Department of Liberty, working your way through five alert levels including [spoiler]Emerald, Azure and Violet[/spoiler], similar to the Defense Condition (DEFCON) levels of the United States of America.
You have varying asignments ranging from [spoiler]Threat Analysis[/spoiler] to [spoiler]Murder Investigations[/spoiler].
With the amount of adverse content in this game, it is a must-buy for anyone who enjoyed Papers Please!","Having only reached [spoiler]Clearance Level 7[/spoiler], I can safely say that this game is brilliant! One of the videos that I saw compared this to a merge between Papers Please (A game by Lucas Pope) and the National Security Agency, and that description is quite apt. You work for the Department of Liberty, working your way through five alert levels including [spoiler]Emerald, Azure and Violet[/spoiler], similar to the Defense Condition (DEFCON) levels of the United States of America. You have varying asignments ranging from [spoiler]Threat Analysis[/spoiler] to [spoiler]Murder Investigations[/spoiler]. With the amount of adverse content in this game, it is a must-buy for anyone who enjoyed Papers Please!",True,2018-09-08T07:53:05+00:00,2018-09-08T07:53:49+00:00,982.0,473.0,0.0,3.0,0.0,0.5,True,False,False,False,76561198267433956,,5.0,False,False,717,108,16.366666666666667,7.883333333333334,3-10h,positive
44642202,490930,need-to-know,Need to Know,english,been playing since it came out on humble and it has only gotten better,been playing since it came out on humble and it has only gotten better,True,2018-09-09T00:06:04+00:00,2018-09-09T00:06:04+00:00,216.0,93.0,0.0,0.0,0.0,0.5,False,False,False,False,76561198079537443,,58.0,False,False,70,14,3.6,1.55,1-3h,positive
44642543,490930,need-to-know,Need to Know,english,"I was holding off on reviewing because my FIRST experience was not amazing.  When I noticed there was a patch and saw that they were listening to the community telling them that the gameplay was confusing and there wasn't enough guidance (which is precisely why I wasn't impressed with the game as well) I got pretty excited.

Downloaded the update, and the new system clarified SO many things I didn't understand, and NOW I have a game to get engrossed in on my Saturday night!

Developers:  WELL DONE!  And if you're still listening, not being able to skip the AI interactions for a new character is a poor design decision.  Please give us a fast forward/skip option!","I was holding off on reviewing because my FIRST experience was not amazing. When I noticed there was a patch and saw that they were listening to the community telling them that the gameplay was confusing and there wasn't enough guidance (which is precisely why I wasn't impressed with the game as well) I got pretty excited. Downloaded the update, and the new system clarified SO many things I didn't understand, and NOW I have a game to get engrossed in on my Saturday night! Developers: WELL DONE! And if you're still listening, not being able to skip the AI interactions for a new character is a poor design decision. Please give us a fast forward/skip option!",True,2018-09-09T00:37:54+00:00,2018-09-09T00:46:18+00:00,2896.0,1085.0,0.0,0.0,0.0,0.5,False,False,False,False,76561198032524950,,94.0,False,False,663,117,48.266666666666666,18.083333333333332,10h+,positive
44645582,490930,need-to-know,Need to Know,english,I'm really enjoying this. The gameplay is involving and I like the time-trial aspect of it. I'm also enjoying the story more than I thought I would. Now if we could just get the map to stop scrolling...,I'm really enjoying this. The gameplay is involving and I like the time-trial aspect of it. I'm also enjoying the story more than I thought I would. Now if we could just get the map to stop scrolling...,True,2018-09-09T05:38:34+00:00,2018-09-09T05:38:34+00:00,48.0,48.0,0.0,0.0,0.0,0.5,True,False,False,False,76561198105930291,,5.0,False,False,202,38,0.8,0.8,0-1h,positive
44645722,490930,need-to-know,Need to Know,english,"I feel the need to review this now of all times, during the stream of update. Need To Know is fantastic, but it had glaring flaws at launch. I don't believe that this is cause for negative reviews, especially since so many people tend to make a review, and never change it. So here we are.

The game itself is great. Fantastic story, interesting gameplay in the realm of Papers Please/Orwell (Wow bet you've never heard that one before), and compelling decisions, such as the option to weasel your way out of major financial pits by looking at the person who you'd be paying's profile. 

But it was a bit...unclear at first. I spent a lot of time figuring out how to work certain features, as when I first started playing, there had been no updates. No updates, no bug reports, nothing. I was on a 5 hour plane ride, which turned out to be the best time to learn, because I had the time and patience to do it. Once I hit ground, there was already a post about the upcoming stream of updates, bug reports, and immediate fixes and additions to the game to help with clarity.

As of posting this, there have been about 9 updates the help with clarity and bugs. Some may see this as a lack of playtesting. I see it as the devs being incredible accomodating and helpful. You can test a game for months, and still come out with bugs and issues that you didn't foresee because your testers just weren't indicative of EVERYONE playing the game. It happens. And these guys were prepared to handle any complaints. 

From the time I put the game down because of how I was stuck on the first Evidence Wave mission, to the time I picked it back up a day and a half later, major steps were taken to make even that mission in particular less brutally confusing. It's a walk in the park now, and a great introduction to the level style. 

All in all, this is more of a positive review of the devs than a positive review of the game. Because the game is phenomenal, and will continute to get better. The devs just happen to be...well, better than most that I've had to deal with.","I feel the need to review this now of all times, during the stream of update. Need To Know is fantastic, but it had glaring flaws at launch. I don't believe that this is cause for negative reviews, especially since so many people tend to make a review, and never change it. So here we are. The game itself is great. Fantastic story, interesting gameplay in the realm of Papers Please/Orwell (Wow bet you've never heard that one before), and compelling decisions, such as the option to weasel your way out of major financial pits by looking at the person who you'd be paying's profile. But it was a bit...unclear at first. I spent a lot of time figuring out how to work certain features, as when I first started playing, there had been no updates. No updates, no bug reports, nothing. I was on a 5 hour plane ride, which turned out to be the best time to learn, because I had the time and patience to do it. Once I hit ground, there was already a post about the upcoming stream of updates, bug reports, and immediate fixes and additions to the game to help with clarity. As of posting this, there have been about 9 updates the help with clarity and bugs. Some may see this as a lack of playtesting. I see it as the devs being incredible accomodating and helpful. You can test a game for months, and still come out with bugs and issues that you didn't foresee because your testers just weren't indicative of EVERYONE playing the game. It happens. And these guys were prepared to handle any complaints. From the time I put the game down because of how I was stuck on the first Evidence Wave mission, to the time I picked it back up a day and a half later, major steps were taken to make even that mission in particular less brutally confusing. It's a walk in the park now, and a great introduction to the level style. All in all, this is more of a positive review of the devs than a positive review of the game. Because the game is phenomenal, and will continute to get better. The devs just happen to be...well, better than most that I've had to deal with.",True,2018-09-09T05:51:11+00:00,2018-09-09T05:51:11+00:00,2361.0,636.0,0.0,6.0,0.0,0.5094991326332092,False,False,False,False,76561198069190746,,15.0,False,False,2054,385,39.35,10.6,10h+,positive
44650581,490930,need-to-know,Need to Know,english,Loving what I've played so far! Really unique setting and concept.,Loving what I've played so far! Really unique setting and concept.,True,2018-09-09T12:09:33+00:00,2018-09-09T12:09:33+00:00,85.0,85.0,0.0,0.0,0.0,0.5,True,False,False,False,76561198842580622,,1.0,False,False,66,11,1.4166666666666667,1.4166666666666667,1-3h,positive
44651742,490930,need-to-know,Need to Know,english,"Good stuff, others have pointed out similar style games. Would reccomend it for sure.","Good stuff, others have pointed out similar style games. Would reccomend it for sure.",True,2018-09-09T13:26:37+00:00,2018-09-09T13:26:37+00:00,61.0,61.0,0.0,0.0,0.0,0.5,True,False,False,False,76561198016515613,,1.0,False,False,85,14,1.0166666666666666,1.0166666666666666,1-3h,positive
44662409,490930,need-to-know,Need to Know,english,"The UI is horrible. I find that the most difficult part of missions is fighting the UI to layout stuff the way I want it or to switch back and forth between profiles. The missions feel repetitive and just like I’m doing a bunch of busy work.  There are also a lot of bugs in the UI

It gives you the illusion of choice, but even if you say you don’t want to do something (such as like someone on the dating app, or add them to your codex) it does it anyway which is annoying.

A few things that would make the UI easier to use. 

1) Get rid of the map, or at least stop it from scrolling, I spend so much time trying to scroll the map back to where I the last suspect was. 
2) When using the codex at home let me dismiss profiles.  
3) Increase the detail of items in the strongbox, also let me put more stuff in it. 
4) Stop making me click a thousand times for each conversation. 
5) Get rid of the end cutscene after the mission where you talk about each individual, its not needed and just waste my time. 
","The UI is horrible. I find that the most difficult part of missions is fighting the UI to layout stuff the way I want it or to switch back and forth between profiles. The missions feel repetitive and just like I’m doing a bunch of busy work. There are also a lot of bugs in the UI It gives you the illusion of choice, but even if you say you don’t want to do something (such as like someone on the dating app, or add them to your codex) it does it anyway which is annoying. A few things that would make the UI easier to use. 1) Get rid of the map, or at least stop it from scrolling, I spend so much time trying to scroll the map back to where I the last suspect was. 2) When using the codex at home let me dismiss profiles. 3) Increase the detail of items in the strongbox, also let me put more stuff in it. 4) Stop making me click a thousand times for each conversation. 5) Get rid of the end cutscene after the mission where you talk about each individual, its not needed and just waste my time.",False,2018-09-10T03:07:40+00:00,2018-09-10T03:07:40+00:00,1718.0,746.0,0.0,2.0,0.0,0.503722071647644,False,False,False,False,76561198120999208,,1.0,False,False,998,201,28.633333333333333,12.433333333333334,10h+,negative
44664824,490930,need-to-know,Need to Know,english,"Very much enjoying this game so far! Great scripting, interesting storyline, unique cartoonish style that matches the theme of the game! I have become quite engrossed with the characters and their interactions. There has been a lot of thought gone into making these characters seem realistic and this game has already touched on some unsettling aspects related to mass surveilance within the first hour of gameplay.

The game has been easy to play and I didn't fail the interview (think of Men in Black alien test)! Not sure if this is because the devs fixed the tutorial thing, but I have had no problems so far - it has all seemed pretty straight-forward to me! 

The missions have been quite fun. I'm still at clearance level 10, but I can see how this will get harder. So far I have encountered one bug, but I signed out then in again and it was fine. Obviously as more updates come through this will be less frequent, but once I was into the third mission I had already forgotten!

I think the UI is supposed to represent a work-desk and I quite like the style. I'm playing on a big screen and I know where I need to focus becuase it's pretty clear when the phone is to be used, and when other various controls are to be used. If I'm in doubt, all I've needed to do is click or hover and discover different aspects to the controls. I appreciated the artistic license used in screen composition when the dialogue is going on.

So far I have gotten a little bit impatient with Peepr, i.e. when I had to sign back in, but you can click and the dialogue goes faster. Added functionality with the skip option would be nice but so far this has been minor for me.

I did not follow the kickstarter campaign but a friend recommended it to me because I often like a game with a story to tell - and Need To Know hasn't disappointed me thus far! I'll update this review as I play more.","Very much enjoying this game so far! Great scripting, interesting storyline, unique cartoonish style that matches the theme of the game! I have become quite engrossed with the characters and their interactions. There has been a lot of thought gone into making these characters seem realistic and this game has already touched on some unsettling aspects related to mass surveilance within the first hour of gameplay. The game has been easy to play and I didn't fail the interview (think of Men in Black alien test)! Not sure if this is because the devs fixed the tutorial thing, but I have had no problems so far - it has all seemed pretty straight-forward to me! The missions have been quite fun. I'm still at clearance level 10, but I can see how this will get harder. So far I have encountered one bug, but I signed out then in again and it was fine. Obviously as more updates come through this will be less frequent, but once I was into the third mission I had already forgotten! I think the UI is supposed to represent a work-desk and I quite like the style. I'm playing on a big screen and I know where I need to focus becuase it's pretty clear when the phone is to be used, and when other various controls are to be used. If I'm in doubt, all I've needed to do is click or hover and discover different aspects to the controls. I appreciated the artistic license used in screen composition when the dialogue is going on. So far I have gotten a little bit impatient with Peepr, i.e. when I had to sign back in, but you can click and the dialogue goes faster. Added functionality with the skip option would be nice but so far this has been minor for me. I did not follow the kickstarter campaign but a friend recommended it to me because I often like a game with a story to tell - and Need To Know hasn't disappointed me thus far! I'll update this review as I play more.",True,2018-09-10T08:16:00+00:00,2018-09-10T08:16:00+00:00,69.0,69.0,0.0,0.0,0.0,0.5,True,False,False,False,76561198858241366,,1.0,False,False,1873,351,1.15,1.15,1-3h,positive
44730707,490930,need-to-know,Need to Know,english,I only play for several minutes. I already follow this game since KS. But I don't really like about our background. Still better than Top Secret though. I just hope that it will be better and better in the next stages.,I only play for several minutes. I already follow this game since KS. But I don't really like about our background. Still better than Top Secret though. I just hope that it will be better and better in the next stages.,True,2018-09-14T17:11:57+00:00,2018-09-14T17:11:57+00:00,142.0,99.0,0.0,0.0,0.0,0.5,False,False,False,False,76561198198865842,,33.0,False,False,218,41,2.3666666666666667,1.65,1-3h,positive
44765010,490930,need-to-know,Need to Know,english,"This game has potential to be very good but confusing UI and unclear mission objectives makes it a no-go for me. After 1,5 hour of constantly asking myself ""What was wrong this time?"" ""What I did wrong?"" ""What do they want me to do?"" ""Why it's not working"" ""How to do this and that"" I gave up. Just for the record I finished both Orwell and Papers Please and never had these problems in those games.

Edited: And why can't you just make normal save/load function is beyond me","This game has potential to be very good but confusing UI and unclear mission objectives makes it a no-go for me. After 1,5 hour of constantly asking myself ""What was wrong this time?"" ""What I did wrong?"" ""What do they want me to do?"" ""Why it's not working"" ""How to do this and that"" I gave up. Just for the record I finished both Orwell and Papers Please and never had these problems in those games. Edited: And why can't you just make normal save/load function is beyond me",False,2018-09-16T12:22:30+00:00,2018-09-16T12:32:02+00:00,103.0,103.0,0.0,4.0,0.0,0.5029311180114746,True,False,False,False,76561198006756264,,714.0,False,False,474,89,1.7166666666666666,1.7166666666666666,1-3h,negative
44767986,490930,need-to-know,Need to Know,english,Good,Good,True,2018-09-16T15:22:34+00:00,2018-09-16T15:22:34+00:00,923.0,505.0,0.0,3.0,0.0,0.5,True,False,False,False,76561197990254120,,67.0,False,True,4,1,15.383333333333333,8.416666666666666,3-10h,positive
44774376,490930,need-to-know,Need to Know,english,"Having waited a long time since the Kickstarter ended I was really excited for this game. Then in the first playthrough I failed the Tutorial... which was surprising, I didn't think that was possible to do that. My first game was a mess, particularly due to the scaling of UI and the controls were not very clear. I failed the timed mission and wasn't really getting into the story at all because of frustration. 

Maybe a day or two later update 1.14 came through and it changed everything for the better. I can see everything in the foreground/background, stop the map from spinning the targets out of view and actually focus on the tasks. 
Having reached CL9 things started to actually matter and my character was making the shady deals I'd hoped for from the initial kickstarter description. These choices were a big part of the pull of this game for me. Do I sell Torrent users data to the DoL Agent to buy the Camera Drone, or sell instead to the underground hackers aiming to expose the DoL system? Should I help my sister with her money trouble before she will admit about it to me, what if I don't?

The game is good, better after the first hour definitely. Many people mention Papers, Please and I can see that too. Once you get past CL10 and the missions start to open up a bit it is a much better experience, I'm looking forward to breaking into CL7 very soon.

Also, for now, Monomyth are updating things pretty regularly and making noticable differences to the performance and interface for Need To Know. Its worth a try!","Having waited a long time since the Kickstarter ended I was really excited for this game. Then in the first playthrough I failed the Tutorial... which was surprising, I didn't think that was possible to do that. My first game was a mess, particularly due to the scaling of UI and the controls were not very clear. I failed the timed mission and wasn't really getting into the story at all because of frustration. Maybe a day or two later update 1.14 came through and it changed everything for the better. I can see everything in the foreground/background, stop the map from spinning the targets out of view and actually focus on the tasks. Having reached CL9 things started to actually matter and my character was making the shady deals I'd hoped for from the initial kickstarter description. These choices were a big part of the pull of this game for me. Do I sell Torrent users data to the DoL Agent to buy the Camera Drone, or sell instead to the underground hackers aiming to expose the DoL system? Should I help my sister with her money trouble before she will admit about it to me, what if I don't? The game is good, better after the first hour definitely. Many people mention Papers, Please and I can see that too. Once you get past CL10 and the missions start to open up a bit it is a much better experience, I'm looking forward to breaking into CL7 very soon. Also, for now, Monomyth are updating things pretty regularly and making noticable differences to the performance and interface for Need To Know. Its worth a try!",True,2018-09-16T22:51:58+00:00,2018-09-16T22:53:49+00:00,852.0,802.0,0.0,5.0,0.0,0.5267331600189209,False,False,False,False,76561198266122064,,1.0,False,False,1530,277,14.2,13.366666666666667,10h+,positive
44774826,490930,need-to-know,Need to Know,english,"A fun game about privacy, and invading it. Really quite good!","A fun game about privacy, and invading it. Really quite good!",True,2018-09-16T23:46:00+00:00,2018-09-16T23:46:00+00:00,749.0,255.0,0.0,3.0,0.0,0.5,True,False,False,False,76561197995058674,,100.0,False,False,61,11,12.483333333333333,4.25,3-10h,positive
44777893,490930,need-to-know,Need to Know,english,"Really awesome RPG/sim that has a great level of detail and involvement with the world. The quality writing and soundtrack combined with good formula make this a fun and immersive game. The gameplay maintains a good pace and overall found the UI to be very good along with helpful tutorials and tips. The element of challenge isn't too hard to be able to rise up as an agent, yet also requires a bit of concentration and practise to be able to reach max clearance levels.

I'm impressed with the way that this game brings together old school RPG elements like good writing and progression, along with nostaglic af animations and design - with great art and attention to details (like being able to see your own computer on screen as you 'work' during office hours). Ultimately the great production quality and gameplay creates a modern version of the RPG/sim that brings together many old and new elements","Really awesome RPG/sim that has a great level of detail and involvement with the world. The quality writing and soundtrack combined with good formula make this a fun and immersive game. The gameplay maintains a good pace and overall found the UI to be very good along with helpful tutorials and tips. The element of challenge isn't too hard to be able to rise up as an agent, yet also requires a bit of concentration and practise to be able to reach max clearance levels. I'm impressed with the way that this game brings together old school RPG elements like good writing and progression, along with nostaglic af animations and design - with great art and attention to details (like being able to see your own computer on screen as you 'work' during office hours). Ultimately the great production quality and gameplay creates a modern version of the RPG/sim that brings together many old and new elements",True,2018-09-17T06:15:33+00:00,2018-09-17T06:15:33+00:00,280.0,280.0,0.0,4.0,0.0,0.5,True,False,False,False,76561197991483561,,3.0,False,False,904,157,4.666666666666667,4.666666666666667,3-10h,positive
44797548,490930,need-to-know,Need to Know,english,"So I was one of the people who tracked this game from pretty much the start. I backed it because I loved the idea of the setting and the Papers, Please-style gameplay. Now that I've finished the final product I can say I got both a little more and a little less then I anticipated.

So let's start with what was good.


From what I saw this game looked like a 1984-style distopian future game. It seemed like you would play as an evil institution with no goal but to moniter what people think. As it turned out, the game made it much more complicated, in a good way, that is.

The final product had a story far more intriguing then what I expected. As it turns our, the DoL (That's Department of Liberty, the department you work for) Does infringe on the privacy of everyone, but it also stops criminals, terrorists and even helps people deal with a natural disaster at one point. On the other hand the system can also be abused. even by yourself if you so desire. Still, there is acctually a bit of an argument for the work you do in this game. I expected it to be very one-sided but the game proved me wrong.

Aside from that, watching your character change over time, getting richter and with that more morally flexible, is also a lot of fun. As you rise trough the ranks of the game the department also pulls more and more power towards it. The change from the current world to an all-monitoring police state doesn't come instantanious, but slowly, as I imagine it would in reality as well. The story took me about 40 hours to complete.

Lastly, on the list of good things are the suspects. Every one of them has a personal profile and getting and image of who they are by reading through their ever-increasing personal information is also a lot of fun. Without giving to much away, you sometimes get to know stuff about suspects that they don't even know themselves.


Now on to the stuff I expected more from.

So the gameplay looked like it would be very fun. You sort through every suspect and decide if they're dangerous or not. Now this is pretty much what you do, and it starts of being a lot of fun, but the gameplay is very slow to add new elements. It takes very long before the game becomes more challanging. Also maybe it's because I played the game quite intensively, but it got a little boring after a while. To me the gameplay started to feel like a chore near the end. I believe they should have made more variety in the missions by adding more stuff. I tended to stop playing the game when the gameplay got too dull for me. Then after a while I'd go back to it for the story.

There is also the fact that there is no timer. You can take as long as you want to finish your mission. I'm personally a little split on this fact. On the one side, I'm glad you can just take your time. I personally get quite stressed when a game gives you a timelimit and I'm pretty sure I'm not the only one on this. I also like that you can just take your time and learn all about a suspect if you like. It gives you a chance to enjoy all the detailed profiles that are in the game.
On the other side I do feel like not having a time limit makes the game a little easy. Mostly at the beginning you can just do most missions flawlessly because there is no limit to how long you can take reading about a suspect.

So if you're looking for a game with a really intriguing story and are willing to put up with getting bored of the gameplay a little from time to time, I would advise getting this game. The story really is great and it totally made the game worth it for me. If you want to buy this game for the gameplay, maybe try playing the Alpha or Beta version first and see if you would like more of that. And when I say more I mean quite a lot more.","So I was one of the people who tracked this game from pretty much the start. I backed it because I loved the idea of the setting and the Papers, Please-style gameplay. Now that I've finished the final product I can say I got both a little more and a little less then I anticipated. So let's start with what was good. From what I saw this game looked like a 1984-style distopian future game. It seemed like you would play as an evil institution with no goal but to moniter what people think. As it turned out, the game made it much more complicated, in a good way, that is. The final product had a story far more intriguing then what I expected. As it turns our, the DoL (That's Department of Liberty, the department you work for) Does infringe on the privacy of everyone, but it also stops criminals, terrorists and even helps people deal with a natural disaster at one point. On the other hand the system can also be abused. even by yourself if you so desire. Still, there is acctually a bit of an argument for the work you do in this game. I expected it to be very one-sided but the game proved me wrong. Aside from that, watching your character change over time, getting richter and with that more morally flexible, is also a lot of fun. As you rise trough the ranks of the game the department also pulls more and more power towards it. The change from the current world to an all-monitoring police state doesn't come instantanious, but slowly, as I imagine it would in reality as well. The story took me about 40 hours to complete. Lastly, on the list of good things are the suspects. Every one of them has a personal profile and getting and image of who they are by reading through their ever-increasing personal information is also a lot of fun. Without giving to much away, you sometimes get to know stuff about suspects that they don't even know themselves. Now on to the stuff I expected more from. So the gameplay looked like it would be very fun. You sort through every suspect and decide if they're dangerous or not. Now this is pretty much what you do, and it starts of being a lot of fun, but the gameplay is very slow to add new elements. It takes very long before the game becomes more challanging. Also maybe it's because I played the game quite intensively, but it got a little boring after a while. To me the gameplay started to feel like a chore near the end. I believe they should have made more variety in the missions by adding more stuff. I tended to stop playing the game when the gameplay got too dull for me. Then after a while I'd go back to it for the story. There is also the fact that there is no timer. You can take as long as you want to finish your mission. I'm personally a little split on this fact. On the one side, I'm glad you can just take your time. I personally get quite stressed when a game gives you a timelimit and I'm pretty sure I'm not the only one on this. I also like that you can just take your time and learn all about a suspect if you like. It gives you a chance to enjoy all the detailed profiles that are in the game. On the other side I do feel like not having a time limit makes the game a little easy. Mostly at the beginning you can just do most missions flawlessly because there is no limit to how long you can take reading about a suspect. So if you're looking for a game with a really intriguing story and are willing to put up with getting bored of the gameplay a little from time to time, I would advise getting this game. The story really is great and it totally made the game worth it for me. If you want to buy this game for the gameplay, maybe try playing the Alpha or Beta version first and see if you would like more of that. And when I say more I mean quite a lot more.",True,2018-09-18T15:15:05+00:00,2018-09-18T15:15:05+00:00,5959.0,1976.0,0.0,51.0,0.0,0.8265538215637207,False,False,False,False,76561198154477226,,3.0,False,False,3741,722,99.31666666666666,32.93333333333333,10h+,positive
44848206,490930,need-to-know,Need to Know,english,"Just finished my first run, at 20 hours, and I can safely say it likely won't be my last.

This games takes the themes present in games like Orwell and Papers, Please and runs with them, in a very satisfying story that had me legitimately questioning myself and my views at times.

The gameplay itself is solid, barring a typo here or there, or a finicky object not recognizing the mouse being over it once or twice. Its really easy to get into, and after at most an hour, its second nature.

All told, an excellent game, made by a shockingly small dev team that deserves much more attention. Here's to future success, Monomyth!","Just finished my first run, at 20 hours, and I can safely say it likely won't be my last. This games takes the themes present in games like Orwell and Papers, Please and runs with them, in a very satisfying story that had me legitimately questioning myself and my views at times. The gameplay itself is solid, barring a typo here or there, or a finicky object not recognizing the mouse being over it once or twice. Its really easy to get into, and after at most an hour, its second nature. All told, an excellent game, made by a shockingly small dev team that deserves much more attention. Here's to future success, Monomyth!",True,2018-09-21T05:30:50+00:00,2018-09-21T05:30:50+00:00,2377.0,1204.0,0.0,16.0,0.0,0.6233860850334167,True,False,False,False,76561198040154494,,9.0,False,False,625,114,39.61666666666667,20.066666666666666,10h+,positive
44850813,490930,need-to-know,Need to Know,english,"Great game about privacy, I much prefer it so far over orwell. The devs are constantly pushing out updates to make the game run smoother","Great game about privacy, I much prefer it so far over orwell. The devs are constantly pushing out updates to make the game run smoother",True,2018-09-21T10:10:15+00:00,2018-09-21T10:10:15+00:00,53.0,53.0,0.0,2.0,0.0,0.5,True,False,False,False,76561198044559180,,2.0,False,False,136,25,0.8833333333333333,0.8833333333333333,0-1h,positive
44982105,490930,need-to-know,Need to Know,english,"If you liked Paper Please you'll like this. 
At points it does seems to throw you into the deep end a bit much but really with enough thought you can work it out. And even then everyday the developers are releasing new updates to make it clearer, its obvious they really care about the game and will continue to support it for a while.
Also Aussie developers so good to support.","If you liked Paper Please you'll like this. At points it does seems to throw you into the deep end a bit much but really with enough thought you can work it out. And even then everyday the developers are releasing new updates to make it clearer, its obvious they really care about the game and will continue to support it for a while. Also Aussie developers so good to support.",True,2018-09-28T12:59:41+00:00,2018-09-28T12:59:41+00:00,46.0,46.0,0.0,3.0,0.0,0.5,True,False,False,False,76561198072340275,,28.0,False,False,377,71,0.7666666666666667,0.7666666666666667,0-1h,positive
44995033,490930,need-to-know,Need to Know,english,"This is a joke, most simplistic boring game ever and it took fucking ages to come out I pre-ordered it in like 2016, it sucks and it looks like a game from 2005.","This is a joke, most simplistic boring game ever and it took fucking ages to come out I pre-ordered it in like 2016, it sucks and it looks like a game from 2005.",False,2018-09-29T05:27:10+00:00,2018-09-29T05:27:10+00:00,67.0,67.0,0.0,4.0,0.0,0.46752485632896423,False,False,False,False,76561198156731324,,1.0,False,False,161,33,1.1166666666666667,1.1166666666666667,1-3h,negative
45049516,490930,need-to-know,Need to Know,english,"i got this game a few years ago, and dismissed it at the time after playing only a little bit. But i got to say, after coming back to it, its pretty fun. the story seems a bit linear (but i cant say for sure since i havent played several times), but the mechanics are somewhat intriguing.

that being said, it can sometimes feel tedious on certain missions. I reccomend in some cases you have a pencil and paper to write stuff down, as some missions require you to cross-reference information from multiple screens","i got this game a few years ago, and dismissed it at the time after playing only a little bit. But i got to say, after coming back to it, its pretty fun. the story seems a bit linear (but i cant say for sure since i havent played several times), but the mechanics are somewhat intriguing. that being said, it can sometimes feel tedious on certain missions. I reccomend in some cases you have a pencil and paper to write stuff down, as some missions require you to cross-reference information from multiple screens",True,2018-10-02T01:39:18+00:00,2020-12-24T19:26:20+00:00,1307.0,256.0,0.0,0.0,0.0,0.48830270767211914,True,False,False,False,76561198397463794,,16.0,False,False,513,94,21.783333333333335,4.266666666666667,3-10h,positive
45181751,490930,need-to-know,Need to Know,english,"If you liked Papers, Please, you'll like this. Ending could use a bit more oomph, but the ~20 hour story is smart and very well done.","If you liked Papers, Please, you'll like this. Ending could use a bit more oomph, but the ~20 hour story is smart and very well done.",True,2018-10-08T23:05:15+00:00,2018-10-08T23:05:15+00:00,1376.0,1376.0,0.0,2.0,0.0,0.48515981435775757,True,False,False,False,76561197994597521,,15.0,False,False,133,26,22.933333333333334,22.933333333333334,10h+,positive
45212115,490930,need-to-know,Need to Know,english,"[h1]Decide the fate of citizens of the world in this surveillance thriller![/h1]

You start the game by creating your character. Only gripe I have here is that there aren’t many choices as far as looks goes. It’d be nice to have more than one face type for the male and female. After that, you go through a very detailed tutorial that goes through the basics of what it will take to get you through the job you’ll be tasked with.

The game is deals with a story that’s shaped by your choices as you completed various assignments, gather evidence, flex your powers, and gather profiles. You don’t have to snoop either. As you progress through the game, you’ll have various choices that will allow you to take a stand against the very government organization you work for. A regular in-game cyber revolutionary. 

However, doing more for your boss means a higher clearance level and a higher clearance level means unlocking cooler (albeit creepier) powers, once classified information, lots more money and of course, prestige. With a higher salary, you can impress or intimidate your peers with purchases like new homes and more.

The game play is slow, but goes as fast as you want it to. I mean that in the sense that if you’re the type like me that combs through evidence and meticulously pieces together a person's profile, this will be the game for you. The main story clues are littered throughout your missions. So keep your eyes peeled. 

The music fits the narrative and the UI is clean. The developers are constantly listening and are active on the Steam Discussions. So, if there is a bug you come across, post to the Discussions and you can be sure a developer will take your problem into account. The only bug I came across was the weird save bug where my game would not save, but after a few updates, the saves are working.

I backed the game, but it's $14.99 and runs about 8-10 if you’re not rushing through it. You can definitely stretch that time out by investigating and going through the side content of which there’s a good amount of. The developers have said they plan on adding more content after the game’s ending and that you will be able to continue after your end of game save.

I recommend Need to Know: The Mass Surveillance Thriller Game. If you enjoy intrigue, espionage, and tools at your fingertips for finding out people’s secrets, then this game is for you. It’s a slow burn that works your detective skills and you can be either for or against the government. The game still has a few bugs, but the developers are quickly churning out updates and changelogs that address concerns.

[code]If this review/EAR helped you, please give it a thumbs-up. For more reviews like this one follow the [url=http://steamcommunity.com/groups/gamingwithNtK/curation]NeedtoKnow Gaming Curator[/url] page <3[/code]","[h1]Decide the fate of citizens of the world in this surveillance thriller![/h1] You start the game by creating your character. Only gripe I have here is that there aren’t many choices as far as looks goes. It’d be nice to have more than one face type for the male and female. After that, you go through a very detailed tutorial that goes through the basics of what it will take to get you through the job you’ll be tasked with. The game is deals with a story that’s shaped by your choices as you completed various assignments, gather evidence, flex your powers, and gather profiles. You don’t have to snoop either. As you progress through the game, you’ll have various choices that will allow you to take a stand against the very government organization you work for. A regular in-game cyber revolutionary. However, doing more for your boss means a higher clearance level and a higher clearance level means unlocking cooler (albeit creepier) powers, once classified information, lots more money and of course, prestige. With a higher salary, you can impress or intimidate your peers with purchases like new homes and more. The game play is slow, but goes as fast as you want it to. I mean that in the sense that if you’re the type like me that combs through evidence and meticulously pieces together a person's profile, this will be the game for you. The main story clues are littered throughout your missions. So keep your eyes peeled. The music fits the narrative and the UI is clean. The developers are constantly listening and are active on the Steam Discussions. So, if there is a bug you come across, post to the Discussions and you can be sure a developer will take your problem into account. The only bug I came across was the weird save bug where my game would not save, but after a few updates, the saves are working. I backed the game, but it's $14.99 and runs about 8-10 if you’re not rushing through it. You can definitely stretch that time out by investigating and going through the side content of which there’s a good amount of. The developers have said they plan on adding more content after the game’s ending and that you will be able to continue after your end of game save. I recommend Need to Know: The Mass Surveillance Thriller Game. If you enjoy intrigue, espionage, and tools at your fingertips for finding out people’s secrets, then this game is for you. It’s a slow burn that works your detective skills and you can be either for or against the government. The game still has a few bugs, but the developers are quickly churning out updates and changelogs that address concerns. [code]If this review/EAR helped you, please give it a thumbs-up. For more reviews like this one follow the [url=http://steamcommunity.com/groups/gamingwithNtK/curation]NeedtoKnow Gaming Curator[/url] page <3[/code]",True,2018-10-11T02:19:43+00:00,2018-10-11T02:19:43+00:00,86.0,86.0,0.0,6.0,0.0,0.5731573700904846,False,False,False,False,76561198093666838,,42.0,False,False,2820,485,1.4333333333333333,1.4333333333333333,1-3h,positive
45234199,490930,need-to-know,Need to Know,english,"Edit 10/18/18:
Had to call this out: I posted a bug that broke my game onto the devs' Trello board, and they fixed it and patched it within a day! This is the kind of awesomeness I expect from game devs. Thank you guys for your hard work :)

I think I'm about halfway through with this game. It's very clear that Monomyth Games has put in a ton of time and effort into making this game really varied and fun. That being said, here are the major issues that I have with the game so far that make me closer to a ""neutral"" recommendation:

-UI is *very* clunky. Backing out of a profile or even trying to figure out how to end your very first day are both insanely unintuitive. This is fixable, and I have no doubt Monomyth is on it.

-Some weird prompts that have game-long consequences, but you have no idea at the time. For example, (mild spoiler) [spoiler] you get a text early on in the game asking if you used to like ""Max"" or ""Serena"" from high school. No indication at all that it's romantic, or that Max is a man. If you pick Max, you are now gay for the rest of the game. [/spoiler] Not anything major at all, but just... strange. 

-Doing ""side by side"" comparisons (i.e. ""Try to find out the real profile, given these archived profiles of former criminals"") are very hard to do, mainly because of the clunky UI. You can only have 1 profile at a time, and you can only save a certain amount of evidence to compare side-by-side at once. I wish you could have 2+ profiles open, especially since a lot of cases in the game require you to do side-by-side comparisons.

Regardless of these issues, if you're willing to have some patience for these developers, I still highly recommend the game. This game is basically ""Papers, Please"" but NSA-esque. You unlock more and more tools as you go along such as: [spoiler] social media posts, call metadata, audio recordings of calls, package tracking... you name it. [/spoiler]. As I said, it's very clear the company has put a ton of time into this game and want it to be fun.","Edit 10/18/18: Had to call this out: I posted a bug that broke my game onto the devs' Trello board, and they fixed it and patched it within a day! This is the kind of awesomeness I expect from game devs. Thank you guys for your hard work :) I think I'm about halfway through with this game. It's very clear that Monomyth Games has put in a ton of time and effort into making this game really varied and fun. That being said, here are the major issues that I have with the game so far that make me closer to a ""neutral"" recommendation: -UI is *very* clunky. Backing out of a profile or even trying to figure out how to end your very first day are both insanely unintuitive. This is fixable, and I have no doubt Monomyth is on it. -Some weird prompts that have game-long consequences, but you have no idea at the time. For example, (mild spoiler) [spoiler] you get a text early on in the game asking if you used to like ""Max"" or ""Serena"" from high school. No indication at all that it's romantic, or that Max is a man. If you pick Max, you are now gay for the rest of the game. [/spoiler] Not anything major at all, but just... strange. -Doing ""side by side"" comparisons (i.e. ""Try to find out the real profile, given these archived profiles of former criminals"") are very hard to do, mainly because of the clunky UI. You can only have 1 profile at a time, and you can only save a certain amount of evidence to compare side-by-side at once. I wish you could have 2+ profiles open, especially since a lot of cases in the game require you to do side-by-side comparisons. Regardless of these issues, if you're willing to have some patience for these developers, I still highly recommend the game. This game is basically ""Papers, Please"" but NSA-esque. You unlock more and more tools as you go along such as: [spoiler] social media posts, call metadata, audio recordings of calls, package tracking... you name it. [/spoiler]. As I said, it's very clear the company has put a ton of time into this game and want it to be fun.",True,2018-10-12T16:39:51+00:00,2018-10-19T01:13:25+00:00,1146.0,1146.0,0.0,0.0,0.0,0.5,False,False,False,False,76561198000630791,,63.0,False,False,2018,377,19.1,19.1,10h+,positive
45275720,490930,need-to-know,Need to Know,english,"Love the game!! become an agent and climb the ladder to more power, all while selling info behind the dol back, get contacted by strangers. its a good story, not much on character customization but i think that will come later, the profiles given are a bit weird but it'll get better, im sure of it. love the whole the whole thing, been looking for something like this for a while!!  The problem is that the mission statements aren't clear, sometimes you think you have it right when its wrong, and you like "" what the O_o thats definetly wrong there!"" or ""i was right on that! seriously!"" i keep thinking maybe its me but the more i play the more i see that its not me and its the game. in my opinion. even when your right and you click ""alert"" if you dind't get all the clues you still loose points... love the game but im really tired of this, been playing for 20 hours or so im clearance 7.","Love the game!! become an agent and climb the ladder to more power, all while selling info behind the dol back, get contacted by strangers. its a good story, not much on character customization but i think that will come later, the profiles given are a bit weird but it'll get better, im sure of it. love the whole the whole thing, been looking for something like this for a while!! The problem is that the mission statements aren't clear, sometimes you think you have it right when its wrong, and you like "" what the O_o thats definetly wrong there!"" or ""i was right on that! seriously!"" i keep thinking maybe its me but the more i play the more i see that its not me and its the game. in my opinion. even when your right and you click ""alert"" if you dind't get all the clues you still loose points... love the game but im really tired of this, been playing for 20 hours or so im clearance 7.",False,2018-10-15T02:21:43+00:00,2018-10-15T02:21:43+00:00,7035.0,1530.0,0.0,0.0,0.0,0.4415920674800873,True,False,False,False,76561198053364258,,1.0,False,False,893,172,117.25,25.5,10h+,negative
45293548,490930,need-to-know,Need to Know,english,"I wanted so badly to like this game.  I bought it with dreams of Papers Please, and Orwell dancing in my head.  While it does scratch that itch there are a few things that just turned me off of it.  

The home sections seem like padding, and are just anoying.

The later missions become needlessly convoulted to the point I was playing with a pad and pen to keep track of everything I was searching for.

This would be an amazing game if it was just streamlined a bit.","I wanted so badly to like this game. I bought it with dreams of Papers Please, and Orwell dancing in my head. While it does scratch that itch there are a few things that just turned me off of it. The home sections seem like padding, and are just anoying. The later missions become needlessly convoulted to the point I was playing with a pad and pen to keep track of everything I was searching for. This would be an amazing game if it was just streamlined a bit.",False,2018-10-16T11:08:28+00:00,2018-10-16T11:08:28+00:00,935.0,935.0,0.0,2.0,0.0,0.5428168177604675,True,False,False,False,76561198022115815,,19.0,False,False,461,89,15.583333333333334,15.583333333333334,10h+,negative
45295642,490930,need-to-know,Need to Know,english,"Very nice first game by Monomyth Games. 
It's been a little rough on the edges when it first came out but the team has been relentlessly working on it and beautifully improved the game. 
The game itself is pretty cool, the scenario is excellent and it has quite a nice duration.
Even Edward Snowden twitted about it https://twitter.com/Snowden/status/697488459905298432/
Definitely worth it. GET IT NOW. NOOOOOOOOOW!","Very nice first game by Monomyth Games. It's been a little rough on the edges when it first came out but the team has been relentlessly working on it and beautifully improved the game. The game itself is pretty cool, the scenario is excellent and it has quite a nice duration. Even Edward Snowden twitted about it https://twitter.com/Snowden/status/697488459905298432/ Definitely worth it. GET IT NOW. NOOOOOOOOOW!",True,2018-10-16T14:07:15+00:00,2018-10-16T14:14:18+00:00,1363.0,1332.0,0.0,2.0,0.0,0.5,False,False,False,False,76561198040585939,,4.0,False,False,414,65,22.716666666666665,22.2,10h+,positive
45661379,490930,need-to-know,Need to Know,english,"grrr
one of the most anoying tutorials EVER! a skip button will be very welcomed!
also the delay between pages is kinda big
also it didn\t save my progress in the first day... so i need to take the tutorial AGAINT (with no possibility for skip)...
sorry uninstall!
I might be too harsh with this game and I might get back after some time but until then.... sorry",grrr one of the most anoying tutorials EVER! a skip button will be very welcomed! also the delay between pages is kinda big also it didn\t save my progress in the first day... so i need to take the tutorial AGAINT (with no possibility for skip)... sorry uninstall! I might be too harsh with this game and I might get back after some time but until then.... sorry,False,2018-11-06T21:06:15+00:00,2018-11-06T21:06:15+00:00,301.0,37.0,0.0,1.0,0.0,0.41925907135009766,False,False,False,False,76561198051025525,,107.0,False,False,362,68,5.016666666666667,0.6166666666666667,0-1h,negative
45694956,490930,need-to-know,Need to Know,english,A little slow and complex but interesting.,A little slow and complex but interesting.,True,2018-11-08T02:46:01+00:00,2018-11-08T02:46:01+00:00,273.0,273.0,0.0,1.0,0.0,0.523809552192688,True,False,False,False,76561198014355063,,4.0,False,False,42,7,4.55,4.55,3-10h,positive
45698066,490930,need-to-know,Need to Know,english,"Spying, quick thinking and bold decision making. I can't wait to decide if old betty Crocker is actually trying to build a homemade bomb or just drop her kids off to school.. either way, I feel like the hero that saved the world ;) This is such addictive gameplay, I feel like I can move up and down rankings easily and make devastating choices that don't only effect the in game characters but make me question my own morals in the heat of an investigation. Monomyth Games have presented a strong stylized experience with some of the best music I have heard in an indie production for A LONG TIME! For the price, you'd be hard pressed to find a more addictive and unique experience on steam. Sign me up (and my conscious)","Spying, quick thinking and bold decision making. I can't wait to decide if old betty Crocker is actually trying to build a homemade bomb or just drop her kids off to school.. either way, I feel like the hero that saved the world ;) This is such addictive gameplay, I feel like I can move up and down rankings easily and make devastating choices that don't only effect the in game characters but make me question my own morals in the heat of an investigation. Monomyth Games have presented a strong stylized experience with some of the best music I have heard in an indie production for A LONG TIME! For the price, you'd be hard pressed to find a more addictive and unique experience on steam. Sign me up (and my conscious)",True,2018-11-08T07:33:53+00:00,2018-11-08T07:33:53+00:00,244.0,244.0,0.0,0.0,0.0,0.4586693346500397,True,False,False,False,76561198086449236,,1.0,False,False,722,133,4.066666666666666,4.066666666666666,3-10h,positive
45712023,490930,need-to-know,Need to Know,english,Will edit later. Just want to thumbs up now. 5/5,Will edit later. Just want to thumbs up now. 5/5,True,2018-11-09T00:19:18+00:00,2018-11-09T00:19:18+00:00,1002.0,464.0,0.0,0.0,0.0,0.44390812516212463,False,False,False,False,76561197974492285,,50.0,False,False,48,10,16.7,7.733333333333333,3-10h,positive
45790348,490930,need-to-know,Need to Know,english,"I kickstarted this game, and I really wanted to like it, but it's a bit boring. It's super easy, and tedious. 
The story is alright, and interesting, the choices don't feel very important unfortunately.
It would have been much better if the pace was twice the speed it's at","I kickstarted this game, and I really wanted to like it, but it's a bit boring. It's super easy, and tedious. The story is alright, and interesting, the choices don't feel very important unfortunately. It would have been much better if the pace was twice the speed it's at",False,2018-11-13T04:55:34+00:00,2018-11-13T04:55:34+00:00,1082.0,1082.0,0.0,2.0,1.0,0.5397575497627258,False,False,False,False,76561197970024842,,26.0,False,False,272,49,18.033333333333335,18.033333333333335,10h+,negative
45842568,490930,need-to-know,Need to Know,english,"This game is amazing,the stroy is impressive, but there is a unplayable bug that caused me stuck in the level 1.please fix this bug.","This game is amazing,the stroy is impressive, but there is a unplayable bug that caused me stuck in the level 1.please fix this bug.",True,2018-11-16T15:11:26+00:00,2018-11-16T15:11:26+00:00,1914.0,1914.0,0.0,2.0,0.0,0.47965118288993835,True,False,False,False,76561198070682074,,2.0,False,False,132,24,31.9,31.9,10h+,positive
46512027,490930,need-to-know,Need to Know,english,"Overall pretty fun, similar concept to Papers, Please, but seems to have more depth and without the time limit stress (at least to the point I've reached in the game). I purchased the game on 11/22/18, and I'm not experiencing the bugs that others seem to be having, so maybe the devs have improved upon it since release. Although it is pretty funny when a woman with long blonde hair comes up with the name Rick (or something to that effect). Overall, I'd recommend it if you liked Papers, Please.","Overall pretty fun, similar concept to Papers, Please, but seems to have more depth and without the time limit stress (at least to the point I've reached in the game). I purchased the game on 11/22/18, and I'm not experiencing the bugs that others seem to be having, so maybe the devs have improved upon it since release. Although it is pretty funny when a woman with long blonde hair comes up with the name Rick (or something to that effect). Overall, I'd recommend it if you liked Papers, Please.",True,2018-11-23T04:48:29+00:00,2018-11-23T04:48:29+00:00,914.0,533.0,0.0,1.0,0.0,0.4861111044883728,True,False,False,False,76561198248898336,,2.0,False,False,498,90,15.233333333333333,8.883333333333333,3-10h,positive
46696997,490930,need-to-know,Need to Know,english,"Overall a very enjoyable game.
At launch there were quite a few bugs and problems, but the devs have been putting out consistant updates to improve the game and their hardwork shows.
 If you've enjoyed games like Papers, Please or Orwell, I highly recommend trying Need to Know.","Overall a very enjoyable game. At launch there were quite a few bugs and problems, but the devs have been putting out consistant updates to improve the game and their hardwork shows. If you've enjoyed games like Papers, Please or Orwell, I highly recommend trying Need to Know.",True,2018-11-24T01:52:22+00:00,2018-11-24T01:52:22+00:00,1195.0,818.0,0.0,0.0,0.0,0.5,True,False,False,False,76561198129464700,,5.0,False,False,277,48,19.916666666666668,13.633333333333333,10h+,positive
46743936,490930,need-to-know,Need to Know,english,"Big Brother is...YOU!

Seriously, if you liked Papers, Orwell or Not Tonight, chances are pretty high you'll love Need to Know, too. Basically you are working for a fictitious government agency, spying into online history, social life and other aspects of potential suspects.

The better work you do, the higher you go in the agency's ranks, and the more tools and responsibility you get. And - the tasks definitely get more complicated, too.

The game had a rough and somewhat buggy start, but the developers have been constantly updating the game and I can wholeheartedy recommend Need to Know in its current state.","Big Brother is...YOU! Seriously, if you liked Papers, Orwell or Not Tonight, chances are pretty high you'll love Need to Know, too. Basically you are working for a fictitious government agency, spying into online history, social life and other aspects of potential suspects. The better work you do, the higher you go in the agency's ranks, and the more tools and responsibility you get. And - the tasks definitely get more complicated, too. The game had a rough and somewhat buggy start, but the developers have been constantly updating the game and I can wholeheartedy recommend Need to Know in its current state.",True,2018-11-24T10:11:14+00:00,2018-11-24T10:11:14+00:00,2194.0,1761.0,0.0,9.0,0.0,0.6325219869613647,True,False,False,False,76561198017423391,,14.0,False,False,614,103,36.56666666666667,29.35,10h+,positive
46772322,490930,need-to-know,Need to Know,english,Fun game with an interesting concept and story. Still a little rough around the edges but the devs seem very active in updating and improving the game.,Fun game with an interesting concept and story. Still a little rough around the edges but the devs seem very active in updating and improving the game.,True,2018-11-24T13:33:15+00:00,2018-11-24T13:33:15+00:00,792.0,792.0,0.0,1.0,0.0,0.5199999809265137,True,False,False,False,76561198042377418,,1.0,False,False,151,27,13.2,13.2,10h+,positive
46864204,490930,need-to-know,Need to Know,english,Game got stuck on the tutorial and wouldn't let me proceed and start the first assignment. Refunded.,Game got stuck on the tutorial and wouldn't let me proceed and start the first assignment. Refunded.,False,2018-11-25T03:12:42+00:00,2018-11-25T03:12:42+00:00,31.0,31.0,0.0,0.0,0.0,0.4091512858867645,True,False,False,True,76561197977724782,,91.0,False,False,100,17,0.5166666666666667,0.5166666666666667,0-1h,negative
47260964,490930,need-to-know,Need to Know,english,"I like the premise and gameplay of this game, but so far - after 16 hours - the story advancement has been miniscule. And judging by the progress in ""clearance levels"" I'm in like half of the game. And it's pretty unrewarding and just really, really long. The core gameplay loop is pretty nice when you get different mission types or advancements in the story, but when you spread it over so many hours it becomes boring anyway.

I also believe there is an issue with difficulty, since there's no option to change it, and for the first like 4 or more clearance levels it is ridiculously easy (with one very hard mission thrown in every once in a while). But there's really no punishment for failure in story sense - you can absolutely botch an ""investigation"" (when you are for example looking for a suspect in waves and accidentally mark them as non-suspect in the first wave) and still succeed. Which makes sense from gameplay sense, but it's pretty immersion breaking, especially when you are still awarded with catching the criminal and such.

And coming from there - a lot of stuff in the game feels very forced. Like your ""romance"" / ""date"" or whatever just eventually appears in your apartment with no option to reject them. Sometimes you are presented with ""options"", but when you choose certain dialogues the game just ends (sometimes as if you almost won, and sometimes you just end up in jail and such) but in the end you always have to go back and choose the options the game wants you to.

And speaking of ""going back"" - there are no save slots; The game saves randomly and you can't go back. If you fuck something up because there was no tutorial or the description was misleading or you didn't get the gist of what you are looking for - tough luck, the game punishes you for that and you have to keep going forward. This issue is especially apparent with some mission types or evidence gathering that's poorly explained. One time I got everything wrong for misreading what the game wanted me to do (matching years of consecutive growth when something happens vs. matching just the last year of consecutive growth *with the thing that happened*). And there is more where that comes from.

I also encountered some minor visual bugs and UI annoyances. One of the bigger one is that ""helpers"" (people who you don't use your powers on and only help match evidence and such) are marked the same color on the map as the suspects. Well, some times. From the tutorial I think they are meant to be teal, but they're white like everyone else... Unless they are red for some reason, but only every once in a while (even in a single mission) before they are white again.

All in all I'm pretty conflicted in whether to recommend this game - [b]if you really like the core gameplay loop (go watch some videos) then sure, go for it[/b]. The annoyances are minor enough to really affect that too much. But [b]if you are like me, spending 16 hours to get into what is presumably half of the game with very repetitive gameplay and just tiny bits of story... You are better spending your time elsewhere[/b]. Just for comparison: I finished the whole playthrough of Prey 2017 in like 22 hours, and by the time I was at hour 16 I had discovered almost all of the story, everything about the station and Typhon, etc.","I like the premise and gameplay of this game, but so far - after 16 hours - the story advancement has been miniscule. And judging by the progress in ""clearance levels"" I'm in like half of the game. And it's pretty unrewarding and just really, really long. The core gameplay loop is pretty nice when you get different mission types or advancements in the story, but when you spread it over so many hours it becomes boring anyway. I also believe there is an issue with difficulty, since there's no option to change it, and for the first like 4 or more clearance levels it is ridiculously easy (with one very hard mission thrown in every once in a while). But there's really no punishment for failure in story sense - you can absolutely botch an ""investigation"" (when you are for example looking for a suspect in waves and accidentally mark them as non-suspect in the first wave) and still succeed. Which makes sense from gameplay sense, but it's pretty immersion breaking, especially when you are still awarded with catching the criminal and such. And coming from there - a lot of stuff in the game feels very forced. Like your ""romance"" / ""date"" or whatever just eventually appears in your apartment with no option to reject them. Sometimes you are presented with ""options"", but when you choose certain dialogues the game just ends (sometimes as if you almost won, and sometimes you just end up in jail and such) but in the end you always have to go back and choose the options the game wants you to. And speaking of ""going back"" - there are no save slots; The game saves randomly and you can't go back. If you fuck something up because there was no tutorial or the description was misleading or you didn't get the gist of what you are looking for - tough luck, the game punishes you for that and you have to keep going forward. This issue is especially apparent with some mission types or evidence gathering that's poorly explained. One time I got everything wrong for misreading what the game wanted me to do (matching years of consecutive growth when something happens vs. matching just the last year of consecutive growth *with the thing that happened*). And there is more where that comes from. I also encountered some minor visual bugs and UI annoyances. One of the bigger one is that ""helpers"" (people who you don't use your powers on and only help match evidence and such) are marked the same color on the map as the suspects. Well, some times. From the tutorial I think they are meant to be teal, but they're white like everyone else... Unless they are red for some reason, but only every once in a while (even in a single mission) before they are white again. All in all I'm pretty conflicted in whether to recommend this game - [b]if you really like the core gameplay loop (go watch some videos) then sure, go for it[/b]. The annoyances are minor enough to really affect that too much. But [b]if you are like me, spending 16 hours to get into what is presumably half of the game with very repetitive gameplay and just tiny bits of story... You are better spending your time elsewhere[/b]. Just for comparison: I finished the whole playthrough of Prey 2017 in like 22 hours, and by the time I was at hour 16 I had discovered almost all of the story, everything about the station and Typhon, etc.",False,2018-12-02T17:26:32+00:00,2018-12-02T17:26:32+00:00,1352.0,1352.0,0.0,11.0,1.0,0.5850063562393188,False,False,False,False,76561198012718839,,54.0,False,False,3304,596,22.533333333333335,22.533333333333335,10h+,negative
47401206,490930,need-to-know,Need to Know,english,"A truly great game. 

I've been waiting for this game since the original trailer was released. The wait was well worth it. The game had some issues at launch with some glitches and bugs, and an all around poor game interface. Any issue that I've found with this game has been resolved with the recent patches and updates, and I can now thankfully report that the game is an interesting and entertaining product that provides hours of fun. 

You'll be challenged with fast paced - exciting gameplay that forces you to make a large variety of choices that will ultimately have a large impact on the outcome of the game. 

Absolutely recommended!","A truly great game. I've been waiting for this game since the original trailer was released. The wait was well worth it. The game had some issues at launch with some glitches and bugs, and an all around poor game interface. Any issue that I've found with this game has been resolved with the recent patches and updates, and I can now thankfully report that the game is an interesting and entertaining product that provides hours of fun. You'll be challenged with fast paced - exciting gameplay that forces you to make a large variety of choices that will ultimately have a large impact on the outcome of the game. Absolutely recommended!",True,2018-12-08T22:54:27+00:00,2018-12-08T22:54:27+00:00,2302.0,2118.0,0.0,0.0,0.0,0.5,True,False,False,False,76561198029711113,,1.0,False,False,637,112,38.36666666666667,35.3,10h+,positive
47636075,490930,need-to-know,Need to Know,english,Edit: A recent update fixed the issue I guess. Played the game and its fantastic! Papers Please in the modern era!,Edit: A recent update fixed the issue I guess. Played the game and its fantastic! Papers Please in the modern era!,True,2018-12-19T21:11:50+00:00,2019-02-15T03:37:55+00:00,468.0,167.0,0.0,0.0,0.0,0.5205479264259338,True,False,False,False,76561198180925293,,3.0,False,False,114,21,7.8,2.783333333333333,1-3h,positive
47820581,490930,need-to-know,Need to Know,english,Bugged uncomfortable garbage,Bugged uncomfortable garbage,False,2018-12-25T23:56:36+00:00,2018-12-25T23:56:36+00:00,91.0,91.0,0.0,1.0,0.0,0.49335548281669617,True,False,False,False,76561197997862985,,138.0,False,True,28,3,1.5166666666666666,1.5166666666666666,1-3h,negative
47834041,490930,need-to-know,Need to Know,english,"Just so that everyone knows, this is totally fake, and this has never, nor will it ever, happen. 

| Copy and paste the above section |","Just so that everyone knows, this is totally fake, and this has never, nor will it ever, happen. | Copy and paste the above section |",True,2018-12-26T12:48:18+00:00,2019-07-06T13:19:22+00:00,886.0,886.0,0.0,0.0,0.0,0.5,True,False,False,False,76561198192525707,,7.0,False,False,133,26,14.766666666666667,14.766666666666667,10h+,positive
47876209,490930,need-to-know,Need to Know,english,"Do not let the simple GUI fool you.  This is actually well written, thought out, and introspective.  Akin to Papers Please and other data crunching games, this actually shows a  very human side to data security.  The game not only deals with the ethical quagmires of our intelligence community, but you get to have a look under the hood of a young intel agent's life.  Balancing ethics and morals, dealing with what to do when a friend is caught up in the web, how to keep secrets buried even from family, and how people even cope with the stress and isolation (constructively and destructively).  I honestly thought this would be a $10 throwaway game (on sale), but more than a couple times I caught myself resting my cheek in my hand saying ""hmmmm"" to some of the situations.

Recommended.  Don't be an idiot. Get it.","Do not let the simple GUI fool you. This is actually well written, thought out, and introspective. Akin to Papers Please and other data crunching games, this actually shows a very human side to data security. The game not only deals with the ethical quagmires of our intelligence community, but you get to have a look under the hood of a young intel agent's life. Balancing ethics and morals, dealing with what to do when a friend is caught up in the web, how to keep secrets buried even from family, and how people even cope with the stress and isolation (constructively and destructively). I honestly thought this would be a $10 throwaway game (on sale), but more than a couple times I caught myself resting my cheek in my hand saying ""hmmmm"" to some of the situations. Recommended. Don't be an idiot. Get it.",True,2018-12-27T20:33:15+00:00,2021-10-03T23:29:58+00:00,2321.0,206.0,0.0,0.0,0.0,0.5,True,False,False,False,76561197970512148,,25.0,False,False,811,145,38.68333333333333,3.433333333333333,3-10h,positive
47878047,490930,need-to-know,Need to Know,english,this game man it is so fucking annoying it will dock for the tinyest mistakes and the story isnt even that good,this game man it is so fucking annoying it will dock for the tinyest mistakes and the story isnt even that good,False,2018-12-27T21:52:12+00:00,2018-12-27T21:52:12+00:00,661.0,462.0,0.0,0.0,0.0,0.4545454680919647,True,False,False,False,76561198146548547,,66.0,False,False,111,22,11.016666666666667,7.7,3-10h,negative
48053560,490930,need-to-know,Need to Know,english,"I was looking forward to this game for a long time but I have to say it's not really what I expected. I assumed the game would be more about making your own judgement based on what data you find on someone but it's more in line with ""papers, please"" where they tell you a set of ""rules"" and you just have to tag keywords. It kinda takes the fun out of digging into suspects when you're just skimming for preset keywords like a puzzle. I played a bit more into the game and it's just more of the same. Shame.","I was looking forward to this game for a long time but I have to say it's not really what I expected. I assumed the game would be more about making your own judgement based on what data you find on someone but it's more in line with ""papers, please"" where they tell you a set of ""rules"" and you just have to tag keywords. It kinda takes the fun out of digging into suspects when you're just skimming for preset keywords like a puzzle. I played a bit more into the game and it's just more of the same. Shame.",False,2019-01-02T22:19:47+00:00,2019-01-02T22:19:47+00:00,66.0,66.0,0.0,11.0,0.0,0.622605562210083,True,False,False,False,76561198041119693,,2.0,False,False,507,101,1.1,1.1,1-3h,negative
48198465,490930,need-to-know,Need to Know,english,"The story advancement can take a while at the start of the game but i feel as if the game gets better after every played hour. I have been watching the project from kickstarter and I had pre ordered the game, I was extremely hyped for this game and the game lives up to the most of my hype, though not all of it.","The story advancement can take a while at the start of the game but i feel as if the game gets better after every played hour. I have been watching the project from kickstarter and I had pre ordered the game, I was extremely hyped for this game and the game lives up to the most of my hype, though not all of it.",True,2019-01-09T02:11:01+00:00,2019-01-09T02:11:01+00:00,516.0,516.0,0.0,2.0,0.0,0.5143385529518127,False,False,False,False,76561198101995601,,1.0,False,False,312,64,8.6,8.6,3-10h,positive
48217818,490930,need-to-know,Need to Know,english,"I really enjoyed this game. I played it over a week or so, and couldn't wait to get home every day so I could play it. 

I ended up feeling attached to my character and her friends, which is not something you would expect during the first few hours of playthrough. Maybe it was just from being exposed to them for so long, but I liked feeling like I was actually this agent. 

I have to admit that the story component wasn't amazing, but I thoroughly enjoyed the process of selecting information on the suspects. I would have liked for my character to do more activities outside of work, and to actually be able to interact with Fyre dates through more than one conversation.

I wouldn't play it more than once, as you have the opportunity to explore several endings within one game. But I was very happy with the game overall and would highly recommend it for fans of Orwell. Also, even if you're not sure about it, try to play it all the way through! Kudos to the developers!","I really enjoyed this game. I played it over a week or so, and couldn't wait to get home every day so I could play it. I ended up feeling attached to my character and her friends, which is not something you would expect during the first few hours of playthrough. Maybe it was just from being exposed to them for so long, but I liked feeling like I was actually this agent. I have to admit that the story component wasn't amazing, but I thoroughly enjoyed the process of selecting information on the suspects. I would have liked for my character to do more activities outside of work, and to actually be able to interact with Fyre dates through more than one conversation. I wouldn't play it more than once, as you have the opportunity to explore several endings within one game. But I was very happy with the game overall and would highly recommend it for fans of Orwell. Also, even if you're not sure about it, try to play it all the way through! Kudos to the developers!",True,2019-01-10T04:20:44+00:00,2019-01-10T04:20:44+00:00,1538.0,988.0,0.0,2.0,0.0,0.5408486127853394,True,False,False,False,76561198203521756,,1.0,False,False,972,181,25.633333333333333,16.466666666666665,10h+,positive
48245475,490930,need-to-know,Need to Know,english,"Fun game, wish I could actually play it. This is the second round of game-breaking bugs I've run into. Game went from crashing 20 minutes into the campaign to crashing at the start screen. 

For reference, my computer can typically run AAA games on max settings. I hate to leave a negative review, but this is just not a functional product. Come back in a couple months, maybe they will have ironed the kinks out by then.","Fun game, wish I could actually play it. This is the second round of game-breaking bugs I've run into. Game went from crashing 20 minutes into the campaign to crashing at the start screen. For reference, my computer can typically run AAA games on max settings. I hate to leave a negative review, but this is just not a functional product. Come back in a couple months, maybe they will have ironed the kinks out by then.",False,2019-01-11T03:55:52+00:00,2019-01-11T03:55:52+00:00,201.0,65.0,0.0,3.0,0.0,0.4806089401245117,False,False,False,False,76561198015076128,,3.0,False,False,419,77,3.35,1.0833333333333333,1-3h,negative
48406012,490930,need-to-know,Need to Know,english,"I've played the game for a couple of hours with some weeks in between, but I can't really get myself to continue playing. I'd love to see how the story turns out, but the gameplay is just too... boring I guess? You are playing a person who's working a job, and to be honest playing it feels like working a job. It's not really fun.","I've played the game for a couple of hours with some weeks in between, but I can't really get myself to continue playing. I'd love to see how the story turns out, but the gameplay is just too... boring I guess? You are playing a person who's working a job, and to be honest playing it feels like working a job. It's not really fun.",False,2019-01-18T18:37:26+00:00,2019-01-18T18:37:26+00:00,210.0,210.0,0.0,11.0,0.0,0.6041322350502014,False,False,False,False,76561198016412862,,8.0,False,False,331,65,3.5,3.5,3-10h,negative
48455648,490930,need-to-know,Need to Know,english,"Had to request a refund.  Game wouldn't load and I verified the file and closed all other programs but it was a no go.  Don't know if this is an issue on other OS', but that's my experience.","Had to request a refund. Game wouldn't load and I verified the file and closed all other programs but it was a no go. Don't know if this is an issue on other OS', but that's my experience.",False,2019-01-21T06:08:31+00:00,2019-01-21T06:08:31+00:00,22.0,22.0,0.0,1.0,0.0,0.4131830334663391,False,False,False,False,76561198211975051,,2.0,False,False,188,38,0.36666666666666664,0.36666666666666664,0-1h,negative
48496768,490930,need-to-know,Need to Know,english,"Steam ate the review I wrote, so:

Game good. Game REAL good. 

- Pretty colors!
- Attention to detail: BIG. Bring fine toothed comb!
- Writing Very Good, make me cry at least once.
- Take all time you want invading privacy! No timer!
- Have touchscreen laptop, tap thumb to fingerprint scan when starting work. Feel VERY cool.
- Gameplay consistant, but not boring.

- Tutorial vanish after first couple powers. Figure things out on own. :(
- Entire game chasing after details. No like checking time stamps on phone calls, spelling on names? No like game!","Steam ate the review I wrote, so: Game good. Game REAL good. - Pretty colors! - Attention to detail: BIG. Bring fine toothed comb! - Writing Very Good, make me cry at least once. - Take all time you want invading privacy! No timer! - Have touchscreen laptop, tap thumb to fingerprint scan when starting work. Feel VERY cool. - Gameplay consistant, but not boring. - Tutorial vanish after first couple powers. Figure things out on own. :( - Entire game chasing after details. No like checking time stamps on phone calls, spelling on names? No like game!",True,2019-01-23T00:13:17+00:00,2019-01-23T00:13:17+00:00,1511.0,770.0,0.0,4.0,0.0,0.5185548067092896,True,False,False,False,76561198023140949,,9.0,False,False,552,98,25.183333333333334,12.833333333333334,10h+,positive
48529032,490930,need-to-know,Need to Know,english,"I like these kind of games, but this one is too barebone. Not enough flesh on it, almost streamlined.
Example: one mission a friend needs to know if someone is cheating, you dont do anything other than check the persons profile(clicking it).","I like these kind of games, but this one is too barebone. Not enough flesh on it, almost streamlined. Example: one mission a friend needs to know if someone is cheating, you dont do anything other than check the persons profile(clicking it).",True,2019-01-24T20:24:12+00:00,2019-01-24T20:24:12+00:00,1746.0,1309.0,0.0,3.0,0.0,0.4904504418373108,True,False,False,False,76561197993689314,,59.0,False,False,241,42,29.1,21.816666666666666,10h+,positive
48860389,490930,need-to-know,Need to Know,english,"A surprisingly fun gem of a title that... if it wants to or not, teaches the players that the world is complex.

Unlike Papers Please, where if you make a mistake, you can see plain as day what you did wrong and how you can improve, Need to Know is as grey as it's central themes. There are going to be choices you have to make with incomplete information. You might flag evidence that game rejects, or ignore evidence the game was expecting you to flag- and you might do so fully believing your choice was right. There is an margin of subjectivity in this game that is wonderfully refreshing. You're not going to have all the information and you have to make choices. 

For many players this might be frustrating, fully believing you made a choice and the game just disagreed with you. But that's life. Rarely does that wrong choice fully lead to a game over and the plot itself is good enough to keep me invested. 

My biggest surprises is that this title isn't more well known. It's a solid game. 

","A surprisingly fun gem of a title that... if it wants to or not, teaches the players that the world is complex. Unlike Papers Please, where if you make a mistake, you can see plain as day what you did wrong and how you can improve, Need to Know is as grey as it's central themes. There are going to be choices you have to make with incomplete information. You might flag evidence that game rejects, or ignore evidence the game was expecting you to flag- and you might do so fully believing your choice was right. There is an margin of subjectivity in this game that is wonderfully refreshing. You're not going to have all the information and you have to make choices. For many players this might be frustrating, fully believing you made a choice and the game just disagreed with you. But that's life. Rarely does that wrong choice fully lead to a game over and the plot itself is good enough to keep me invested. My biggest surprises is that this title isn't more well known. It's a solid game.",True,2019-02-09T02:31:42+00:00,2019-02-09T02:31:42+00:00,432.0,277.0,0.0,2.0,0.0,0.5070422291755676,True,False,False,False,76561197968768811,,30.0,False,False,994,184,7.2,4.616666666666666,3-10h,positive
49033790,490930,need-to-know,Need to Know,english,This game is wonderful in how it presents it's self. It has a building way to show the things that you can do building the story as you go.,This game is wonderful in how it presents it's self. It has a building way to show the things that you can do building the story as you go.,True,2019-02-16T16:39:50+00:00,2019-02-16T16:39:50+00:00,1985.0,947.0,0.0,0.0,0.0,0.5,True,False,False,False,76561198235148112,,4.0,False,False,139,29,33.083333333333336,15.783333333333333,10h+,positive
49068442,490930,need-to-know,Need to Know,english,If you like Paper's Please then you will most likely like this game. The story is quite in-depth and can be challenging at some points. Definitely worth the price.,If you like Paper's Please then you will most likely like this game. The story is quite in-depth and can be challenging at some points. Definitely worth the price.,True,2019-02-18T08:00:11+00:00,2019-02-18T08:00:11+00:00,1263.0,807.0,0.0,2.0,0.0,0.5245348215103149,False,False,False,False,76561198065247276,,7.0,False,False,163,29,21.05,13.45,10h+,positive
49725443,490930,need-to-know,Need to Know,english,"Very fun game that does an excellent job of portraying the slippery slope when dealing with the question of rights vs security.

*** Spoilers ***
You start off with basic tasks like hunting down murderers or catching terrorists, but then a hurricane hits...

... And you're not permitted to go snooping through people's offline data, but you break the law anyway because if you can track them down, you can send FEMA their location and save some lives! So it's fine, right? Sure, some people lose a bit of privacy, but you're rescuing them from the hurricane!

And then as you rise through the ranks you get a bit more power and you start dealing with tracking down serial killers or stopping an active shooter... But then a senator doesn't like the fact that your department is ignoring people's rights to privacy and wants to shut you down...

... So you blackmail her by digging through her data and finding embarassing information to damage her career. Can't have her foolish ideals stand in the way, obstructing your quest to save lives, right?

And then a bunch of corporations give you access to their data, making your job to track down terrorists even easier, and helping you along the way in your original mission to find a man who caused a few nuclear reactors to overload in a massive terrorist attack, but they want a couple favours...

... So you start doing a bit of corporate espionage on the side, but it's fine, I'm sure, because the backroom deals are how you make progress, and no one *really* needs to keep their shopping history private, do they?

But then some of this stuff gets leaked and more politicians start rallying against it. Fools. They don't know how hard you're working to keep this country safe! They don't know how necessary it is to use this data...

... So you launch a disinformation campaign to silence them and ruin their credibility. It was their fault anyways. They threatened the department, and you needed to protect it! You're the only one standing in the way of the terrorists attacking america, so getting your hands dirty sometimes is fine if it's to protect the greater good, right?

So throughout the game you're doing these underhanded deals, blackmail and character assassinations, but it's fine because you're catching terrorists, saving lives, and generally making sure the citizens can go on with their happy little lives. Soon it pays off! You catch a terrorist who leads you to a terrorist who leads you to a whole network of them! ... but they're scattered across the globe, and many of the countries aren't too keen on sending them to the states for judgement...

... Well they stand in your way! They're harbouring enemies of the state, that's basically an act of war, right? You need to show these governments the errors of their ways... Or maybe you can't. Maybe you should arm some of the militant groups in the countries who are more friendly towards US interests... So you start distributing arms to them and help them seize power, but it's fine, right? You toppled a government and installed a few dictatorships, but you've got to help your country! They were basically asking for it anyways by hiding your enemies, right? So what if a few thousand people on the otherside of the world got killed, you're supposed to protect Americans and that's what you're going to do!

But now your powers are growing and word of your department's actions are reaching the journalists, who are writing scathing criticisms of you and turning the people against you... Well you can't have that happen, so you need to silence them, either by getting them fired or threatening them to keep quiet! Freedom of speech is just getting in the way here, this sacrifice is for the good of the nation, right? Right?!

Despite your best efforts public opinion is still slowly turning against you, and the politicians are noticing... well there's an election coming up, so you've got to make sure a politician friendly to your department gets in. Can't have the president disband the department of liberty, there's still so much work left to do! 

... So you blackmail politicians, leak incriminating documents, and funnel support towards your prefered candidate, ensuring she wins the election. You've subverted democracy but it's fine, right? You need to protect the department because it protects the nation! You're the hero of this story after all! You can't let people who don't understand get in the way, right guys? Right?! Sacrifices must be made! It's for the good of the nation! The good of us all! There's no way I could be the villain, right?! I am the hero here!!!!

But of course, it doesn't stop there. You need more power. Even when you're launching military assaults on embassies in foreign nations, even when you drone-strike your own citizens, even when you assassinate the leaders of other countries who once tried to help you but now stand in your way... 

And then you see it. You get betrayed. People want the power your department has, and your boss and other corporations are vying for the systems that now control the world. What was a perfect, all-seeing system is being used as a pawn by people for petty power plays and revenge... to further their own ideals at the expense of everyone else. You know that you need to end this. You need to stop it. The people at the top need to be brought down. A system this powerful can't remain in the hands of those who would abuse it. A system this perfect either needs to be destroyed or to remain under the control of someone who would use it for good... someone like you... And after all, you're the hero, so why not take it? It's for the good of the nation after all... 

*** End Spoilers ***

Unfortunately there's still a few problems with the game. The interface is not nearly as responsive as it should be for as simple a game as this is. Additionally when you get assignments cross-referencing between multiple suspects,... ugh... the limitations of the UI really make themselves known, and despite there being hundreds of HCI papers out there for how to build proper interfaces when comparing data, this game chooses to use none of them. As someone who worked in an Info-vis lab for a while, I can safely say that the method they chose to link data between two different suspects is one of the most annoying and tedious ways they could have possibly done it. You will audiably groan when you see the mission rules ""Link evidence when two suspects travel to the same city at the same time."". It is that bad. Fortunately these missions are few and far between, so you don't have to deal with it too often.

I also didn't like that your actions basically had no lasting effects. Any big choice either ends the game or lets you continue playing. I was really hoping that...

*** Spoilers ***
When you get betrayed, you would have a chance to work with the Snow Owl black-ops division instead of with Tripwire to work your way back up to the top. Maybe based on which faction you had a higher reputation with. They're black-ops anyways, with everything they do being classified and deniable, so helping you wouldn't be completely out of the question.
*** End Spoilers ***

That aside, the game was very fun and very satisfying to play. It played around with a lot of neat ideas, and again, I really liked the story. I also liked how it showed your progression from living in a trashy apartment and working in basically a basement closet to living in a super upscale neighbourhood and leading your own division as you progress through the ranks. I highly recommend it.

8/10","Very fun game that does an excellent job of portraying the slippery slope when dealing with the question of rights vs security. *** Spoilers *** You start off with basic tasks like hunting down murderers or catching terrorists, but then a hurricane hits... ... And you're not permitted to go snooping through people's offline data, but you break the law anyway because if you can track them down, you can send FEMA their location and save some lives! So it's fine, right? Sure, some people lose a bit of privacy, but you're rescuing them from the hurricane! And then as you rise through the ranks you get a bit more power and you start dealing with tracking down serial killers or stopping an active shooter... But then a senator doesn't like the fact that your department is ignoring people's rights to privacy and wants to shut you down... ... So you blackmail her by digging through her data and finding embarassing information to damage her career. Can't have her foolish ideals stand in the way, obstructing your quest to save lives, right? And then a bunch of corporations give you access to their data, making your job to track down terrorists even easier, and helping you along the way in your original mission to find a man who caused a few nuclear reactors to overload in a massive terrorist attack, but they want a couple favours... ... So you start doing a bit of corporate espionage on the side, but it's fine, I'm sure, because the backroom deals are how you make progress, and no one *really* needs to keep their shopping history private, do they? But then some of this stuff gets leaked and more politicians start rallying against it. Fools. They don't know how hard you're working to keep this country safe! They don't know how necessary it is to use this data... ... So you launch a disinformation campaign to silence them and ruin their credibility. It was their fault anyways. They threatened the department, and you needed to protect it! You're the only one standing in the way of the terrorists attacking america, so getting your hands dirty sometimes is fine if it's to protect the greater good, right? So throughout the game you're doing these underhanded deals, blackmail and character assassinations, but it's fine because you're catching terrorists, saving lives, and generally making sure the citizens can go on with their happy little lives. Soon it pays off! You catch a terrorist who leads you to a terrorist who leads you to a whole network of them! ... but they're scattered across the globe, and many of the countries aren't too keen on sending them to the states for judgement... ... Well they stand in your way! They're harbouring enemies of the state, that's basically an act of war, right? You need to show these governments the errors of their ways... Or maybe you can't. Maybe you should arm some of the militant groups in the countries who are more friendly towards US interests... So you start distributing arms to them and help them seize power, but it's fine, right? You toppled a government and installed a few dictatorships, but you've got to help your country! They were basically asking for it anyways by hiding your enemies, right? So what if a few thousand people on the otherside of the world got killed, you're supposed to protect Americans and that's what you're going to do! But now your powers are growing and word of your department's actions are reaching the journalists, who are writing scathing criticisms of you and turning the people against you... Well you can't have that happen, so you need to silence them, either by getting them fired or threatening them to keep quiet! Freedom of speech is just getting in the way here, this sacrifice is for the good of the nation, right? Right?! Despite your best efforts public opinion is still slowly turning against you, and the politicians are noticing... well there's an election coming up, so you've got to make sure a politician friendly to your department gets in. Can't have the president disband the department of liberty, there's still so much work left to do! ... So you blackmail politicians, leak incriminating documents, and funnel support towards your prefered candidate, ensuring she wins the election. You've subverted democracy but it's fine, right? You need to protect the department because it protects the nation! You're the hero of this story after all! You can't let people who don't understand get in the way, right guys? Right?! Sacrifices must be made! It's for the good of the nation! The good of us all! There's no way I could be the villain, right?! I am the hero here!!!! But of course, it doesn't stop there. You need more power. Even when you're launching military assaults on embassies in foreign nations, even when you drone-strike your own citizens, even when you assassinate the leaders of other countries who once tried to help you but now stand in your way... And then you see it. You get betrayed. People want the power your department has, and your boss and other corporations are vying for the systems that now control the world. What was a perfect, all-seeing system is being used as a pawn by people for petty power plays and revenge... to further their own ideals at the expense of everyone else. You know that you need to end this. You need to stop it. The people at the top need to be brought down. A system this powerful can't remain in the hands of those who would abuse it. A system this perfect either needs to be destroyed or to remain under the control of someone who would use it for good... someone like you... And after all, you're the hero, so why not take it? It's for the good of the nation after all... *** End Spoilers *** Unfortunately there's still a few problems with the game. The interface is not nearly as responsive as it should be for as simple a game as this is. Additionally when you get assignments cross-referencing between multiple suspects,... ugh... the limitations of the UI really make themselves known, and despite there being hundreds of HCI papers out there for how to build proper interfaces when comparing data, this game chooses to use none of them. As someone who worked in an Info-vis lab for a while, I can safely say that the method they chose to link data between two different suspects is one of the most annoying and tedious ways they could have possibly done it. You will audiably groan when you see the mission rules ""Link evidence when two suspects travel to the same city at the same time."". It is that bad. Fortunately these missions are few and far between, so you don't have to deal with it too often. I also didn't like that your actions basically had no lasting effects. Any big choice either ends the game or lets you continue playing. I was really hoping that... *** Spoilers *** When you get betrayed, you would have a chance to work with the Snow Owl black-ops division instead of with Tripwire to work your way back up to the top. Maybe based on which faction you had a higher reputation with. They're black-ops anyways, with everything they do being classified and deniable, so helping you wouldn't be completely out of the question. *** End Spoilers *** That aside, the game was very fun and very satisfying to play. It played around with a lot of neat ideas, and again, I really liked the story. I also liked how it showed your progression from living in a trashy apartment and working in basically a basement closet to living in a super upscale neighbourhood and leading your own division as you progress through the ranks. I highly recommend it. 8/10",True,2019-03-24T00:58:35+00:00,2019-03-24T01:03:38+00:00,1076.0,1076.0,0.0,1.0,0.0,0.482142835855484,False,False,False,False,76561198042536082,,13.0,False,False,7562,1329,17.933333333333334,17.933333333333334,10h+,positive
50261602,490930,need-to-know,Need to Know,english,"Been a backer since...Feb 2016.  It is very nice to see the end product, however long it took.  I liked it so far, and from other reviews, I am looking forward to the play time I will get since it is my type of game.  

Pros:
Unique puzzle type game
Engaging text based storyline (I'm looking at you, uncle)
Enough tutorial to get you started.

Cons:
Fair amount of bugs needed to be fixed
Log in animation seems pointless other than extending the transition.
Layout could use a little TLC.  Screen real estate takes a hit when you have the ""prerequisites"" list open and you're trying to look at the data.
NPC seems very linear, would have been nice to play with the morality of it all.  The person I am expecting to go against doesn't have to be rude to me, although what I am expecting now might be a different outcome.


Overall, a really cool game for the price.  A good bit of superficial bugs for something officially released since Oct 2018.  I am very happy to have backed it 3 years ago.  
","Been a backer since...Feb 2016. It is very nice to see the end product, however long it took. I liked it so far, and from other reviews, I am looking forward to the play time I will get since it is my type of game. Pros: Unique puzzle type game Engaging text based storyline (I'm looking at you, uncle) Enough tutorial to get you started. Cons: Fair amount of bugs needed to be fixed Log in animation seems pointless other than extending the transition. Layout could use a little TLC. Screen real estate takes a hit when you have the ""prerequisites"" list open and you're trying to look at the data. NPC seems very linear, would have been nice to play with the morality of it all. The person I am expecting to go against doesn't have to be rude to me, although what I am expecting now might be a different outcome. Overall, a really cool game for the price. A good bit of superficial bugs for something officially released since Oct 2018. I am very happy to have backed it 3 years ago.",True,2019-04-22T03:34:54+00:00,2019-04-22T03:34:54+00:00,309.0,199.0,0.0,1.0,0.0,0.5070422291755676,False,False,False,False,76561198074267866,,7.0,False,False,984,185,5.15,3.316666666666667,3-10h,positive
50483592,490930,need-to-know,Need to Know,english,"This game could be frustrating, especially mission that requires from the player to match suspect profiles or match suspect with their travel destination, but generally is a good game, maybe with exception of the soundtrack that could be annoying in some mission :-)","This game could be frustrating, especially mission that requires from the player to match suspect profiles or match suspect with their travel destination, but generally is a good game, maybe with exception of the soundtrack that could be annoying in some mission :-)",True,2019-05-05T00:02:17+00:00,2019-05-08T14:05:36+00:00,1385.0,1032.0,0.0,0.0,0.0,0.4558587670326233,True,False,False,False,76561198029026725,,23.0,False,False,266,43,23.083333333333332,17.2,10h+,positive
50494812,490930,need-to-know,Need to Know,english,11/10 Would break the 4th Amendment again.,11/10 Would break the 4th Amendment again.,True,2019-05-05T14:26:07+00:00,2019-05-05T14:26:07+00:00,423.0,139.0,0.0,0.0,0.0,0.5,True,False,False,False,76561198220124344,,22.0,False,False,42,7,7.05,2.316666666666667,1-3h,positive
50872835,490930,need-to-know,Need to Know,english,"I had such high hopes for this game, but I broke the tutorial twice for trying to explore. Character design is bad, and only allows 2 different characters. I had such high hopes, I would have loved to go further, but the game literally will not let me progress unless I start a new game and only do exactly as they tell me, when they tell me.","I had such high hopes for this game, but I broke the tutorial twice for trying to explore. Character design is bad, and only allows 2 different characters. I had such high hopes, I would have loved to go further, but the game literally will not let me progress unless I start a new game and only do exactly as they tell me, when they tell me.",False,2019-05-26T21:02:46+00:00,2019-05-26T21:02:46+00:00,23.0,23.0,0.0,0.0,0.0,0.4761904776096344,False,False,False,False,76561198015960853,,22.0,False,False,342,67,0.38333333333333336,0.38333333333333336,0-1h,negative
51245045,490930,need-to-know,Need to Know,english,"Terrible, near constant lag to the point where the game is barely playable, tedious dialogue, and the gameplay is boring.","Terrible, near constant lag to the point where the game is barely playable, tedious dialogue, and the gameplay is boring.",False,2019-06-15T20:22:57+00:00,2019-06-15T20:22:57+00:00,390.0,300.0,0.0,0.0,0.0,0.5,True,False,False,False,76561198025411196,,5.0,False,False,121,20,6.5,5.0,3-10h,negative
51261017,490930,need-to-know,Need to Know,english,"Overall just a slow clicky game where it isnt needed, transitions are so slow it makes you think your game is lagging and then several dialogue bubbles just pass by. Weird feeling game.","Overall just a slow clicky game where it isnt needed, transitions are so slow it makes you think your game is lagging and then several dialogue bubbles just pass by. Weird feeling game.",False,2019-06-16T18:09:53+00:00,2019-06-16T18:09:53+00:00,74.0,74.0,0.0,0.0,0.0,0.5,False,False,False,False,76561198032727732,,4.0,False,False,185,33,1.2333333333333334,1.2333333333333334,1-3h,negative
51875986,490930,need-to-know,Need to Know,english,Not quite what I expected but still a lot of fun.,Not quite what I expected but still a lot of fun.,True,2019-06-29T11:19:48+00:00,2019-06-29T11:19:48+00:00,546.0,546.0,0.0,0.0,0.0,0.5,False,False,False,False,76561198012247493,,9.0,False,False,49,11,9.1,9.1,3-10h,positive
52043889,490930,need-to-know,Need to Know,english,Story is a little cringe worthy and lacks realism. Game-play is fun so far from what I've played but immersion is lacking a little due to the lifeless and one dimensional characters.,Story is a little cringe worthy and lacks realism. Game-play is fun so far from what I've played but immersion is lacking a little due to the lifeless and one dimensional characters.,True,2019-06-29T16:03:34+00:00,2019-06-29T16:03:34+00:00,86.0,38.0,0.0,0.0,0.0,0.5,True,False,False,False,76561198000860098,,19.0,False,False,182,32,1.4333333333333333,0.6333333333333333,0-1h,positive
52506045,490930,need-to-know,Need to Know,english,"Enjoyable game,  great if you enjoy point and click format. I like the high stakes that the storyline provides. However, at times, the mission instructions can be a bit vague, which can affect your character's analysis accuracy.  I also don't like the game narrative forces the player to sell intelligence to parties that aren't a part of the game's government structure, which essentially places the player in the position of selling classified information to the highest bidder.","Enjoyable game, great if you enjoy point and click format. I like the high stakes that the storyline provides. However, at times, the mission instructions can be a bit vague, which can affect your character's analysis accuracy. I also don't like the game narrative forces the player to sell intelligence to parties that aren't a part of the game's government structure, which essentially places the player in the position of selling classified information to the highest bidder.",True,2019-06-30T17:35:26+00:00,2019-06-30T17:35:26+00:00,807.0,681.0,0.0,0.0,0.0,0.5,False,False,False,False,76561198259558195,,1.0,False,False,478,77,13.45,11.35,10h+,positive
52767818,490930,need-to-know,Need to Know,english,Loving this game so far. It is a little slow but I find that it adds to the immersiveness of the storyline.,Loving this game so far. It is a little slow but I find that it adds to the immersiveness of the storyline.,True,2019-07-01T08:13:35+00:00,2019-07-01T08:13:35+00:00,1178.0,596.0,0.0,0.0,0.0,0.5,True,False,False,False,76561198041073304,,18.0,False,False,107,22,19.633333333333333,9.933333333333334,3-10h,positive
52958225,490930,need-to-know,Need to Know,english,"This is a wonderfully simple yet addictive line-management game. If you have any interest in games like, 'Papers Please'. Then I urge you to give this game a go. It is a game that you can play if you only have ten minutes or if you have all day.","This is a wonderfully simple yet addictive line-management game. If you have any interest in games like, 'Papers Please'. Then I urge you to give this game a go. It is a game that you can play if you only have ten minutes or if you have all day.",True,2019-07-01T18:42:59+00:00,2019-07-01T18:42:59+00:00,87.0,79.0,0.0,0.0,0.0,0.5,True,False,False,False,76561198133814561,,5.0,False,False,245,49,1.45,1.3166666666666667,1-3h,positive
53388614,490930,need-to-know,Need to Know,english,"Pretty great game, got a bit lost from it, gonna go back and complete it soon though.","Pretty great game, got a bit lost from it, gonna go back and complete it soon though.",True,2019-07-03T17:20:16+00:00,2019-07-03T17:20:16+00:00,655.0,378.0,0.0,1.0,0.0,0.5,False,False,False,False,76561198050428668,,29.0,False,False,85,17,10.916666666666666,6.3,3-10h,positive
53661406,490930,need-to-know,Need to Know,english,"This game is in a different style to orwell, but still enjoyable!","This game is in a different style to orwell, but still enjoyable!",True,2019-07-05T13:32:57+00:00,2019-07-05T13:32:57+00:00,73.0,73.0,0.0,0.0,0.0,0.5,False,False,False,False,76561198071949198,,2.0,False,False,65,12,1.2166666666666666,1.2166666666666666,1-3h,positive
53691296,490930,need-to-know,Need to Know,english,Excellent story,Excellent story,True,2019-07-05T17:40:50+00:00,2019-07-05T17:40:50+00:00,1590.0,1590.0,0.0,0.0,0.0,0.5,True,False,False,False,76561198066266768,,11.0,False,True,15,2,26.5,26.5,10h+,positive
53999312,490930,need-to-know,Need to Know,english,"The game refuses to load my saves. Any save I try to load -- a ""Loading"" message is displayed and then nothing happens, the game is just stuck in the main menu.
Broken product, will try to refund. :-/","The game refuses to load my saves. Any save I try to load -- a ""Loading"" message is displayed and then nothing happens, the game is just stuck in the main menu. Broken product, will try to refund. :-/",False,2019-07-09T20:59:48+00:00,2019-07-09T20:59:48+00:00,212.0,212.0,0.0,0.0,0.0,0.5,True,False,False,True,76561198044912012,,34.0,False,False,200,39,3.533333333333333,3.533333333333333,3-10h,negative
54094117,490930,need-to-know,Need to Know,english,"This game takes inspirations from Orwell and Papers, Please. Any fan of either will like Need To Know. It had a great story, and each ""work day"" comes with a new set of objectives and challenges, as you delve deeper into the shadowy underworkings of government surveillance. The story was pretty much on rails the whole time, though there were options to deviate, which I didn't explore on my first playthrough. You can expect 15-20 hours to finish the game. I got it on a sale, but even at full price, 15 bucks for 15+ hours seems like a good trade-off to me.

Give it a go, you won't be disappointed.","This game takes inspirations from Orwell and Papers, Please. Any fan of either will like Need To Know. It had a great story, and each ""work day"" comes with a new set of objectives and challenges, as you delve deeper into the shadowy underworkings of government surveillance. The story was pretty much on rails the whole time, though there were options to deviate, which I didn't explore on my first playthrough. You can expect 15-20 hours to finish the game. I got it on a sale, but even at full price, 15 bucks for 15+ hours seems like a good trade-off to me. Give it a go, you won't be disappointed.",True,2019-07-14T14:48:11+00:00,2019-07-14T15:02:14+00:00,1175.0,1175.0,0.0,3.0,0.0,0.5454545617103577,True,False,False,False,76561198032087697,,4.0,False,False,601,111,19.583333333333332,19.583333333333332,10h+,positive
54420362,490930,need-to-know,Need to Know,english,"Alright where do i start. The surveillance concept is very interesting, and the realism of the whole thing made it deeply disturbing for me, which is a good thing, since it kept me on the edge of my seat many times. Gathering evidence can get tricky, there are many traps left and right, but the difficulty is fair. The UI could be better, especially in later clearance levels, where the evidence can get overwhelming. I love the art style though. The story is pretty good, although its tainted by the obvious illusion of choice.


However there are some things that i dislike very much, not because they are bad themselves, but because how the game interacts with or based on it. For instance, the game saves twice a day(ingame time) and creates a gazillion save points, which would be okay, if it were possible to load any other save point beside the last.


Very mild spoilers regarding game design:

Then, you can buy stuff, this got me excited, but it actually has 0 impact on anything aside your bank account, which again, has 0 impact on anything besides the possibility to buy stuff. So its basically a closed system of uselessness. The suspicion points are only used to 5 at max i think, the other 3 seem to be decoration until the very end game, and even then they dont affect anything either.

Spoiler End

Facit &tl;dr
Its a good game, has some flaws, but nothing major. Interesting setting, worth full price, any sale would be a steal.
If you like stuff like Orwell, papers please, beholder, you probably will like this, too.
","Alright where do i start. The surveillance concept is very interesting, and the realism of the whole thing made it deeply disturbing for me, which is a good thing, since it kept me on the edge of my seat many times. Gathering evidence can get tricky, there are many traps left and right, but the difficulty is fair. The UI could be better, especially in later clearance levels, where the evidence can get overwhelming. I love the art style though. The story is pretty good, although its tainted by the obvious illusion of choice. However there are some things that i dislike very much, not because they are bad themselves, but because how the game interacts with or based on it. For instance, the game saves twice a day(ingame time) and creates a gazillion save points, which would be okay, if it were possible to load any other save point beside the last. Very mild spoilers regarding game design: Then, you can buy stuff, this got me excited, but it actually has 0 impact on anything aside your bank account, which again, has 0 impact on anything besides the possibility to buy stuff. So its basically a closed system of uselessness. The suspicion points are only used to 5 at max i think, the other 3 seem to be decoration until the very end game, and even then they dont affect anything either. Spoiler End Facit &tl;dr Its a good game, has some flaws, but nothing major. Interesting setting, worth full price, any sale would be a steal. If you like stuff like Orwell, papers please, beholder, you probably will like this, too.",True,2019-08-02T12:40:03+00:00,2019-08-02T12:40:03+00:00,3861.0,1682.0,0.0,0.0,0.0,0.5,False,False,False,False,76561197993723480,,44.0,False,False,1531,273,64.35,28.033333333333335,10h+,positive
54584453,490930,need-to-know,Need to Know,english,"general theme and gameplay is ok.

stability of the game ui and save file is in the garbage",general theme and gameplay is ok. stability of the game ui and save file is in the garbage,False,2019-08-12T15:33:34+00:00,2019-08-12T15:33:34+00:00,545.0,135.0,0.0,0.0,0.0,0.5,True,False,False,False,76561197991053604,,14.0,False,False,90,18,9.083333333333334,2.25,1-3h,negative
54774516,490930,need-to-know,Need to Know,english,Its a great game with great story striking morals we would expect but this game knows how to keep it fun. The puzzles are amazing and complicated further you go.  However I just had a bug where some of my game progress by some i mean most gets deleted or duplicated for no reasons. Also the one with duplicating info is infuriating.,Its a great game with great story striking morals we would expect but this game knows how to keep it fun. The puzzles are amazing and complicated further you go. However I just had a bug where some of my game progress by some i mean most gets deleted or duplicated for no reasons. Also the one with duplicating info is infuriating.,True,2019-08-24T02:47:26+00:00,2019-08-24T02:47:26+00:00,2064.0,2045.0,0.0,1.0,0.0,0.5210525989532471,True,False,False,False,76561198333030026,,33.0,False,False,331,62,34.4,34.083333333333336,10h+,positive
54777700,490930,need-to-know,Need to Know,english,"This game is an excellent mix of NSA-Deep State-surveillance and Papers, Please. 9/10. Only some things are sometimes very vague for instructions, and can lead to your Compliance Rating TANKING really hard, which sucks.

Devs, please review the game and maybe get some QA people to let you know what's not obvious in the game. Otherwise it's wholly excellent.","This game is an excellent mix of NSA-Deep State-surveillance and Papers, Please. 9/10. Only some things are sometimes very vague for instructions, and can lead to your Compliance Rating TANKING really hard, which sucks. Devs, please review the game and maybe get some QA people to let you know what's not obvious in the game. Otherwise it's wholly excellent.",True,2019-08-24T08:26:39+00:00,2019-08-24T08:26:39+00:00,1638.0,804.0,0.0,1.0,0.0,0.523809552192688,True,False,False,False,76561198006400253,,311.0,False,False,358,59,27.3,13.4,10h+,positive
54802561,490930,need-to-know,Need to Know,english,"Game like Orwell, but with a bit more story to a character, not only to the main plot. Strongly recomend.","Game like Orwell, but with a bit more story to a character, not only to the main plot. Strongly recomend.",True,2019-08-25T19:17:03+00:00,2019-08-25T19:17:03+00:00,1193.0,232.0,0.0,2.0,0.0,0.5247064232826233,True,False,False,False,76561198059099617,,69.0,False,False,105,20,19.883333333333333,3.8666666666666667,3-10h,positive
54992266,490930,need-to-know,Need to Know,english,"I backed this game on Kickstarter 3 or 4 years ago and forgot about it till now. For 15 dollars (I paid 12), this game has been worth every penny. I really enjoyed the progression of security rankings and the data and power that came along with them. I also liked the ironic naming of the Department of Liberty. The little news headlines were interesting to read and paralleled our society in a way that made me think ""Could this be us someday?"" 

I don't know if your overall play style affects the endgame but I chose to play as a ruthless arm of the state just to see how far I could take my power. In the end, I chose to [spoiler] become the new director of the all powerful DoL and take down Charles Douglas. [/spoiler] However, in real life I found myself disgusted at the choices I ""had"" to make in the name of security and personal gain. Just knowing that I was violating privacy AND potentially ruining lives was quite the experience. The people I betrayed and killed felt real and conflicting. But alas, [strike] control [/strike] ... I mean security above all else, no?

The game can be played all through a mouse. A couple times my CODEX world-map background refused to pop up until I clicked it or tried to scroll. The biometric data was a little graphically glitchy. A few times I was confused at new task assignment types but I figured it out. Overall, a polished game with little complaints especially for how affordable it is. 

It felt rewarding to see Clearance Level 1, Rank = 1st. The soundtrack was [b] beautiful, [/b] truly well composed. The game made me feel conflict and emotion which is indicative of an excellent work of media/art/etc. If you are interested in surveillance, politics, culture, RPG's, or conflict this game is for you. After my play-through, I can't help to reflect on our own society and how much this game may or may not be representative of our current (and future) society. Excellent job Monomyth Games, kudos for this excellent game!","I backed this game on Kickstarter 3 or 4 years ago and forgot about it till now. For 15 dollars (I paid 12), this game has been worth every penny. I really enjoyed the progression of security rankings and the data and power that came along with them. I also liked the ironic naming of the Department of Liberty. The little news headlines were interesting to read and paralleled our society in a way that made me think ""Could this be us someday?"" I don't know if your overall play style affects the endgame but I chose to play as a ruthless arm of the state just to see how far I could take my power. In the end, I chose to [spoiler] become the new director of the all powerful DoL and take down Charles Douglas. [/spoiler] However, in real life I found myself disgusted at the choices I ""had"" to make in the name of security and personal gain. Just knowing that I was violating privacy AND potentially ruining lives was quite the experience. The people I betrayed and killed felt real and conflicting. But alas, [strike] control [/strike] ... I mean security above all else, no? The game can be played all through a mouse. A couple times my CODEX world-map background refused to pop up until I clicked it or tried to scroll. The biometric data was a little graphically glitchy. A few times I was confused at new task assignment types but I figured it out. Overall, a polished game with little complaints especially for how affordable it is. It felt rewarding to see Clearance Level 1, Rank = 1st. The soundtrack was [b] beautiful, [/b] truly well composed. The game made me feel conflict and emotion which is indicative of an excellent work of media/art/etc. If you are interested in surveillance, politics, culture, RPG's, or conflict this game is for you. After my play-through, I can't help to reflect on our own society and how much this game may or may not be representative of our current (and future) society. Excellent job Monomyth Games, kudos for this excellent game!",True,2019-09-06T20:03:23+00:00,2019-09-06T20:06:04+00:00,1818.0,1419.0,0.0,2.0,0.0,0.5331374406814575,False,False,False,False,76561198062587679,,2.0,False,False,1977,355,30.3,23.65,10h+,positive
55340668,490930,need-to-know,Need to Know,english,Finally finished the game twice- received it as a gift for good grades. I really enjoyed the game but it is extremely long and I would say get it either for free or on sale,Finally finished the game twice- received it as a gift for good grades. I really enjoyed the game but it is extremely long and I would say get it either for free or on sale,True,2019-09-29T19:43:31+00:00,2019-09-29T19:43:31+00:00,2593.0,2561.0,0.0,0.0,0.0,0.46979865431785583,False,True,False,False,76561198308104349,,40.0,False,False,172,35,43.21666666666667,42.68333333333333,10h+,positive
55578680,490930,need-to-know,Need to Know,english,"The game is too tedious and boring for me to recommend. 

First off the story is definitely the best part of the game. It kept me playing until the end and had some great twists to it. The game gives you different options and choices every now and then but after i replayed some chapters the choices i made hadn't changed much. At least you can get different endings though. 

Another point in favour of this game is that its just good to look at. Music and sound is also great. It never feels cheap.

Problem is Need to Know long game that revolves around matching up information. Did a suspect mention a certain word, or call a certain person or travel somewhere on a certain day. To get through the story you have to do this over and over and over again and not much else.

I think the game could have been better if you are given the story context, some clues and then asked to make a decision of who you think is a threat or not. A few times you see something like this where you get a interrogate someone and have figure out yourself how to blackmail them based on the available information. For the majority of the game though its just boring.","The game is too tedious and boring for me to recommend. First off the story is definitely the best part of the game. It kept me playing until the end and had some great twists to it. The game gives you different options and choices every now and then but after i replayed some chapters the choices i made hadn't changed much. At least you can get different endings though. Another point in favour of this game is that its just good to look at. Music and sound is also great. It never feels cheap. Problem is Need to Know long game that revolves around matching up information. Did a suspect mention a certain word, or call a certain person or travel somewhere on a certain day. To get through the story you have to do this over and over and over again and not much else. I think the game could have been better if you are given the story context, some clues and then asked to make a decision of who you think is a threat or not. A few times you see something like this where you get a interrogate someone and have figure out yourself how to blackmail them based on the available information. For the majority of the game though its just boring.",False,2019-10-13T04:16:58+00:00,2019-10-13T04:16:58+00:00,1966.0,1966.0,0.0,9.0,0.0,0.6345701813697815,True,False,False,False,76561198053582398,,7.0,False,False,1144,218,32.766666666666666,32.766666666666666,10h+,negative
57219258,490930,need-to-know,Need to Know,english,"v interesting, good gameplay, good fun","v interesting, good gameplay, good fun",True,2019-11-15T15:07:16+00:00,2019-11-15T15:07:16+00:00,474.0,474.0,0.0,0.0,0.0,0.5,True,False,False,False,76561198067851671,,5.0,False,False,38,6,7.9,7.9,3-10h,positive
57392383,490930,need-to-know,Need to Know,english,"does start to get a little repetitious, but a great game for detail oriented people","does start to get a little repetitious, but a great game for detail oriented people",True,2019-11-17T22:32:36+00:00,2019-11-17T22:32:36+00:00,254.0,254.0,0.0,0.0,0.0,0.5,True,False,False,False,76561198308229181,,40.0,False,False,83,15,4.233333333333333,4.233333333333333,3-10h,positive
58352609,490930,need-to-know,Need to Know,english,"Noticeably buggy - first time I see the game on Steam that systematically misses triggering achievements. A couple of bugs did affect my progress, effectively forcing me to reload or accept losing score.
UI seemed to me both poorly designed and implemented. Many interactive elements are not highlighted in any way, it's often not obvious how to close an overlay screen or a access a button that is overlapped by another UI element.
Gameplay-wise, didn't strike me as anything more than a repetitive memory/attention exercise. May grow deeper somehow when you progress, but I suspect all complexity you can expect here comes down to having more sorts of the same attention exercise (spot the right word within several lists and texts).","Noticeably buggy - first time I see the game on Steam that systematically misses triggering achievements. A couple of bugs did affect my progress, effectively forcing me to reload or accept losing score. UI seemed to me both poorly designed and implemented. Many interactive elements are not highlighted in any way, it's often not obvious how to close an overlay screen or a access a button that is overlapped by another UI element. Gameplay-wise, didn't strike me as anything more than a repetitive memory/attention exercise. May grow deeper somehow when you progress, but I suspect all complexity you can expect here comes down to having more sorts of the same attention exercise (spot the right word within several lists and texts).",False,2019-11-28T05:13:53+00:00,2019-11-28T05:13:53+00:00,78.0,78.0,0.0,0.0,0.0,0.4761904776096344,True,False,False,True,76561198016528995,,16.0,False,False,735,121,1.3,1.3,1-3h,negative
59526904,490930,need-to-know,Need to Know,english,Could've been done so much better but overall it's good.,Could've been done so much better but overall it's good.,True,2019-12-08T22:46:54+00:00,2019-12-08T22:46:54+00:00,1835.0,412.0,0.0,0.0,0.0,0.5,True,False,False,False,76561198103709620,,4.0,False,False,56,10,30.583333333333332,6.866666666666666,3-10h,positive
59879979,490930,need-to-know,Need to Know,english,"With a simple premise of sifting through data to find the relevant bits to complete your mission Need To Know is an approachable game. Has a fair bit of length and an intriguing story to start. I feel the ending was slightly telegraphed and predictable and the Balancing of Seb, Renege, and Denys was all too easy as there was almost always 3 pieces of data to sell to each. For me at least the time limit was never an issue so I never felt that ""crunch factor"" that the clock instills in the player. While playing though do prepare to be paranoid in future online activities and disgusted with your in game actions. All in all a good game for those looking for an intriguing narrative.","With a simple premise of sifting through data to find the relevant bits to complete your mission Need To Know is an approachable game. Has a fair bit of length and an intriguing story to start. I feel the ending was slightly telegraphed and predictable and the Balancing of Seb, Renege, and Denys was all too easy as there was almost always 3 pieces of data to sell to each. For me at least the time limit was never an issue so I never felt that ""crunch factor"" that the clock instills in the player. While playing though do prepare to be paranoid in future online activities and disgusted with your in game actions. All in all a good game for those looking for an intriguing narrative.",True,2019-12-15T04:51:08+00:00,2019-12-15T04:57:13+00:00,888.0,888.0,0.0,0.0,0.0,0.5,False,False,False,False,76561198159057457,,1.0,False,False,686,127,14.8,14.8,10h+,positive
60122318,490930,need-to-know,Need to Know,english,"[b][i]Need to Know[/i][/b] is a surveillance simulation, the gameplay of which is somewhat reminiscent of the cold and  calculated [i]papers, please[/i]. You assume the role of an employee of an NSA-like organization called The Department of Liberty, and take care of checking people's browsing history and other personal information to identify a possible security risk. The game gives you more options and scary ways to control the longer you play and rise in security clearance. There is always an elementary question floating in the room: Do you stand up for individual rights or do you help to create an uncontrollable police state.

With its topics, [b][i]Need to Know[/i][/b] is not only closer to reality than many other games, it also creates a completely new game approach that will involve many moral decisions. The gameplay, which is basically just scanning data and making quick decisions, is very close to the border crossing simulation [i]papers, please[/i]. Nevertheless, since then hardly any studios have dared to deal with a political issue that affects us all in a similarly dry and fascinating way.

[b]THE GOOD[/b]
- Memorable characters
- Nice story events
- Wonderful atmosphere
- Highly addictive

[b]THE BAD[/b]
- Won't appeal to everyone
- Takes some trial and error 

[h1]8/10[/h1]

DISASTER | BAD | MEDIOCRE | OKAY | GOOD | [b][u]GREAT[/u][/b] | AMAZING | MASTERPIECE
[quote]
If you like this review, then please consider giving it a thumbs up. I've also reviewed other games that you might find interesting. If so please follow [u][url=https://store.steampowered.com/curator/27418263/] Top of the Chart.[/url][/u][/quote]","[b][i]Need to Know[/i][/b] is a surveillance simulation, the gameplay of which is somewhat reminiscent of the cold and calculated [i]papers, please[/i]. You assume the role of an employee of an NSA-like organization called The Department of Liberty, and take care of checking people's browsing history and other personal information to identify a possible security risk. The game gives you more options and scary ways to control the longer you play and rise in security clearance. There is always an elementary question floating in the room: Do you stand up for individual rights or do you help to create an uncontrollable police state. With its topics, [b][i]Need to Know[/i][/b] is not only closer to reality than many other games, it also creates a completely new game approach that will involve many moral decisions. The gameplay, which is basically just scanning data and making quick decisions, is very close to the border crossing simulation [i]papers, please[/i]. Nevertheless, since then hardly any studios have dared to deal with a political issue that affects us all in a similarly dry and fascinating way. [b]THE GOOD[/b] - Memorable characters - Nice story events - Wonderful atmosphere - Highly addictive [b]THE BAD[/b] - Won't appeal to everyone - Takes some trial and error [h1]8/10[/h1] DISASTER | BAD | MEDIOCRE | OKAY | GOOD | [b][u]GREAT[/u][/b] | AMAZING | MASTERPIECE [quote] If you like this review, then please consider giving it a thumbs up. I've also reviewed other games that you might find interesting. If so please follow [u][url=https://store.steampowered.com/curator/27418263/] Top of the Chart.[/url][/u][/quote]",True,2019-12-19T15:34:39+00:00,2019-12-19T15:34:39+00:00,629.0,570.0,0.0,23.0,0.0,0.6954406499862671,True,False,False,False,76561197971724802,,429.0,False,False,1644,256,10.483333333333333,9.5,3-10h,positive
60430114,490930,need-to-know,Need to Know,english,"Honestly, I pre-ordered this game several years ago. I was excited for it to come out. It took forever to come out. The Devs were inconsistent with communication. The only communication with their audience were delays. There were a lot of delays. It was a bunch of sad excuses. When the game finally did come out I was ecstatic. I had been waiting forever to play this game... Much to my dismay, the game was riddled with bugs, still not open ended, and crashed several times. I wanted to be optimistic about this game, I really did. I would recommend playing another game. Like Glory to Arstotzka or Orwell.","Honestly, I pre-ordered this game several years ago. I was excited for it to come out. It took forever to come out. The Devs were inconsistent with communication. The only communication with their audience were delays. There were a lot of delays. It was a bunch of sad excuses. When the game finally did come out I was ecstatic. I had been waiting forever to play this game... Much to my dismay, the game was riddled with bugs, still not open ended, and crashed several times. I wanted to be optimistic about this game, I really did. I would recommend playing another game. Like Glory to Arstotzka or Orwell.",False,2019-12-24T02:47:32+00:00,2019-12-24T02:47:32+00:00,339.0,67.0,0.0,0.0,1.0,0.4477611780166626,False,False,False,False,76561198063115790,,21.0,False,False,608,109,5.65,1.1166666666666667,1-3h,negative
60492270,490930,need-to-know,Need to Know,english,"What a great game. Was a bit skeptical at first, but once I got the hang of the UI and missions, I had a lot of fun. Surprisingly in-depth writing and mission design. Fantastic game overall!","What a great game. Was a bit skeptical at first, but once I got the hang of the UI and missions, I had a lot of fun. Surprisingly in-depth writing and mission design. Fantastic game overall!",True,2019-12-25T01:19:12+00:00,2019-12-25T01:19:12+00:00,1397.0,1397.0,0.0,2.0,0.0,0.5352464318275452,True,False,False,False,76561197984731724,,55.0,False,False,190,36,23.283333333333335,23.283333333333335,10h+,positive
61509564,490930,need-to-know,Need to Know,english,"The game is quite interesting however the inconvenient control of dialogue, that you have to click on your own every time and couldn't use space or enter, is rather annoying to me and drive me away from playing more.","The game is quite interesting however the inconvenient control of dialogue, that you have to click on your own every time and couldn't use space or enter, is rather annoying to me and drive me away from playing more.",False,2020-01-08T06:38:28+00:00,2020-01-08T06:38:28+00:00,145.0,145.0,0.0,1.0,0.0,0.5102739930152893,True,False,False,False,76561198819815472,,14.0,False,False,216,39,2.4166666666666665,2.4166666666666665,1-3h,negative
61595452,490930,need-to-know,Need to Know,english,"[list]
[*] Very confusing UI. Confusing to the point that you do not know if you are actually playing the game.
[*] Sometimes the game freeze... and you're not sure if you're supposed to press soemthing, or read something.
[*] The tuturial continues wether or not you understand it. The text meant to help and explain to you just flutter away, never to be seen again.
[*] You are on a constant countdown. Including the tutorial. If there's something about the game you do not understand, including the basics, you better learn it quick.
[*] The story during the tutorial phase is so slow and boring that it brings down the whole game. It would have been better omit it completly until you know enough about the game's mechanics.
[*] Characther creation, as it legally can be described, includes 2 characters; a male person and a female person (with two skin colours and a couple of hair colours)
[/list]

Good and interesting idea. Decent graphics. Poor execution.","[list] [*] Very confusing UI. Confusing to the point that you do not know if you are actually playing the game. [*] Sometimes the game freeze... and you're not sure if you're supposed to press soemthing, or read something. [*] The tuturial continues wether or not you understand it. The text meant to help and explain to you just flutter away, never to be seen again. [*] You are on a constant countdown. Including the tutorial. If there's something about the game you do not understand, including the basics, you better learn it quick. [*] The story during the tutorial phase is so slow and boring that it brings down the whole game. It would have been better omit it completly until you know enough about the game's mechanics. [*] Characther creation, as it legally can be described, includes 2 characters; a male person and a female person (with two skin colours and a couple of hair colours) [/list] Good and interesting idea. Decent graphics. Poor execution.",False,2020-01-09T22:42:40+00:00,2020-09-14T16:48:01+00:00,37.0,37.0,0.0,1.0,0.0,0.4757281541824341,True,False,False,False,76561197991557048,,11.0,False,False,963,167,0.6166666666666667,0.6166666666666667,0-1h,negative
61607741,490930,need-to-know,Need to Know,english,Good.,Good.,True,2020-01-10T05:05:12+00:00,2020-01-10T05:05:12+00:00,436.0,384.0,0.0,0.0,0.0,0.5,True,False,False,False,76561198044969081,,11.0,False,True,5,1,7.266666666666667,6.4,3-10h,positive
61753235,490930,need-to-know,Need to Know,english,"Fun gameplay and plot, 

sorry Zhuk that I never sold you anything.","Fun gameplay and plot, sorry Zhuk that I never sold you anything.",True,2020-01-12T16:26:48+00:00,2020-01-12T16:26:48+00:00,940.0,940.0,0.0,0.0,0.0,0.5,True,False,False,False,76561198057576722,,21.0,False,False,65,12,15.666666666666666,15.666666666666666,10h+,positive
61917646,490930,need-to-know,Need to Know,english,"This game was definitely cool - a more drawn-out, involved and far-reaching Papers Please - but one major thing needs to be mentioned. It feels like it was written by a librarian. What I mean is that everything must be clicked in PRECISELY the right way, in EXACTLY the right order. If you have three tools at your disposal, you must use them in EXACTLY the way the developers intended - often with missing or contradictory instructions as to how to do that. 

I still recommend this game, though, because if you can navigate the steep learning curve, it's fun and interesting. Even if maybe a trifle too real in this day and age.","This game was definitely cool - a more drawn-out, involved and far-reaching Papers Please - but one major thing needs to be mentioned. It feels like it was written by a librarian. What I mean is that everything must be clicked in PRECISELY the right way, in EXACTLY the right order. If you have three tools at your disposal, you must use them in EXACTLY the way the developers intended - often with missing or contradictory instructions as to how to do that. I still recommend this game, though, because if you can navigate the steep learning curve, it's fun and interesting. Even if maybe a trifle too real in this day and age.",True,2020-01-16T04:58:41+00:00,2020-01-16T04:58:41+00:00,1192.0,1192.0,0.0,0.0,0.0,0.5,True,False,False,False,76561198097549414,,49.0,False,False,628,114,19.866666666666667,19.866666666666667,10h+,positive
62919635,490930,need-to-know,Need to Know,english,"Honestly, a very fun game. I cared about the characters, and the story had me hooked instantly. I personally think it's too pricey for what you get. There are a few minor glitches that will require you to quit and re-enter the game, and they happened enough for it to be a minor annoyance, but only a minor annoyance. The game lacks polish and despite the game making it seem like your choices will matter, they don't. I wouldn't recommend purchasing this game unless it was on sale, in all honesty. I had fun, but not enough fun to justify a $15 price tag. But seriously, if you find this game on sale, buy it.

2021 Revision: The game was updated about a year ago, and it seems to have fixed a myriad of bugs, but I still don't think this game's price is justifiable.
2021 Revision 2: The bugs are definitely gone, but again, price is too high. But definitely give this a shot if you get it on sale.
--Pros--
*Excellent story
*Nice music (2021 Revision: The music is absolutely frickin' banging. Love it.
*Good UI
*Glitches are usually minor (little to no glitches as of 2021)
---Cons---
*Low replayability value
*Gameplay is fun but repetitive (2021 Revision: It could be seen as repetitive, but it's not an issue for me.)
*Price tag is too high for what you get (2021 Revision: This is the main contributing factor towards me not recommending the game. $14.99 is just too high. A $9.99 to $11.99 price range would be great.)
*Slightly frequent but minor glitches (No longer an issue as of 2021)
*Some glitches require rebooting the game (No longer an issue as of 2021)
*Lacks polish (No longer an issue as of 2021)
*Confusing at times","Honestly, a very fun game. I cared about the characters, and the story had me hooked instantly. I personally think it's too pricey for what you get. There are a few minor glitches that will require you to quit and re-enter the game, and they happened enough for it to be a minor annoyance, but only a minor annoyance. The game lacks polish and despite the game making it seem like your choices will matter, they don't. I wouldn't recommend purchasing this game unless it was on sale, in all honesty. I had fun, but not enough fun to justify a $15 price tag. But seriously, if you find this game on sale, buy it. 2021 Revision: The game was updated about a year ago, and it seems to have fixed a myriad of bugs, but I still don't think this game's price is justifiable. 2021 Revision 2: The bugs are definitely gone, but again, price is too high. But definitely give this a shot if you get it on sale. --Pros-- *Excellent story *Nice music (2021 Revision: The music is absolutely frickin' banging. Love it. *Good UI *Glitches are usually minor (little to no glitches as of 2021) ---Cons--- *Low replayability value *Gameplay is fun but repetitive (2021 Revision: It could be seen as repetitive, but it's not an issue for me.) *Price tag is too high for what you get (2021 Revision: This is the main contributing factor towards me not recommending the game. $14.99 is just too high. A $9.99 to $11.99 price range would be great.) *Slightly frequent but minor glitches (No longer an issue as of 2021) *Some glitches require rebooting the game (No longer an issue as of 2021) *Lacks polish (No longer an issue as of 2021) *Confusing at times",False,2020-02-03T16:20:15+00:00,2021-05-26T00:07:22+00:00,5881.0,1075.0,0.0,1.0,0.0,0.5220588445663452,True,False,False,False,76561198969474224,,84.0,False,False,1637,297,98.01666666666667,17.916666666666668,10h+,negative
63235421,490930,need-to-know,Need to Know,english,"one of the best damn games ive ever played. I bought it Feb 4th, 2020 for reference and I actually have irl things to do.","one of the best damn games ive ever played. I bought it Feb 4th, 2020 for reference and I actually have irl things to do.",True,2020-02-09T18:27:35+00:00,2020-02-09T18:27:35+00:00,3214.0,1498.0,0.0,0.0,0.0,0.5,True,False,False,False,76561198391719765,,8.0,False,False,121,25,53.56666666666667,24.966666666666665,10h+,positive
63400098,490930,need-to-know,Need to Know,english,"This is a linear story. You can make ""choices"" that go against the path to an immediate game over. If that bothers you, don't buy this. However, the story is a lot of fun. Well written and surprisingly long. It is repetitive, some of the mechanics were a bit frustrating, admittedly definitely not for everyone. But I personally was forgiving of most of the issues and I loved it, would recommend to anyone who likes attention to detail tasks. Play it with other background music, the repetitive sound effects are rough.","This is a linear story. You can make ""choices"" that go against the path to an immediate game over. If that bothers you, don't buy this. However, the story is a lot of fun. Well written and surprisingly long. It is repetitive, some of the mechanics were a bit frustrating, admittedly definitely not for everyone. But I personally was forgiving of most of the issues and I loved it, would recommend to anyone who likes attention to detail tasks. Play it with other background music, the repetitive sound effects are rough.",True,2020-02-12T18:37:25+00:00,2020-02-12T18:37:25+00:00,1983.0,1983.0,0.0,3.0,0.0,0.5491254925727844,True,False,False,False,76561198162497236,,1.0,False,False,520,91,33.05,33.05,10h+,positive
63460438,490930,need-to-know,Need to Know,english,"I [i]really[/i] wanted to like this game; I gave it a fair shot, and I was one of the backers before it was even released.

The problem is that absolutely nothing is done with the immensely intriguing premise. You get to make absolutely zero choices on your own most of the time; the few times I got to actually decide for myself, any decision that doesn't align with the institution you're working for immediately results in a non-standard game over. You spend most of your time playing an elaborate version of Papers, Please, where crucial mistakes that would logically result in a high-threat suspect escaping are just brushed over, you're penalized in score, and someone else checked your decisions and found that you were wrong, making me wonder why I'm even needed if someone else is going to do my job anyway.

You're constantly railroaded into conversations with no choice on your part on how they progress or where they end up. You have no choice in who to work with; if you refuse to work with someone for too long, they rat you out and you go game over. The story progresses with no input on your part, if you don't count one or two inconsequential lines of dialogue being different.

The developers of this game had a golden opportunity with the subject material the game deals with, and they seemingly chose to do absolutely nothing with it. If you enjoy seeping through very limited amounts of data, stick to rules religiously, and having no influence on events in the story whatsoever, while (falsely) being told you're a big difference-maker, bossed around and punished with a slap on the wrist at worst for crucial mistakes, then I guess I can recommend this game - for me, I'm done wasting my time waiting for the game to get interesting. Maybe it does later down the line, but five hours in, my patience has been lost.","I [i]really[/i] wanted to like this game; I gave it a fair shot, and I was one of the backers before it was even released. The problem is that absolutely nothing is done with the immensely intriguing premise. You get to make absolutely zero choices on your own most of the time; the few times I got to actually decide for myself, any decision that doesn't align with the institution you're working for immediately results in a non-standard game over. You spend most of your time playing an elaborate version of Papers, Please, where crucial mistakes that would logically result in a high-threat suspect escaping are just brushed over, you're penalized in score, and someone else checked your decisions and found that you were wrong, making me wonder why I'm even needed if someone else is going to do my job anyway. You're constantly railroaded into conversations with no choice on your part on how they progress or where they end up. You have no choice in who to work with; if you refuse to work with someone for too long, they rat you out and you go game over. The story progresses with no input on your part, if you don't count one or two inconsequential lines of dialogue being different. The developers of this game had a golden opportunity with the subject material the game deals with, and they seemingly chose to do absolutely nothing with it. If you enjoy seeping through very limited amounts of data, stick to rules religiously, and having no influence on events in the story whatsoever, while (falsely) being told you're a big difference-maker, bossed around and punished with a slap on the wrist at worst for crucial mistakes, then I guess I can recommend this game - for me, I'm done wasting my time waiting for the game to get interesting. Maybe it does later down the line, but five hours in, my patience has been lost.",False,2020-02-14T01:00:19+00:00,2020-02-14T01:00:19+00:00,330.0,330.0,0.0,10.0,0.0,0.6318740248680115,False,False,False,False,76561197998667692,,9.0,False,False,1834,325,5.5,5.5,3-10h,negative
63958505,490930,need-to-know,Need to Know,english,"If you got an eye for detail and enjoy analysing info, this is the game for you","If you got an eye for detail and enjoy analysing info, this is the game for you",True,2020-02-22T22:47:14+00:00,2025-03-28T17:47:56+00:00,2774.0,2753.0,0.0,0.0,0.0,0.5,False,False,False,False,76561198029504187,,10.0,False,False,79,17,46.233333333333334,45.88333333333333,10h+,positive
64070309,490930,need-to-know,Need to Know,english,I like this game you have to think and focus on the details of each task the game gives you. It involves alot of analysis and digging for more evidence than what's in front of you. If you like a challenge and a well designed game that takes you in and makes you think then this is the game for you.,I like this game you have to think and focus on the details of each task the game gives you. It involves alot of analysis and digging for more evidence than what's in front of you. If you like a challenge and a well designed game that takes you in and makes you think then this is the game for you.,True,2020-02-24T23:34:19+00:00,2020-02-24T23:34:19+00:00,2242.0,743.0,0.0,0.0,0.0,0.5,True,False,False,False,76561198041846353,,13.0,False,False,298,61,37.36666666666667,12.383333333333333,10h+,positive
64198419,490930,need-to-know,Need to Know,english,"Good game,  however kinda short. I hope they maybe add some new content and develop this further as I really enjoyed it and would love to see more of the same. 

You play as a investigator of a secret department within the government, alongside your job you also have to manage socialising with your colleagues and your family accordingly.","Good game, however kinda short. I hope they maybe add some new content and develop this further as I really enjoyed it and would love to see more of the same. You play as a investigator of a secret department within the government, alongside your job you also have to manage socialising with your colleagues and your family accordingly.",True,2020-02-27T15:05:53+00:00,2020-02-27T15:05:53+00:00,1334.0,1278.0,0.0,2.0,0.0,0.5400696992874146,True,False,False,False,76561198041217610,,20.0,False,False,336,59,22.233333333333334,21.3,10h+,positive
65117558,490930,need-to-know,Need to Know,english,"As other reviewers have mentioned, it's in the same vein as Papers, Please and Orwell. I'd say the play style is closer to Orwell, but much more in depth. There aren't a lot of choices to make unless you want a quick game over (although you could definitely say the same thing about Papers) but the investigative gameplay is more than enough fun.","As other reviewers have mentioned, it's in the same vein as Papers, Please and Orwell. I'd say the play style is closer to Orwell, but much more in depth. There aren't a lot of choices to make unless you want a quick game over (although you could definitely say the same thing about Papers) but the investigative gameplay is more than enough fun.",True,2020-03-15T23:47:33+00:00,2020-03-15T23:47:33+00:00,989.0,811.0,0.0,0.0,0.0,0.5,True,False,False,False,76561197998281168,,14.0,False,False,346,63,16.483333333333334,13.516666666666667,10h+,positive
65177488,490930,need-to-know,Need to Know,english,"Good: interesting story.
Bad: downright opaque interface.",Good: interesting story. Bad: downright opaque interface.,True,2020-03-17T00:31:31+00:00,2020-03-17T00:31:31+00:00,1160.0,43.0,0.0,0.0,0.0,0.5,True,False,False,False,76561198002068531,,15.0,False,False,57,7,19.333333333333332,0.7166666666666667,0-1h,positive
65476737,490930,need-to-know,Need to Know,english,Interesting attention boosting game; keeps me immersed in the world of international espionage.,Interesting attention boosting game; keeps me immersed in the world of international espionage.,True,2020-03-21T14:16:24+00:00,2020-03-21T14:16:24+00:00,12626.0,8808.0,0.0,1.0,0.0,0.523809552192688,True,False,False,False,76561198039583604,,14.0,False,False,95,13,210.43333333333334,146.8,10h+,positive
66177587,490930,need-to-know,Need to Know,english,"I love the concept, and am not upset that I paid money for something that really did try, but played it under an hour and will never touch it again.  The opening timeline, which is unskippable, takes FOREVER.  The instructions in the tutorial, by contrast, are almost non-existent and I wasn't able to bring them back up.  Way too much time spent on really uninspired dialogues, not enough on the actual game.  I just can't recommend this, but I hope the company learns from their mistakes.

Note: you can skip the opening with the skip to first day option, but that also means skipping the tutorial, which I did want to go back to.","I love the concept, and am not upset that I paid money for something that really did try, but played it under an hour and will never touch it again. The opening timeline, which is unskippable, takes FOREVER. The instructions in the tutorial, by contrast, are almost non-existent and I wasn't able to bring them back up. Way too much time spent on really uninspired dialogues, not enough on the actual game. I just can't recommend this, but I hope the company learns from their mistakes. Note: you can skip the opening with the skip to first day option, but that also means skipping the tutorial, which I did want to go back to.",False,2020-03-30T16:32:26+00:00,2020-03-30T16:32:26+00:00,50.0,50.0,0.0,5.0,0.0,0.5955246686935425,True,False,False,False,76561198006517017,,73.0,False,False,627,114,0.8333333333333334,0.8333333333333334,0-1h,negative
66767320,490930,need-to-know,Need to Know,english,LOVED this game! It has a bit of everything. Best game I've played of this genre and desperately hoping for a second one,LOVED this game! It has a bit of everything. Best game I've played of this genre and desperately hoping for a second one,True,2020-04-06T18:16:30+00:00,2020-04-06T18:16:30+00:00,2413.0,1596.0,0.0,0.0,0.0,0.4761904776096344,True,False,False,False,76561198990359055,,3.0,False,False,120,23,40.21666666666667,26.6,10h+,positive
67513604,490930,need-to-know,Need to Know,english,"EDIT: After playing an additional 14 hours, I felt it was best to revise my original review. I can rate this game as being recommended, so long as you're okay with a few necessary compromises. I'll explain those below.

I wanted to like this game very badly, but 5 hours in and I'm starting to see the seams and cracks that make this a less than perfect experience. I think my dissatisfaction with the gameplay comes down to one question: when you played Papers, Please, was your favorite part of the game the times where you had to squint at the IDs to see if that was a D or a P or a G? If so, you'll love this game. Everyone else will be irritated, and rightfully so.

The game is beautiful - I loved the interface and the art style. The story, at least so far, is passable and engaging, and I'm conflicted about finishing the game because of its flaws and the main reason is because I do want to see how the story resolves itself, and there's an early ""flash-forward"" that has me intrigued about what remains to be experienced.

But when the core gameplay is ""spot the difference between two letters or numbers"" or ""try to remember this ridiculously complex flow chart of rules and protocols"", it gets exhausting. It also doesn't help that for me, the game was slow and plodding at times. Opening up a menu sometimes took 2 or 3 seconds longer than you expected it to, and visual transitions sometimes slowed to a crawl. Add to that the completely boring gameplay loops and you have a recipe for boredom.

So again, to summarize... if you have fun deciding which of these three names - P Vasquez and D Vasqez and B Vaskez - matches the one in a briefing supplied to you before the stage begins, and you can suspend your disbelief that so many people would have more than one variation of the same name in their address books, then you'll like the game. Otherwise, maybe read a plot summary.

UPDATE: I stuck with the game because of the story, as I mentioned. And I was surprised to see - well into the game - that the gameplay does get mixed up in interesting ways eventually. There are still lots of repetitive tasks that seem to be there just because, at the end of the day, this is a game and not a true simulation. But there was something to the premise and the characterization and dialogue that kept me wanting to press forward even when it was monotonous. If you think you're up for the task and have nearly 20 hours to spare, the ending is passable.","EDIT: After playing an additional 14 hours, I felt it was best to revise my original review. I can rate this game as being recommended, so long as you're okay with a few necessary compromises. I'll explain those below. I wanted to like this game very badly, but 5 hours in and I'm starting to see the seams and cracks that make this a less than perfect experience. I think my dissatisfaction with the gameplay comes down to one question: when you played Papers, Please, was your favorite part of the game the times where you had to squint at the IDs to see if that was a D or a P or a G? If so, you'll love this game. Everyone else will be irritated, and rightfully so. The game is beautiful - I loved the interface and the art style. The story, at least so far, is passable and engaging, and I'm conflicted about finishing the game because of its flaws and the main reason is because I do want to see how the story resolves itself, and there's an early ""flash-forward"" that has me intrigued about what remains to be experienced. But when the core gameplay is ""spot the difference between two letters or numbers"" or ""try to remember this ridiculously complex flow chart of rules and protocols"", it gets exhausting. It also doesn't help that for me, the game was slow and plodding at times. Opening up a menu sometimes took 2 or 3 seconds longer than you expected it to, and visual transitions sometimes slowed to a crawl. Add to that the completely boring gameplay loops and you have a recipe for boredom. So again, to summarize... if you have fun deciding which of these three names - P Vasquez and D Vasqez and B Vaskez - matches the one in a briefing supplied to you before the stage begins, and you can suspend your disbelief that so many people would have more than one variation of the same name in their address books, then you'll like the game. Otherwise, maybe read a plot summary. UPDATE: I stuck with the game because of the story, as I mentioned. And I was surprised to see - well into the game - that the gameplay does get mixed up in interesting ways eventually. There are still lots of repetitive tasks that seem to be there just because, at the end of the day, this is a game and not a true simulation. But there was something to the premise and the characterization and dialogue that kept me wanting to press forward even when it was monotonous. If you think you're up for the task and have nearly 20 hours to spare, the ending is passable.",True,2020-04-17T19:10:58+00:00,2020-04-21T00:46:54+00:00,1208.0,323.0,0.0,0.0,0.0,0.523809552192688,True,False,False,False,76561198062331449,,4.0,False,False,2457,458,20.133333333333333,5.383333333333334,3-10h,positive
67518369,490930,need-to-know,Need to Know,english,"enjoyable mechanics with a morally complex plot. not too preachy with its messaging.

can be repetitive over time. not a game I wanna play for hours in a row as it can a bit tedious. would love some more dynamic effects created by choices in the game that at this point are seemingly irrelevant  to the game.",enjoyable mechanics with a morally complex plot. not too preachy with its messaging. can be repetitive over time. not a game I wanna play for hours in a row as it can a bit tedious. would love some more dynamic effects created by choices in the game that at this point are seemingly irrelevant to the game.,True,2020-04-17T20:47:20+00:00,2020-04-17T20:47:20+00:00,1691.0,1691.0,0.0,1.0,0.0,0.5210525989532471,True,False,False,False,76561198847407398,,7.0,False,False,306,57,28.183333333333334,28.183333333333334,10h+,positive
67955621,490930,need-to-know,Need to Know,english,It is very intense and you found yourself spiraling deeper and deeper.,It is very intense and you found yourself spiraling deeper and deeper.,True,2020-04-24T21:02:37+00:00,2020-04-24T21:02:37+00:00,1441.0,1388.0,0.0,0.0,0.0,0.5,True,False,False,False,76561198132396625,,6.0,False,False,70,12,24.016666666666666,23.133333333333333,10h+,positive
67985244,490930,need-to-know,Need to Know,english,"This game is awesome, although in the beginning of the game I don't know why I didn't get fired. I sucked at getting the right guys with the right info. It seemed like the game wanted more info than I was able to select. I really enjoyed the ""off work"" work stuff making Bitcoin and supplementing my income. I think they should make the store have more purchases because what is offered so far sucks lol.","This game is awesome, although in the beginning of the game I don't know why I didn't get fired. I sucked at getting the right guys with the right info. It seemed like the game wanted more info than I was able to select. I really enjoyed the ""off work"" work stuff making Bitcoin and supplementing my income. I think they should make the store have more purchases because what is offered so far sucks lol.",True,2020-04-25T09:52:58+00:00,2020-04-25T09:52:58+00:00,360.0,273.0,0.0,0.0,0.0,0.4180620610713959,True,False,False,False,76561198999748989,,147.0,False,False,404,76,6.0,4.55,3-10h,positive
68577129,490930,need-to-know,Need to Know,english,"Great game in general.
A bit buggy but worth the money.",Great game in general. A bit buggy but worth the money.,True,2020-05-04T21:22:44+00:00,2020-05-04T21:22:44+00:00,7052.0,5275.0,0.0,1.0,0.0,0.5210525989532471,True,False,False,False,76561198434369784,,32.0,False,False,55,11,117.53333333333333,87.91666666666667,10h+,positive
68741393,490930,need-to-know,Need to Know,english,Nice game. Good humor a rewarding experience !,Nice game. Good humor a rewarding experience !,True,2020-05-07T16:29:03+00:00,2020-05-07T16:29:03+00:00,2167.0,863.0,0.0,1.0,0.0,0.523809552192688,True,False,False,False,76561198080876715,,8.0,False,False,46,8,36.11666666666667,14.383333333333333,10h+,positive
69523854,490930,need-to-know,Need to Know,english,"Compelling story of slowly slipping towards more and more invasive surveillance measures and what people will do with such information. Like Papers, Please the gameplay gets more complicated as more data is available. Excellent soundtrack. Really gives a sense of urgency.","Compelling story of slowly slipping towards more and more invasive surveillance measures and what people will do with such information. Like Papers, Please the gameplay gets more complicated as more data is available. Excellent soundtrack. Really gives a sense of urgency.",True,2020-05-21T05:18:14+00:00,2020-05-21T05:18:14+00:00,2382.0,1926.0,0.0,0.0,0.0,0.5,True,False,False,False,76561198048135838,,2.0,False,False,272,41,39.7,32.1,10h+,positive
69806613,490930,need-to-know,Need to Know,english,"[b] Premise [/b]
You are a government employee working for the 'Department of Liberty' where your job is to spy on/profile suspects and targets. You 'match' pertinent information (dating profile, purchases, social media posts) to mission based criteria. 

[b] Play it if you like.... [/b]
If you played and enjoyed 'Papers, Please',  or 'Orwell' then chances are you'll like this game. If you like the concepts of 1984, V for Vendetta then you'll enjoy the story. And if you really just like sorting and matching information like a nerd (like me) then you'll love the gameplay

[b] Pros [/b]
Great gameplay concept and the profiling aspects are really interesting - a lot of thought has been put into these elements and I enjoyed seeing what I'd get access to next.
Progression through the 'ranks' is done at a decent pace which keeps things fresh. Theres also some evening missions to supplement your income
Theres also a nice mix of mission types - I enjoyed the 'waves' missions where you are given more information each 'wave' in order to keep or eliminate a suspect. 
Plenty of moral ambiguity to the main characters - although some are cartoonish. 
Overall story is quite compelling and I was always eager to see how it would progress (I did a lot of 'Oh I'll just play one more mission before I switch off.....')
Again, if you're an information-sorting nerd like me you'll just love the gameplay.

[b] Cons [/b]
UI is a bit painful sometimes - you can't zoom into information (you can change the UI to either 'IN YOUR FACE' or 'far away' but neither is a good compromise). For example when I had to look at a persons job on their social network it was so tiny I could barely make it out. And again when selecting suspects from a clustered area I couldn't highlight the right profile. I think this could be improved by making better use of the screen...there is SO MUCH empty space! I like to have the mission rules up all the time to match to but I constantly have to scroll through them at the bottom of the screen even though there was a huge empty space to the left of the screen totally un-used.
Story con - like a lot of these games you're given the illusion of freedom of choice. 

[b] Overall [/b]
I played the game through in 25 hours and was fully addicted to it as I was playing it. I think it just avoided getting stale mainly because the main story always kicked in at the right moments. If the UI could be sorted I'd have been so much happier.","[b] Premise [/b] You are a government employee working for the 'Department of Liberty' where your job is to spy on/profile suspects and targets. You 'match' pertinent information (dating profile, purchases, social media posts) to mission based criteria. [b] Play it if you like.... [/b] If you played and enjoyed 'Papers, Please', or 'Orwell' then chances are you'll like this game. If you like the concepts of 1984, V for Vendetta then you'll enjoy the story. And if you really just like sorting and matching information like a nerd (like me) then you'll love the gameplay [b] Pros [/b] Great gameplay concept and the profiling aspects are really interesting - a lot of thought has been put into these elements and I enjoyed seeing what I'd get access to next. Progression through the 'ranks' is done at a decent pace which keeps things fresh. Theres also some evening missions to supplement your income Theres also a nice mix of mission types - I enjoyed the 'waves' missions where you are given more information each 'wave' in order to keep or eliminate a suspect. Plenty of moral ambiguity to the main characters - although some are cartoonish. Overall story is quite compelling and I was always eager to see how it would progress (I did a lot of 'Oh I'll just play one more mission before I switch off.....') Again, if you're an information-sorting nerd like me you'll just love the gameplay. [b] Cons [/b] UI is a bit painful sometimes - you can't zoom into information (you can change the UI to either 'IN YOUR FACE' or 'far away' but neither is a good compromise). For example when I had to look at a persons job on their social network it was so tiny I could barely make it out. And again when selecting suspects from a clustered area I couldn't highlight the right profile. I think this could be improved by making better use of the screen...there is SO MUCH empty space! I like to have the mission rules up all the time to match to but I constantly have to scroll through them at the bottom of the screen even though there was a huge empty space to the left of the screen totally un-used. Story con - like a lot of these games you're given the illusion of freedom of choice. [b] Overall [/b] I played the game through in 25 hours and was fully addicted to it as I was playing it. I think it just avoided getting stale mainly because the main story always kicked in at the right moments. If the UI could be sorted I'd have been so much happier.",True,2020-05-25T22:35:24+00:00,2020-05-25T22:35:24+00:00,1665.0,1476.0,0.0,2.0,0.0,0.525547444820404,True,False,False,False,76561198042502014,,4.0,False,False,2454,447,27.75,24.6,10h+,positive
69861606,490930,need-to-know,Need to Know,english,"The story is very engaging, and you see your character delve down a path they thought they never would.","The story is very engaging, and you see your character delve down a path they thought they never would.",True,2020-05-26T22:49:15+00:00,2020-05-26T22:49:15+00:00,1757.0,798.0,0.0,1.0,0.0,0.5,True,False,False,False,76561198056431944,,30.0,False,False,103,19,29.283333333333335,13.3,10h+,positive
70071852,490930,need-to-know,Need to Know,english,"I got this game because I really loved Orwell and found it to be a thought provoking and thrilling story experience. This game, although comparable in premise, is definitely unique in its gameplay and purpose--you get prompted to ""participate"" (I say this loosely because your dialogue options are limited) in text/phone conversations as well as chats with your coworkers, and you can do ""off the record"" work from home. Like Papers, Please, more surveillance options open up as you play and there is an underlying plot. But I do have some issues with the mechanics of the game; as I mentioned before, dialogue options are very limited, and you're required to pursue certain paths in the story (you can't chose *not* to work for specific groups. You have to take all opportunities or you get a game over, which is kind of annoying). There's also some bugs and small annoying ""Features""... The instructions/tutorials/exposition text all automatically progress (no ""click to continue"") so you can easily miss out on instructions or text. Sometimes the tutorial messages will get stuck and stop proceeding even though you've done what they've asked. Then it won't continue until you've gone ahead and figured out the tutorial section on your own. The game could use some more polish, but isn't unplayable and is fun enough.","I got this game because I really loved Orwell and found it to be a thought provoking and thrilling story experience. This game, although comparable in premise, is definitely unique in its gameplay and purpose--you get prompted to ""participate"" (I say this loosely because your dialogue options are limited) in text/phone conversations as well as chats with your coworkers, and you can do ""off the record"" work from home. Like Papers, Please, more surveillance options open up as you play and there is an underlying plot. But I do have some issues with the mechanics of the game; as I mentioned before, dialogue options are very limited, and you're required to pursue certain paths in the story (you can't chose *not* to work for specific groups. You have to take all opportunities or you get a game over, which is kind of annoying). There's also some bugs and small annoying ""Features""... The instructions/tutorials/exposition text all automatically progress (no ""click to continue"") so you can easily miss out on instructions or text. Sometimes the tutorial messages will get stuck and stop proceeding even though you've done what they've asked. Then it won't continue until you've gone ahead and figured out the tutorial section on your own. The game could use some more polish, but isn't unplayable and is fun enough.",True,2020-05-31T01:22:56+00:00,2020-05-31T01:22:56+00:00,527.0,126.0,0.0,3.0,0.0,0.548872172832489,True,False,False,False,76561198058947105,,35.0,False,False,1320,219,8.783333333333333,2.1,1-3h,positive
70900790,490930,need-to-know,Need to Know,english,"I really wanted to like this game. I saw Jon from MATN on Youtube try it and it looked liked my kind of thing. While I really like the premise, how it looks and some of the missions, unfortunately the experience has been frustrating. Mostly small things, but many small things which add up to an overall frustrating experience.

My general frustrations have been:
- Cluttered screen, especially when using a laptop when the screen is smaller.
- Evidence not demonstrating what the rules require but marked as missed when not chosen. (E.g. Evidence of someone telling a suspect to buy shares, when the rule says suspect must have bought shares. These are not the same thing, but the game considers them to be.)
- Moving background makes selecting the small dots difficult and no option to turn the movement off.
- You can choose incorrect evidence yet the immediate feedback says something which suggests it was in fact correct.
- Some rules weren't fully explained either in tutorial or in Peepr so got confused especially in the beginning.
- No way to re-evaluate a suspect once you've made a decision even if the day hasn't ended.
- No way to replay a day or restart unless you log out.
- Strongbox missions are sometimes very long winded and so get fed up quickly as the strongbox only seems to allow as much evidence as you can fit on the screen without scrolling. When on a 13inch macbook it fills up too quickly.

I think this game has a lot of promise, but it needs working on before I will consider recommending it.","I really wanted to like this game. I saw Jon from MATN on Youtube try it and it looked liked my kind of thing. While I really like the premise, how it looks and some of the missions, unfortunately the experience has been frustrating. Mostly small things, but many small things which add up to an overall frustrating experience. My general frustrations have been: - Cluttered screen, especially when using a laptop when the screen is smaller. - Evidence not demonstrating what the rules require but marked as missed when not chosen. (E.g. Evidence of someone telling a suspect to buy shares, when the rule says suspect must have bought shares. These are not the same thing, but the game considers them to be.) - Moving background makes selecting the small dots difficult and no option to turn the movement off. - You can choose incorrect evidence yet the immediate feedback says something which suggests it was in fact correct. - Some rules weren't fully explained either in tutorial or in Peepr so got confused especially in the beginning. - No way to re-evaluate a suspect once you've made a decision even if the day hasn't ended. - No way to replay a day or restart unless you log out. - Strongbox missions are sometimes very long winded and so get fed up quickly as the strongbox only seems to allow as much evidence as you can fit on the screen without scrolling. When on a 13inch macbook it fills up too quickly. I think this game has a lot of promise, but it needs working on before I will consider recommending it.",False,2020-06-16T19:52:53+00:00,2020-06-16T19:52:53+00:00,875.0,873.0,0.0,2.0,0.0,0.5410362482070923,True,False,False,False,76561198037607099,,25.0,False,False,1521,273,14.583333333333334,14.55,10h+,negative
71092804,490930,need-to-know,Need to Know,english,Interesting for the first little while. Then gets way too repetitive. Also - it is sort of disturbing spying on people. So if the game is to educate people into preferring a non-police state world then it serves it's purpose. I recommend this for that reason. But as far as the fun factor it is lacking severely in the fun department.,Interesting for the first little while. Then gets way too repetitive. Also - it is sort of disturbing spying on people. So if the game is to educate people into preferring a non-police state world then it serves it's purpose. I recommend this for that reason. But as far as the fun factor it is lacking severely in the fun department.,True,2020-06-20T19:52:27+00:00,2020-06-20T19:52:27+00:00,494.0,494.0,0.0,2.0,0.0,0.5448344945907593,True,False,False,False,76561198835323666,,6.0,False,False,334,61,8.233333333333333,8.233333333333333,3-10h,positive
71667644,490930,need-to-know,Need to Know,english,"Really fun and intresting game.
Puts a twist on the normal Detective games",Really fun and intresting game. Puts a twist on the normal Detective games,True,2020-06-29T17:03:54+00:00,2020-06-29T17:03:54+00:00,863.0,292.0,0.0,1.0,0.0,0.5,True,False,False,False,76561198079403839,,70.0,False,False,74,13,14.383333333333333,4.866666666666666,3-10h,positive
71725571,490930,need-to-know,Need to Know,english,"Good game for mature children and teens, but most adults will be disappointed. The main game mechanic is ""finding a needle in a haystack"". Unfortunately, the haystack is tiny, and the needles are not very well hidden. You are provided a list of keywords to find in tiny documents, given basic criteria. The biggest challenge is making sure it is spelled correctly before highlighting it. I expected the game to be more investigatory, being able to follow leads, etc... this is not that kind of game.

Your character is a young adult, fresh out of college, working his/her first job. The story and the style of the dialogue was written to appeal to children. At one point, my friend in the game texts me to ask who was my high school crush. I immediately assume he is phishing for the answer to my security question to hack my password, but no. I'm overthinking. The game just does this to determine if your crush was a male or female, so it can introduce a new character into the game.

The icing on the cake for why I have to give this game a thumbs down... An anti-government group tries to extort me. There is no option to report this to the Department. I choose not to provide them any documents, because I take national security seriously, and then I lose the game. ---You must leak classified documents, or it is game over.

So much for Monomyth Games' ""will you stand up for privacy, or help create an unstoppable police state?"" ---Well, I'm forced to leak classified documents to terrorists, so I guess I don't have much choice in the matter.

Monomyth Games also writes, ""You can also resist ... by aiding underground groups ... Or, you can just use all of that juicy classified information for your own personal gain. Your call."" ---But it's not my call, because if you don't leak the classified information, it is game over.

The pitch made about the game misrepresents the actual game. I would have paid twice as much for the game if it delivered on what was promised, but as it is, I feel duped. They did a really good job on the graphics and interface design... moral dilemmas in stories are awesome, but you can't propose a moral dilemma to the player and then force a game over state if they choose to follow federal law.","Good game for mature children and teens, but most adults will be disappointed. The main game mechanic is ""finding a needle in a haystack"". Unfortunately, the haystack is tiny, and the needles are not very well hidden. You are provided a list of keywords to find in tiny documents, given basic criteria. The biggest challenge is making sure it is spelled correctly before highlighting it. I expected the game to be more investigatory, being able to follow leads, etc... this is not that kind of game. Your character is a young adult, fresh out of college, working his/her first job. The story and the style of the dialogue was written to appeal to children. At one point, my friend in the game texts me to ask who was my high school crush. I immediately assume he is phishing for the answer to my security question to hack my password, but no. I'm overthinking. The game just does this to determine if your crush was a male or female, so it can introduce a new character into the game. The icing on the cake for why I have to give this game a thumbs down... An anti-government group tries to extort me. There is no option to report this to the Department. I choose not to provide them any documents, because I take national security seriously, and then I lose the game. ---You must leak classified documents, or it is game over. So much for Monomyth Games' ""will you stand up for privacy, or help create an unstoppable police state?"" ---Well, I'm forced to leak classified documents to terrorists, so I guess I don't have much choice in the matter. Monomyth Games also writes, ""You can also resist ... by aiding underground groups ... Or, you can just use all of that juicy classified information for your own personal gain. Your call."" ---But it's not my call, because if you don't leak the classified information, it is game over. The pitch made about the game misrepresents the actual game. I would have paid twice as much for the game if it delivered on what was promised, but as it is, I feel duped. They did a really good job on the graphics and interface design... moral dilemmas in stories are awesome, but you can't propose a moral dilemma to the player and then force a game over state if they choose to follow federal law.",False,2020-06-30T12:03:46+00:00,2020-06-30T12:46:15+00:00,1282.0,1282.0,0.0,23.0,0.0,0.7436593174934387,True,False,False,False,76561197971150788,,11.0,False,False,2232,404,21.366666666666667,21.366666666666667,10h+,negative
72356046,490930,need-to-know,Need to Know,english,The narrative is compelling and the gameplay is wonderful.,The narrative is compelling and the gameplay is wonderful.,True,2020-07-09T10:26:20+00:00,2020-07-09T10:26:20+00:00,907.0,202.0,0.0,1.0,0.0,0.5,True,False,False,False,76561198009667110,,256.0,False,False,58,9,15.116666666666667,3.3666666666666667,3-10h,positive
72707034,490930,need-to-know,Need to Know,english,Interesting,Interesting,True,2020-07-15T01:42:57+00:00,2020-07-15T01:42:57+00:00,1393.0,450.0,0.0,0.0,0.0,0.5,True,False,False,False,76561198175817463,,29.0,False,True,11,1,23.216666666666665,7.5,3-10h,positive
72764522,490930,need-to-know,Need to Know,english,Great Game! The story is really engaging and a lot of the options make you think rationally and really pay attention. 10/10 Would love to see some DLC for this game :D,Great Game! The story is really engaging and a lot of the options make you think rationally and really pay attention. 10/10 Would love to see some DLC for this game :D,True,2020-07-16T02:42:08+00:00,2020-07-16T02:42:08+00:00,2860.0,1293.0,0.0,0.0,0.0,0.5,True,False,False,False,76561198032460953,,4.0,False,False,167,32,47.666666666666664,21.55,10h+,positive
73988553,490930,need-to-know,Need to Know,english,"At first I was a bit skeptical. Then i got to the story, I had to make choices... SERIOUS choices. and that is where it became great.","At first I was a bit skeptical. Then i got to the story, I had to make choices... SERIOUS choices. and that is where it became great.",True,2020-08-08T18:38:13+00:00,2020-08-08T18:38:13+00:00,1675.0,1207.0,0.0,0.0,0.0,0.5,True,False,False,False,76561198095817713,,17.0,False,False,133,27,27.916666666666668,20.116666666666667,10h+,positive
74719838,490930,need-to-know,Need to Know,english,"Overall was an interesting game, had to take a few breaks to stop it being repetitive, plan on finishing it soon. Would advise picking it up on sale if your into these sorts of games. (Orwell, is probably closest thing to it,)","Overall was an interesting game, had to take a few breaks to stop it being repetitive, plan on finishing it soon. Would advise picking it up on sale if your into these sorts of games. (Orwell, is probably closest thing to it,)",True,2020-08-22T12:16:15+00:00,2020-08-22T12:16:15+00:00,2314.0,2044.0,0.0,0.0,0.0,0.5,True,False,False,False,76561197968191131,,33.0,False,False,226,42,38.56666666666667,34.06666666666667,10h+,positive
74746361,490930,need-to-know,Need to Know,english,"Decent enough game. Can be a bit tricky, but once you get use to how the game progresses, its much easier. Story is also pretty awesome too. Just wish you could have more options to edit your character and I have noticed that some UI is a bit slow to close out of the way, especially when doing jobs from your mobile phone (sorry I can't remember the actual name used for this type of job).","Decent enough game. Can be a bit tricky, but once you get use to how the game progresses, its much easier. Story is also pretty awesome too. Just wish you could have more options to edit your character and I have noticed that some UI is a bit slow to close out of the way, especially when doing jobs from your mobile phone (sorry I can't remember the actual name used for this type of job).",True,2020-08-22T21:28:23+00:00,2020-08-23T00:11:50+00:00,2330.0,1493.0,0.0,0.0,0.0,0.5,False,False,False,False,76561197996881248,,20.0,False,False,390,76,38.833333333333336,24.883333333333333,10h+,positive
79397899,490930,need-to-know,Need to Know,english,It has a great story.,It has a great story.,True,2020-11-17T04:19:46+00:00,2020-11-22T16:47:10+00:00,1739.0,588.0,0.0,0.0,0.0,0.5,True,False,False,False,76561198049082424,,51.0,False,False,21,5,28.983333333333334,9.8,3-10h,positive
79753743,490930,need-to-know,Need to Know,english,"Loved it!! Loved it!! If you like logic puzzles, this is fun... Couldn't stop once started....trying to get to Clearance Level 1 with my soul still intact...","Loved it!! Loved it!! If you like logic puzzles, this is fun... Couldn't stop once started....trying to get to Clearance Level 1 with my soul still intact...",True,2020-11-24T13:13:07+00:00,2020-11-24T13:13:07+00:00,2047.0,2047.0,0.0,0.0,0.0,0.5,True,False,False,False,76561198052191402,,3.0,False,False,157,27,34.11666666666667,34.11666666666667,10h+,positive
81393411,490930,need-to-know,Need to Know,english,"I have not finished the game!! This is one of the BEST dystopian simulations i've played. Similar to Orwell, as other reviewers have pointed out, but EVEN BETTER! 

Things I loved:
I love the challenge. It's definitely a game you have to pay attention to and make correct choices. 
There are different facets to the game that allows you to balance home and work life and develop numerous relationships. These are not optional. NPCs will just force you to talk through the phone or at work. 
Relevant story that builds onto itself and you are ultimately working towards the final goal which is to identify and locate Cloud Dweller ( i believe thats his alias) 
I like the characters. I like the story. It's very well written and done. And I love that I can be sassy with that dude at work that everyone hates. LOL 
It's a long and complex game. It was longer and has more content than I expected.
The dating app KILLS ME! Those profiles XD no wonder people are single.

Things I hated:
Some choices lead directly into game over. I ended the game multiple times unintentionally with no warning through dialogue selection. Like I was talking to the reporter/boyfriend/friend? Not sure of his purpose yet. Anyway, I accidentally said I worked at DoL and BAM! game over. Thankfully the autosave system allows you to log back in and pick up before you make that choice. But it was just so sudden and happened multiple times during different scenarios.
Everyone forces you to work for them. You have to keep selling secrets to keep your reputation up with everyone so they don't either blackmail you or fire you. It's annoying. I would rather have more choices. I don't like being two-faced and this game forces you to be that.

Overall - I still recommend it. I keep wanting to finish it and it has held my interest which few games do. However, I doubt I'll replay it. Either way - it's definitely worth the price! Buy it on sale if you can, but even $15 is still decent for this game.

KEEP UP THE GOOD WORK!","I have not finished the game!! This is one of the BEST dystopian simulations i've played. Similar to Orwell, as other reviewers have pointed out, but EVEN BETTER! Things I loved: I love the challenge. It's definitely a game you have to pay attention to and make correct choices. There are different facets to the game that allows you to balance home and work life and develop numerous relationships. These are not optional. NPCs will just force you to talk through the phone or at work. Relevant story that builds onto itself and you are ultimately working towards the final goal which is to identify and locate Cloud Dweller ( i believe thats his alias) I like the characters. I like the story. It's very well written and done. And I love that I can be sassy with that dude at work that everyone hates. LOL It's a long and complex game. It was longer and has more content than I expected. The dating app KILLS ME! Those profiles XD no wonder people are single. Things I hated: Some choices lead directly into game over. I ended the game multiple times unintentionally with no warning through dialogue selection. Like I was talking to the reporter/boyfriend/friend? Not sure of his purpose yet. Anyway, I accidentally said I worked at DoL and BAM! game over. Thankfully the autosave system allows you to log back in and pick up before you make that choice. But it was just so sudden and happened multiple times during different scenarios. Everyone forces you to work for them. You have to keep selling secrets to keep your reputation up with everyone so they don't either blackmail you or fire you. It's annoying. I would rather have more choices. I don't like being two-faced and this game forces you to be that. Overall - I still recommend it. I keep wanting to finish it and it has held my interest which few games do. However, I doubt I'll replay it. Either way - it's definitely worth the price! Buy it on sale if you can, but even $15 is still decent for this game. KEEP UP THE GOOD WORK!",True,2020-12-01T16:10:50+00:00,2020-12-01T16:13:22+00:00,2051.0,1299.0,0.0,3.0,0.0,0.553158700466156,True,False,False,False,76561197980161721,,12.0,False,False,1994,361,34.18333333333333,21.65,10h+,positive
82667794,490930,need-to-know,Need to Know,english,Hit a timed mission where I was dropped into a tutorial menu without a clear way to get to the actual game.,Hit a timed mission where I was dropped into a tutorial menu without a clear way to get to the actual game.,False,2020-12-19T05:07:21+00:00,2020-12-19T05:07:21+00:00,27.0,27.0,0.0,2.0,0.0,0.5074751377105713,False,False,False,False,76561198034612276,,58.0,False,False,107,22,0.45,0.45,0-1h,negative
82699640,490930,need-to-know,Need to Know,english,"A very meh take on the spying/censorship genre. You play as a secret government agent who scans people's private data looking for criminals. The data you get to scan is reasonably diverse and requires attention, but the tone and presentation are just underwhelming. The game makes weak attempts to make you feel uneasy because you invade the privacy of your friends — introduced so poorly, I didn't even notice a character's name was similar to one in my contact list because I've only had a whopping one conversation with them before. Also, a game this simple has no right to run so poorly as to stutter.","A very meh take on the spying/censorship genre. You play as a secret government agent who scans people's private data looking for criminals. The data you get to scan is reasonably diverse and requires attention, but the tone and presentation are just underwhelming. The game makes weak attempts to make you feel uneasy because you invade the privacy of your friends — introduced so poorly, I didn't even notice a character's name was similar to one in my contact list because I've only had a whopping one conversation with them before. Also, a game this simple has no right to run so poorly as to stutter.",False,2020-12-19T16:36:25+00:00,2021-03-18T10:20:07+00:00,154.0,59.0,0.0,7.0,0.0,0.6139289140701294,True,False,False,False,76561198010217378,,294.0,False,False,605,106,2.566666666666667,0.9833333333333333,0-1h,negative
83463419,490930,need-to-know,Need to Know,english,why isn't this game talked about more?! literally so fun and tons of content for a great price. i can't believe i have never heard of it till now.,why isn't this game talked about more?! literally so fun and tons of content for a great price. i can't believe i have never heard of it till now.,True,2020-12-29T09:22:15+00:00,2020-12-29T09:22:15+00:00,1874.0,163.0,0.0,0.0,0.0,0.5,True,False,False,False,76561198880966508,,61.0,False,False,146,29,31.233333333333334,2.716666666666667,1-3h,positive
84982654,490930,need-to-know,Need to Know,english,"Pretty solid game if you're a fan of the spying genre. 

If you played the game ""Orwell"" then this game is for you. You basically work your way up in a new department in the US called the ""Department of Liberty"" Working for the Deep State has never been better","Pretty solid game if you're a fan of the spying genre. If you played the game ""Orwell"" then this game is for you. You basically work your way up in a new department in the US called the ""Department of Liberty"" Working for the Deep State has never been better",True,2021-01-19T15:49:33+00:00,2021-01-19T15:49:33+00:00,1951.0,1047.0,0.0,5.0,0.0,0.5816674828529358,True,False,False,False,76561198029014826,,161.0,False,False,258,50,32.516666666666666,17.45,10h+,positive
88503135,490930,need-to-know,Need to Know,english,"I like this game. I would recommend this game, but it needs to change the way that it's marketed. I agree with the top review that does not recommend the game about their frustrations with the game. I think Need to Know markets itself as a game for people who really liked the Orwell games, and offers the same kind of choice paths that it would, when in reality there is a single linear path you can follow in this game because of the inability to pick and choose who you want to work with; the game mechanic forces you to work with everyone who presents themselves.

Like I said, I would recommend this game. I really enjoyed playing it. But I don't like it when games offer choices and branching story paths when really there isn't much deviation offered at all.","I like this game. I would recommend this game, but it needs to change the way that it's marketed. I agree with the top review that does not recommend the game about their frustrations with the game. I think Need to Know markets itself as a game for people who really liked the Orwell games, and offers the same kind of choice paths that it would, when in reality there is a single linear path you can follow in this game because of the inability to pick and choose who you want to work with; the game mechanic forces you to work with everyone who presents themselves. Like I said, I would recommend this game. I really enjoyed playing it. But I don't like it when games offer choices and branching story paths when really there isn't much deviation offered at all.",True,2021-03-15T21:34:57+00:00,2021-03-15T21:34:57+00:00,2584.0,2584.0,0.0,5.0,0.0,0.5730366110801697,True,False,False,False,76561198048689181,,25.0,False,False,764,142,43.06666666666667,43.06666666666667,10h+,positive
89241520,490930,need-to-know,Need to Know,english,hehe,hehe,True,2021-03-28T09:55:33+00:00,2021-03-28T09:55:33+00:00,400.0,199.0,0.0,0.0,0.0,0.4613725244998932,True,False,False,False,76561198031685796,,59.0,False,True,4,1,6.666666666666667,3.316666666666667,3-10h,positive
91017897,490930,need-to-know,Need to Know,english,"An interesting theme, especially for a simulation game, a decent implementation, unfortunately not enough solid/fun gameplay or story/roleplaying to back it up","An interesting theme, especially for a simulation game, a decent implementation, unfortunately not enough solid/fun gameplay or story/roleplaying to back it up",False,2021-04-27T18:38:21+00:00,2021-04-27T18:38:21+00:00,425.0,425.0,0.0,0.0,0.0,0.5,True,False,False,False,76561198041956250,,9.0,False,False,159,22,7.083333333333333,7.083333333333333,3-10h,negative
94790209,490930,need-to-know,Need to Know,english,"Absolutely incredible. Didn't run the best on my laptop. Had a couple of soft locks, but I can't tell if that's due to something with the game or if it's just my laptop. If it's worth anything, I didn't notice anything out of the ordinary before the soft locks and it didn't happen at the same part once I rebooted the game.
I'll try to keep spoilers to a minimum, especially since I can't figure out if I'm doing the spoiler formatting right and can't be bothered to write this again if I get it wrong.
I'll put a summary at the bottom where it's segmented off from the spoiler area.

Game's great. Would recommend.


---------SPOILER TERRITORY. SORRY I COULDN'T FIGURE OUT THE FORMATTING---------


The story is fairly well written. It can be a little iffy at times when it comes to the grand scheme of things, but if you hold your suspension of disbelief, mainly the idea that someone could rise through the ranks like that and that you are pretty much the lynchpin for everything that happens in the story, it works well. I do wish that there were more outs from the story as time goes by, but you can only put so many options into a game before you start over-writing it. 
While I'm talking about endings, I'll bring up probably my least favorite one. One of the final endings is just one or two sentences and then it boots you back to the main menu. I get that they weren't trying to take a side in the underlying debate in the game, but it does seem a little strange when you have dialogue choices mean almost the exact same thing multiple times in the story.
I love how the characters are implemented into the story. On Day 2 meet someone who has your back. And that same person is with you until the final major decision. He's well developed and seems almost human with the way he's written, having real motivations behind his actions that are very relatable to many people. Almost every main character you interact with has an effect on the story if they don't straight up give you a way out of the story. For those that don't give you a way out, they still plant seeds into your mind. What those seeds may be will vary and what they grow into is up to you, but the fact still remains that they have really thought the writing out.
The mechanics of the game have also been very thought out. It may look like dots on a map when you first start out, but it quickly expands when you hover over that dot. A name and a picture along with a general location does enough to put meaning into a character that will be on your screen for about a minute. And then there's more information on the person once you click on them, information that will almost never have an impact on the case at hand. As you go through their data, it plants more seeds of doubt in the system. And then you have to click one of two buttons. Do they go free, or do they not go free? No matter what button you click, there will be text that pops up. That text tells you what happens to that person. Solely because of what you decided to do. The weight behind all that is monumental at times. It makes you question your decisions at times. And it is absolutely well done.
The commentary on the security/liberty debate is where this game really shines. By establishing a connection with someone who will be on your side until the end of the game, it ensures that the line for most people will be blurred. It's story is written well enough to have it come out to you at points and ask you if what you are doing is right and warns you that it's a dangerous path that lies ahead if you continue down it. As you keep climbing the ladder at the DoL, it's not just the people around you that starts to make you question the morality of everything that happens here. That's before you start to notice that the decisions are starting to become less and less mundane as time goes by. And as it all comes to a head, there's one question in your mind:
How much are you willing to sacrifice for security?
This question meshes in well with other subplots in the story, whether it be surviving though nepotism or just trying to live a normal life. You see people early in the game have moral dilemmas when they have to do things like authorize a new technology early or have to decide on where to take their career. Adds a nice bit of background to the characters you meet along the way.


---------[END SPOILER TERRITORY]---------


All in all, this is a fantastic game. It's entertaining, has a well-written story, and has a lot of deep questions that you have to ask yourself as technology advances in today's world. Takes a bit of time to complete. It took me about 16 hours to do my first full run of it. And it was 16 hours well spent.

Final Ratings:
Story: 8/10
Need a little bit of suspension of disbelief to get the ball rolling, but once the ball does get rolling it's hard to stop it. Excellent twist that you can just straight up miss if you're not paying attention.
UI: 6/10
Hope you like dots. You'll be seeing them almost exclusively. Does contribute well to the whole computerized atmosphere of the game. Sometimes Person(s) Of Interest (POI) get lost in the southern side of the map or in places that aren't really in conventional areas (looking at you Alaska and Hawaii). Sometimes the UI overlaps itself if you click a button too early and there's dialogue or if there's a POI on the eastern side of the map in the space between the phone and what the office around you looks like. Map scrolling can be annoying, so you disable it and then it's annoying that it isn't scrolling, so you re-enable it and the scrolling gets annoying again, and then you get annoyed that you have to toggle this on and off so you just leave it one or the other an deal with it.
Music: 7/10
Can get a little repetitive with some of the longer levels, but it's pretty well written. It's electronic style fits well with the setting of the game. Musical cues also help out in some scenarios.
Commentary: 10/10
Can't go into too much detail without spoiling a lot of the game. If you don't care about spoilers, go back up and reread the section that I start by mentioning the commentary.
Overall: 8/10
It's fun.","Absolutely incredible. Didn't run the best on my laptop. Had a couple of soft locks, but I can't tell if that's due to something with the game or if it's just my laptop. If it's worth anything, I didn't notice anything out of the ordinary before the soft locks and it didn't happen at the same part once I rebooted the game. I'll try to keep spoilers to a minimum, especially since I can't figure out if I'm doing the spoiler formatting right and can't be bothered to write this again if I get it wrong. I'll put a summary at the bottom where it's segmented off from the spoiler area. Game's great. Would recommend. ---------SPOILER TERRITORY. SORRY I COULDN'T FIGURE OUT THE FORMATTING--------- The story is fairly well written. It can be a little iffy at times when it comes to the grand scheme of things, but if you hold your suspension of disbelief, mainly the idea that someone could rise through the ranks like that and that you are pretty much the lynchpin for everything that happens in the story, it works well. I do wish that there were more outs from the story as time goes by, but you can only put so many options into a game before you start over-writing it. While I'm talking about endings, I'll bring up probably my least favorite one. One of the final endings is just one or two sentences and then it boots you back to the main menu. I get that they weren't trying to take a side in the underlying debate in the game, but it does seem a little strange when you have dialogue choices mean almost the exact same thing multiple times in the story. I love how the characters are implemented into the story. On Day 2 meet someone who has your back. And that same person is with you until the final major decision. He's well developed and seems almost human with the way he's written, having real motivations behind his actions that are very relatable to many people. Almost every main character you interact with has an effect on the story if they don't straight up give you a way out of the story. For those that don't give you a way out, they still plant seeds into your mind. What those seeds may be will vary and what they grow into is up to you, but the fact still remains that they have really thought the writing out. The mechanics of the game have also been very thought out. It may look like dots on a map when you first start out, but it quickly expands when you hover over that dot. A name and a picture along with a general location does enough to put meaning into a character that will be on your screen for about a minute. And then there's more information on the person once you click on them, information that will almost never have an impact on the case at hand. As you go through their data, it plants more seeds of doubt in the system. And then you have to click one of two buttons. Do they go free, or do they not go free? No matter what button you click, there will be text that pops up. That text tells you what happens to that person. Solely because of what you decided to do. The weight behind all that is monumental at times. It makes you question your decisions at times. And it is absolutely well done. The commentary on the security/liberty debate is where this game really shines. By establishing a connection with someone who will be on your side until the end of the game, it ensures that the line for most people will be blurred. It's story is written well enough to have it come out to you at points and ask you if what you are doing is right and warns you that it's a dangerous path that lies ahead if you continue down it. As you keep climbing the ladder at the DoL, it's not just the people around you that starts to make you question the morality of everything that happens here. That's before you start to notice that the decisions are starting to become less and less mundane as time goes by. And as it all comes to a head, there's one question in your mind: How much are you willing to sacrifice for security? This question meshes in well with other subplots in the story, whether it be surviving though nepotism or just trying to live a normal life. You see people early in the game have moral dilemmas when they have to do things like authorize a new technology early or have to decide on where to take their career. Adds a nice bit of background to the characters you meet along the way. ---------[END SPOILER TERRITORY]--------- All in all, this is a fantastic game. It's entertaining, has a well-written story, and has a lot of deep questions that you have to ask yourself as technology advances in today's world. Takes a bit of time to complete. It took me about 16 hours to do my first full run of it. And it was 16 hours well spent. Final Ratings: Story: 8/10 Need a little bit of suspension of disbelief to get the ball rolling, but once the ball does get rolling it's hard to stop it. Excellent twist that you can just straight up miss if you're not paying attention. UI: 6/10 Hope you like dots. You'll be seeing them almost exclusively. Does contribute well to the whole computerized atmosphere of the game. Sometimes Person(s) Of Interest (POI) get lost in the southern side of the map or in places that aren't really in conventional areas (looking at you Alaska and Hawaii). Sometimes the UI overlaps itself if you click a button too early and there's dialogue or if there's a POI on the eastern side of the map in the space between the phone and what the office around you looks like. Map scrolling can be annoying, so you disable it and then it's annoying that it isn't scrolling, so you re-enable it and the scrolling gets annoying again, and then you get annoyed that you have to toggle this on and off so you just leave it one or the other an deal with it. Music: 7/10 Can get a little repetitive with some of the longer levels, but it's pretty well written. It's electronic style fits well with the setting of the game. Musical cues also help out in some scenarios. Commentary: 10/10 Can't go into too much detail without spoiling a lot of the game. If you don't care about spoilers, go back up and reread the section that I start by mentioning the commentary. Overall: 8/10 It's fun.",True,2021-07-01T07:09:28+00:00,2021-07-01T07:09:28+00:00,1303.0,1303.0,0.0,3.0,1.0,0.5341615080833435,True,False,False,False,76561198146101180,,3.0,False,False,6155,1149,21.716666666666665,21.716666666666665,10h+,positive
96727791,490930,need-to-know,Need to Know,english,"I figured this was going to be another Orwellian saga that I would get bored of by chapter two. That did not happen. I very rarely feel compelled to play a game to absolute completion, but this one made me curious enough to go for it. 27 hours later, I regret nothing.","I figured this was going to be another Orwellian saga that I would get bored of by chapter two. That did not happen. I very rarely feel compelled to play a game to absolute completion, but this one made me curious enough to go for it. 27 hours later, I regret nothing.",True,2021-08-01T03:36:09+00:00,2021-08-01T03:36:09+00:00,1635.0,1635.0,0.0,2.0,0.0,0.5270270705223083,True,False,False,False,76561198096405658,,17.0,False,False,268,52,27.25,27.25,10h+,positive
98393400,490930,need-to-know,Need to Know,english,"A little confusing to begin with, some things are poorly explained throughout, but a good concept and fun regardless.","A little confusing to begin with, some things are poorly explained throughout, but a good concept and fun regardless.",True,2021-08-28T16:42:19+00:00,2021-08-28T16:42:19+00:00,450.0,335.0,0.0,1.0,0.0,0.5,True,False,False,False,76561198106631282,,3.0,False,False,117,19,7.5,5.583333333333333,3-10h,positive
