review_id,steam_app_id,game_key,game_name,language,review_text_raw,review_text_clean,recommended,created_at,updated_at,playtime_forever_minutes,playtime_at_review_minutes,playtime_last_two_weeks_minutes,votes_up,votes_funny,weighted_vote_score,steam_purchase,received_for_free,written_during_early_access,refunded,author_steam_id,author_num_games_owned,author_num_reviews,is_empty,is_very_short,review_length_chars,review_length_words,playtime_forever_hours,playtime_at_review_hours,playtime_segment,overall_sentiment
29505766,454950,mainlining,Mainlining,english,"TL;DR (good deal of gameplay from free demo):  Mainlining is a fun adventure game with a clever and unique twist where you hack computers, websites, and other devices to mine information on the different cases presented to you.  The game doesn't hold your hand, so the cases can present a fun little challenge beyond the first tutorial.  Highly recommended!  If you want to see a playthrough of the first (tutorial) case, check out this video (Demo version):

https://www.youtube.com/watch?v=Kek4zO0OF_8

FULL REVIEW:  Mainlining, the point-and-click hacking adventure game, casts the player as an employee of MI7 in charge of investigating various cyber-crimes and tracking suspects through electronic means.  You are given tools (e.g., electronic trackers, a simplified command-line, web browser, etc) in order to collect information, put together clues, and ultimately arrest the right person.

There is a lot of unique gameplay in Mainlining since, unlike other adventure games, the puzzles and stories you try to untangle are pieced together from short emails, blog posts, and other electronic files.  The game does a good job of not holding your hand (e.g., by telling you which sites to hack, etc) but does provide sufficient in-context clues so that the task isn’t impossible and/or a guessing game.  It’s also a game that very much should be played with a pen and paper handy because you’ll need to track which websites/IP addresses you have collected, which you have hacked, which files you have or have not read or downloaded, and which suspects you wish to pursue.  Note that there IS a “notes” application (because the game looks like a computer desktop), but that fills up quickly.

Overall, the game is challenging, unique, and very entertaining (it’s got a good self-aware/internet-aware sense of humor) while still retaining the hallmarks of good adventure games: good story, good gameplay mechanics, and good pacing.  I would definitely recommend this game or, at the least, would suggest you check out the demo (which contains the first two cases from the full game—and save files apparently carry over).","TL;DR (good deal of gameplay from free demo): Mainlining is a fun adventure game with a clever and unique twist where you hack computers, websites, and other devices to mine information on the different cases presented to you. The game doesn't hold your hand, so the cases can present a fun little challenge beyond the first tutorial. Highly recommended! If you want to see a playthrough of the first (tutorial) case, check out this video (Demo version): https://www.youtube.com/watch?v=Kek4zO0OF_8 FULL REVIEW: Mainlining, the point-and-click hacking adventure game, casts the player as an employee of MI7 in charge of investigating various cyber-crimes and tracking suspects through electronic means. You are given tools (e.g., electronic trackers, a simplified command-line, web browser, etc) in order to collect information, put together clues, and ultimately arrest the right person. There is a lot of unique gameplay in Mainlining since, unlike other adventure games, the puzzles and stories you try to untangle are pieced together from short emails, blog posts, and other electronic files. The game does a good job of not holding your hand (e.g., by telling you which sites to hack, etc) but does provide sufficient in-context clues so that the task isn’t impossible and/or a guessing game. It’s also a game that very much should be played with a pen and paper handy because you’ll need to track which websites/IP addresses you have collected, which you have hacked, which files you have or have not read or downloaded, and which suspects you wish to pursue. Note that there IS a “notes” application (because the game looks like a computer desktop), but that fills up quickly. Overall, the game is challenging, unique, and very entertaining (it’s got a good self-aware/internet-aware sense of humor) while still retaining the hallmarks of good adventure games: good story, good gameplay mechanics, and good pacing. I would definitely recommend this game or, at the least, would suggest you check out the demo (which contains the first two cases from the full game—and save files apparently carry over).",True,2017-01-26T17:36:02+00:00,2017-01-26T17:41:21+00:00,757.0,177.0,0.0,17.0,0.0,0.576223611831665,True,False,False,False,76561197989724295,,12.0,False,False,2109,337,12.616666666666667,2.95,1-3h,positive
34486311,454950,mainlining,Mainlining,english,"TL:DR; Good game, short and to the point. Sometimes too easy but worth a buy, especially if found on sale.

Pros: 
-Great Artstyle (If you like Papers, Please or Please Don't Touch Anything you will love this)
-Great Gameplay Ideas (would love to see other game with that Switching OS's idea)
-Later Half of the game does a good job of switching things up on you and making the situation feel a bit more personal
-The Mainline system did make me feel a bit badass at times (Possible a con for some, since the gameplay for it don't change at all through out the game, i was ok with it)

Cons:
-Game is too linear, just when you think you can explore a bit just for fun. You find out the devs never programmed anything that far. (Example: You might find a website or email address, and you want to look it up just for fun but the devs never made anything for it. Would be nice to have more side stuff to hack into or mess around with.)
-Difficulty to some might be level of hand holding
-You personally never feel really attached to anything as a player and the character you play as (You don't really feel like you or your character is a part of the world and everything going on in it, the later chapters start to sort of fix that but by the time you feel something the game is over.)
-Like i said in the Pros list the Mainline System is the main gameplay aspect used in this game (To hack, check IP address, download stuff, etc.) and it can get repetative since it does not change at all


 This was my first foray in the Hacker-esque type of games. I had my eye on Orwell, Uplink, Hacknet, etc. but Mainlining hit the right spot with its artwork reminding me of Papers, Please (there might be people that hate that fact that so many games are in a sense ""copying"" that style but to me i can get enough of it, if done right). 

 Took me about 8 hours to beat but honestly i left the computer running during gameplay many times so i would say a leisure run through this game for me was really about 6 hours. Once over the game definitely leaves you wanting more but the aesthetics of the ""papers' please"" type of games always has that to it (Perfect example is the great game ""Please Don't Touch Anything"").

 Difficulty was honestly easy, very easy, sometimes holding your hand easy...but for my first outing in this type of game it showed me what was possible with it and left me wanting a game developer to take advantage of it, so to say in short i kinda have a hunger for more games like this but I definitely need more challenge.

 Gameplay mechanics and story was very well done, for a kickstarted game. It seems like the devs had a plan they wanted to execute, they just needed money and once they got the support they needed, they created it flawlessly. The only downside to that is the game feels very linear (Meaning i wish there was even more stuff i could hack it to just for fun, other peoples emails, websites, etc. there's to little in this playground of a gameworld once you really get into it.) but like i said its a kickstarter game so i have forgiveness for it, if it was otherwise i would have to say i feel like the game devs didn't want to strive for more and just wanted to create the bare minimum needed to call it a finished project.

All in all, good game, short and to the point. Worth a buy, especially if found on sale like i did.","TL:DR; Good game, short and to the point. Sometimes too easy but worth a buy, especially if found on sale. Pros: -Great Artstyle (If you like Papers, Please or Please Don't Touch Anything you will love this) -Great Gameplay Ideas (would love to see other game with that Switching OS's idea) -Later Half of the game does a good job of switching things up on you and making the situation feel a bit more personal -The Mainline system did make me feel a bit badass at times (Possible a con for some, since the gameplay for it don't change at all through out the game, i was ok with it) Cons: -Game is too linear, just when you think you can explore a bit just for fun. You find out the devs never programmed anything that far. (Example: You might find a website or email address, and you want to look it up just for fun but the devs never made anything for it. Would be nice to have more side stuff to hack into or mess around with.) -Difficulty to some might be level of hand holding -You personally never feel really attached to anything as a player and the character you play as (You don't really feel like you or your character is a part of the world and everything going on in it, the later chapters start to sort of fix that but by the time you feel something the game is over.) -Like i said in the Pros list the Mainline System is the main gameplay aspect used in this game (To hack, check IP address, download stuff, etc.) and it can get repetative since it does not change at all This was my first foray in the Hacker-esque type of games. I had my eye on Orwell, Uplink, Hacknet, etc. but Mainlining hit the right spot with its artwork reminding me of Papers, Please (there might be people that hate that fact that so many games are in a sense ""copying"" that style but to me i can get enough of it, if done right). Took me about 8 hours to beat but honestly i left the computer running during gameplay many times so i would say a leisure run through this game for me was really about 6 hours. Once over the game definitely leaves you wanting more but the aesthetics of the ""papers' please"" type of games always has that to it (Perfect example is the great game ""Please Don't Touch Anything""). Difficulty was honestly easy, very easy, sometimes holding your hand easy...but for my first outing in this type of game it showed me what was possible with it and left me wanting a game developer to take advantage of it, so to say in short i kinda have a hunger for more games like this but I definitely need more challenge. Gameplay mechanics and story was very well done, for a kickstarted game. It seems like the devs had a plan they wanted to execute, they just needed money and once they got the support they needed, they created it flawlessly. The only downside to that is the game feels very linear (Meaning i wish there was even more stuff i could hack it to just for fun, other peoples emails, websites, etc. there's to little in this playground of a gameworld once you really get into it.) but like i said its a kickstarter game so i have forgiveness for it, if it was otherwise i would have to say i feel like the game devs didn't want to strive for more and just wanted to create the bare minimum needed to call it a finished project. All in all, good game, short and to the point. Worth a buy, especially if found on sale like i did.",True,2017-08-25T17:40:31+00:00,2017-08-25T17:43:16+00:00,530.0,530.0,0.0,1.0,0.0,0.4921559989452362,True,False,False,False,76561198105083226,,22.0,False,False,3346,638,8.833333333333334,8.833333333333334,3-10h,positive
225328313,454950,mainlining,Mainlining,english,"Mainlining is a cyberpunk-inspired investigative adventure that turns the ordinary process of browsing files, reading emails, and searching databases into a tense and immersive detective experience. Developed by Rebelephant and published by Merge Games, the game places players behind the screen of a government intelligence computer system where every clue, suspect, and secret must be uncovered through hacking, surveillance, and careful analysis of digital information. Instead of relying on action sequences or cinematic set pieces, Mainlining builds suspense entirely through deduction, atmosphere, and the unsettling realization that every citizen’s private life is only a few clicks away from exposure.

The game is set in a near-future Britain where privacy laws have collapsed following the introduction of the BLU Pill Act, legislation that grants intelligence agencies unrestricted access to personal digital information. Players take on the role of an operative working for MI7, a government surveillance division tasked with tracking cybercriminals after a major breach compromises national security. What initially appears to be a series of disconnected investigations slowly evolves into a larger conspiracy involving corruption, abuse of power, political manipulation, and the dangers of mass surveillance. The story feels particularly effective because its themes mirror real-world debates surrounding government monitoring and digital privacy, giving the experience a level of relevance that extends beyond simple science fiction.

One of Mainlining’s greatest achievements is its presentation. The entire game takes place inside a simulated retro computer operating system inspired by older versions of Windows desktops. Every action occurs through email clients, command prompts, browsers, folders, chat programs, and intelligence databases, creating the illusion that the player is genuinely operating inside a classified surveillance network. This design choice immediately establishes immersion because players interact with the world exactly the way an investigator would. The retro-inspired pixel art and low-tech interface also contribute heavily to the atmosphere, giving the game a gritty and believable cyberpunk identity without relying on flashy visuals.

Gameplay revolves around investigating suspects by hacking into personal computers and analyzing digital traces left behind in their online activity. Players search through conversations, photographs, browsing histories, financial records, and social media interactions in order to uncover evidence and identify criminal behavior. Unlike many detective games that heavily guide the player toward obvious solutions, Mainlining encourages independent thinking and observation. Important clues are often hidden within seemingly unimportant files or casual conversations, forcing players to pay close attention to details instead of simply following objective markers.

The command-line hacking mechanics are surprisingly immersive despite their simplicity. Players use text commands to access networks, trace IP addresses, and infiltrate systems, creating the feeling of performing real investigative work without becoming inaccessible to newcomers. The game succeeds because it understands how to make information itself feel rewarding. Discovering a hidden message, uncovering an encrypted file, or linking multiple suspects together creates genuine excitement because progress depends entirely on the player’s own deductions rather than scripted sequences.

What truly separates Mainlining from other hacking-themed games is the moral discomfort that develops over time. Although the player technically works for law enforcement, many of the investigative methods feel invasive and ethically questionable. Reading intimate personal conversations, examining private photographs, and monitoring every aspect of someone’s digital life creates a constant sense of unease. The game repeatedly raises questions about whether unrestricted surveillance can ever remain justified once governments gain the ability to observe every citizen without limitations. Even when tracking criminals, the player often feels disturbingly close to violating the boundaries of innocent people.

The investigations themselves remain varied enough to keep the campaign engaging. Cases involve cybercrime, hacking groups, drug operations, financial fraud, and organized conspiracies that slowly reveal deeper connections hidden beneath the surface. Players must carefully identify suspects, gather evidence, and determine physical locations before making arrests. Wrong accusations can result in failure, adding pressure to every investigation and encouraging players to double-check conclusions before acting. This structure creates a satisfying detective experience because success feels earned through careful reasoning rather than random guessing.

The writing throughout the game is consistently strong. Dialogue balances serious political themes with dry humor and believable character interactions that prevent the experience from becoming overly bleak. Emails, online chats, and casual conversations reveal small personality details that make suspects and supporting characters feel authentic despite the minimalist presentation. The game gradually builds a believable world where political fear, digital dependence, and government overreach have become deeply intertwined with everyday life.

The soundtrack complements the atmosphere exceptionally well. Electronic music and ambient background tracks create a constant feeling of tension and paranoia without overwhelming the quieter investigative moments. Combined with the glowing retro desktop aesthetic and endless streams of digital information, the audio design reinforces the sense that players are trapped inside a cold and impersonal surveillance system.

Despite its originality, Mainlining is not completely free from flaws. Some investigations can become repetitive because the gameplay loop often revolves around similar patterns of searching files and tracing connections. Certain clues are occasionally too obscure, leading to moments where progression slows due to unclear objectives. The command-line interface, while immersive, can also feel awkward at times because typing errors or unclear system responses occasionally interrupt the pacing. Players expecting action-heavy hacking gameplay may also find the experience too slow because most of the tension comes from reading, analyzing information, and making logical deductions rather than participating in high-energy sequences.

The visual presentation, while stylish, is intentionally minimalistic and may not appeal to everyone. Those expecting large cinematic environments or highly animated storytelling may initially find the desktop-only structure limiting. However, the simplicity ultimately becomes one of the game’s strengths because it keeps the player fully focused on the investigation itself rather than external distractions.

Although it lacks major production values or complex action mechanics, Mainlining stands out as one of the more memorable indie hacking adventures available. Its investigative gameplay, morally ambiguous storytelling, and immersive interface design create a unique experience that rewards patience, observation, and curiosity. Players interested in conspiracy thrillers, cybercrime investigations, and narrative-driven puzzle games will likely find themselves completely absorbed by its dark digital world.

Rating: 8/10","Mainlining is a cyberpunk-inspired investigative adventure that turns the ordinary process of browsing files, reading emails, and searching databases into a tense and immersive detective experience. Developed by Rebelephant and published by Merge Games, the game places players behind the screen of a government intelligence computer system where every clue, suspect, and secret must be uncovered through hacking, surveillance, and careful analysis of digital information. Instead of relying on action sequences or cinematic set pieces, Mainlining builds suspense entirely through deduction, atmosphere, and the unsettling realization that every citizen’s private life is only a few clicks away from exposure. The game is set in a near-future Britain where privacy laws have collapsed following the introduction of the BLU Pill Act, legislation that grants intelligence agencies unrestricted access to personal digital information. Players take on the role of an operative working for MI7, a government surveillance division tasked with tracking cybercriminals after a major breach compromises national security. What initially appears to be a series of disconnected investigations slowly evolves into a larger conspiracy involving corruption, abuse of power, political manipulation, and the dangers of mass surveillance. The story feels particularly effective because its themes mirror real-world debates surrounding government monitoring and digital privacy, giving the experience a level of relevance that extends beyond simple science fiction. One of Mainlining’s greatest achievements is its presentation. The entire game takes place inside a simulated retro computer operating system inspired by older versions of Windows desktops. Every action occurs through email clients, command prompts, browsers, folders, chat programs, and intelligence databases, creating the illusion that the player is genuinely operating inside a classified surveillance network. This design choice immediately establishes immersion because players interact with the world exactly the way an investigator would. The retro-inspired pixel art and low-tech interface also contribute heavily to the atmosphere, giving the game a gritty and believable cyberpunk identity without relying on flashy visuals. Gameplay revolves around investigating suspects by hacking into personal computers and analyzing digital traces left behind in their online activity. Players search through conversations, photographs, browsing histories, financial records, and social media interactions in order to uncover evidence and identify criminal behavior. Unlike many detective games that heavily guide the player toward obvious solutions, Mainlining encourages independent thinking and observation. Important clues are often hidden within seemingly unimportant files or casual conversations, forcing players to pay close attention to details instead of simply following objective markers. The command-line hacking mechanics are surprisingly immersive despite their simplicity. Players use text commands to access networks, trace IP addresses, and infiltrate systems, creating the feeling of performing real investigative work without becoming inaccessible to newcomers. The game succeeds because it understands how to make information itself feel rewarding. Discovering a hidden message, uncovering an encrypted file, or linking multiple suspects together creates genuine excitement because progress depends entirely on the player’s own deductions rather than scripted sequences. What truly separates Mainlining from other hacking-themed games is the moral discomfort that develops over time. Although the player technically works for law enforcement, many of the investigative methods feel invasive and ethically questionable. Reading intimate personal conversations, examining private photographs, and monitoring every aspect of someone’s digital life creates a constant sense of unease. The game repeatedly raises questions about whether unrestricted surveillance can ever remain justified once governments gain the ability to observe every citizen without limitations. Even when tracking criminals, the player often feels disturbingly close to violating the boundaries of innocent people. The investigations themselves remain varied enough to keep the campaign engaging. Cases involve cybercrime, hacking groups, drug operations, financial fraud, and organized conspiracies that slowly reveal deeper connections hidden beneath the surface. Players must carefully identify suspects, gather evidence, and determine physical locations before making arrests. Wrong accusations can result in failure, adding pressure to every investigation and encouraging players to double-check conclusions before acting. This structure creates a satisfying detective experience because success feels earned through careful reasoning rather than random guessing. The writing throughout the game is consistently strong. Dialogue balances serious political themes with dry humor and believable character interactions that prevent the experience from becoming overly bleak. Emails, online chats, and casual conversations reveal small personality details that make suspects and supporting characters feel authentic despite the minimalist presentation. The game gradually builds a believable world where political fear, digital dependence, and government overreach have become deeply intertwined with everyday life. The soundtrack complements the atmosphere exceptionally well. Electronic music and ambient background tracks create a constant feeling of tension and paranoia without overwhelming the quieter investigative moments. Combined with the glowing retro desktop aesthetic and endless streams of digital information, the audio design reinforces the sense that players are trapped inside a cold and impersonal surveillance system. Despite its originality, Mainlining is not completely free from flaws. Some investigations can become repetitive because the gameplay loop often revolves around similar patterns of searching files and tracing connections. Certain clues are occasionally too obscure, leading to moments where progression slows due to unclear objectives. The command-line interface, while immersive, can also feel awkward at times because typing errors or unclear system responses occasionally interrupt the pacing. Players expecting action-heavy hacking gameplay may also find the experience too slow because most of the tension comes from reading, analyzing information, and making logical deductions rather than participating in high-energy sequences. The visual presentation, while stylish, is intentionally minimalistic and may not appeal to everyone. Those expecting large cinematic environments or highly animated storytelling may initially find the desktop-only structure limiting. However, the simplicity ultimately becomes one of the game’s strengths because it keeps the player fully focused on the investigation itself rather than external distractions. Although it lacks major production values or complex action mechanics, Mainlining stands out as one of the more memorable indie hacking adventures available. Its investigative gameplay, morally ambiguous storytelling, and immersive interface design create a unique experience that rewards patience, observation, and curiosity. Players interested in conspiracy thrillers, cybercrime investigations, and narrative-driven puzzle games will likely find themselves completely absorbed by its dark digital world. Rating: 8/10",True,2026-05-12T09:28:27+00:00,2026-05-12T09:28:27+00:00,712.0,712.0,0.0,0.0,0.0,0.5,False,False,False,False,76561198367471798,,27587.0,False,False,7543,1011,11.866666666666667,11.866666666666667,10h+,positive
189736449,454950,mainlining,Mainlining,english,"This game has three elements I really like in games:

The ""hacking"" part, although it's very simple (hacknet, uplink etc)
The point and click game puzzle genre
an overarching story that could be interesting

So this SHOULD have been a big win for me. And yet, I had more annoyance going through the first 6 cases than fun. And that's all due to... the gameplay. 

You could ask yourself how. To summarize:
- an alternative system/desktop with some kind of mandala thing going on that'll make you dizzy if you look at it too much
- Constant chatting noises, distracting you easely from whatever path you were following. In the first few cases it's not too bad, but the BOOP BOOP BOOP continuous sound makes you mad
- Meanwhile you're trying to concentrate on the puzzles, but shit is happening at the same time, so you have to be fast. Or at least that's what the game seemingly pushes you to do. But the joy of a point and click is discovering options until you find something that clicks

It's not a hard game but the way it's build makes it unplayable, for me. I saw this comes from an old Bundlestars/Fanatical bundle that has some killer games alongside it, but this one ain't it. I'm glad I gave up, this was more stressful than working a real detective job (I'd imagine)","This game has three elements I really like in games: The ""hacking"" part, although it's very simple (hacknet, uplink etc) The point and click game puzzle genre an overarching story that could be interesting So this SHOULD have been a big win for me. And yet, I had more annoyance going through the first 6 cases than fun. And that's all due to... the gameplay. You could ask yourself how. To summarize: - an alternative system/desktop with some kind of mandala thing going on that'll make you dizzy if you look at it too much - Constant chatting noises, distracting you easely from whatever path you were following. In the first few cases it's not too bad, but the BOOP BOOP BOOP continuous sound makes you mad - Meanwhile you're trying to concentrate on the puzzles, but shit is happening at the same time, so you have to be fast. Or at least that's what the game seemingly pushes you to do. But the joy of a point and click is discovering options until you find something that clicks It's not a hard game but the way it's build makes it unplayable, for me. I saw this comes from an old Bundlestars/Fanatical bundle that has some killer games alongside it, but this one ain't it. I'm glad I gave up, this was more stressful than working a real detective job (I'd imagine)",False,2025-03-09T00:32:48+00:00,2025-03-09T00:32:48+00:00,65.0,65.0,0.0,0.0,0.0,0.5,False,False,False,False,76561197995129622,,269.0,False,False,1271,232,1.0833333333333333,1.0833333333333333,1-3h,negative
91902457,454950,mainlining,Mainlining,english,"I liked Mainlining at first, because I like the visual style and it also has a backstory (unlike most other ""hacking"" games).
I would forgive the bad UX of the command prompt and the incompleteness of the universe (e.g. websites only exist for the time of the missions in which they appear) and some other minor issues.

But the dealbreaker for me is how stupid the missions are. You have to identify perpetrators, collect evidence against them and find their whereabouts. Okay - that COULD be fun. But a huge part of the problem is that - when you get one of the ingredients wrong, you get no useful information on WHICH ingredient was wrong. If the location isn't correct, then why does the newspaper say that the suspect had been ""wrongly accused"" and ""released""? This phrasing indicates that the location was right but the evidence to weak. Okay - so the feedback is misleading and (once you have figured THAT out!) you have to look at the clues and logically deduce the ingredients. Right? That would constitute a PUZZLE-game. That would make sense. That would be fun. But that's not how Mainlining rolls.

Oftentimes you have to submit a piece of evidence that would never hold up in court - even when you have collected much better evidence that isn't accepted. Also you often have evidence against multiple suspects. So you are already guessing between 6 to 30 combinations of these two ingredients. As to the whereabouts: you have access to everybodys addresses, but usually there is a vague hint to a different location in one of the files - and I mean VAGUE. And if there isn't such a hint, you are still always in doubt whether you have overlooked one. AND ON TOP OF THAT there are sometimes twists that require leaps in your reasoning that only make sense in hindsight. Mission 7 in particular was so harebrained that I FURIOUSLY uninstalled the game after reading that insult of a ""solution"" in a walkthrough.

I'm convinced that Rebelephant wasted to much time on side-gimmicks like the ""maps"" view, ran out of time in development and could only design a handful of missions, so they deliberately made the solutions illogical to artificially extend the playing-time. Illogical puzzle games aren't fun, they are frustrating. VERY FRUSTRATING. So although I really want to like this game - I can only advise you to STAY AWAY from it!","I liked Mainlining at first, because I like the visual style and it also has a backstory (unlike most other ""hacking"" games). I would forgive the bad UX of the command prompt and the incompleteness of the universe (e.g. websites only exist for the time of the missions in which they appear) and some other minor issues. But the dealbreaker for me is how stupid the missions are. You have to identify perpetrators, collect evidence against them and find their whereabouts. Okay - that COULD be fun. But a huge part of the problem is that - when you get one of the ingredients wrong, you get no useful information on WHICH ingredient was wrong. If the location isn't correct, then why does the newspaper say that the suspect had been ""wrongly accused"" and ""released""? This phrasing indicates that the location was right but the evidence to weak. Okay - so the feedback is misleading and (once you have figured THAT out!) you have to look at the clues and logically deduce the ingredients. Right? That would constitute a PUZZLE-game. That would make sense. That would be fun. But that's not how Mainlining rolls. Oftentimes you have to submit a piece of evidence that would never hold up in court - even when you have collected much better evidence that isn't accepted. Also you often have evidence against multiple suspects. So you are already guessing between 6 to 30 combinations of these two ingredients. As to the whereabouts: you have access to everybodys addresses, but usually there is a vague hint to a different location in one of the files - and I mean VAGUE. And if there isn't such a hint, you are still always in doubt whether you have overlooked one. AND ON TOP OF THAT there are sometimes twists that require leaps in your reasoning that only make sense in hindsight. Mission 7 in particular was so harebrained that I FURIOUSLY uninstalled the game after reading that insult of a ""solution"" in a walkthrough. I'm convinced that Rebelephant wasted to much time on side-gimmicks like the ""maps"" view, ran out of time in development and could only design a handful of missions, so they deliberately made the solutions illogical to artificially extend the playing-time. Illogical puzzle games aren't fun, they are frustrating. VERY FRUSTRATING. So although I really want to like this game - I can only advise you to STAY AWAY from it!",False,2021-05-13T00:27:20+00:00,2021-05-13T00:41:36+00:00,353.0,353.0,0.0,18.0,0.0,0.7203995585441589,True,False,False,False,76561197993108156,,10.0,False,False,2343,407,5.883333333333334,5.883333333333334,3-10h,negative
48062696,454950,mainlining,Mainlining,english,"I had this game in my library for a while because I know it's the kind of game you really need to sit down and pay attention to. Finally got around to playing it, and in about 2 or so hours I got up to Case [Level] 4 in the game. It reminded me of ""whodunnit"" game (for example, Clue), where you find clues and apprehend a suspect. Except it's set entirely in a customized operating system where you can utilize the limited internet, email, command box, etc., to ""hack"" around and solve mysteries. 

I've always loved mystery games so I really like this game. It does require a bit of concentration and problem-solving, so it's probably not a game to play casually in the background while multitasking. There are little to no walkthroughs online, as it is a relatively indie game, so you have to be resourceful. That being said, it really isn't that difficult to get the hang of if you get creative.

Unlike some other ""hacking"" games I've played, this game is easier to pay attention to. First of all, Mainlining has a cartoonish, 8-bit style that makes it fun to look at. Second, other hacking games can sometimes be a bit more difficult as they more accurately depict coding, which makes it less fun if you don't have programming knowledge. This game is definitely more entertaining for casual gameplay.

I definitely plan on playing this game more in the future. I recommend it if you want to get into ""hacking"" games at a beginner's level, or if you just enjoy a more laid back version of harder hacking games.","I had this game in my library for a while because I know it's the kind of game you really need to sit down and pay attention to. Finally got around to playing it, and in about 2 or so hours I got up to Case [Level] 4 in the game. It reminded me of ""whodunnit"" game (for example, Clue), where you find clues and apprehend a suspect. Except it's set entirely in a customized operating system where you can utilize the limited internet, email, command box, etc., to ""hack"" around and solve mysteries. I've always loved mystery games so I really like this game. It does require a bit of concentration and problem-solving, so it's probably not a game to play casually in the background while multitasking. There are little to no walkthroughs online, as it is a relatively indie game, so you have to be resourceful. That being said, it really isn't that difficult to get the hang of if you get creative. Unlike some other ""hacking"" games I've played, this game is easier to pay attention to. First of all, Mainlining has a cartoonish, 8-bit style that makes it fun to look at. Second, other hacking games can sometimes be a bit more difficult as they more accurately depict coding, which makes it less fun if you don't have programming knowledge. This game is definitely more entertaining for casual gameplay. I definitely plan on playing this game more in the future. I recommend it if you want to get into ""hacking"" games at a beginner's level, or if you just enjoy a more laid back version of harder hacking games.",True,2019-01-03T07:27:22+00:00,2019-01-03T07:27:22+00:00,143.0,142.0,0.0,0.0,0.0,0.5,True,False,False,False,76561198206185468,,6.0,False,False,1511,273,2.3833333333333333,2.3666666666666667,1-3h,positive
48036012,454950,mainlining,Mainlining,english,"It may be worth waiting for a sale on this one, but it isn't actually bad.

Allegedly inspired by real life privacy laws being passed in England, Mainlining is a government hacking game where you play as a member of the mysterious agency MI7, aka the ""Lions"". It's okay though, you're the lightly comedy kind of oppressive government. You've even got an agent who exists entirely to be a walking Twin Peaks reference. Ha ha.

You're allowed via the ""BLU Pill Act"" to hack into any PC you want, but you can only arrest people if you can produce evidence towards one of three charges: Selling illegal items (5 years), Theft of data or physical items (10 years), or the most heinous, life-destroying crime of all... Unlicensed Software Development (25 years).

The anti-government activist group THORNS however is working on counter-hacking the hackers. Can you capture them before...

...well, nothing actually really happens, because here's the thing: Mainlining is way less a hacking game and more of a traditional point and click adventure. If there's a way to game over, I didn't find it, and I tried things like arresting random people out of the phone book a half-dozen times just to see if the newspaper articles accusing MI7 of being incompetent losers ever got more fed up. (They did not.)

So in practice the tiers of arrest serve as self-imposed difficulty levels for the most part. Poke around a little, find someone selling drugs, arrest them for 5. Or you can poke further, discover they're being framed and arrest the framer for a data violation. Or you can push further and arrest the guy who wrote the software that made it possible for the framer to do his work.

There's no branching plotlines based on who you arrest, you just kind of bomf along to the next case.

I went out of my way to investigate everything and finished this in about four hours, so it's not going to strain anybody. However, it's because I went out of my way to investigate everything that I'm not sure I can rec this one very hard.

By the end of the game the typos are out of control (including in MISSION CRITICAL places, which ought to be a showstopper right there), the plot makes less and less sense, and more and more sites are introduced that you SHOULD be able to hack but can't. You'll have a great idea about where to look next and ... oops, no, that site mentioned in an email doesn't actually exist. 

I spent a fair amount of time towards the endgame going ""Oh. Well that should've worked though?"" and that's never something you want people saying about your adventure game. I feel like there was a big scope in mind and they had to cut it down and cut it back for actual release.

Mainlining has a lot of cute ideas about the hacking genre, and it's not a total wash of a game. It's just flawed, and you really really have to know that going in.","It may be worth waiting for a sale on this one, but it isn't actually bad. Allegedly inspired by real life privacy laws being passed in England, Mainlining is a government hacking game where you play as a member of the mysterious agency MI7, aka the ""Lions"". It's okay though, you're the lightly comedy kind of oppressive government. You've even got an agent who exists entirely to be a walking Twin Peaks reference. Ha ha. You're allowed via the ""BLU Pill Act"" to hack into any PC you want, but you can only arrest people if you can produce evidence towards one of three charges: Selling illegal items (5 years), Theft of data or physical items (10 years), or the most heinous, life-destroying crime of all... Unlicensed Software Development (25 years). The anti-government activist group THORNS however is working on counter-hacking the hackers. Can you capture them before... ...well, nothing actually really happens, because here's the thing: Mainlining is way less a hacking game and more of a traditional point and click adventure. If there's a way to game over, I didn't find it, and I tried things like arresting random people out of the phone book a half-dozen times just to see if the newspaper articles accusing MI7 of being incompetent losers ever got more fed up. (They did not.) So in practice the tiers of arrest serve as self-imposed difficulty levels for the most part. Poke around a little, find someone selling drugs, arrest them for 5. Or you can poke further, discover they're being framed and arrest the framer for a data violation. Or you can push further and arrest the guy who wrote the software that made it possible for the framer to do his work. There's no branching plotlines based on who you arrest, you just kind of bomf along to the next case. I went out of my way to investigate everything and finished this in about four hours, so it's not going to strain anybody. However, it's because I went out of my way to investigate everything that I'm not sure I can rec this one very hard. By the end of the game the typos are out of control (including in MISSION CRITICAL places, which ought to be a showstopper right there), the plot makes less and less sense, and more and more sites are introduced that you SHOULD be able to hack but can't. You'll have a great idea about where to look next and ... oops, no, that site mentioned in an email doesn't actually exist. I spent a fair amount of time towards the endgame going ""Oh. Well that should've worked though?"" and that's never something you want people saying about your adventure game. I feel like there was a big scope in mind and they had to cut it down and cut it back for actual release. Mainlining has a lot of cute ideas about the hacking genre, and it's not a total wash of a game. It's just flawed, and you really really have to know that going in.",True,2019-01-02T09:18:05+00:00,2019-01-02T09:18:05+00:00,253.0,253.0,0.0,5.0,1.0,0.6032917499542236,True,False,False,False,76561197962165418,,87.0,False,False,2839,512,4.216666666666667,4.216666666666667,3-10h,positive
36429350,454950,mainlining,Mainlining,english,"Mainlining is a strange good game. You investigate a modern scenario of web fraud and illegal sellings using some police super software that allows you to enter where nobody can.
Hacking is poor here, you just have to collect informations and meta data in order to reach more detailed informations and identify a suspect to arrest.
The idea is innovative, and the game do not have so many levels as you can think, so it can be finished in some times.
The bad is of course a low budget graphic and music. Playing on a room screen every tool shows big pixel and huge font. In any case it's enough funny to try to arrest somebody from the hacking information you have gained. In small words you must provide the location, the suspect, and the object incriminated. If one of these elements is wrong a failed arrest page is shown. Unlucky, even if you get the wrong place but the right person, the text shows that you have failed. 
There is no gameover of course, so you could potentially try a brute force of locations.
Funny are the real OS reproduction, as Peyotes for Ubuntu and so on.. I also find the english a bit difficult, travelling through chats and manifests, and sometimes understanding everything was crucial to solve the case. 

Near the end you will also find a Pac Man easter egg, and this let me think that the coders are no so young as I could think.. ;)

In general a good game. I've also finished it without crashing problem or something wrong.. but the rest must be a bit more implemented, ok?

Lord Hol Napult's experience: 6/10","Mainlining is a strange good game. You investigate a modern scenario of web fraud and illegal sellings using some police super software that allows you to enter where nobody can. Hacking is poor here, you just have to collect informations and meta data in order to reach more detailed informations and identify a suspect to arrest. The idea is innovative, and the game do not have so many levels as you can think, so it can be finished in some times. The bad is of course a low budget graphic and music. Playing on a room screen every tool shows big pixel and huge font. In any case it's enough funny to try to arrest somebody from the hacking information you have gained. In small words you must provide the location, the suspect, and the object incriminated. If one of these elements is wrong a failed arrest page is shown. Unlucky, even if you get the wrong place but the right person, the text shows that you have failed. There is no gameover of course, so you could potentially try a brute force of locations. Funny are the real OS reproduction, as Peyotes for Ubuntu and so on.. I also find the english a bit difficult, travelling through chats and manifests, and sometimes understanding everything was crucial to solve the case. Near the end you will also find a Pac Man easter egg, and this let me think that the coders are no so young as I could think.. ;) In general a good game. I've also finished it without crashing problem or something wrong.. but the rest must be a bit more implemented, ok? Lord Hol Napult's experience: 6/10",True,2017-11-10T23:01:55+00:00,2017-11-10T23:27:36+00:00,669.0,669.0,0.0,1.0,0.0,0.5220588445663452,False,False,False,False,76561198034739619,,104.0,False,False,1541,280,11.15,11.15,10h+,positive
54402208,454950,mainlining,Mainlining,english,"Look, I'm sorry. This ""gripping narrative"" is inferior to Hacknet/Uplink/Hypnospace Outlaw/Insert Desktop Simulator Here in every single possible way. The fact that missions are bite sized and don't really tie together terribly well doesn't help, and it's horribly obtuse in terms of ""puzzles"" which are best summarized as downloading everything and attempting to use brute force to incriminate the target of the mission, because the file you think would work never does.

The characters are generic and uninteresting. The setting is generic and uninteresting. The web pages are generic and uninteresting. The console is generic and uninteresting. The interactions are generic and uninteresting. I could go on. I didn't think it was possible to fail at constructing a narrative this badly and still have people eat it up and leave positively glowing reviews.

There are better games to play if it's this genre. I can't actually recommend this in good faith, since it's just...not that good. It's like a Michael Bay film, except that this version of Michael Bay makes badly animated explosions that will only keep your attention if you've never seen a better explosion.","Look, I'm sorry. This ""gripping narrative"" is inferior to Hacknet/Uplink/Hypnospace Outlaw/Insert Desktop Simulator Here in every single possible way. The fact that missions are bite sized and don't really tie together terribly well doesn't help, and it's horribly obtuse in terms of ""puzzles"" which are best summarized as downloading everything and attempting to use brute force to incriminate the target of the mission, because the file you think would work never does. The characters are generic and uninteresting. The setting is generic and uninteresting. The web pages are generic and uninteresting. The console is generic and uninteresting. The interactions are generic and uninteresting. I could go on. I didn't think it was possible to fail at constructing a narrative this badly and still have people eat it up and leave positively glowing reviews. There are better games to play if it's this genre. I can't actually recommend this in good faith, since it's just...not that good. It's like a Michael Bay film, except that this version of Michael Bay makes badly animated explosions that will only keep your attention if you've never seen a better explosion.",False,2019-08-01T09:46:56+00:00,2019-08-01T09:46:56+00:00,80.0,80.0,0.0,4.0,0.0,0.5660932660102844,True,False,False,False,76561198020320520,,66.0,False,False,1166,186,1.3333333333333333,1.3333333333333333,1-3h,negative
171542511,454950,mainlining,Mainlining,english,"Well, I like the idea of the game and I found its story somewhat enjoyable. There are many nods to actual existing software. But even when I knew exactly what I had to do, I sometimes just looked into a walkthrough to spare myself from having to go through all the annoying gameplay mechanics again. Instead of repeating what other people have already said, let me first point you to two well-written negative reviews that pinpoint exactly what made the gameplay kind of a chore:

https://steamcommunity.com/id/algorithman/recommended/454950/

https://steamcommunity.com/id/Oloko0/recommended/454950/

In addition to that, the concept of the missions is sometimes weird. Every mission ends by arresting a single suspect. Sometimes you just have 1 suspect, sometimes there are 3 possible suspects and you just have to arrest any of them, not all 3. That's also the case in a mission where you're just told to find information on a person who went missing years ago. You can randomly find information on her ex-husband, arrest him for producing drugs with her, and you win. And the game just never even follows up on that, except in the credits where you suddenly find out that the missing person is dead.

There's other weird stuff going on like a puzzle in the final mission where you need to find the suspect's son's first name, and in the ending, he suddenly has a different name. I also found a placeholder document that said something like ""Following the suspect's arrest on [date the player arrested him]""

Mainlining is much more of a point-and-click thriller with an annoying interface rather than a hacking game, but I did not expect a simulation anyway. You can finish it in 4 hours and I kinda enjoyed it for the most part, but it's super unpolished and vague and the devs never bothered releasing an update. I wouldn't buy it unless it's heavily discounted.

Out of all those hacking and investigation games like Hacknet, Hacker Evolution, Orwell, The Black Watchmen, and Hypnospace Outlaw, this is the one you can skip.","Well, I like the idea of the game and I found its story somewhat enjoyable. There are many nods to actual existing software. But even when I knew exactly what I had to do, I sometimes just looked into a walkthrough to spare myself from having to go through all the annoying gameplay mechanics again. Instead of repeating what other people have already said, let me first point you to two well-written negative reviews that pinpoint exactly what made the gameplay kind of a chore: https://steamcommunity.com/id/algorithman/recommended/454950/ https://steamcommunity.com/id/Oloko0/recommended/454950/ In addition to that, the concept of the missions is sometimes weird. Every mission ends by arresting a single suspect. Sometimes you just have 1 suspect, sometimes there are 3 possible suspects and you just have to arrest any of them, not all 3. That's also the case in a mission where you're just told to find information on a person who went missing years ago. You can randomly find information on her ex-husband, arrest him for producing drugs with her, and you win. And the game just never even follows up on that, except in the credits where you suddenly find out that the missing person is dead. There's other weird stuff going on like a puzzle in the final mission where you need to find the suspect's son's first name, and in the ending, he suddenly has a different name. I also found a placeholder document that said something like ""Following the suspect's arrest on [date the player arrested him]"" Mainlining is much more of a point-and-click thriller with an annoying interface rather than a hacking game, but I did not expect a simulation anyway. You can finish it in 4 hours and I kinda enjoyed it for the most part, but it's super unpolished and vague and the devs never bothered releasing an update. I wouldn't buy it unless it's heavily discounted. Out of all those hacking and investigation games like Hacknet, Hacker Evolution, Orwell, The Black Watchmen, and Hypnospace Outlaw, this is the one you can skip.",False,2024-08-06T11:27:01+00:00,2024-08-06T11:33:29+00:00,195.0,195.0,0.0,5.0,0.0,0.5929000377655029,False,False,False,False,76561198001454789,,286.0,False,False,2025,338,3.25,3.25,3-10h,negative
29556093,454950,mainlining,Mainlining,english,"Review video:

https://youtu.be/HERafsgLBp8

Mainlining is a hacking game that utilizes similar ideas to games like Orwell and Replica. You do government surveillance and arrest ""criminals"".

Personally, I found the game to be pretty good. The basic mechanics were easy to grasp along with a pace that kept the game engaging. Personally I would have liked to see more hacking mechanics as hacking in the game is as simple as typing in IP addresses, but the streamline nature of the mechanics did help to keep that game at a nice pace.

I'm not going to enthusiastically persuade this game to people, but I won't dissuade either. If it looks like your thing, pick it up. If it's on sale, it's a definite grab.

For a more in depth review check my video review at the top.","Review video: https://youtu.be/HERafsgLBp8 Mainlining is a hacking game that utilizes similar ideas to games like Orwell and Replica. You do government surveillance and arrest ""criminals"". Personally, I found the game to be pretty good. The basic mechanics were easy to grasp along with a pace that kept the game engaging. Personally I would have liked to see more hacking mechanics as hacking in the game is as simple as typing in IP addresses, but the streamline nature of the mechanics did help to keep that game at a nice pace. I'm not going to enthusiastically persuade this game to people, but I won't dissuade either. If it looks like your thing, pick it up. If it's on sale, it's a definite grab. For a more in depth review check my video review at the top.",True,2017-01-29T04:18:28+00:00,2017-01-29T04:18:28+00:00,178.0,178.0,0.0,0.0,0.0,0.5,True,False,False,False,76561198052333663,,98.0,False,False,765,135,2.966666666666667,2.966666666666667,1-3h,positive
50498671,454950,mainlining,Mainlining,english,"A good game, but could use some polish to become a great one.

Let me start with a pro/con list so you don't have to sift through my personal thoughts in longform.

Pros:
-Doesn't hold your hand, feels 'authentic'. You feel like you're hacking, in some small way.
-Satisfying UI, easy to navigate without tutorial.
-Challenging without being mind-bendingly difficult or frustrating (usually).
-Interesting story with fun twists and turns and a lot of personal flourish to make it feel alive.
-Offers several solutions to almost every case, the result is up to what you turn in.
-Good music and ambient sound.
Cons:
-Bit of a buggy mess sometimes. Had to reset several cases when things stopped working, and had the entire game freeze at one point.
-Doesn't do much to make you feel ""involved"" in the story...you are a silent and non-engaging protagonist. Things happen to you and around you, you do not really interact except hacking.
-A few times, it suffers from ""Figure out what the devs were thinking"" syndrome.
-Lots of typos and a few places where things were not implemented but were left in the script for players to see

Mainlining is a good game with a lot of potential. I love the concept of an adventure game told through hacking and desktop UIs. But it really needs a good strong polish to truly be a satisfying experience. It's a short, light-hearted bit of fun, which I enjoyed! Don't expect a deep hacking experience like Uplink...this is primarily an adventure game. However, the narrative was too short and not engaging enough for me to really feel totally sucked in or invested....exciting things lose their emphasis because it's all told to you the same way with very little pause for breath or impact, or it happens ""off screen"".

However, I think this game is fun, interesting, unique and worth a play for sure. I found it easy to forgive its little hiccups and lack of polish because I was so charmed by Mainlining. If you enjoy feeling like a hacker, government intrigue, solving mysteries and adventure games, I think you will really find something to like here.","A good game, but could use some polish to become a great one. Let me start with a pro/con list so you don't have to sift through my personal thoughts in longform. Pros: -Doesn't hold your hand, feels 'authentic'. You feel like you're hacking, in some small way. -Satisfying UI, easy to navigate without tutorial. -Challenging without being mind-bendingly difficult or frustrating (usually). -Interesting story with fun twists and turns and a lot of personal flourish to make it feel alive. -Offers several solutions to almost every case, the result is up to what you turn in. -Good music and ambient sound. Cons: -Bit of a buggy mess sometimes. Had to reset several cases when things stopped working, and had the entire game freeze at one point. -Doesn't do much to make you feel ""involved"" in the story...you are a silent and non-engaging protagonist. Things happen to you and around you, you do not really interact except hacking. -A few times, it suffers from ""Figure out what the devs were thinking"" syndrome. -Lots of typos and a few places where things were not implemented but were left in the script for players to see Mainlining is a good game with a lot of potential. I love the concept of an adventure game told through hacking and desktop UIs. But it really needs a good strong polish to truly be a satisfying experience. It's a short, light-hearted bit of fun, which I enjoyed! Don't expect a deep hacking experience like Uplink...this is primarily an adventure game. However, the narrative was too short and not engaging enough for me to really feel totally sucked in or invested....exciting things lose their emphasis because it's all told to you the same way with very little pause for breath or impact, or it happens ""off screen"". However, I think this game is fun, interesting, unique and worth a play for sure. I found it easy to forgive its little hiccups and lack of polish because I was so charmed by Mainlining. If you enjoy feeling like a hacker, government intrigue, solving mysteries and adventure games, I think you will really find something to like here.",True,2019-05-05T17:53:11+00:00,2019-05-05T17:53:11+00:00,369.0,369.0,0.0,3.0,0.0,0.5522387623786926,True,False,False,False,76561198069168029,,6.0,False,False,2083,360,6.15,6.15,3-10h,positive
34200421,454950,mainlining,Mainlining,english,"This was a fun game to play with a decent story that kept me engaged. All the ""puzzles"" consist of information gathering by following the paper trail via hacking to various computers and arresting suspects with the right evidence. The game is broken up into individual ""chapters"" which each ending once an arrest is made. The chapters have an overarching story but some also feel slightly independent in terms of the focus for each, which was a very nice blend in how the story was developed. The graphics and sound were great, as well the user interface which cleverly worked well. 

The only complaints that I have about the game were some glitches toward the end of it, but nothing that prevented me from enjoying/finishing the game. I encountered some minor glitches such as particular scrollbars that don't work with the mouse wheel, folders that were mutually exclusive to being shown, scrollbars for unrelated windows that worked in unison, window bleed-through with the map, close buttons that were off-centered from the correct position on a window, etc. It almost felt like they ran out of time to do some technical polishing/hardening toward the end since a lot of the issues seemed obvious.","This was a fun game to play with a decent story that kept me engaged. All the ""puzzles"" consist of information gathering by following the paper trail via hacking to various computers and arresting suspects with the right evidence. The game is broken up into individual ""chapters"" which each ending once an arrest is made. The chapters have an overarching story but some also feel slightly independent in terms of the focus for each, which was a very nice blend in how the story was developed. The graphics and sound were great, as well the user interface which cleverly worked well. The only complaints that I have about the game were some glitches toward the end of it, but nothing that prevented me from enjoying/finishing the game. I encountered some minor glitches such as particular scrollbars that don't work with the mouse wheel, folders that were mutually exclusive to being shown, scrollbars for unrelated windows that worked in unison, window bleed-through with the map, close buttons that were off-centered from the correct position on a window, etc. It almost felt like they ran out of time to do some technical polishing/hardening toward the end since a lot of the issues seemed obvious.",True,2017-08-12T21:36:52+00:00,2017-08-12T21:36:52+00:00,832.0,832.0,0.0,0.0,0.0,0.5,True,False,False,False,76561198018686466,,166.0,False,False,1200,202,13.866666666666667,13.866666666666667,10h+,positive
43174051,454950,mainlining,Mainlining,english,"Was not a fan of this game.
The concept was fairly interesting and that's what captivated me in the first place. Unfortunately, there was a lot of bugs, game logic issues around the ""hacking"" puzzles which completely turned me off of the game. 

This game had so much promise. If only they actually tested out the game and made sure it was polished enough in terms of gameplay and gamer experience before releasing the product.","Was not a fan of this game. The concept was fairly interesting and that's what captivated me in the first place. Unfortunately, there was a lot of bugs, game logic issues around the ""hacking"" puzzles which completely turned me off of the game. This game had so much promise. If only they actually tested out the game and made sure it was polished enough in terms of gameplay and gamer experience before releasing the product.",False,2018-06-30T02:15:05+00:00,2018-06-30T02:17:35+00:00,76.0,76.0,0.0,5.0,0.0,0.5797049403190613,True,False,False,False,76561198064540853,,17.0,False,False,425,75,1.2666666666666666,1.2666666666666666,1-3h,negative
90439779,454950,mainlining,Mainlining,english,I'm gonna give this one a pass. There are many other hacking based games that doe what this game tries to much better. The controls are repetitive and the text recognition is not very good. The story is lacking and radiates a fair bit of privilege while trying to broach a complex rights issue. I don't want to go into my problems with the plot but it just wasn't for me. There are also a lot of puzzles that are both counter intuitive and near impossible to progress at time without a hint which you have to dig through the discussion board for hopefully something that might help. Pass on this for something like Orwell or Greyhat instead.,I'm gonna give this one a pass. There are many other hacking based games that doe what this game tries to much better. The controls are repetitive and the text recognition is not very good. The story is lacking and radiates a fair bit of privilege while trying to broach a complex rights issue. I don't want to go into my problems with the plot but it just wasn't for me. There are also a lot of puzzles that are both counter intuitive and near impossible to progress at time without a hint which you have to dig through the discussion board for hopefully something that might help. Pass on this for something like Orwell or Greyhat instead.,False,2021-04-17T03:29:57+00:00,2021-04-17T03:29:57+00:00,189.0,189.0,0.0,2.0,0.0,0.5370919704437256,True,False,False,False,76561198095293908,,536.0,False,False,641,118,3.15,3.15,3-10h,negative
42949746,454950,mainlining,Mainlining,english,"Mainlining is very condusive to breakthrough-after-breakthrough gameplay where you get stuck for just a minute and then spot or try something that moves you along in the game, and it's very satisfying, especially when you find just the right evidence and arrest the suspect successfully.
The game's hacking also isn't all that difficult, although you do need to figure out a new trick now and then.
If you're new to the hacking-puzzle genre of games, Mainlining is an excellent first step. It fufills the job of being an investigative puzzler very well.","Mainlining is very condusive to breakthrough-after-breakthrough gameplay where you get stuck for just a minute and then spot or try something that moves you along in the game, and it's very satisfying, especially when you find just the right evidence and arrest the suspect successfully. The game's hacking also isn't all that difficult, although you do need to figure out a new trick now and then. If you're new to the hacking-puzzle genre of games, Mainlining is an excellent first step. It fufills the job of being an investigative puzzler very well.",True,2018-06-23T01:37:15+00:00,2018-06-23T01:37:15+00:00,257.0,166.0,0.0,0.0,0.0,0.5,True,False,False,False,76561198068076924,,122.0,False,False,553,92,4.283333333333333,2.7666666666666666,1-3h,positive
32785253,454950,mainlining,Mainlining,english,"Update: Nominated for the Stream Awards! :)

I've been on some sort of espionage spree of games and it doesn't seem to be stopping. First off, this game needs way more attention than it's getting. It took me around 8 hours to complete and it's been fun the whole way through. I'll just go over some pros and cons so I don't start talking about my new obsession more than I already have.

Pros:
- Awesome art style
- Long story
- Extra additions that aren't necessary but make the game way more interesting
- Half realistic hacking terminal
- AMAZING parody software and puns throughout
- Isn't too easy

Cons:
- Not so great replay value
- No punishment for convicting the wrong person
- Can't reply to emails and such to progress your own characters personality
- Same-old-same-old way of hacking people throughout the game
- Less psychology and more downloading and uploading files
- The deep web is on the surface web? (would be able to instantly track their IP and location but then again there are so many other unrealistic things in the game I guess it's fine)
- Boring news articles
- Needs more dynamic audio like in another similar game called 'Orwell'
- Could be more of a choose your own adventure

Now there are more cons than pros I will admit that but they're small cons that are just me being picky.  I still highly recommend it.

UPDATE: Still 10/10. Love. This. Game.","Update: Nominated for the Stream Awards! :) I've been on some sort of espionage spree of games and it doesn't seem to be stopping. First off, this game needs way more attention than it's getting. It took me around 8 hours to complete and it's been fun the whole way through. I'll just go over some pros and cons so I don't start talking about my new obsession more than I already have. Pros: - Awesome art style - Long story - Extra additions that aren't necessary but make the game way more interesting - Half realistic hacking terminal - AMAZING parody software and puns throughout - Isn't too easy Cons: - Not so great replay value - No punishment for convicting the wrong person - Can't reply to emails and such to progress your own characters personality - Same-old-same-old way of hacking people throughout the game - Less psychology and more downloading and uploading files - The deep web is on the surface web? (would be able to instantly track their IP and location but then again there are so many other unrealistic things in the game I guess it's fine) - Boring news articles - Needs more dynamic audio like in another similar game called 'Orwell' - Could be more of a choose your own adventure Now there are more cons than pros I will admit that but they're small cons that are just me being picky. I still highly recommend it. UPDATE: Still 10/10. Love. This. Game.",True,2017-06-25T19:27:09+00:00,2018-11-25T02:05:22+00:00,582.0,387.0,0.0,128.0,2.0,0.9010507464408875,True,False,False,False,76561198192542201,,6.0,False,False,1378,250,9.7,6.45,3-10h,positive
54576992,454950,mainlining,Mainlining,english,"Fun puzzle  game with short cases to investigate.  You play as a federal agent hacking into civilian computers looking for evidence of crimes. The game has pretty simple mechanics that build with new applications and software to investigate over time.  The game doesn't hold your hand, often it doesn't even tell you which criminal to go after.  You can find evidence to put people away for 5, 10, or 25 years, so there is often multiple ways to approach an investigation with some harder than others.  Each case is short enough that you can do one or two if you only have a little bit of time to play.  I like a challenging puzzle game with simple to learn mechanics and enough of a story to motivate me to get to the next challenge.  That being said, the story isn't exactly ""gripping"".  There's enough story to keep the hacking and investigating from seeming pointless, but none of the characters are fleshed out much, there are no exciting twists, and the humor is hit or miss.  I didn't find any bugs.  Gameplay was solid.","Fun puzzle game with short cases to investigate. You play as a federal agent hacking into civilian computers looking for evidence of crimes. The game has pretty simple mechanics that build with new applications and software to investigate over time. The game doesn't hold your hand, often it doesn't even tell you which criminal to go after. You can find evidence to put people away for 5, 10, or 25 years, so there is often multiple ways to approach an investigation with some harder than others. Each case is short enough that you can do one or two if you only have a little bit of time to play. I like a challenging puzzle game with simple to learn mechanics and enough of a story to motivate me to get to the next challenge. That being said, the story isn't exactly ""gripping"". There's enough story to keep the hacking and investigating from seeming pointless, but none of the characters are fleshed out much, there are no exciting twists, and the humor is hit or miss. I didn't find any bugs. Gameplay was solid.",True,2019-08-12T03:51:49+00:00,2019-08-12T03:59:32+00:00,810.0,810.0,0.0,2.0,0.0,0.5387340188026428,True,False,False,False,76561198079733126,,6.0,False,False,1017,183,13.5,13.5,10h+,positive
91219283,454950,mainlining,Mainlining,english,"Just not that good. Poor UI, boring plot, confusing and arcane puzzles that don't really make sense. Other entries in the 'hacking narrative adventure' genre are far better than this.","Just not that good. Poor UI, boring plot, confusing and arcane puzzles that don't really make sense. Other entries in the 'hacking narrative adventure' genre are far better than this.",False,2021-05-01T09:57:35+00:00,2021-05-01T09:57:35+00:00,222.0,111.0,0.0,1.0,0.0,0.4927953779697418,False,False,False,False,76561198000715622,,172.0,False,False,183,30,3.7,1.85,1-3h,negative
94730231,454950,mainlining,Mainlining,english,"Its not a bad game, but not a good either.
I have a problem with this production, cause its pretty fun, but also pretty average in every aspect.
For example: story is basic and not suprising. Additionely authors doesnt have any idea in which tone they should keep it. Dad's jokes are mixing with dead serious climat about hacking and you dont know if you should treat this game serious or not. Side of simulating virutal machine and puzzle-hacking (and variety of it) are also dissapointing. Many games done it better (Do not feed the monkeys, Hacknet, Hackmud, etc.). So... i dont know, we just got a solid-average game in every angle, thats it.","Its not a bad game, but not a good either. I have a problem with this production, cause its pretty fun, but also pretty average in every aspect. For example: story is basic and not suprising. Additionely authors doesnt have any idea in which tone they should keep it. Dad's jokes are mixing with dead serious climat about hacking and you dont know if you should treat this game serious or not. Side of simulating virutal machine and puzzle-hacking (and variety of it) are also dissapointing. Many games done it better (Do not feed the monkeys, Hacknet, Hackmud, etc.). So... i dont know, we just got a solid-average game in every angle, thats it.",False,2021-06-30T12:28:39+00:00,2021-06-30T12:31:31+00:00,578.0,578.0,0.0,0.0,0.0,0.5,True,False,False,False,76561198096110407,,54.0,False,False,646,114,9.633333333333333,9.633333333333333,3-10h,negative
32396143,454950,mainlining,Mainlining,english,Mainlining is a fun puzzle/point-and-click adventure with a cool 8bit look.,Mainlining is a fun puzzle/point-and-click adventure with a cool 8bit look.,True,2017-06-13T19:23:05+00:00,2017-06-13T19:23:05+00:00,114.0,114.0,0.0,3.0,0.0,0.5641965866088867,True,False,False,False,76561197983046759,,107.0,False,False,75,11,1.9,1.9,1-3h,positive
35685294,454950,mainlining,Mainlining,english,"worth a look, but far from perfect

+ very cool story telling format
+ missions are somewhat open ended. you poke around for clues and explore leads on your pace
+ flawless sound design
+ charming pixel art

- cool start and cool premise, but I don't think this game really lives up to its expectations.  the hacking is pretty simplistic.
- at least a few mechanics are introduced and really only used like once. it seems like this stuff could be woven and layered more intricately, but the game ends before it reaches a satisfying level of complexity
- along the lines of never reaching a nice level of complexity...the game is pretty short (4-5 hours?).  i feel like it's missing a second set of missions that takes everything you've learned and combined it into something more difficult.
- solving a case is somewhat awkward.  you usually link up 3 pieces of data to arrest someone, but there doesn't seem to be much of a penalty for screwing up.
- UI is generally annoying: resizing windows would be nice, scrolling the map with the mouse is annoying,  no keyboard shortcuts (ESC to close windows would be so amazing for laptop players, hint hint), notepad character limit, no copy/paste
- lots of small bugs: clicking 'through' windows selects buttons in the bg, z fighting layering bugs, keystrokes don't always register
- i ran into one show stopping bug that forced me to restart one of the missions.","worth a look, but far from perfect + very cool story telling format + missions are somewhat open ended. you poke around for clues and explore leads on your pace + flawless sound design + charming pixel art - cool start and cool premise, but I don't think this game really lives up to its expectations. the hacking is pretty simplistic. - at least a few mechanics are introduced and really only used like once. it seems like this stuff could be woven and layered more intricately, but the game ends before it reaches a satisfying level of complexity - along the lines of never reaching a nice level of complexity...the game is pretty short (4-5 hours?). i feel like it's missing a second set of missions that takes everything you've learned and combined it into something more difficult. - solving a case is somewhat awkward. you usually link up 3 pieces of data to arrest someone, but there doesn't seem to be much of a penalty for screwing up. - UI is generally annoying: resizing windows would be nice, scrolling the map with the mouse is annoying, no keyboard shortcuts (ESC to close windows would be so amazing for laptop players, hint hint), notepad character limit, no copy/paste - lots of small bugs: clicking 'through' windows selects buttons in the bg, z fighting layering bugs, keystrokes don't always register - i ran into one show stopping bug that forced me to restart one of the missions.",True,2017-10-13T06:09:08+00:00,2017-10-13T06:11:11+00:00,396.0,396.0,0.0,0.0,0.0,0.4954698383808136,True,False,False,False,76561198023826803,,11.0,False,False,1402,247,6.6,6.6,3-10h,positive
230174277,454950,mainlining,Mainlining,english,"Likes:
- Characters and dialogue (Ashe Barne's emails were pretty funny to me)
- The ending was well done I think (interesting time-based mechanics)
- Art style & feel of the game (UI)

Dislikes:
- TEDIOUS typing (hated typing out IP addresses and file names...wish there was autocomplete!)
- Early to mid game was pretty boring and repetitive (go to website, ping website, read the files, etc.) 
- Didn't like how you couldn't keep notes from case to case
  - Also didn't like how there was a limit to how much you could write in the notepad

For the $2 I paid for it, this was worth the experience. It's not mind-blowing, and the plot isn't doesn't really pull you in that much...but it's a good little distraction these types of ""OS simulator/ hacking games""

The ""puzzles"" weren't too hard. But due to the tedious nature of having to type out everything, it took away from the ""fun"" experience. 

Anyways, I'd recommend this only on a deep discount basis","Likes: - Characters and dialogue (Ashe Barne's emails were pretty funny to me) - The ending was well done I think (interesting time-based mechanics) - Art style & feel of the game (UI) Dislikes: - TEDIOUS typing (hated typing out IP addresses and file names...wish there was autocomplete!) - Early to mid game was pretty boring and repetitive (go to website, ping website, read the files, etc.) - Didn't like how you couldn't keep notes from case to case - Also didn't like how there was a limit to how much you could write in the notepad For the $2 I paid for it, this was worth the experience. It's not mind-blowing, and the plot isn't doesn't really pull you in that much...but it's a good little distraction these types of ""OS simulator/ hacking games"" The ""puzzles"" weren't too hard. But due to the tedious nature of having to type out everything, it took away from the ""fun"" experience. Anyways, I'd recommend this only on a deep discount basis",True,2026-07-11T01:57:10+00:00,2026-07-11T01:57:10+00:00,812.0,812.0,0.0,1.0,0.0,0.523809552192688,True,False,False,False,76561198042771679,,14.0,False,False,950,169,13.533333333333333,13.533333333333333,10h+,positive
116483601,454950,mainlining,Mainlining,english,"Attempts were made, but...well, it's just not fun, or interesting, or challenging. Nothing noteworthy is said or implied, the story beats are somewhat predictable, and the aesthetics would better suit a game set in the '90s.

2/5 I guess it's technically a hacking game?","Attempts were made, but...well, it's just not fun, or interesting, or challenging. Nothing noteworthy is said or implied, the story beats are somewhat predictable, and the aesthetics would better suit a game set in the '90s. 2/5 I guess it's technically a hacking game?",False,2022-06-04T17:51:08+00:00,2022-06-04T17:51:08+00:00,310.0,310.0,0.0,4.0,1.0,0.5359116196632385,True,False,False,False,76561197997799367,,65.0,False,False,269,44,5.166666666666667,5.166666666666667,3-10h,negative
43884892,454950,mainlining,Mainlining,english,A very challenging yet fun game.,A very challenging yet fun game.,True,2018-08-02T03:57:01+00:00,2018-08-02T03:57:01+00:00,289.0,174.0,0.0,0.0,0.0,0.5,True,False,False,False,76561198143147154,,37.0,False,False,32,6,4.816666666666666,2.9,1-3h,positive
142771458,454950,mainlining,Mainlining,english,"Mainlining is a police investigation drama that plays out through the retro style Windows XP desktop of your cyber crimes computer. You pursue criminals and hackers by following leads to websites, hacking into computers, and collecting evidence to make arrests.

The gameplay has you using a faux desktop complete with web browser, downloading files, and using the police instant messenger to coordinate with the other agents (all scripted of course). Arresting a criminal requires several key pieces of information which you can gather through hacking websites and investigating the contents. The game can be a little buggy but has some interesting ideas and the usual twists as you follow the investigation with the stakes constantly getting raised. The story isn't doing anything new and follows the usual tropes but it's a fun ride.

I'm a fan of these hacking simulator games, and playing as a 'good guy' was a nice change of pace. Plus the episode to episode gameplay loop is fun with the desktop graphics and art being a nice change of pace compared to the command line gimmicks every other hacking game wants to employ.

Overall a fun game that doesn't really push the envelope, but its good for one play through if you're into the hacking puzzle genre.","Mainlining is a police investigation drama that plays out through the retro style Windows XP desktop of your cyber crimes computer. You pursue criminals and hackers by following leads to websites, hacking into computers, and collecting evidence to make arrests. The gameplay has you using a faux desktop complete with web browser, downloading files, and using the police instant messenger to coordinate with the other agents (all scripted of course). Arresting a criminal requires several key pieces of information which you can gather through hacking websites and investigating the contents. The game can be a little buggy but has some interesting ideas and the usual twists as you follow the investigation with the stakes constantly getting raised. The story isn't doing anything new and follows the usual tropes but it's a fun ride. I'm a fan of these hacking simulator games, and playing as a 'good guy' was a nice change of pace. Plus the episode to episode gameplay loop is fun with the desktop graphics and art being a nice change of pace compared to the command line gimmicks every other hacking game wants to employ. Overall a fun game that doesn't really push the envelope, but its good for one play through if you're into the hacking puzzle genre.",True,2023-07-25T14:59:17+00:00,2023-07-25T14:59:17+00:00,522.0,522.0,0.0,0.0,0.0,0.5,True,False,False,False,76561197967815270,,218.0,False,False,1258,211,8.7,8.7,3-10h,positive
34379369,454950,mainlining,Mainlining,english,"Awesome! A few years (or a year ago, can't remember) I discovered the demo on steam. Looked interesting, so I tried it out. It was fun, but just a demo. I kept my eyes on it for a few weeks, and eventually went back to playing the normal games I played. A few weeks ago, I found a ""Mainlining"" let's play in my reccomondations. It looked interesting, so I bought the game on steam and went on to case 2. I continued playing until I had finished the game. Now, I'm a person who loves puzzles and programming, so being able to access people's systems from the game AND arrest them inside of it? The entire game was awesome for me, the story gets a bit worse near the end of the game, but overall this game is extremely fun to play. Just don't expect to solve 3 cases in one day, or else you'll get frustrated.","Awesome! A few years (or a year ago, can't remember) I discovered the demo on steam. Looked interesting, so I tried it out. It was fun, but just a demo. I kept my eyes on it for a few weeks, and eventually went back to playing the normal games I played. A few weeks ago, I found a ""Mainlining"" let's play in my reccomondations. It looked interesting, so I bought the game on steam and went on to case 2. I continued playing until I had finished the game. Now, I'm a person who loves puzzles and programming, so being able to access people's systems from the game AND arrest them inside of it? The entire game was awesome for me, the story gets a bit worse near the end of the game, but overall this game is extremely fun to play. Just don't expect to solve 3 cases in one day, or else you'll get frustrated.",True,2017-08-20T18:17:24+00:00,2017-08-20T18:17:24+00:00,1255.0,784.0,0.0,0.0,0.0,0.5,True,False,False,False,76561198272443248,,7.0,False,False,807,157,20.916666666666668,13.066666666666666,10h+,positive
44388091,454950,mainlining,Mainlining,english,"Fun game to pass the time with a nice style. However, story is kind of lame and has many plotholes, and many puzzles involve lots of guesswork and no tips provided.","Fun game to pass the time with a nice style. However, story is kind of lame and has many plotholes, and many puzzles involve lots of guesswork and no tips provided.",False,2018-08-26T12:59:09+00:00,2018-08-26T12:59:09+00:00,310.0,310.0,0.0,1.0,0.0,0.5263158082962036,True,False,False,False,76561198106295302,,6.0,False,False,164,31,5.166666666666667,5.166666666666667,3-10h,negative
33644957,454950,mainlining,Mainlining,english,"Okay. Here we go. Mainlining!

This is a game about hacking... Actualy no. This game is going to make you feel like a cool hacker but it is nothing like an actual hacking process. This game is about finding information. You are constantly searching in the net of people and websites and ips and other stuff. One clue leads to another and if you've missed something then you have to LOOK EVERYWHERE AGAIN TO FIND IT. Kinda annoying...

The game is fun but only for a couple of levels. It gets boring when you know what you are doing. This game is missing ACTION. There is no way to lose, your actions dont have consequences. 

But i still enjoed it.
It has a good concept,
it looks nice.
it sounds nice,
it is a puzzle,
and It is kinda relaxing, 

Not as interesting as I expected, but still worth a try.

P.S. You are missing a lot of players becouse of no language support. I am from Russia and i know how to speak English but it is still difficult to constantly read and translate. Think about making translations for youe next games","Okay. Here we go. Mainlining! This is a game about hacking... Actualy no. This game is going to make you feel like a cool hacker but it is nothing like an actual hacking process. This game is about finding information. You are constantly searching in the net of people and websites and ips and other stuff. One clue leads to another and if you've missed something then you have to LOOK EVERYWHERE AGAIN TO FIND IT. Kinda annoying... The game is fun but only for a couple of levels. It gets boring when you know what you are doing. This game is missing ACTION. There is no way to lose, your actions dont have consequences. But i still enjoed it. It has a good concept, it looks nice. it sounds nice, it is a puzzle, and It is kinda relaxing, Not as interesting as I expected, but still worth a try. P.S. You are missing a lot of players becouse of no language support. I am from Russia and i know how to speak English but it is still difficult to constantly read and translate. Think about making translations for youe next games",True,2017-07-19T05:32:18+00:00,2017-07-19T05:32:18+00:00,390.0,390.0,0.0,0.0,0.0,0.5,True,False,False,False,76561198097438071,,115.0,False,False,1028,193,6.5,6.5,3-10h,positive
164967972,454950,mainlining,Mainlining,english,"this game is pretty cool. the story is heavily inspired by real-life events and is very easy to navigate through. for a few puzzles you have to be more inventive to find clues and i like that. the only problem i have is there's a bug when playing full screen where the game gets stuck in some type of error loop which, when you're in full screen, means you have to find some more creative ways of closing the game down like alt-f4. there's also another similar problem where the game suffers a ""fatal memory crash"" when you have too many tabs open. this isn't great because all of the games' text is made in 16-bit font which is hard to read on a minimized window in a minimized window.  other than those 2 things the game is very cool.","this game is pretty cool. the story is heavily inspired by real-life events and is very easy to navigate through. for a few puzzles you have to be more inventive to find clues and i like that. the only problem i have is there's a bug when playing full screen where the game gets stuck in some type of error loop which, when you're in full screen, means you have to find some more creative ways of closing the game down like alt-f4. there's also another similar problem where the game suffers a ""fatal memory crash"" when you have too many tabs open. this isn't great because all of the games' text is made in 16-bit font which is hard to read on a minimized window in a minimized window. other than those 2 things the game is very cool.",True,2024-05-09T04:44:11+00:00,2024-05-09T04:44:11+00:00,866.0,866.0,0.0,0.0,0.0,0.5,True,False,False,False,76561198277454680,,7.0,False,False,735,140,14.433333333333334,14.433333333333334,10h+,positive
204949999,454950,mainlining,Mainlining,english,"this is just a visual novel with a unique presentation. there are no branching paths or interesting puzzles, it's really not a hacking game at all other than its theme","this is just a visual novel with a unique presentation. there are no branching paths or interesting puzzles, it's really not a hacking game at all other than its theme",False,2025-09-22T14:24:47+00:00,2025-09-22T14:24:47+00:00,241.0,241.0,0.0,0.0,0.0,0.5,True,False,False,False,76561198082159749,,39.0,False,False,167,30,4.016666666666667,4.016666666666667,3-10h,negative
31200134,454950,mainlining,Mainlining,english,"I played this game as a part of my 52 games in 52 weeks challenge. My review is also on my facebook page https://www.facebook.com/Kayasarcade/


With 628 backers the little game company Rebelephant just barely got this little gem backed on Kickstarter - and I'm so happy that it did!

The first time I saw this game I fell for the familiar XP 'look' - So I wasn't disappointed when I opened the game and the menu was the classic login screen and had the old icon selection as well.
Dave Grey really did an amazing job with the art style!

I really enjoyed the first 2-3 hours, feeling like a real cyber genius 'iphacking' the bad guys, in a classic fight between the government and the activists.

Some of the cases took some time to figure out tho, and made me feel stuck - but the story was overall really interesting and luckily motivated me to get to the last cases, which was really exciting!
I can easily recommend this game, if you like the genre.","I played this game as a part of my 52 games in 52 weeks challenge. My review is also on my facebook page https://www.facebook.com/Kayasarcade/ With 628 backers the little game company Rebelephant just barely got this little gem backed on Kickstarter - and I'm so happy that it did! The first time I saw this game I fell for the familiar XP 'look' - So I wasn't disappointed when I opened the game and the menu was the classic login screen and had the old icon selection as well. Dave Grey really did an amazing job with the art style! I really enjoyed the first 2-3 hours, feeling like a real cyber genius 'iphacking' the bad guys, in a classic fight between the government and the activists. Some of the cases took some time to figure out tho, and made me feel stuck - but the story was overall really interesting and luckily motivated me to get to the last cases, which was really exciting! I can easily recommend this game, if you like the genre.",True,2017-04-17T14:14:58+00:00,2017-04-17T14:14:58+00:00,391.0,391.0,0.0,4.0,0.0,0.5901800394058228,True,False,False,False,76561198011129687,,57.0,False,False,949,176,6.516666666666667,6.516666666666667,3-10h,positive
57546676,454950,mainlining,Mainlining,english,"Very fun and engaging, and I've played through it at least twice. A must play if you like hacking games. I would love a sequel or more games with this format and design. Only downside is some of the episodes are a little shallow and short. I would have liked to go deeper into the story and have more stuff to do with the techs given. On a random note, the keyboard and mouse noises make me feel warm and fuzzy inside.","Very fun and engaging, and I've played through it at least twice. A must play if you like hacking games. I would love a sequel or more games with this format and design. Only downside is some of the episodes are a little shallow and short. I would have liked to go deeper into the story and have more stuff to do with the techs given. On a random note, the keyboard and mouse noises make me feel warm and fuzzy inside.",True,2019-11-20T19:23:07+00:00,2019-11-20T19:23:07+00:00,1862.0,1862.0,0.0,0.0,0.0,0.5,True,False,False,False,76561198089007392,,37.0,False,False,418,82,31.033333333333335,31.033333333333335,10h+,positive
72360345,454950,mainlining,Mainlining,english,"Great story-line, interesting puzzles, different outcomes for each level is an amazing feature; you must really use your brain to be able to crack all of them.
I finished the game in a little over 4 hours and I got the game with a discount (85% off) during the summer sale, so I'd say it was 100% worth it. Maybe 12.49 euros (the full price for the Deluxe edition) is a little more than I'd be willing to pay for a 5-hours game.

Suggestions:
   -I believe we should be able to make multiple arrests/level, if there are multiple suspects
   -I had a difficult time typing, because, in case of a typo, you can't move through the text using the arrows/mouse; you have to delete everything up to the point at which you want to edit the text. 
   -An award-system would be a great addition! (like Steam achievements)","Great story-line, interesting puzzles, different outcomes for each level is an amazing feature; you must really use your brain to be able to crack all of them. I finished the game in a little over 4 hours and I got the game with a discount (85% off) during the summer sale, so I'd say it was 100% worth it. Maybe 12.49 euros (the full price for the Deluxe edition) is a little more than I'd be willing to pay for a 5-hours game. Suggestions: -I believe we should be able to make multiple arrests/level, if there are multiple suspects -I had a difficult time typing, because, in case of a typo, you can't move through the text using the arrows/mouse; you have to delete everything up to the point at which you want to edit the text. -An award-system would be a great addition! (like Steam achievements)",True,2020-07-09T11:59:00+00:00,2020-07-09T11:59:00+00:00,254.0,254.0,0.0,0.0,0.0,0.5,True,False,False,False,76561198810232729,,15.0,False,False,801,147,4.233333333333333,4.233333333333333,3-10h,positive
68033526,454950,mainlining,Mainlining,english,"I really adored this game!  Some hacker games have too high of learning curves, but this one had the perfect amount of action alongside the text. I've been sitting on this game in my inventory forever, and I'm SO glad I got to it. I took breaks to eat and sleep, but otherwise I was GLUED to my screen. There were a few puzzles that were tricky, but the internet gave me enough hints to get through without any complete walkthroughs.","I really adored this game! Some hacker games have too high of learning curves, but this one had the perfect amount of action alongside the text. I've been sitting on this game in my inventory forever, and I'm SO glad I got to it. I took breaks to eat and sleep, but otherwise I was GLUED to my screen. There were a few puzzles that were tricky, but the internet gave me enough hints to get through without any complete walkthroughs.",True,2020-04-26T03:03:21+00:00,2020-04-26T03:03:21+00:00,1500.0,1500.0,0.0,0.0,0.0,0.5,True,False,False,False,76561198055458174,,7.0,False,False,432,81,25.0,25.0,10h+,positive
154454095,454950,mainlining,Mainlining,english,"Enjoyable enough but should only be bought while discounted. It does feel quite immersive, though I wish the actuall ""hacking"" wouldn't involve only a handfull of the same simple commands that you type in time and time again. The story is nice however and I like that you're actually working for a good guy intelligence agency (sort of) and not an evil big brotherly type that you then have to overthrow, which is often the case.

I do agree with other reviewers that the style doesn't fit the year the game is set in (2010) and typing into a console/login screen can be quite the challenge. I also did always double check my results with a walktrough before closing a case as sometimes what counts as a correct answer isn't totally clear. 

One shouldn't expect too much but most people don't with games like these.","Enjoyable enough but should only be bought while discounted. It does feel quite immersive, though I wish the actuall ""hacking"" wouldn't involve only a handfull of the same simple commands that you type in time and time again. The story is nice however and I like that you're actually working for a good guy intelligence agency (sort of) and not an evil big brotherly type that you then have to overthrow, which is often the case. I do agree with other reviewers that the style doesn't fit the year the game is set in (2010) and typing into a console/login screen can be quite the challenge. I also did always double check my results with a walktrough before closing a case as sometimes what counts as a correct answer isn't totally clear. One shouldn't expect too much but most people don't with games like these.",True,2023-12-26T14:18:34+00:00,2023-12-26T14:18:34+00:00,470.0,470.0,0.0,2.0,0.0,0.5394737124443054,True,False,False,False,76561198017185814,,7.0,False,False,813,145,7.833333333333333,7.833333333333333,3-10h,positive
90701644,454950,mainlining,Mainlining,english,"es un juego de puzzles enmascarado de hacker, la gui es hermosa. el gameplay es medio tosco porque tenes que tipear los mismos codigos una y otra vez en vez de ya tener una macro o de funcionar como un CMD. tiene un par de bugs pero que se yo, lo compre como a 30 pesos y me entretuvo un par de horas","es un juego de puzzles enmascarado de hacker, la gui es hermosa. el gameplay es medio tosco porque tenes que tipear los mismos codigos una y otra vez en vez de ya tener una macro o de funcionar como un CMD. tiene un par de bugs pero que se yo, lo compre como a 30 pesos y me entretuvo un par de horas",True,2021-04-21T21:59:31+00:00,2021-04-21T21:59:31+00:00,841.0,841.0,0.0,0.0,0.0,0.460147887468338,True,False,False,False,76561198094152297,,38.0,False,False,300,63,14.016666666666667,14.016666666666667,10h+,positive
30154022,454950,mainlining,Mainlining,english,"Great game, has some really interesting gameplay mechanics and a good storyline which doesn't get boring.
I've tried other hacking games and they may be nice, but they have their problems (no story - only hacking, overcomplicated or have timed events), and so far Mainlining is the one that I've actually enjoyed. The difficulty balance is great as well - puzzles are logical, and the game thankfully doesn't punish you for making wrong decisions so you don't have to start over.

Other reviewers have complained about bugs, this is why I've decided to write a review - I haven't encountered any bugs in my whole playthrough. I'm not saying there are no bugs, but at least I think the situation is not as bad as other reviewers describe it.

If you like hacking games, I do recommend it.","Great game, has some really interesting gameplay mechanics and a good storyline which doesn't get boring. I've tried other hacking games and they may be nice, but they have their problems (no story - only hacking, overcomplicated or have timed events), and so far Mainlining is the one that I've actually enjoyed. The difficulty balance is great as well - puzzles are logical, and the game thankfully doesn't punish you for making wrong decisions so you don't have to start over. Other reviewers have complained about bugs, this is why I've decided to write a review - I haven't encountered any bugs in my whole playthrough. I'm not saying there are no bugs, but at least I think the situation is not as bad as other reviewers describe it. If you like hacking games, I do recommend it.",True,2017-02-25T00:22:22+00:00,2017-02-25T00:22:22+00:00,349.0,349.0,0.0,6.0,0.0,0.5737413167953491,True,False,False,False,76561197999522685,,1.0,False,False,785,138,5.816666666666666,5.816666666666666,3-10h,positive
164409061,454950,mainlining,Mainlining,english,"A fun narrative game with very light hacking. You play as an agent of a repressive intelligence group trying to take down a group of hackers who oppose you. The puzzles are enjoyable and not too difficult. The game crashed a few times but I was able to complete it. Overall, a fun, but not great experience.","A fun narrative game with very light hacking. You play as an agent of a repressive intelligence group trying to take down a group of hackers who oppose you. The puzzles are enjoyable and not too difficult. The game crashed a few times but I was able to complete it. Overall, a fun, but not great experience.",True,2024-05-05T02:30:35+00:00,2024-05-05T02:30:35+00:00,616.0,616.0,0.0,1.0,0.0,0.5172414183616638,True,False,False,False,76561198058566871,,205.0,False,False,307,57,10.266666666666667,10.266666666666667,10h+,positive
35004995,454950,mainlining,Mainlining,english,"So it's a ""hacking"" game, set in a fictional country that I suspect is based on the UK. The graphics are nice, with a particular colorful and pixelated style that's easy on the eyes. The sound is good, with understated music and occasional sound effects that make you think of ""classic"" computer systems. The writing is reasonably good, amusing and dramatic where it needs to be. The gameplay is much more in the realm of social engineering than ""real"" hacking; you poke around computer systems, read documents, guess the answers to puzzles, that sort of thing. So to my mind it doesn't really seem like an ""authentic"" experience, but it's pretty fun. There are definitely some clever moments, especially the final puzzle where...I don't want to spoil it, but you explore several computer systems in a clever way.
","So it's a ""hacking"" game, set in a fictional country that I suspect is based on the UK. The graphics are nice, with a particular colorful and pixelated style that's easy on the eyes. The sound is good, with understated music and occasional sound effects that make you think of ""classic"" computer systems. The writing is reasonably good, amusing and dramatic where it needs to be. The gameplay is much more in the realm of social engineering than ""real"" hacking; you poke around computer systems, read documents, guess the answers to puzzles, that sort of thing. So to my mind it doesn't really seem like an ""authentic"" experience, but it's pretty fun. There are definitely some clever moments, especially the final puzzle where...I don't want to spoil it, but you explore several computer systems in a clever way.",True,2017-09-16T19:17:26+00:00,2017-09-16T19:17:26+00:00,342.0,342.0,0.0,1.0,0.0,0.504530131816864,True,False,False,False,76561197987572242,,55.0,False,False,813,138,5.7,5.7,3-10h,positive
154343879,454950,mainlining,Mainlining,english,I've played this game through multiple times since you can arrest people different ways and you can't complete each stage without working through the puzzles for the evidence. The concept is really cool and fun to play as someone who loves to code (and crime dramas). I definitely recommend!,I've played this game through multiple times since you can arrest people different ways and you can't complete each stage without working through the puzzles for the evidence. The concept is really cool and fun to play as someone who loves to code (and crime dramas). I definitely recommend!,True,2023-12-25T04:16:02+00:00,2023-12-25T04:16:02+00:00,680.0,680.0,0.0,1.0,0.0,0.523809552192688,True,False,False,False,76561198161693422,,7.0,False,False,291,49,11.333333333333334,11.333333333333334,10h+,positive
33597959,454950,mainlining,Mainlining,english,"I really wanted to love this game, but after finishing it, I have mixed feelings.
What I liked: solid story (if a bit derivative), fun aesthetic, ""hacking"" is fun enough (though not challenging). It's just fun poking through people's files.

What I didn't: the game doesn't do a good job of letting you know what kinds of files might solve a case, and offers no feedback when you make an error. Some of the logic leaps (to find the right evidence or location) are too far without any signposting. Sometimes it feels like you're guessing what the game wants rather than deducing. Some of the later cases are a bit buggy. 

If you like hacking/espionage games, you'll find this a fun diversion, though not a challenging one.","I really wanted to love this game, but after finishing it, I have mixed feelings. What I liked: solid story (if a bit derivative), fun aesthetic, ""hacking"" is fun enough (though not challenging). It's just fun poking through people's files. What I didn't: the game doesn't do a good job of letting you know what kinds of files might solve a case, and offers no feedback when you make an error. Some of the logic leaps (to find the right evidence or location) are too far without any signposting. Sometimes it feels like you're guessing what the game wants rather than deducing. Some of the later cases are a bit buggy. If you like hacking/espionage games, you'll find this a fun diversion, though not a challenging one.",True,2017-07-17T01:14:57+00:00,2017-07-17T01:14:57+00:00,699.0,335.0,0.0,1.0,0.0,0.517766535282135,True,False,False,False,76561197978957997,,16.0,False,False,719,127,11.65,5.583333333333333,3-10h,positive
44959611,454950,mainlining,Mainlining,english,"What a great game, if you find hacking fun i would 100% buy this game. Challenging at times and you really have to look for clues in order to solve the cases. 

Would Highly Recommend!

10/10","What a great game, if you find hacking fun i would 100% buy this game. Challenging at times and you really have to look for clues in order to solve the cases. Would Highly Recommend! 10/10",True,2018-09-27T04:20:55+00:00,2018-09-27T04:20:55+00:00,645.0,620.0,0.0,2.0,1.0,0.547325074672699,True,False,False,False,76561198055431422,,49.0,False,False,188,36,10.75,10.333333333333334,10h+,positive
41637027,454950,mainlining,Mainlining,english,"This game exceeded my expectations! It was a little challenging at times (not being able to click a certain parts of the text  while in the notepad app and not being able to copy/pasting IP addresses) but was still a over all fun game. I didn't know what to expect in terms of characters and I was pleasently surprised at the diversity of the whole cast. Because the cast is so diverse, I could't predict who the final boss would be nor any of their accomplicies. I reccommend this game to people who like visual novels (a lot of reading for sure) and who like text-based mystery games. 10/10 from me! I hope to see more games from rebelephant soon!","This game exceeded my expectations! It was a little challenging at times (not being able to click a certain parts of the text while in the notepad app and not being able to copy/pasting IP addresses) but was still a over all fun game. I didn't know what to expect in terms of characters and I was pleasently surprised at the diversity of the whole cast. Because the cast is so diverse, I could't predict who the final boss would be nor any of their accomplicies. I reccommend this game to people who like visual novels (a lot of reading for sure) and who like text-based mystery games. 10/10 from me! I hope to see more games from rebelephant soon!",True,2018-04-23T03:58:47+00:00,2018-04-23T03:58:47+00:00,1763.0,434.0,0.0,0.0,0.0,0.5,True,False,False,False,76561198106321158,,15.0,False,False,648,120,29.383333333333333,7.233333333333333,3-10h,positive
36141524,454950,mainlining,Mainlining,english,"An amazing hacking adventure that is great with a bag of popcorn and some netflix in the background. The puzzles are hard but doable and the narrative is second to none. Love this game, 8.7/10","An amazing hacking adventure that is great with a bag of popcorn and some netflix in the background. The puzzles are hard but doable and the narrative is second to none. Love this game, 8.7/10",True,2017-10-30T14:10:52+00:00,2018-04-20T18:32:35+00:00,1317.0,1317.0,0.0,1.0,0.0,0.5199999809265137,False,False,False,False,76561198167496711,,74.0,False,False,192,35,21.95,21.95,10h+,positive
72630276,454950,mainlining,Mainlining,english,"This game is short but sweet, very very sweet, it had a feel similar to Orwell except for the fact that it doesn't highlight clues for you, it was both challenging and easy to grasp and get into and not want to leave. I did find the story overall pretty good and I can't wait to see future projects from these developers. 
The one downside for this game is replay value where it sits with little to none, but for me that is not too bad.
In summary if you like espionage/ surveillance games (such as Orwell, Don't Feed The Monkeys, etc.,) what are you waiting for this game is Awesome!!","This game is short but sweet, very very sweet, it had a feel similar to Orwell except for the fact that it doesn't highlight clues for you, it was both challenging and easy to grasp and get into and not want to leave. I did find the story overall pretty good and I can't wait to see future projects from these developers. The one downside for this game is replay value where it sits with little to none, but for me that is not too bad. In summary if you like espionage/ surveillance games (such as Orwell, Don't Feed The Monkeys, etc.,) what are you waiting for this game is Awesome!!",True,2020-07-13T17:06:36+00:00,2020-07-13T17:06:36+00:00,351.0,351.0,0.0,1.0,0.0,0.523809552192688,True,False,False,False,76561198086908099,,4.0,False,False,584,111,5.85,5.85,3-10h,positive
30070925,454950,mainlining,Mainlining,english,"Great puzzles, I look forward to more games from this team!","Great puzzles, I look forward to more games from this team!",True,2017-02-21T02:58:27+00:00,2017-02-21T02:58:27+00:00,7191.0,7191.0,0.0,0.0,0.0,0.4112912714481354,True,False,False,False,76561197994659138,,8.0,False,False,59,11,119.85,119.85,10h+,positive
176558433,454950,mainlining,Mainlining,english,"Not Quite What I Expected

While the game has a decent plot with a unique charm reminiscent of ""Papers, Please,"" it wasn't exactly what I was hoping for. I came in expecting a game rooted in real hacking mechanisms and knowledge, but unfortunately, the hacking aspect feels overly simplified. Most of it boils down to basic commands like ""ping"" and ""use this computer on this IP,"" which left me wanting more depth and realism. That said, the detective narrative is engaging, and the game's style does offer a distinctive appeal. It’s worth a try if you're more into the story than the technical side.","Not Quite What I Expected While the game has a decent plot with a unique charm reminiscent of ""Papers, Please,"" it wasn't exactly what I was hoping for. I came in expecting a game rooted in real hacking mechanisms and knowledge, but unfortunately, the hacking aspect feels overly simplified. Most of it boils down to basic commands like ""ping"" and ""use this computer on this IP,"" which left me wanting more depth and realism. That said, the detective narrative is engaging, and the game's style does offer a distinctive appeal. It’s worth a try if you're more into the story than the technical side.",True,2024-10-07T11:35:11+00:00,2024-10-07T11:35:11+00:00,350.0,350.0,0.0,1.0,0.0,0.523809552192688,True,False,False,False,76561198073198223,,54.0,False,False,599,104,5.833333333333333,5.833333333333333,3-10h,positive
42054477,454950,mainlining,Mainlining,english,"Pros:
- Original concept / few games like it
- Amazing pixel art and cool characters
- Good story and not too easy
- Fun gameplay
- Lots of suspects and game mechanics

Cons:
- Kind of cluttery
- Pinging and IPhacking gets repetitive

Overall this game by Rebelelephant is an amazing game and one of very few hacking themed game, among other good hacking games is hacknet. Its a difficult but well made game and i suggest you play it. I myself had to look up on youtube for some cases. But i think you should buy it. It`s definetly worth the money.","Pros: - Original concept / few games like it - Amazing pixel art and cool characters - Good story and not too easy - Fun gameplay - Lots of suspects and game mechanics Cons: - Kind of cluttery - Pinging and IPhacking gets repetitive Overall this game by Rebelelephant is an amazing game and one of very few hacking themed game, among other good hacking games is hacknet. Its a difficult but well made game and i suggest you play it. I myself had to look up on youtube for some cases. But i think you should buy it. It`s definetly worth the money.",True,2018-05-15T17:49:49+00:00,2018-05-15T17:49:49+00:00,427.0,231.0,0.0,0.0,0.0,0.47999998927116394,True,False,False,False,76561198385115774,,22.0,False,False,546,104,7.116666666666666,3.85,3-10h,positive
172171049,454950,mainlining,Mainlining,english,"Very fun and enjoyable experience. The story is not all that surprising but it is enjoyable, and the puzzles are very fun to solve. Progress feels very rewarding. I do have to point out that this game is very buggy -  For example, I've played it on an ultrawide display, and you can click elements off screen to advance key plot points (had to load up a save to play the game properly) - but even then, it is a very neat experience. I do recommend picking it up on a sale. Will make a fun weekend gaming session.","Very fun and enjoyable experience. The story is not all that surprising but it is enjoyable, and the puzzles are very fun to solve. Progress feels very rewarding. I do have to point out that this game is very buggy - For example, I've played it on an ultrawide display, and you can click elements off screen to advance key plot points (had to load up a save to play the game properly) - but even then, it is a very neat experience. I do recommend picking it up on a sale. Will make a fun weekend gaming session.",True,2024-08-15T12:44:37+00:00,2024-08-15T12:44:37+00:00,303.0,303.0,0.0,0.0,0.0,0.5,True,False,False,False,76561198046010242,,58.0,False,False,511,99,5.05,5.05,3-10h,positive
