review_id,steam_app_id,game_key,game_name,language,review_text_raw,review_text_clean,recommended,created_at,updated_at,playtime_forever_minutes,playtime_at_review_minutes,playtime_last_two_weeks_minutes,votes_up,votes_funny,weighted_vote_score,steam_purchase,received_for_free,written_during_early_access,refunded,author_steam_id,author_num_games_owned,author_num_reviews,is_empty,is_very_short,review_length_chars,review_length_words,playtime_forever_hours,playtime_at_review_hours,playtime_segment,overall_sentiment
186726276,1771980,the-operator,The Operator,english,"
As an avid fan of narrative-driven puzzle games, I recently delved into ""The Operator,"" developed by Bureau 81. Released on July 22, 2024, this game offers a unique experience by placing players in the role of Evan Tanner, an operator at the fictional Federal Defence Intelligence agency. Your primary task is to assist field agents by analysing evidence and providing real-time support, all from behind a computer screen.

The game's immersive design truly makes you feel like a part of a larger investigative team. The puzzles are well-crafted, requiring keen attention to detail without becoming overly frustrating. Each case you handle reveals a piece of a larger conspiracy, keeping your curiosity piqued from start to finish. The narrative is compelling, reminiscent of classic detective stories, and unfolds at a pace that keeps you engaged throughout the approximately five-hour gameplay. 


However, the game isn't without its flaws. Some plot twists are predictable, and the voice acting can be hit-or-miss at times. Additionally, while the main storyline is captivating, I found myself wishing for more side cases to further explore the game's mechanics and world. 


In conclusion, ""The Operator"" is a commendable addition to the narrative puzzle genre. It offers an immersive and engaging experience that is well worth your time, especially if you're a fan of detective stories and investigative gameplay. Despite its minor shortcomings, it stands out as a solid and enjoyable game.","As an avid fan of narrative-driven puzzle games, I recently delved into ""The Operator,"" developed by Bureau 81. Released on July 22, 2024, this game offers a unique experience by placing players in the role of Evan Tanner, an operator at the fictional Federal Defence Intelligence agency. Your primary task is to assist field agents by analysing evidence and providing real-time support, all from behind a computer screen. The game's immersive design truly makes you feel like a part of a larger investigative team. The puzzles are well-crafted, requiring keen attention to detail without becoming overly frustrating. Each case you handle reveals a piece of a larger conspiracy, keeping your curiosity piqued from start to finish. The narrative is compelling, reminiscent of classic detective stories, and unfolds at a pace that keeps you engaged throughout the approximately five-hour gameplay. However, the game isn't without its flaws. Some plot twists are predictable, and the voice acting can be hit-or-miss at times. Additionally, while the main storyline is captivating, I found myself wishing for more side cases to further explore the game's mechanics and world. In conclusion, ""The Operator"" is a commendable addition to the narrative puzzle genre. It offers an immersive and engaging experience that is well worth your time, especially if you're a fan of detective stories and investigative gameplay. Despite its minor shortcomings, it stands out as a solid and enjoyable game.",True,2025-01-30T06:17:15+00:00,2025-01-30T06:17:15+00:00,178.0,21.0,0.0,0.0,0.0,0.5,True,False,False,False,76561198081719929,,22.0,False,False,1488,233,2.966666666666667,0.35,0-1h,positive
179145082,1771980,the-operator,The Operator,english,"I want to give this an honest review, because although I enjoyed it and the game does have a lot of potential, there are some setbacks to it as well.

Positives:
-The gameplay is fun and paced well. It never felt boring or slow, and the storyline was intriguing and kept me interested throughout.
-The detective work was interesting, but not too challenging. Other than [spoiler] the bomb defusing puzzle which was super annoying and convoluted out of nowhere and with a time limit that made it even worse [/spoiler] I could progress easily without feeling like it was too simple.
-The game's ui was easy to use and had nice to look at.

Negatives:
-It's well written, but really short. As you can tell from my playtime, it moved super quickly. While the story was still satisfying for the most part, it felt like it ended prematurely due to the short length. I would have liked to have seen at least a few more days worth of gameplay.
-The ending felt, to me, very unsatisfying. [spoiler] Although I'm sure, given the after credits scene, this is meant to be a cliff hanger for the next game, the way it ended just left me feeling like all the work I had done was meaningless and therefore the game had been meaningless. That's not to say the ending was all bad or should be completely changed. But, for example, if it had ended with one person being apprehended, or something similar to give some sense of conclusion, it would have been a lot better. As it is, I finished it somewhat annoyed. As if I had wasted all that effort for no reward, and an unfinished storyline. [/spoiler] This criticism is somewhat of a personal opinion, I know, but it really soured my view of the game at the end. Which was a shame, because up until that very moment I was super engrossed in the story and really enjoying it.

Overall, I enjoyed the gameplay and story right up until the final minute. So I would recommend the game, if you got it on sale or don't mind that it is very short, and you aren't put off by the thought of an abrupt ending. I think this studio did a great job producing it though and telling a story, and look forward to their next game. I only hope their next ending will feel a bit more satisfying for the player.","I want to give this an honest review, because although I enjoyed it and the game does have a lot of potential, there are some setbacks to it as well. Positives: -The gameplay is fun and paced well. It never felt boring or slow, and the storyline was intriguing and kept me interested throughout. -The detective work was interesting, but not too challenging. Other than [spoiler] the bomb defusing puzzle which was super annoying and convoluted out of nowhere and with a time limit that made it even worse [/spoiler] I could progress easily without feeling like it was too simple. -The game's ui was easy to use and had nice to look at. Negatives: -It's well written, but really short. As you can tell from my playtime, it moved super quickly. While the story was still satisfying for the most part, it felt like it ended prematurely due to the short length. I would have liked to have seen at least a few more days worth of gameplay. -The ending felt, to me, very unsatisfying. [spoiler] Although I'm sure, given the after credits scene, this is meant to be a cliff hanger for the next game, the way it ended just left me feeling like all the work I had done was meaningless and therefore the game had been meaningless. That's not to say the ending was all bad or should be completely changed. But, for example, if it had ended with one person being apprehended, or something similar to give some sense of conclusion, it would have been a lot better. As it is, I finished it somewhat annoyed. As if I had wasted all that effort for no reward, and an unfinished storyline. [/spoiler] This criticism is somewhat of a personal opinion, I know, but it really soured my view of the game at the end. Which was a shame, because up until that very moment I was super engrossed in the story and really enjoying it. Overall, I enjoyed the gameplay and story right up until the final minute. So I would recommend the game, if you got it on sale or don't mind that it is very short, and you aren't put off by the thought of an abrupt ending. I think this studio did a great job producing it though and telling a story, and look forward to their next game. I only hope their next ending will feel a bit more satisfying for the player.",True,2024-11-16T12:57:49+00:00,2024-11-16T12:57:49+00:00,164.0,164.0,0.0,0.0,0.0,0.5,True,False,False,False,76561198167330403,,214.0,False,False,2221,412,2.7333333333333334,2.7333333333333334,1-3h,positive
222996163,1771980,the-operator,The Operator,english,"[h1][b] TLDR: Sells itself as an investigative puzzler but delivers a mostly on-rails visual novel experience. The handful of genuine puzzles are great, making their scarcity all the more frustrating.
[/b] [/h1]

[h1]PROS: [/h1]
➕Neat investigative puzzles (ENHANCE….ENHANCE)
➕Some nice puzzles, like bomb defuse

[h1]NEUTRALS: [/h1]
🔹Story is good, but a bit too on-rails and hand-holding

[h1]CONS: [/h1]
➖Lots of unskippable intentionally blurry cutscenes leaves a cheap or vague feeling
➖Some reveals are not as big as they should be simply because you wouldn’t know things that your character would know

[h1] [b] Content (Game world/Narrative) – [5/10] [/b] [/h1]
The game world takes place entirely from a computer screen and is set in the 90s, we’re talking older CRT monitor screens. There’s not much exploration to be found, as you work for the government and everything is pretty locked down. I’d say the world is a bit basic and simple, only serving as a UI to show some puzzles. 

The narrative has some good parts. You play as Evan Tanner, a Federal Department of Investigation (FDI) operator, in which your job is to assist field agents. You very quickly learn that there’s something going on and you are enlisted, whether you want to or not, to uncover the truth. 
So while I did enjoy the story to an extent, any scene not at the computer and is told through a characters eyes is a blurry mess of objects that are nearly undecipherable. This could be something related to the story, but I don’t want to give the game the benefit of the doubt here and say that it worsens the experience. 

[h1][b] Gameplay (Mechanics/Difficulty) – [6/10] [/b] [/h1]
The gameplay seems pretty cool at first, but you quickly realize how on-rails the game is. Essentially, this is a glorified visual novel with a few puzzles sprinkled in. At first, I felt like Garcia from Criminal Minds - I was the internet sleuth assisting agents in the field by giving them on-the-fly information to help with cases. But unfortunately, the game isn’t as cool as that. 
The loop consists of you having a conversation, being presented with evidence, and then using the 2-3 tools at your disposal to answer a question presented by the conversation. For example, you’ll need to identify a killer and a victim by scanning their faces to get their names, then look them up in the FDI database. Same thing with licenses plates or analyzing footage/pictures. It does sound very cool, but I can’t emphasize enough the on-rails experience and lack of deep puzzle mechanics. This is more of a game focused on the narrative. 

The difficulty is forgiving. I’m pretty sure I made every wrong choice in the game, yet still made it to the end. I literally messed up a [spoiler]bomb defuse and got an agent killed[/spoiler]. Whoops. Despite these consequences, this doesn’t seem like it impacted the game as much and wasn’t mentioned again other than a few brief times after the fact. 

[h1] [b] Graphics (Quality/Technical) – [5/10] [/b] [/h1]
Being that the game is from the point of view of a computer screen and all “Real” scenes are a blurry mess, I’d say the quality isn’t great. What footage you do see is grainy 90’s-era quality, but aside from that the computer UI is good and crisp. 

On the technical side, I had no issues, encountered no bugs, and ran the game without issues. 

1440p @ 240hz | installed on SSD  

[h1] [b] Audio – [6/10] [/b] [/h1]
The music isn’t really noticeable, but it does increase in intensity during high-drama parts. 

There is a lot of voice acting, and it all sounds good. 

[h1] [b] Replay Factor (Longevity) – [2/10] [/b] [/h1]
Not a lot of replay value here, unless you want to redo the puzzles again for achievements. 

[h1] [b] Final Verdict – [6/10] [/b] [/h1]
The Operator is described as a game with detective/investigation, and puzzle elements. I’d estimate the game to be about 70% story/narrative focus, 20% puzzles, and 10% deducing or investigating. I’d say that Operator is an okay game, but I was a bit disappointed by the mystery and investigative sides. This is very much a visual novel game more than anything, and as someone that likes visual novels, I was expecting more to use my brain to make deductions instead of clicking pre-defined replies. 

The game does have a few puzzles. I’d say maybe ~10 at the most, and despite that small number, I found them to be good puzzles. Analyzing gunpowder was really cool. Defusing a bomb on the fly was also great. If the game was more focused on gameplay like that, then I’d give it a much higher score, but these are the highest highs that The Operator offers, and there’s only a few of them. 

The real focus of the game is on the narrative. While I wouldn’t consider the narrative to be bad, there were a few parts that were either ridiculously obvious, or a missed opportunity. 
Obvious, because of metagaming - anyone who watches mystery shows knows that there’s only so many characters who could be the culprit due to you the show introducing them to the viewer. Same concept here, it’s obviously going to be the handful of people you know about already. 
Missed opportunity because you as the player only know what you know. One part in particular [spoiler]has the player finding out his apartment is being watched with a camera, and you have to identify whose apartment it is[/spoiler]. Well how can you possibly figure that out without knowing anything about the characters' life, nor ever having been there? Dumb. 

Overall, I do recommend The Operator, but it’s important that you know what you’re going into. This is NOT about deduction or investigating, and that’s not necessarily a bad thing, but I feel the game presents itself in a way that it’s something that it isn’t. 

[h1] [b] Recommend? (Price) [Y/N] [/b] [/h1]
[h1]Yes[/h1]
$14 base price is a bit much for a ~5 hour game with very low replay value. Wait for a sale. Around ~$5-7 would be a good point. 

You can find my curator page here: https://steamcommunity.com/groups/Synik_GR
","[h1][b] TLDR: Sells itself as an investigative puzzler but delivers a mostly on-rails visual novel experience. The handful of genuine puzzles are great, making their scarcity all the more frustrating. [/b] [/h1] [h1]PROS: [/h1] ➕Neat investigative puzzles (ENHANCE….ENHANCE) ➕Some nice puzzles, like bomb defuse [h1]NEUTRALS: [/h1] 🔹Story is good, but a bit too on-rails and hand-holding [h1]CONS: [/h1] ➖Lots of unskippable intentionally blurry cutscenes leaves a cheap or vague feeling ➖Some reveals are not as big as they should be simply because you wouldn’t know things that your character would know [h1] [b] Content (Game world/Narrative) – [5/10] [/b] [/h1] The game world takes place entirely from a computer screen and is set in the 90s, we’re talking older CRT monitor screens. There’s not much exploration to be found, as you work for the government and everything is pretty locked down. I’d say the world is a bit basic and simple, only serving as a UI to show some puzzles. The narrative has some good parts. You play as Evan Tanner, a Federal Department of Investigation (FDI) operator, in which your job is to assist field agents. You very quickly learn that there’s something going on and you are enlisted, whether you want to or not, to uncover the truth. So while I did enjoy the story to an extent, any scene not at the computer and is told through a characters eyes is a blurry mess of objects that are nearly undecipherable. This could be something related to the story, but I don’t want to give the game the benefit of the doubt here and say that it worsens the experience. [h1][b] Gameplay (Mechanics/Difficulty) – [6/10] [/b] [/h1] The gameplay seems pretty cool at first, but you quickly realize how on-rails the game is. Essentially, this is a glorified visual novel with a few puzzles sprinkled in. At first, I felt like Garcia from Criminal Minds - I was the internet sleuth assisting agents in the field by giving them on-the-fly information to help with cases. But unfortunately, the game isn’t as cool as that. The loop consists of you having a conversation, being presented with evidence, and then using the 2-3 tools at your disposal to answer a question presented by the conversation. For example, you’ll need to identify a killer and a victim by scanning their faces to get their names, then look them up in the FDI database. Same thing with licenses plates or analyzing footage/pictures. It does sound very cool, but I can’t emphasize enough the on-rails experience and lack of deep puzzle mechanics. This is more of a game focused on the narrative. The difficulty is forgiving. I’m pretty sure I made every wrong choice in the game, yet still made it to the end. I literally messed up a [spoiler]bomb defuse and got an agent killed[/spoiler]. Whoops. Despite these consequences, this doesn’t seem like it impacted the game as much and wasn’t mentioned again other than a few brief times after the fact. [h1] [b] Graphics (Quality/Technical) – [5/10] [/b] [/h1] Being that the game is from the point of view of a computer screen and all “Real” scenes are a blurry mess, I’d say the quality isn’t great. What footage you do see is grainy 90’s-era quality, but aside from that the computer UI is good and crisp. On the technical side, I had no issues, encountered no bugs, and ran the game without issues. 1440p @ 240hz | installed on SSD [h1] [b] Audio – [6/10] [/b] [/h1] The music isn’t really noticeable, but it does increase in intensity during high-drama parts. There is a lot of voice acting, and it all sounds good. [h1] [b] Replay Factor (Longevity) – [2/10] [/b] [/h1] Not a lot of replay value here, unless you want to redo the puzzles again for achievements. [h1] [b] Final Verdict – [6/10] [/b] [/h1] The Operator is described as a game with detective/investigation, and puzzle elements. I’d estimate the game to be about 70% story/narrative focus, 20% puzzles, and 10% deducing or investigating. I’d say that Operator is an okay game, but I was a bit disappointed by the mystery and investigative sides. This is very much a visual novel game more than anything, and as someone that likes visual novels, I was expecting more to use my brain to make deductions instead of clicking pre-defined replies. The game does have a few puzzles. I’d say maybe ~10 at the most, and despite that small number, I found them to be good puzzles. Analyzing gunpowder was really cool. Defusing a bomb on the fly was also great. If the game was more focused on gameplay like that, then I’d give it a much higher score, but these are the highest highs that The Operator offers, and there’s only a few of them. The real focus of the game is on the narrative. While I wouldn’t consider the narrative to be bad, there were a few parts that were either ridiculously obvious, or a missed opportunity. Obvious, because of metagaming - anyone who watches mystery shows knows that there’s only so many characters who could be the culprit due to you the show introducing them to the viewer. Same concept here, it’s obviously going to be the handful of people you know about already. Missed opportunity because you as the player only know what you know. One part in particular [spoiler]has the player finding out his apartment is being watched with a camera, and you have to identify whose apartment it is[/spoiler]. Well how can you possibly figure that out without knowing anything about the characters' life, nor ever having been there? Dumb. Overall, I do recommend The Operator, but it’s important that you know what you’re going into. This is NOT about deduction or investigating, and that’s not necessarily a bad thing, but I feel the game presents itself in a way that it’s something that it isn’t. [h1] [b] Recommend? (Price) [Y/N] [/b] [/h1] [h1]Yes[/h1] $14 base price is a bit much for a ~5 hour game with very low replay value. Wait for a sale. Around ~$5-7 would be a good point. You can find my curator page here: https://steamcommunity.com/groups/Synik_GR",True,2026-04-11T05:23:34+00:00,2026-04-11T05:23:34+00:00,264.0,264.0,0.0,2.0,0.0,0.5394737124443054,True,False,False,False,76561198003129733,,553.0,False,False,5989,1035,4.4,4.4,3-10h,positive
217379699,1771980,the-operator,The Operator,english,"The Operator, developed by Bureau 81 and published by Bureau 81 together with indienova, is a tightly focused narrative puzzle game that transforms the quiet, procedural work of intelligence analysis into a tense and engaging thriller. Rather than placing players in the role of an action hero or field agent, the game casts them as a desk-bound operator, someone whose power comes not from physical presence but from information, observation, and deduction. This shift in perspective defines the entire experience, creating a game that feels intimate, cerebral, and deliberately restrained.

You play as Evan Tanner, a newly recruited operator working for the fictional Federal Department of Intelligence. Your job is to support agents in the field by analysing data, processing evidence, and drawing connections that others might miss. The game unfolds almost entirely through Evan’s workstation, presented as a simulated computer desktop filled with databases, analysis tools, messaging systems, and case files. This interface-driven approach immediately sets the tone: instead of cinematic spectacle, The Operator relies on immersion through routine, making the player feel like they are genuinely sitting at a government terminal late at night, piecing together fragments of truth.

Gameplay revolves around solving a series of cases that gradually escalate in complexity and importance. Early tasks feel procedural—identifying suspects, tracing movements, or cross-referencing records—but as the story unfolds, patterns begin to emerge and the stakes rise. Players are required to closely read documents, examine photos and videos, search databases, and interpret subtle clues hidden in plain sight. The puzzles reward attentiveness and logical reasoning, often asking players to synthesize information from multiple sources rather than relying on a single obvious answer. When a breakthrough occurs, it feels earned, the result of careful thought rather than trial and error.

As the narrative progresses, the game shifts from isolated casework into a broader conspiracy. A mysterious hacker begins to interfere with FDI systems, raising questions about surveillance, authority, and the reliability of the information you’re working with. This transition adds narrative tension without abandoning the game’s grounded tone. The story remains largely linear, but it is effectively paced, allowing suspense to build gradually as seemingly unrelated assignments reveal deeper connections. Dialogue and character interactions are understated, delivered through calls, messages, and system prompts rather than dramatic cutscenes, which reinforces the feeling that you are always working behind the scenes.

One of the game’s greatest strengths is how convincingly it uses its interface as both a storytelling and gameplay tool. Every window, search bar, and analysis program feels purposeful, and learning how to use these tools becomes part of the experience. While some mechanics are simplified or exaggerated for gameplay purposes, they remain believable within the fiction, maintaining immersion. The design encourages players to slow down, double-check assumptions, and think critically—mistakes often stem from overlooking details rather than misunderstanding mechanics.

Visually, The Operator embraces a minimalist, utilitarian aesthetic inspired by older operating systems and institutional software. The interface is dense but readable, intentionally lacking visual flair in favor of authenticity. This design choice may feel dry to some players, but it suits the game’s themes perfectly, emphasizing bureaucracy, control, and the monotony of surveillance work. Subtle audio cues, ambient hums, and restrained music enhance tension without distracting from concentration, allowing the player’s focus to remain on the task at hand.

In terms of pacing, the game strikes a careful balance. It is compact, typically completed in a handful of hours, but it avoids feeling rushed. Each case builds naturally on the last, and the increasing narrative weight keeps momentum strong. The linear structure limits replayability, as choices rarely branch into significantly different outcomes, but this also allows the developers to maintain tight narrative control and deliver a coherent, focused story without filler.

Community reception reflects appreciation for the game’s originality and execution. Players who enjoy detective work, mystery narratives, and “games on a computer” style experiences frequently praise its atmosphere and puzzle design. Criticism tends to focus on its short length, limited player agency, and occasional moments where immersion is broken by game-like constraints. Even so, these issues rarely overshadow the strengths of the experience, particularly for players aligned with its intended audience.

Taken as a whole, The Operator is a confident and distinctive narrative puzzle game that finds tension in observation rather than action. It succeeds by committing fully to its premise, turning data analysis and desk work into compelling gameplay through thoughtful design and strong thematic focus. While it may not appeal to players seeking open-ended systems or high replay value, it offers a memorable, tightly constructed experience for those who enjoy slow-burn storytelling, logical deduction, and the quiet unease of uncovering truths from behind a screen.

Rating: 9/10","The Operator, developed by Bureau 81 and published by Bureau 81 together with indienova, is a tightly focused narrative puzzle game that transforms the quiet, procedural work of intelligence analysis into a tense and engaging thriller. Rather than placing players in the role of an action hero or field agent, the game casts them as a desk-bound operator, someone whose power comes not from physical presence but from information, observation, and deduction. This shift in perspective defines the entire experience, creating a game that feels intimate, cerebral, and deliberately restrained. You play as Evan Tanner, a newly recruited operator working for the fictional Federal Department of Intelligence. Your job is to support agents in the field by analysing data, processing evidence, and drawing connections that others might miss. The game unfolds almost entirely through Evan’s workstation, presented as a simulated computer desktop filled with databases, analysis tools, messaging systems, and case files. This interface-driven approach immediately sets the tone: instead of cinematic spectacle, The Operator relies on immersion through routine, making the player feel like they are genuinely sitting at a government terminal late at night, piecing together fragments of truth. Gameplay revolves around solving a series of cases that gradually escalate in complexity and importance. Early tasks feel procedural—identifying suspects, tracing movements, or cross-referencing records—but as the story unfolds, patterns begin to emerge and the stakes rise. Players are required to closely read documents, examine photos and videos, search databases, and interpret subtle clues hidden in plain sight. The puzzles reward attentiveness and logical reasoning, often asking players to synthesize information from multiple sources rather than relying on a single obvious answer. When a breakthrough occurs, it feels earned, the result of careful thought rather than trial and error. As the narrative progresses, the game shifts from isolated casework into a broader conspiracy. A mysterious hacker begins to interfere with FDI systems, raising questions about surveillance, authority, and the reliability of the information you’re working with. This transition adds narrative tension without abandoning the game’s grounded tone. The story remains largely linear, but it is effectively paced, allowing suspense to build gradually as seemingly unrelated assignments reveal deeper connections. Dialogue and character interactions are understated, delivered through calls, messages, and system prompts rather than dramatic cutscenes, which reinforces the feeling that you are always working behind the scenes. One of the game’s greatest strengths is how convincingly it uses its interface as both a storytelling and gameplay tool. Every window, search bar, and analysis program feels purposeful, and learning how to use these tools becomes part of the experience. While some mechanics are simplified or exaggerated for gameplay purposes, they remain believable within the fiction, maintaining immersion. The design encourages players to slow down, double-check assumptions, and think critically—mistakes often stem from overlooking details rather than misunderstanding mechanics. Visually, The Operator embraces a minimalist, utilitarian aesthetic inspired by older operating systems and institutional software. The interface is dense but readable, intentionally lacking visual flair in favor of authenticity. This design choice may feel dry to some players, but it suits the game’s themes perfectly, emphasizing bureaucracy, control, and the monotony of surveillance work. Subtle audio cues, ambient hums, and restrained music enhance tension without distracting from concentration, allowing the player’s focus to remain on the task at hand. In terms of pacing, the game strikes a careful balance. It is compact, typically completed in a handful of hours, but it avoids feeling rushed. Each case builds naturally on the last, and the increasing narrative weight keeps momentum strong. The linear structure limits replayability, as choices rarely branch into significantly different outcomes, but this also allows the developers to maintain tight narrative control and deliver a coherent, focused story without filler. Community reception reflects appreciation for the game’s originality and execution. Players who enjoy detective work, mystery narratives, and “games on a computer” style experiences frequently praise its atmosphere and puzzle design. Criticism tends to focus on its short length, limited player agency, and occasional moments where immersion is broken by game-like constraints. Even so, these issues rarely overshadow the strengths of the experience, particularly for players aligned with its intended audience. Taken as a whole, The Operator is a confident and distinctive narrative puzzle game that finds tension in observation rather than action. It succeeds by committing fully to its premise, turning data analysis and desk work into compelling gameplay through thoughtful design and strong thematic focus. While it may not appeal to players seeking open-ended systems or high replay value, it offers a memorable, tightly constructed experience for those who enjoy slow-burn storytelling, logical deduction, and the quiet unease of uncovering truths from behind a screen. Rating: 9/10",True,2026-02-01T21:35:24+00:00,2026-02-01T21:35:24+00:00,805.0,805.0,0.0,3.0,0.0,0.5323156714439392,True,False,False,False,76561198367471798,,27587.0,False,False,5402,780,13.416666666666666,13.416666666666666,10h+,positive
173101705,1771980,the-operator,The Operator,english,"The game kind of struggles with what it actually wants you to do and who it wants you to be.

To get started: I really wanted to love this game, because I like researching and playing detective. However you are given a set of tools and expectations to be resourceful, while actually non of it works outside the main storyline. 

As a package it is nicely crafted and for a while it has you engaged, but at some points it expects you to really take control and go beyond the objective ... but only in the exact path the developer(s) have set out for you. The developer(s) haven't realized that it becomes very frustrating, very fast that the game doesn't allow you to explore or make combinations other than that what they exactly have programmed you to do. So encouraging you to think beyond one case, but at the same time limiting your possibilities very much gets your frustrated easily. Sure there is a subpath that you miss sometimes, but you only miss it because all your other attempts to try something different aren't supported (like you can't call anyone on your own or analyse something that isn't supposed to be analyzed). If you don't have any room to play / experiment, you stop doing it and than at some point the game will make fun of you and point out that you have missed something.

Same goes for the dialogs. The game keeps asking you to select an answer while none of it really matters, it is all linear! Again it learns you to make choices, but the choices don't matter so why are they even there than? Just for a single different line of text to go back to the main story path again?

I'll try to give it a go some more when I am less frustrated. But for now, it has got me fed up.","The game kind of struggles with what it actually wants you to do and who it wants you to be. To get started: I really wanted to love this game, because I like researching and playing detective. However you are given a set of tools and expectations to be resourceful, while actually non of it works outside the main storyline. As a package it is nicely crafted and for a while it has you engaged, but at some points it expects you to really take control and go beyond the objective ... but only in the exact path the developer(s) have set out for you. The developer(s) haven't realized that it becomes very frustrating, very fast that the game doesn't allow you to explore or make combinations other than that what they exactly have programmed you to do. So encouraging you to think beyond one case, but at the same time limiting your possibilities very much gets your frustrated easily. Sure there is a subpath that you miss sometimes, but you only miss it because all your other attempts to try something different aren't supported (like you can't call anyone on your own or analyse something that isn't supposed to be analyzed). If you don't have any room to play / experiment, you stop doing it and than at some point the game will make fun of you and point out that you have missed something. Same goes for the dialogs. The game keeps asking you to select an answer while none of it really matters, it is all linear! Again it learns you to make choices, but the choices don't matter so why are they even there than? Just for a single different line of text to go back to the main story path again? I'll try to give it a go some more when I am less frustrated. But for now, it has got me fed up.",False,2024-08-23T13:57:02+00:00,2024-08-23T13:57:02+00:00,40.0,40.0,0.0,1.0,0.0,0.523809552192688,True,False,False,False,76561197971682978,,3.0,False,False,1698,319,0.6666666666666666,0.6666666666666666,0-1h,negative
172124106,1771980,the-operator,The Operator,english,"Played the demo and got really hooked, so I bought the game the next day full price.

AFTER the demo I expected it to be very similar to Orville and Cyber Manhunt, with the primary focus on using the game's mechanics to solve multiple criminal cases, most unrelated or maybe filler and some interconnected into a bigger picture.
It was... kinda like that? But instead of a focus on multiple cases and the solving mechanics, it focuses solely on one storyline.

Which to me was actually really sad I guess because the gameplay mechanics were really well implemented and would have made for a super nice gameplay loop but instead got used once to advance the plot and then got discarded (e.g. the lab analysis or manually unlocking files). 

Also, the game is probably 75% dialogue, in which you are given choices that lead nowhere. You feel like your choices should matter, maybe in resulting in different endings but there is only one ending implemented. It actually made me compare it more to a visual novel than a detective game.

The lack of ""filler cases"" is also more of a negative in this particular storyline. I've read that the developer wanted to focus more on the main story instead of filler but I think some filler would've helped the player to immerse themselves better into their role, made better usage of the well-implemented mechanics and would've allowed the player to connect with the characters better, settle mentally on the twists and turns of the main story and process them before the next thing gets thrown at them. It felt very fast-paced with no breathing time from basically the get-go and if I'm not mistaken the story takes place within only a couple of days in-game which also does not seem realistic.

Conclusion:
+ well-made from a technical point of view
+ well implemented mechanics
+ good soundtrack
- poor use of mechanics
- unclear advertisement (detective game vs. very story-driven, more of a visual novel)
- no actual choices made by the player even though it feels like they should have mattered
- lack of cases with a rather short gameplay time as a result
- lots of dialogue with comparatively little gameplay

If you're looking for somethin akin to Orville, Cyber Manhunt or even Her Story, this is not it.
I considered requesting a refund but I believe that if I buy a product, receive it and use it, there is no reason in refunding it, even if it was not what I expected","Played the demo and got really hooked, so I bought the game the next day full price. AFTER the demo I expected it to be very similar to Orville and Cyber Manhunt, with the primary focus on using the game's mechanics to solve multiple criminal cases, most unrelated or maybe filler and some interconnected into a bigger picture. It was... kinda like that? But instead of a focus on multiple cases and the solving mechanics, it focuses solely on one storyline. Which to me was actually really sad I guess because the gameplay mechanics were really well implemented and would have made for a super nice gameplay loop but instead got used once to advance the plot and then got discarded (e.g. the lab analysis or manually unlocking files). Also, the game is probably 75% dialogue, in which you are given choices that lead nowhere. You feel like your choices should matter, maybe in resulting in different endings but there is only one ending implemented. It actually made me compare it more to a visual novel than a detective game. The lack of ""filler cases"" is also more of a negative in this particular storyline. I've read that the developer wanted to focus more on the main story instead of filler but I think some filler would've helped the player to immerse themselves better into their role, made better usage of the well-implemented mechanics and would've allowed the player to connect with the characters better, settle mentally on the twists and turns of the main story and process them before the next thing gets thrown at them. It felt very fast-paced with no breathing time from basically the get-go and if I'm not mistaken the story takes place within only a couple of days in-game which also does not seem realistic. Conclusion: + well-made from a technical point of view + well implemented mechanics + good soundtrack - poor use of mechanics - unclear advertisement (detective game vs. very story-driven, more of a visual novel) - no actual choices made by the player even though it feels like they should have mattered - lack of cases with a rather short gameplay time as a result - lots of dialogue with comparatively little gameplay If you're looking for somethin akin to Orville, Cyber Manhunt or even Her Story, this is not it. I considered requesting a refund but I believe that if I buy a product, receive it and use it, there is no reason in refunding it, even if it was not what I expected",False,2024-08-14T18:11:54+00:00,2024-08-14T18:11:54+00:00,170.0,170.0,0.0,20.0,0.0,0.6450066566467285,True,False,False,False,76561198741066880,,1.0,False,False,2410,425,2.8333333333333335,2.8333333333333335,1-3h,negative
216913896,1771980,the-operator,The Operator,english,"EDIT: I've been thinking about this a lot, and I just wanted to add one more thing. You can see how I go into quite a bit of initial, just-coming-down-off-finishing-the-game detail down below if you'd like, but I'd like to quickly say here, at the start, that I think a big part of the issue was a fundamental misunderstanding of what this game was. I went into this expecting a puzzle game, but it isn't so much a puzzle game as it is a story game.
I feel it's advertised as more of a puzzle game with subtle hints at an overarching story you might be able to uncover, and indeed it does *play* like a puzzle game... until it very much becomes about following the narrative.
My feelings below still stand - including the ones after my spoiler tags - but while I don't know that I would've felt *differently* if I'd gone into this expecting something different, much of my confusion and disappointment might've been at least softened.

ORIGINAL REVIEW:
Overall, I was pretty disappointed with this game.
First, it was incredibly short - I had the game open for 7-ish hours... but I had dinner, fed the dogs, took a shower, yada yada, with it paused, so I'm not actually sure how long it really took. Most of the puzzles themselves weren't particularly challenging - though the mechanics were satisfying in a point-and-click, ASMR kind of way - and then one or two of the puzzles were SUPER, out-of-pocket complicated, insanely difficult, and totally out of place?? And because of the length of the game, I felt like all the mechanics I was learning, I really didn't need for very long, or often even more than once.
The writing, acting, sound design, and off-screen auditory storytelling were beautiful. Very well done; you can tell a lot of love went into it, there just... wasn't a whole lot of content.

I saw someone mention that if there were an ""operator mode,"" that would make up for a lot of this problem, and I agree. *MILD SPOILER* Every single one of the cases were directly linked to the main story, and I think being able to enjoy some of the mechanics for longer would make it feel a little more worthwhile. Again, many of the puzzles were fairly simple, but it was still fun and satisfying in a way, and then it would also be more impactful - learning how to do the more complicated puzzles - because you'd have to use that knowledge again.

**SPOILERS FOR THE END**

The ending was incredibly dissatisfying to me. I immediately got off and looked to see if I somehow got ""the bad ending"" and there was another way I could've played to get ""the good ending,"" but no. It is what it is - one and done. (I saw someone else say that if there HAD been multiple endings, that would also help with the overarching ""the game is too short"" issue everyone seems to be having, and I agree with that, as well.)
Some people liked the ending, but a lot of people shared the same feelings I have: if I uncover the mystery, am taking notes on the story and correctly piecing together the clues, I want to feel like I 'won' the video game... at least to a degree. But (again, **HUGE SPOILER AHEAD**) it literally doesn't matter at all. Nothing you did, none of the choices you made, mattered. The main character you played dies, every SINGLE one of your contacts/friends dies or goes missing (you cannot save them, it does not matter, and you're informed of their demise in during-credits news clippings, no less), and the only one to escape is HAL, and they're still trying to take down the big bad 30 years later (which is what fans of the ending consider the ""silver lining."")
I love when games do some out-of-the-box stuff, but the whole game sets you up like you're uncovering a mystery, exposing a story, and then in the end literally not a lick of it mattered (except that HAL escaped and is still trying, which as far as I can tell, happens no matter what you, as the player, do.) It just felt very forced, and pretty pointless.
Disappointing, because again, some of the mechanics were really neat, and you can tell a lot of love was put into the storytelling aspects.","EDIT: I've been thinking about this a lot, and I just wanted to add one more thing. You can see how I go into quite a bit of initial, just-coming-down-off-finishing-the-game detail down below if you'd like, but I'd like to quickly say here, at the start, that I think a big part of the issue was a fundamental misunderstanding of what this game was. I went into this expecting a puzzle game, but it isn't so much a puzzle game as it is a story game. I feel it's advertised as more of a puzzle game with subtle hints at an overarching story you might be able to uncover, and indeed it does *play* like a puzzle game... until it very much becomes about following the narrative. My feelings below still stand - including the ones after my spoiler tags - but while I don't know that I would've felt *differently* if I'd gone into this expecting something different, much of my confusion and disappointment might've been at least softened. ORIGINAL REVIEW: Overall, I was pretty disappointed with this game. First, it was incredibly short - I had the game open for 7-ish hours... but I had dinner, fed the dogs, took a shower, yada yada, with it paused, so I'm not actually sure how long it really took. Most of the puzzles themselves weren't particularly challenging - though the mechanics were satisfying in a point-and-click, ASMR kind of way - and then one or two of the puzzles were SUPER, out-of-pocket complicated, insanely difficult, and totally out of place?? And because of the length of the game, I felt like all the mechanics I was learning, I really didn't need for very long, or often even more than once. The writing, acting, sound design, and off-screen auditory storytelling were beautiful. Very well done; you can tell a lot of love went into it, there just... wasn't a whole lot of content. I saw someone mention that if there were an ""operator mode,"" that would make up for a lot of this problem, and I agree. *MILD SPOILER* Every single one of the cases were directly linked to the main story, and I think being able to enjoy some of the mechanics for longer would make it feel a little more worthwhile. Again, many of the puzzles were fairly simple, but it was still fun and satisfying in a way, and then it would also be more impactful - learning how to do the more complicated puzzles - because you'd have to use that knowledge again. **SPOILERS FOR THE END** The ending was incredibly dissatisfying to me. I immediately got off and looked to see if I somehow got ""the bad ending"" and there was another way I could've played to get ""the good ending,"" but no. It is what it is - one and done. (I saw someone else say that if there HAD been multiple endings, that would also help with the overarching ""the game is too short"" issue everyone seems to be having, and I agree with that, as well.) Some people liked the ending, but a lot of people shared the same feelings I have: if I uncover the mystery, am taking notes on the story and correctly piecing together the clues, I want to feel like I 'won' the video game... at least to a degree. But (again, **HUGE SPOILER AHEAD**) it literally doesn't matter at all. Nothing you did, none of the choices you made, mattered. The main character you played dies, every SINGLE one of your contacts/friends dies or goes missing (you cannot save them, it does not matter, and you're informed of their demise in during-credits news clippings, no less), and the only one to escape is HAL, and they're still trying to take down the big bad 30 years later (which is what fans of the ending consider the ""silver lining."") I love when games do some out-of-the-box stuff, but the whole game sets you up like you're uncovering a mystery, exposing a story, and then in the end literally not a lick of it mattered (except that HAL escaped and is still trying, which as far as I can tell, happens no matter what you, as the player, do.) It just felt very forced, and pretty pointless. Disappointing, because again, some of the mechanics were really neat, and you can tell a lot of love was put into the storytelling aspects.",False,2026-01-27T04:01:43+00:00,2026-01-27T05:37:12+00:00,406.0,406.0,0.0,6.0,0.0,0.5652049779891968,True,False,False,False,76561198340935533,,2.0,False,False,4070,741,6.766666666666667,6.766666666666667,3-10h,negative
228071538,1771980,the-operator,The Operator,english,"Has promise, but doesn't deliver.

Mechanically there are a handful of things that seem interesting and like you should pay attention to them that just don't go anywhere. There is no real point in taking notes because you are handed solutions to every problem without needing to look around or remember anything.

Cool, I can run programs from my terminal - [spoiler] e.g. I can call certain people if I pay attention to their IP addresses [/spoiler]. But does that come up at all after I'm shown it? No, it's a one-off to get my to type something into the terminal for vibes. Problems are not solveable outside of the linear storyline. Problems and solutions are presented to you side by side. There is no payoff for paying attention to details, because they don't go anywhere, you can't use them to figure anything out. Very much on rails, and a disappointing detective game experience. I almost thought this would go somewhere cool at the end [spoiler] and that you would continue the game as HAL and actually find out who the mysterious baddies are [/spoiler], but this too does not pay off. Just leaves me wanting more, but not in a good way; feels almost like a demo. When it was revealed [spoiler] who the mole was I was like yeah, ok, there are like 6 total people I have met who aren't dead, of course it's my sketchy friend Mike who's been acting weird. [/spoiler]

That being said, individual minigames and puzzles were genuinely fun to solve. I wish the game leaned more into the mechanics and systems they had, I think that is where they were strongest, and made it important and useful to take notes - reward paying attention to the details! Why give us a notepad if there's nothing you realistically need to write down? I wish I like this game more!","Has promise, but doesn't deliver. Mechanically there are a handful of things that seem interesting and like you should pay attention to them that just don't go anywhere. There is no real point in taking notes because you are handed solutions to every problem without needing to look around or remember anything. Cool, I can run programs from my terminal - [spoiler] e.g. I can call certain people if I pay attention to their IP addresses [/spoiler]. But does that come up at all after I'm shown it? No, it's a one-off to get my to type something into the terminal for vibes. Problems are not solveable outside of the linear storyline. Problems and solutions are presented to you side by side. There is no payoff for paying attention to details, because they don't go anywhere, you can't use them to figure anything out. Very much on rails, and a disappointing detective game experience. I almost thought this would go somewhere cool at the end [spoiler] and that you would continue the game as HAL and actually find out who the mysterious baddies are [/spoiler], but this too does not pay off. Just leaves me wanting more, but not in a good way; feels almost like a demo. When it was revealed [spoiler] who the mole was I was like yeah, ok, there are like 6 total people I have met who aren't dead, of course it's my sketchy friend Mike who's been acting weird. [/spoiler] That being said, individual minigames and puzzles were genuinely fun to solve. I wish the game leaned more into the mechanics and systems they had, I think that is where they were strongest, and made it important and useful to take notes - reward paying attention to the details! Why give us a notepad if there's nothing you realistically need to write down? I wish I like this game more!",False,2026-06-16T02:35:42+00:00,2026-06-16T02:35:42+00:00,965.0,965.0,0.0,14.0,0.0,0.640773355960846,True,False,False,False,76561198025467099,,3.0,False,False,1761,316,16.083333333333332,16.083333333333332,10h+,negative
170924556,1771980,the-operator,The Operator,english,"Great concept and so far very well structured.
After skimming a few reviews I expected something complex but for me it's lacking the depth that would suck me in to the world. Would have really appreciated more choices and options.

I think a difficulty setting would help here. Leave the game as is for casual players but add ""an extra layer"" if one wants to sink some time and effort into a game.
(Really trying to avoid spoilers here... Not sure if the depth would come in later or it's as shallow as one might expect)

An another note; That first cutscene is GENIUS. Couldn't help but have a huge smile on my face. Compressed to hell and back but the mix of just barely enough visual clues with the ambient noise... 10/10.","Great concept and so far very well structured. After skimming a few reviews I expected something complex but for me it's lacking the depth that would suck me in to the world. Would have really appreciated more choices and options. I think a difficulty setting would help here. Leave the game as is for casual players but add ""an extra layer"" if one wants to sink some time and effort into a game. (Really trying to avoid spoilers here... Not sure if the depth would come in later or it's as shallow as one might expect) An another note; That first cutscene is GENIUS. Couldn't help but have a huge smile on my face. Compressed to hell and back but the mix of just barely enough visual clues with the ambient noise... 10/10.",True,2024-07-28T01:59:16+00:00,2024-07-28T02:01:55+00:00,37.0,37.0,0.0,0.0,0.0,0.5,True,False,False,False,76561198062352825,,55.0,False,False,723,133,0.6166666666666667,0.6166666666666667,0-1h,positive
170506550,1771980,the-operator,The Operator,english,"TLDR:""The Operator"" is a captivating detective and story game with meticulous attention to detail, featuring thoughtful mechanics, excellent voice acting, and an atmospheric soundtrack. 
It's a unique and immersive experience perfect for fans of detective stories and puzzles, well worth the full price.

###

""The Operator"" offers a captivating and immersive gameplay experience, masterfully capturing a mysterious atmosphere. 

It skillfully combines elements of detective and story games, impressing with its attention to detail. 
The developers' meticulous care is evident in every aspect, resulting in a seamless and highly enjoyable gaming experience. 
Thoughtful game mechanics, a user-friendly interface, top-notch voice acting, and a moody soundtrack draw players deep into the gripping narrative.


The storyline is intriguing, though not particularly long. 
Hopefully, future expansions or DLCs will conclude the story, as it currently feels like a cliffhanger, especially if you watch the credits until the end. ;)
The reactive music significantly enhances the game's atmosphere, contributing to the immersive experience.

For fans of detective stories, puzzles, and theories, ""The Operator"" is a true gem. 
You take on the role of an FDI operator, assisting field agents in solving cases.
Along the way, you uncover peculiarities that add an extra layer of excitement.


""The Operator"" feels unique and fresh, supported by its step-by-step storytelling approach. 


Overall, ""The Operator"" is definitely worth the full price and is highly recommended for anyone seeking a well-thought-out and gripping game.","TLDR:""The Operator"" is a captivating detective and story game with meticulous attention to detail, featuring thoughtful mechanics, excellent voice acting, and an atmospheric soundtrack. It's a unique and immersive experience perfect for fans of detective stories and puzzles, well worth the full price. ### ""The Operator"" offers a captivating and immersive gameplay experience, masterfully capturing a mysterious atmosphere. It skillfully combines elements of detective and story games, impressing with its attention to detail. The developers' meticulous care is evident in every aspect, resulting in a seamless and highly enjoyable gaming experience. Thoughtful game mechanics, a user-friendly interface, top-notch voice acting, and a moody soundtrack draw players deep into the gripping narrative. The storyline is intriguing, though not particularly long. Hopefully, future expansions or DLCs will conclude the story, as it currently feels like a cliffhanger, especially if you watch the credits until the end. ;) The reactive music significantly enhances the game's atmosphere, contributing to the immersive experience. For fans of detective stories, puzzles, and theories, ""The Operator"" is a true gem. You take on the role of an FDI operator, assisting field agents in solving cases. Along the way, you uncover peculiarities that add an extra layer of excitement. ""The Operator"" feels unique and fresh, supported by its step-by-step storytelling approach. Overall, ""The Operator"" is definitely worth the full price and is highly recommended for anyone seeking a well-thought-out and gripping game.",True,2024-07-22T21:02:53+00:00,2024-07-22T21:05:21+00:00,161.0,161.0,0.0,0.0,0.0,0.4784688949584961,True,False,False,False,76561198044215883,,11.0,False,False,1603,233,2.683333333333333,2.683333333333333,1-3h,positive
186267468,1771980,the-operator,The Operator,english,"I recommend it ... but with some qualifications. 

So, the presentation is excellent. Really builds a strong atmosphere of mystery. There are points when you really feel like you're an operator for a field agent uncovering a major conspiracy. The game does a very good job of doing that. Some of the puzzles took some thinking. They're not super-difficult, but they all make sense in the context of the game and there's not a lot of handholding. Overall, I like how it's all presented.

However ... what I didn't realize is that this is more visual novel than a true puzzle game. It's not a pure visual novel - there is some genuine gameplay here. And that gameplay is pretty good. But ultimately, the gameplay is to trigger the next scene. You can't really ""fail"" - or at least, you can't fail in a way that will affect the story.

I had believed the game to be a puzzler in the vein of Obra Dinn or Orwell. And I would say the gameplay is as good in part. But after a while, I could ""see the rails"" - see that at its core, it's a visual novel.

However, that's not why I was disappointed.

The bigger problem I had with the game is that I felt it was ... too short. Not in terms of game length - but in terms of the plot. It felt like it ended right when the plot was getting interesting. 

Putting spoilers on anything further:
[spoiler]Where the game ends, when the intrigue is getting intense and the identity twist is revealed ... I felt almost like that's where the real story is starting. 

Up until this point, our protagonist has just been faceless tech guy who doesn't have a role in the story - and suddenly now we understand how he ties into the conspiracy. And we also understand just what kind of terrible enemy we're up against. 

With this dramatic twist, we now understand the protagonist and his role in the story - as well as true nature and threat of the antagonist that he faces. The stakes have been made clear. The die is cast, the point of no return is reached. 

The question is, what happens now? What does our protagonist do with his new forbidden knowledge? And how can he defeat this terrible enemy?... but instead - the story unceremoniously ends right there. Not only is it kind of a bummer of an ending - but it feels like you stopped telling me this story exactly at the point where it became interesting. Right at the point where things had fully shifted from ""Government Bureau Employee Simulator"" to ""Global Spy Conspiracy Thriller"". Our agency has revealed they're evil and they betrayed us, we're gonna go rogue, and take the conspiracy down .... no, wait, actually, that's the end. [/spoiler] 
 
[spoiler]It'd be like if moments after Jason Bourne realized that he was a secret agent and that assassins were trying to kill him ... he just died and the movie ended.

Or, to use a videogame equivalent - it'd be like if right when it's revealed that Doki Doki Literature Club is not actually an anime dating sim ... the game just ended.

There's no resolution. The story feels incomplete. If anything, this feels like it should be the prologue to the real plot. Like a teaser that gives us a glimpse of ""OMG these guys are really bad"". 

Actually, at the end, when it shifts to HAL's perspective - I thought that was where the real game was about to begin. like, ""Twist, Tanner dies in the prologue! You're actually playing as HAL. How will HAL defeat the Organization?"" ... But then the credits rolled.[/spoiler] 
 
[spoiler]Part of the problem was that I figured out the twist long before it was revealed. I wasn't being clever, either - it was clear from the opening cutscene that we were not playing as some anonymous rando. We are obviously someone who is involved with this conspiracy in some way. As events played out, the only possibilities were either (a) you were secretly one of the missing people or (b) you were secretly the Ghost. When it became clear you weren't the Ghost ... well, there's only one missing person who we know by name, so that must be you.[/spoiler] 
 
I will say I was thoroughly engaged up until the ending. Even when it started to become clear that the story was more on rails that I'd hoped - I didn't mind because the presentation was so good and the story had me hooked. 

But when it ended ... I felt very disappointed because I was like, ""Wait, we're ending it here? That's it?""

So I guess that's my recommend. It's a very well-done experience and the devs clearly were doing something right to keep me gripped. I intended to just try the game for a bit and ended up finishing it in one setting. But it really surprised me that it ended where it did.","I recommend it ... but with some qualifications. So, the presentation is excellent. Really builds a strong atmosphere of mystery. There are points when you really feel like you're an operator for a field agent uncovering a major conspiracy. The game does a very good job of doing that. Some of the puzzles took some thinking. They're not super-difficult, but they all make sense in the context of the game and there's not a lot of handholding. Overall, I like how it's all presented. However ... what I didn't realize is that this is more visual novel than a true puzzle game. It's not a pure visual novel - there is some genuine gameplay here. And that gameplay is pretty good. But ultimately, the gameplay is to trigger the next scene. You can't really ""fail"" - or at least, you can't fail in a way that will affect the story. I had believed the game to be a puzzler in the vein of Obra Dinn or Orwell. And I would say the gameplay is as good in part. But after a while, I could ""see the rails"" - see that at its core, it's a visual novel. However, that's not why I was disappointed. The bigger problem I had with the game is that I felt it was ... too short. Not in terms of game length - but in terms of the plot. It felt like it ended right when the plot was getting interesting. Putting spoilers on anything further: [spoiler]Where the game ends, when the intrigue is getting intense and the identity twist is revealed ... I felt almost like that's where the real story is starting. Up until this point, our protagonist has just been faceless tech guy who doesn't have a role in the story - and suddenly now we understand how he ties into the conspiracy. And we also understand just what kind of terrible enemy we're up against. With this dramatic twist, we now understand the protagonist and his role in the story - as well as true nature and threat of the antagonist that he faces. The stakes have been made clear. The die is cast, the point of no return is reached. The question is, what happens now? What does our protagonist do with his new forbidden knowledge? And how can he defeat this terrible enemy?... but instead - the story unceremoniously ends right there. Not only is it kind of a bummer of an ending - but it feels like you stopped telling me this story exactly at the point where it became interesting. Right at the point where things had fully shifted from ""Government Bureau Employee Simulator"" to ""Global Spy Conspiracy Thriller"". Our agency has revealed they're evil and they betrayed us, we're gonna go rogue, and take the conspiracy down .... no, wait, actually, that's the end. [/spoiler] [spoiler]It'd be like if moments after Jason Bourne realized that he was a secret agent and that assassins were trying to kill him ... he just died and the movie ended. Or, to use a videogame equivalent - it'd be like if right when it's revealed that Doki Doki Literature Club is not actually an anime dating sim ... the game just ended. There's no resolution. The story feels incomplete. If anything, this feels like it should be the prologue to the real plot. Like a teaser that gives us a glimpse of ""OMG these guys are really bad"". Actually, at the end, when it shifts to HAL's perspective - I thought that was where the real game was about to begin. like, ""Twist, Tanner dies in the prologue! You're actually playing as HAL. How will HAL defeat the Organization?"" ... But then the credits rolled.[/spoiler] [spoiler]Part of the problem was that I figured out the twist long before it was revealed. I wasn't being clever, either - it was clear from the opening cutscene that we were not playing as some anonymous rando. We are obviously someone who is involved with this conspiracy in some way. As events played out, the only possibilities were either (a) you were secretly one of the missing people or (b) you were secretly the Ghost. When it became clear you weren't the Ghost ... well, there's only one missing person who we know by name, so that must be you.[/spoiler] I will say I was thoroughly engaged up until the ending. Even when it started to become clear that the story was more on rails that I'd hoped - I didn't mind because the presentation was so good and the story had me hooked. But when it ended ... I felt very disappointed because I was like, ""Wait, we're ending it here? That's it?"" So I guess that's my recommend. It's a very well-done experience and the devs clearly were doing something right to keep me gripped. I intended to just try the game for a bit and ended up finishing it in one setting. But it really surprised me that it ended where it did.",True,2025-01-24T03:28:58+00:00,2025-01-24T03:40:32+00:00,221.0,221.0,0.0,0.0,0.0,0.5,True,False,False,False,76561197964871634,,10.0,False,False,4599,842,3.683333333333333,3.683333333333333,3-10h,positive
211750105,1771980,the-operator,The Operator,english,"The Operator offers a remarkably engaging narrative experience, supported by a strong storyline and a well-executed plot twist. The structure of each case is thoughtfully designed: from the call system to the investigative tasks, every step feels purposeful and polished. Working through evidence, analyzing data, and piecing together conclusions is consistently satisfying and stands out as one of the game’s greatest strengths.

Because the investigative tools and the workstation interface are so enjoyable to use, I found myself wishing for a mode that would provide long-term engagement beyond the main story. The campaign can be completed relatively quickly, and once it ends, the gameplay loop—despite being excellent—comes to an abrupt stop.

A dedicated free-play or “ongoing operations” mode could meaningfully extend the game’s lifespan. For example, players could receive procedurally generated cases or scenario-based assignments that scale in complexity, allowing them to continue applying the tools and systems introduced in the main storyline. This would give players who enjoy the investigative process a space to keep refining their skills and exploring the mechanics without a fixed ending.

I am very much looking forward to The Operator 2, and I genuinely believe that adding an optional long-term mode—whether free-play, case generator, or rotating scenario board—would significantly enhance replay value and increase the game’s overall appeal.

For anyone considering this title: the core experience is absolutely worth it, and the investigative gameplay is exceptionally well-crafted. The story alone justifies the €14 price, and I can recommend it without hesitation.","The Operator offers a remarkably engaging narrative experience, supported by a strong storyline and a well-executed plot twist. The structure of each case is thoughtfully designed: from the call system to the investigative tasks, every step feels purposeful and polished. Working through evidence, analyzing data, and piecing together conclusions is consistently satisfying and stands out as one of the game’s greatest strengths. Because the investigative tools and the workstation interface are so enjoyable to use, I found myself wishing for a mode that would provide long-term engagement beyond the main story. The campaign can be completed relatively quickly, and once it ends, the gameplay loop—despite being excellent—comes to an abrupt stop. A dedicated free-play or “ongoing operations” mode could meaningfully extend the game’s lifespan. For example, players could receive procedurally generated cases or scenario-based assignments that scale in complexity, allowing them to continue applying the tools and systems introduced in the main storyline. This would give players who enjoy the investigative process a space to keep refining their skills and exploring the mechanics without a fixed ending. I am very much looking forward to The Operator 2, and I genuinely believe that adding an optional long-term mode—whether free-play, case generator, or rotating scenario board—would significantly enhance replay value and increase the game’s overall appeal. For anyone considering this title: the core experience is absolutely worth it, and the investigative gameplay is exceptionally well-crafted. The story alone justifies the €14 price, and I can recommend it without hesitation.",True,2025-11-29T21:54:02+00:00,2025-11-29T21:54:02+00:00,694.0,694.0,0.0,0.0,0.0,0.5,True,False,False,False,76561198985823914,,3.0,False,False,1688,247,11.566666666666666,11.566666666666666,10h+,positive
189319764,1771980,the-operator,The Operator,english,Excruciatingly slow and not only hands you all the answers but there's really no room to explore at all. Less of a deductive reasoning puzzle game and more of a really poorly written episode of CSI,Excruciatingly slow and not only hands you all the answers but there's really no room to explore at all. Less of a deductive reasoning puzzle game and more of a really poorly written episode of CSI,False,2025-03-04T04:28:34+00:00,2025-03-04T04:28:34+00:00,38.0,38.0,0.0,1.0,0.0,0.497925341129303,True,False,False,False,76561198065662633,,20.0,False,False,197,36,0.6333333333333333,0.6333333333333333,0-1h,negative
171727711,1771980,the-operator,The Operator,english,"I have to say I was absolutely hooked with the concept of [i] The Operator. [/i] One watch of the trailer will tell you why; an operator helping with government investigations, analyzing clues, basically being the man-in-the-chair? It's all awesome! But what killed the mood for me was the cliche writing, amateur voice acting, and the simplistic puzzles. First of all the writing. Who TALKS like this?! Every person you meet is quippy, chippy, or clever with their line delivery. These don't sound like professional field agents, they sound like cartoon characters. A man has been killed, TAKE THIS SERIOUSLY! They should be more realistic, a bit grittier, more direct. And why am I doing everything? What exactly is your job here??

Next are the puzzles. They are already simple enough, but I feel babied and talked down to by the characters we meet. The game would make itself so much more compelling if there were harder applications! Something I had to grill through to find what my agent needed. So far, I can click two buttons and get the answer to the riddle. I don't [i] feel [/i] like a secret agent, which is what I bought the game for. And not to mention the game's animations for security footage, which are taken so seriously for how poor in quality they are. The tone simply doesn't match. 

Finally, I had a sincerely hard time caring about the story of the game. The plot was mildly interesting, conspiracies and hackers and whatnot, but it didn't land. Mainly because it meant wading through monologues from the characters, which drove me insane. If the game was harder, there would be much more to invest in. I would feel accomplished! But after completing the first two days, I feel like there was no other option but to succeed. There was never any risk of me failing, which made it hard for me to connect to the game at all. In the end it was not the experience I was expecting, and if you're looking to be a tech-savvy sleuth, look elsewhere.","I have to say I was absolutely hooked with the concept of [i] The Operator. [/i] One watch of the trailer will tell you why; an operator helping with government investigations, analyzing clues, basically being the man-in-the-chair? It's all awesome! But what killed the mood for me was the cliche writing, amateur voice acting, and the simplistic puzzles. First of all the writing. Who TALKS like this?! Every person you meet is quippy, chippy, or clever with their line delivery. These don't sound like professional field agents, they sound like cartoon characters. A man has been killed, TAKE THIS SERIOUSLY! They should be more realistic, a bit grittier, more direct. And why am I doing everything? What exactly is your job here?? Next are the puzzles. They are already simple enough, but I feel babied and talked down to by the characters we meet. The game would make itself so much more compelling if there were harder applications! Something I had to grill through to find what my agent needed. So far, I can click two buttons and get the answer to the riddle. I don't [i] feel [/i] like a secret agent, which is what I bought the game for. And not to mention the game's animations for security footage, which are taken so seriously for how poor in quality they are. The tone simply doesn't match. Finally, I had a sincerely hard time caring about the story of the game. The plot was mildly interesting, conspiracies and hackers and whatnot, but it didn't land. Mainly because it meant wading through monologues from the characters, which drove me insane. If the game was harder, there would be much more to invest in. I would feel accomplished! But after completing the first two days, I feel like there was no other option but to succeed. There was never any risk of me failing, which made it hard for me to connect to the game at all. In the end it was not the experience I was expecting, and if you're looking to be a tech-savvy sleuth, look elsewhere.",False,2024-08-09T05:11:00+00:00,2024-08-09T05:11:05+00:00,63.0,63.0,0.0,1.0,0.0,0.5111111402511597,True,False,False,False,76561198867682289,,48.0,False,False,1962,348,1.05,1.05,1-3h,negative
171030463,1771980,the-operator,The Operator,english,"While a very polished and well-crafted experience, this game has a number of fatal flaws that undermine and eventually irrevocably cripple your enjoyment of it.  Firstly, it's incredibly short.  I do understand that this tends to be the case for these kinds of games, crafting content for them is much more effort intensive than it is for other genres, but even by the standards of other games in this genre, you get very little playtime compared to its cost.  This is further exacerbated by a complete lack of replay value, as the story is completely linear and has no alternate endings, though there are a few pieces of content not central to the story that the player can find through their own initiative.  If you take nothing else from this review and do decide to buy the game, buy it on sale, the existing content doesn't really justify the price point.

To get into the real reasons this is a negative review, as money alone wouldn't have been enough to get me to write this, we need to first revisit the game's linearity.  The game does provide the illusion of choice, but none of the choices the player can make matter, and acting as though they do will inevitably see the game yanking on your leash and railroading you back to the single story it wants to tell.  This linearity continues to the mysteries that form the game's content, as they are designed so that the player is forced to solve them linearly as well.  Rather than providing multiple angles of attack, players must solve one specific part of a mystery before progressing to the next one, so for the most part you don't get that feeling of everything coming together as multiple clues and leads snap together into a single image, though there are exceptions to this.  I can't get too much into the ending without spoiling players, but it was abrupt, unsatisfying, and served to terminate any remaining sense of agency I had.  Everything I had accomplished was undone in an instant, in a way that felt, frankly, disrespectful and contemptuous to me as a player.  The entire point of a game, the thing that fully differentiates it from other forms of media, is that the person consuming it has agency, is not simply a passive observer but actively engages with and shapes the piece of media that they are consuming.  Of all the games I've played, this embraces that principle the least, and suffers for it.

The ultimate sin of The Operator, however, the one no detective game can be forgiven for, is its predictability.  I am in no way talented when it comes to mysteries.  When I play a detective game, read a mystery novel, or watch a movie in those genres, I am generally unable to put together the pieces ahead of time and figure out the twist before it is presented to me.  This was not the case with The Operator.  I was able to determine most of the major narrative twists well ahead of time, because they were fairly obviously telegraphed.  There were a few that were well done, and there were some that would have been very good if other obvious elements hadn't telegraphed them ahead of time.  Anyone playing this game will likely figure out its main narrative twists well before they are presented to the player, and that is truly tragic.","While a very polished and well-crafted experience, this game has a number of fatal flaws that undermine and eventually irrevocably cripple your enjoyment of it. Firstly, it's incredibly short. I do understand that this tends to be the case for these kinds of games, crafting content for them is much more effort intensive than it is for other genres, but even by the standards of other games in this genre, you get very little playtime compared to its cost. This is further exacerbated by a complete lack of replay value, as the story is completely linear and has no alternate endings, though there are a few pieces of content not central to the story that the player can find through their own initiative. If you take nothing else from this review and do decide to buy the game, buy it on sale, the existing content doesn't really justify the price point. To get into the real reasons this is a negative review, as money alone wouldn't have been enough to get me to write this, we need to first revisit the game's linearity. The game does provide the illusion of choice, but none of the choices the player can make matter, and acting as though they do will inevitably see the game yanking on your leash and railroading you back to the single story it wants to tell. This linearity continues to the mysteries that form the game's content, as they are designed so that the player is forced to solve them linearly as well. Rather than providing multiple angles of attack, players must solve one specific part of a mystery before progressing to the next one, so for the most part you don't get that feeling of everything coming together as multiple clues and leads snap together into a single image, though there are exceptions to this. I can't get too much into the ending without spoiling players, but it was abrupt, unsatisfying, and served to terminate any remaining sense of agency I had. Everything I had accomplished was undone in an instant, in a way that felt, frankly, disrespectful and contemptuous to me as a player. The entire point of a game, the thing that fully differentiates it from other forms of media, is that the person consuming it has agency, is not simply a passive observer but actively engages with and shapes the piece of media that they are consuming. Of all the games I've played, this embraces that principle the least, and suffers for it. The ultimate sin of The Operator, however, the one no detective game can be forgiven for, is its predictability. I am in no way talented when it comes to mysteries. When I play a detective game, read a mystery novel, or watch a movie in those genres, I am generally unable to put together the pieces ahead of time and figure out the twist before it is presented to me. This was not the case with The Operator. I was able to determine most of the major narrative twists well ahead of time, because they were fairly obviously telegraphed. There were a few that were well done, and there were some that would have been very good if other obvious elements hadn't telegraphed them ahead of time. Anyone playing this game will likely figure out its main narrative twists well before they are presented to the player, and that is truly tragic.",False,2024-07-29T14:07:09+00:00,2024-07-29T14:11:09+00:00,215.0,215.0,0.0,0.0,0.0,0.5,True,False,False,False,76561198025836777,,10.0,False,False,3204,571,3.5833333333333335,3.5833333333333335,3-10h,negative
186134301,1771980,the-operator,The Operator,english,"The Operator feels more like a short demo than a full game. The entire experience is over in just a few hours, making it hard to justify the full price—definitely one to buy only at a discount.

The game revolves around solving a single case from start to finish. While that might sound intriguing, it quickly becomes clear that they could have added a few standalone missions beforehand to build up engagement. Instead, you’re thrown into one investigation with no variety.

The tools available for solving the case are extremely limited. Some mechanics feel underdeveloped, and many tools are used only once, making them feel pointless rather than integral to the gameplay.

Overall, The Operator is a bland and forgettable experience. It lacks depth, variety, and replay value, making it hard to recommend.","The Operator feels more like a short demo than a full game. The entire experience is over in just a few hours, making it hard to justify the full price—definitely one to buy only at a discount. The game revolves around solving a single case from start to finish. While that might sound intriguing, it quickly becomes clear that they could have added a few standalone missions beforehand to build up engagement. Instead, you’re thrown into one investigation with no variety. The tools available for solving the case are extremely limited. Some mechanics feel underdeveloped, and many tools are used only once, making them feel pointless rather than integral to the gameplay. Overall, The Operator is a bland and forgettable experience. It lacks depth, variety, and replay value, making it hard to recommend.",False,2025-01-22T06:01:05+00:00,2025-01-22T06:01:05+00:00,958.0,958.0,0.0,1.0,0.0,0.5,True,False,False,False,76561199803643952,,10.0,False,False,806,133,15.966666666666667,15.966666666666667,10h+,negative
229263918,1771980,the-operator,The Operator,english,"I played this on my steam deck and the hours didn't transfer over, but I did complete it and highly recommend.  Fun puzzle game where you have to really read through the clues and information in order to figure out what is going on.  I think it plays well on the steam deck, was easy to learn the mechanics, and there are some really fun mini games built into it.","I played this on my steam deck and the hours didn't transfer over, but I did complete it and highly recommend. Fun puzzle game where you have to really read through the clues and information in order to figure out what is going on. I think it plays well on the steam deck, was easy to learn the mechanics, and there are some really fun mini games built into it.",True,2026-06-30T18:25:42+00:00,2026-06-30T18:25:42+00:00,8.0,8.0,0.0,0.0,0.0,0.5,True,False,False,False,76561198034937695,,17.0,False,False,361,70,0.13333333333333333,0.13333333333333333,0-1h,positive
170640144,1771980,the-operator,The Operator,english,"It's a shame this game is so short because I really liked what it did offer. The voice acting was superb, the soundtrack was a mix of nice ambient music and great tense tracks for specific moments, the suspense, mystery and narrative all kept me hooked, and I was really looking forward to how things would play out. Gameplay wise you basically do some light detective puzzling work, mostly just advance dialogue but it was still intriguing enough for me. But just when I thought there was going to be this big shift in the game and things would really get ratcheted up to 11...the game just ends. I thought I got a bad ending and that I'd have to replay the game to see more, but looking at the achievements that is just the ending of the game. If this were an experience that lasted even a few more hours it'd be an easy recommend, but with how abruptly the game ends I wish Steam had a Mixed or Neutral option. I'll still leave the game a positive review as I think it did more right than wrong but just be aware that this is a *very* short game that unfortunately doesn't quite stick the landing at the end.","It's a shame this game is so short because I really liked what it did offer. The voice acting was superb, the soundtrack was a mix of nice ambient music and great tense tracks for specific moments, the suspense, mystery and narrative all kept me hooked, and I was really looking forward to how things would play out. Gameplay wise you basically do some light detective puzzling work, mostly just advance dialogue but it was still intriguing enough for me. But just when I thought there was going to be this big shift in the game and things would really get ratcheted up to 11...the game just ends. I thought I got a bad ending and that I'd have to replay the game to see more, but looking at the achievements that is just the ending of the game. If this were an experience that lasted even a few more hours it'd be an easy recommend, but with how abruptly the game ends I wish Steam had a Mixed or Neutral option. I'll still leave the game a positive review as I think it did more right than wrong but just be aware that this is a *very* short game that unfortunately doesn't quite stick the landing at the end.",True,2024-07-24T16:18:31+00:00,2024-07-24T16:18:31+00:00,150.0,150.0,0.0,0.0,0.0,0.5,True,False,False,False,76561198108611999,,24.0,False,False,1111,210,2.5,2.5,1-3h,positive
170743585,1771980,the-operator,The Operator,english,"My recommendation is heavily conditional. If you are into conspiracies and point-and-click games with simple puzzle elements, I would recommend this at around $10. If you don't fall into those categories, then you aren't the target demographic and I can't recommend it. Overall Operator is not a bad game - in fact, I would really like to see more content for this, or perhaps even more games like it - but it's held back by a few flaws.

First, The Good:
[list]
    [*]The setting and overall theme is great. You play as a deskbound investigator at the not-FBI, using your computer to sift through clues and work with field agents to investigate crimes. Naturally, this leads to uncovering conspiracies and shadowy organizations.
    [*]The gameplay is intuitive and accessible. You will never have to pixel-hunt for your clues; when you're inspecting a piece of evidence, the things that your gut tell you are important to the case usually are, and they're usually clickable.
    [*]The story is fun, interesting, and will keep you engaged. It references some real-world ""conspiracies"" that actually happened.
    [*]The gameplay loop feels fresh. I know games in this format have been done before, but it's been a while since I've seen it executed like this. I don't know of many recent games that are quite like it.
[/list]

Next, The Bad:
[list]
    [*]The puzzles are a bit simple. At times it feels like more of a visual novel than a detective/investigation game.
    [*]Many of the plot twists are predictable. The dramatic reveals towards the end of the game didn't land with me at all because I had already seen them coming way ahead of time.
    [*]Sometimes there are clues that fall into your lap a little too easily, to the point where it doesn't feel believable. The most egregious example: [spoiler]During one investigation, you find the buried body of a scientist who worked on a secret government project. The people involved with the project had him killed to keep him quiet. For some reason, they buried him in a marked grave, near the marked graves of a hundred of the project's victims, wearing his full lab coat, with his work ID showing full name and place of employment still in a cord around his neck, and with unwiped floppy disks in his pocket that contained all of his research and notes.[/spoiler]
    [*]The game is filled with anachronisms. It's supposed to be set in 1992, but it doesn't even attempt to maintain this setting. Everybody has a cell phone, which in the 90s were expensive, rare, and had very limited coverage; the computer used by main character appears to have a multi-core CPU, which didn't exist until the 2000s; and one of the early investigations involves a digital camera with a large preview screen, which also did not exist in 1992. All of this is like having a character use an iPhone in a video game about Operation Desert Storm; it can be immersion-breaking. Operator probably should have been set in the mid- to late-2000s, not 1992.
    [*]At the time of writing, there is only one ending, and it feels rushed. [spoiler]Outside of one minor detail regarding a side character, your choices don't matter.[/spoiler]
    [*]The last and most obvious drawback is probably the one you've seen mentioned in other reviews: this is a short game. It'll probably only take you around 3 hours to complete. The cynic in me wonders if this was done intentionally to get around the 2-hour Steam refund limit.
[/list]

I did enjoy my time with Operator; if you're like me, and enjoy the thought of playing detective and uncovering government conspiracies, you probably will too. Ultimately I think this is a decent game with a solid concept behind it, but the problems I listed above hold me back from recommending this unconditionally. In particular, I feel that Operator is slightly overpriced when measured against the amount of gameplay time you're likely to get out of it. This seems to be the developer's first game, so I'm hoping that they take the lessons learned from Operator and continue to improve on this formula.","My recommendation is heavily conditional. If you are into conspiracies and point-and-click games with simple puzzle elements, I would recommend this at around $10. If you don't fall into those categories, then you aren't the target demographic and I can't recommend it. Overall Operator is not a bad game - in fact, I would really like to see more content for this, or perhaps even more games like it - but it's held back by a few flaws. First, The Good: [list] [*]The setting and overall theme is great. You play as a deskbound investigator at the not-FBI, using your computer to sift through clues and work with field agents to investigate crimes. Naturally, this leads to uncovering conspiracies and shadowy organizations. [*]The gameplay is intuitive and accessible. You will never have to pixel-hunt for your clues; when you're inspecting a piece of evidence, the things that your gut tell you are important to the case usually are, and they're usually clickable. [*]The story is fun, interesting, and will keep you engaged. It references some real-world ""conspiracies"" that actually happened. [*]The gameplay loop feels fresh. I know games in this format have been done before, but it's been a while since I've seen it executed like this. I don't know of many recent games that are quite like it. [/list] Next, The Bad: [list] [*]The puzzles are a bit simple. At times it feels like more of a visual novel than a detective/investigation game. [*]Many of the plot twists are predictable. The dramatic reveals towards the end of the game didn't land with me at all because I had already seen them coming way ahead of time. [*]Sometimes there are clues that fall into your lap a little too easily, to the point where it doesn't feel believable. The most egregious example: [spoiler]During one investigation, you find the buried body of a scientist who worked on a secret government project. The people involved with the project had him killed to keep him quiet. For some reason, they buried him in a marked grave, near the marked graves of a hundred of the project's victims, wearing his full lab coat, with his work ID showing full name and place of employment still in a cord around his neck, and with unwiped floppy disks in his pocket that contained all of his research and notes.[/spoiler] [*]The game is filled with anachronisms. It's supposed to be set in 1992, but it doesn't even attempt to maintain this setting. Everybody has a cell phone, which in the 90s were expensive, rare, and had very limited coverage; the computer used by main character appears to have a multi-core CPU, which didn't exist until the 2000s; and one of the early investigations involves a digital camera with a large preview screen, which also did not exist in 1992. All of this is like having a character use an iPhone in a video game about Operation Desert Storm; it can be immersion-breaking. Operator probably should have been set in the mid- to late-2000s, not 1992. [*]At the time of writing, there is only one ending, and it feels rushed. [spoiler]Outside of one minor detail regarding a side character, your choices don't matter.[/spoiler] [*]The last and most obvious drawback is probably the one you've seen mentioned in other reviews: this is a short game. It'll probably only take you around 3 hours to complete. The cynic in me wonders if this was done intentionally to get around the 2-hour Steam refund limit. [/list] I did enjoy my time with Operator; if you're like me, and enjoy the thought of playing detective and uncovering government conspiracies, you probably will too. Ultimately I think this is a decent game with a solid concept behind it, but the problems I listed above hold me back from recommending this unconditionally. In particular, I feel that Operator is slightly overpriced when measured against the amount of gameplay time you're likely to get out of it. This seems to be the developer's first game, so I'm hoping that they take the lessons learned from Operator and continue to improve on this formula.",True,2024-07-26T00:21:34+00:00,2024-07-26T00:21:34+00:00,234.0,234.0,0.0,0.0,0.0,0.5,True,False,False,False,76561197987220230,,11.0,False,False,4028,688,3.9,3.9,3-10h,positive
203982595,1771980,the-operator,The Operator,english,"[h2][b]Hacknet-vibes with a bit of conspiracy and real life dillemas.[/b][/h2]

[i]The Operator[/i] is one of those games that pulls you in and refuses to let go. It’s tense, smart, and makes you hooked. you’re constantly thrown into situations where nothing feels stable. That lingering uncertainty, of not knowing what’s real or who to trust, which is essential for this genre.

Absolutely loved the game entirely, despite being quite short. 
Totally worth your money. 
If you enjoy detective genres that catch your attention, wanting to dig for more information to find out the great finale, this game's def for you.
⠀⠀⠀⠀⠀⠀⠀⠀⠀⠀⠀⠀⠀⠀⠀⣼⣿⡄⠀⠀⠀⠀⠀⠀⠀⠀⠀⠀⠀⠀⠀⠀⠀⠀⠀⠀⠀⠀⠀
⠀⠀⠀⠀⠀⠀⣴⠚⡄⢫⠉⢩⠃⠀⣰⣿⣿⡇⠀⠀⠀⠀⠀⠀⠀⠀⠀⠀⠀⢀⣤⡄⠀⠀⠀⠀⠀⠀⠀
⠀⠀⠀⠠⡞⠳⡜⠦⠚⠘⠒⠋⠀⢰⣿⣿⣿⡇⠀⠀⠀⠀⠀⠀⠀⠀⠀⠀⣰⣿⣿⡇⠀⠀⠀⠀⠀⠀⠀
⠀⠀⠀⠀⠈⠚⠁⠀⠀⠀⠀⠀⢠⣿⣿⣿⣿⣧⠀⠀⠀⠀⠀⠀⠀⠀⢠⣾⣿⣿⣿⠁⠀⠀⠀⠀⠀⠀⠀[b]A P P R O V E D ![/b]
⠀⠀⠀⠀⠀⠀⠀⠀⠀⠀⠀⠀⣼⣿⣿⣿⣿⣿⠀⠀⠀⠀⠀⠀⠀⣰⣿⣿⣿⣿⣿⠀⠀⠀⠀⠀⠀⠀⠀
⠀⠀⠀⠀⠀⠀⠀⠀⠀⠀⠀⢰⣿⣿⣿⣿⣿⣿⠀⠀⠀⠀⠀⢀⣾⣿⣿⣿⣿⣿⡇⠀⠀⠀⠀⠀⠀⠀⠀
⠀⠀⠀⠀⠀⠀⠀⠀⠀⠀⢀⣿⣿⣿⣿⣿⣿⣿⣤⣄⣀⡀⣠⣿⣿⣿⣿⣿⣿⣿⠇⠀⠀⠀⠀⠀⠀⠀⠀
⠀⠀⠀⠀⠀⠀⠀⠀⢀⣼⣿⣿⣿⣿⣿⣿⣿⣿⣿⣿⣿⣿⣿⣿⣿⣿⣿⣿⣿⣿⠀⠀⠀⠀⢸⠉⠉⢰⠂
⠀⠀⠀⠀⠀⠀⠀⠀⣾⣿⣿⠟⠛⠙⠻⣿⣿⣿⣿⣿⣿⣿⣿⣿⣿⣿⣿⣿⣿⡏⠀⠀⠀⠀⡇⠀⡰⠃⠀
⠀⠀⠀⠀⠀⠀⠀⢰⣿⣿⠃⠀⠀⢰⡆⢻⣿⣿⣿⣿⣿⡿⠛⠛⠻⣿⣿⣿⣿⠀⠀⠀⠀⢰⠁⡰⠁⠀⠀
⠀⠀⠀⠀⣶⣦⣤⠘⣿⣿⣆⠀⠀⢿⠇⣼⣿⣿⣿⣿⠛⢸⡇⠀⠀⠙⣿⣿⣿⣇⠀⠀⠀⠈⠒⠁⠀⠀⠀
⠀⠀⠀⠀⢀⣀⣁⠀⠻⣿⣿⣷⣦⣤⣶⣿⣿⣿⣿⣇⡀⣾⠃⠀⠀⢠⣿⣿⣿⡇⠀⡔⠒⠲⡄⠀⠀⠀⠀
⠀⠀⠀⠘⠛⠋⠉⠀⠀⠈⠻⢿⣿⣿⣿⣿⣿⣿⣿⣿⣿⣶⣤⣤⣴⣾⣿⣿⠟⠀⠀⠱⠤⣀⠇⠀⠀⠀⠀
⠀⠀⠀⠀⠀⠀⠀⠀⠀⠀⠀⠀⠈⠛⠻⢿⣿⣿⣿⣿⣿⣿⣿⣿⣿⡿⠟⠁⢀⣤⣀⠀⠀⠀⠀⠀⠀⠀⠀
⠀⠀⠀⠀⠀⠀⠀⠀⠀⠀⠀⠀⠀⠀⠀⠀⠀⠈⠉⠉⠉⠉⠉⠉⠀⠀⣀⡀⠀⠉⠙⠓⠀⠀⠀⠀⠀⠀⠀
⠀    ⠀⠀⠀⠀⠀⠀⠀⠀⠀⠀⠀⠀⠀⠀⠀⠀⠀⠀⠀⠀⠀⠀⠈⢻⠆⠀⠀⠀⠀⠀⠀⠀⠀⠀⠀⠀⠀⠀⠀⠀⠀⠀⠀⠀⠀⠀⠀⠀⠀⠀⠀⠀⠀⠀⠀⠀⠀⠀⠀⠀⠀⠀⠀⠀⠀⠀⠀
[hr][/hr]
[h3][b]spoiler alert[/b][/h3]

What makes this game even more disturbing is that it purposely references events that actually happened. Back in the 50s and 60s, CIA was responsible for several illegal experiments on people without their consent for ""military purposes"" under [b]Project MKUltra[/b], just like in the game... dosing them with drugs, conducting harsh interviews, and trying to implant false memories or break down minds for their own purpose, and even using all the UFO sightings events to misdirect attention and hide all that bs. [i]The Operator[/i] captures that exact atmosphere: the manipulation, the paranoia, the feeling that even your own thoughts might not be yours.","[h2][b]Hacknet-vibes with a bit of conspiracy and real life dillemas.[/b][/h2] [i]The Operator[/i] is one of those games that pulls you in and refuses to let go. It’s tense, smart, and makes you hooked. you’re constantly thrown into situations where nothing feels stable. That lingering uncertainty, of not knowing what’s real or who to trust, which is essential for this genre. Absolutely loved the game entirely, despite being quite short. Totally worth your money. If you enjoy detective genres that catch your attention, wanting to dig for more information to find out the great finale, this game's def for you. ⠀⠀⠀⠀⠀⠀⠀⠀⠀⠀⠀⠀⠀⠀⠀⣼⣿⡄⠀⠀⠀⠀⠀⠀⠀⠀⠀⠀⠀⠀⠀⠀⠀⠀⠀⠀⠀⠀⠀ ⠀⠀⠀⠀⠀⠀⣴⠚⡄⢫⠉⢩⠃⠀⣰⣿⣿⡇⠀⠀⠀⠀⠀⠀⠀⠀⠀⠀⠀⢀⣤⡄⠀⠀⠀⠀⠀⠀⠀ ⠀⠀⠀⠠⡞⠳⡜⠦⠚⠘⠒⠋⠀⢰⣿⣿⣿⡇⠀⠀⠀⠀⠀⠀⠀⠀⠀⠀⣰⣿⣿⡇⠀⠀⠀⠀⠀⠀⠀ ⠀⠀⠀⠀⠈⠚⠁⠀⠀⠀⠀⠀⢠⣿⣿⣿⣿⣧⠀⠀⠀⠀⠀⠀⠀⠀⢠⣾⣿⣿⣿⠁⠀⠀⠀⠀⠀⠀⠀[b]A P P R O V E D ![/b] ⠀⠀⠀⠀⠀⠀⠀⠀⠀⠀⠀⠀⣼⣿⣿⣿⣿⣿⠀⠀⠀⠀⠀⠀⠀⣰⣿⣿⣿⣿⣿⠀⠀⠀⠀⠀⠀⠀⠀ ⠀⠀⠀⠀⠀⠀⠀⠀⠀⠀⠀⢰⣿⣿⣿⣿⣿⣿⠀⠀⠀⠀⠀⢀⣾⣿⣿⣿⣿⣿⡇⠀⠀⠀⠀⠀⠀⠀⠀ ⠀⠀⠀⠀⠀⠀⠀⠀⠀⠀⢀⣿⣿⣿⣿⣿⣿⣿⣤⣄⣀⡀⣠⣿⣿⣿⣿⣿⣿⣿⠇⠀⠀⠀⠀⠀⠀⠀⠀ ⠀⠀⠀⠀⠀⠀⠀⠀⢀⣼⣿⣿⣿⣿⣿⣿⣿⣿⣿⣿⣿⣿⣿⣿⣿⣿⣿⣿⣿⣿⠀⠀⠀⠀⢸⠉⠉⢰⠂ ⠀⠀⠀⠀⠀⠀⠀⠀⣾⣿⣿⠟⠛⠙⠻⣿⣿⣿⣿⣿⣿⣿⣿⣿⣿⣿⣿⣿⣿⡏⠀⠀⠀⠀⡇⠀⡰⠃⠀ ⠀⠀⠀⠀⠀⠀⠀⢰⣿⣿⠃⠀⠀⢰⡆⢻⣿⣿⣿⣿⣿⡿⠛⠛⠻⣿⣿⣿⣿⠀⠀⠀⠀⢰⠁⡰⠁⠀⠀ ⠀⠀⠀⠀⣶⣦⣤⠘⣿⣿⣆⠀⠀⢿⠇⣼⣿⣿⣿⣿⠛⢸⡇⠀⠀⠙⣿⣿⣿⣇⠀⠀⠀⠈⠒⠁⠀⠀⠀ ⠀⠀⠀⠀⢀⣀⣁⠀⠻⣿⣿⣷⣦⣤⣶⣿⣿⣿⣿⣇⡀⣾⠃⠀⠀⢠⣿⣿⣿⡇⠀⡔⠒⠲⡄⠀⠀⠀⠀ ⠀⠀⠀⠘⠛⠋⠉⠀⠀⠈⠻⢿⣿⣿⣿⣿⣿⣿⣿⣿⣿⣶⣤⣤⣴⣾⣿⣿⠟⠀⠀⠱⠤⣀⠇⠀⠀⠀⠀ ⠀⠀⠀⠀⠀⠀⠀⠀⠀⠀⠀⠀⠈⠛⠻⢿⣿⣿⣿⣿⣿⣿⣿⣿⣿⡿⠟⠁⢀⣤⣀⠀⠀⠀⠀⠀⠀⠀⠀ ⠀⠀⠀⠀⠀⠀⠀⠀⠀⠀⠀⠀⠀⠀⠀⠀⠀⠈⠉⠉⠉⠉⠉⠉⠀⠀⣀⡀⠀⠉⠙⠓⠀⠀⠀⠀⠀⠀⠀ ⠀ ⠀⠀⠀⠀⠀⠀⠀⠀⠀⠀⠀⠀⠀⠀⠀⠀⠀⠀⠀⠀⠀⠀⠈⢻⠆⠀⠀⠀⠀⠀⠀⠀⠀⠀⠀⠀⠀⠀⠀⠀⠀⠀⠀⠀⠀⠀⠀⠀⠀⠀⠀⠀⠀⠀⠀⠀⠀⠀⠀⠀⠀⠀⠀⠀⠀⠀⠀ [hr][/hr] [h3][b]spoiler alert[/b][/h3] What makes this game even more disturbing is that it purposely references events that actually happened. Back in the 50s and 60s, CIA was responsible for several illegal experiments on people without their consent for ""military purposes"" under [b]Project MKUltra[/b], just like in the game... dosing them with drugs, conducting harsh interviews, and trying to implant false memories or break down minds for their own purpose, and even using all the UFO sightings events to misdirect attention and hide all that bs. [i]The Operator[/i] captures that exact atmosphere: the manipulation, the paranoia, the feeling that even your own thoughts might not be yours.",True,2025-09-10T00:36:20+00:00,2025-09-10T00:37:47+00:00,769.0,769.0,0.0,0.0,0.0,0.5,True,False,False,False,76561198154690284,,5.0,False,False,2008,230,12.816666666666666,12.816666666666666,10h+,positive
196206173,1771980,the-operator,The Operator,english,"the story line is great, but it feels like ""baby's first investigation"". So much unskippable content :(","the story line is great, but it feels like ""baby's first investigation"". So much unskippable content :(",False,2025-06-02T00:57:45+00:00,2025-06-02T00:57:45+00:00,50.0,50.0,0.0,0.0,0.0,0.4037558436393738,True,False,False,False,76561198125556873,,6.0,False,False,103,17,0.8333333333333334,0.8333333333333334,0-1h,negative
171752965,1771980,the-operator,The Operator,english,"I would prefer to give this game a 5/10, but unfortunately, that's not possible on Steam, so I’m rating it negatively for interested buyers to see.

I bought the game to unravel mysteries as an FBI operative—a game I could play for several hours. The gameplay mechanics are exactly what I was hoping for, but unfortunately, some of them are only used once throughout the entire game.
The story is extremely short, with a plot that becomes obvious within the first 40 minutes of gameplay. Seriously, 2 hours of gameplay for 14€? Not to meantion an ""Original Soundtrack"" for another 10€. If players could skip some dialogues and cutscenes, the game would only last 30 minutes. The story feels more like a detective TV show where everything is ""weird,"" ""doesn't make sense,"" and ""everything is interconnected.""

In summary:
+ The game mechanics are awesome! - Unfortunately, their potential is wasted on a simplistic story with a soap-opera-like plot seen more than thousands of times on TV.
+ The soundtrack (not bought), sound effects, and voice acting are excellent.
- The story is simple and feels rather sloppy (95% of the ideas went into coding and mechanics, 5% into the story). Perhaps it's due to the potential for a speedrunning community?
- When I calculate the ""price per hour"" of the main story, this game is undoubtedly the worst in my entire game library (7€ per hour (almost 12€ if you buy the ""original soundtrack""), including cutscenes and dialogues).
- The game has unskippable cutscenes (returning home), dialogues (the tutorial), and end credits, likely so that you can’t get a refund within the 2-hour Steam policy.
? If the sequel to this game will also be only 2 hours long, the developers might as well not even bother. It’s not worth the money.

If the game was a bit longer (at least 4 hours of a decent story), I would recommend it, but unfortunately, I can't.
Definitely buy it during a sale, just not now.","I would prefer to give this game a 5/10, but unfortunately, that's not possible on Steam, so I’m rating it negatively for interested buyers to see. I bought the game to unravel mysteries as an FBI operative—a game I could play for several hours. The gameplay mechanics are exactly what I was hoping for, but unfortunately, some of them are only used once throughout the entire game. The story is extremely short, with a plot that becomes obvious within the first 40 minutes of gameplay. Seriously, 2 hours of gameplay for 14€? Not to meantion an ""Original Soundtrack"" for another 10€. If players could skip some dialogues and cutscenes, the game would only last 30 minutes. The story feels more like a detective TV show where everything is ""weird,"" ""doesn't make sense,"" and ""everything is interconnected."" In summary: + The game mechanics are awesome! - Unfortunately, their potential is wasted on a simplistic story with a soap-opera-like plot seen more than thousands of times on TV. + The soundtrack (not bought), sound effects, and voice acting are excellent. - The story is simple and feels rather sloppy (95% of the ideas went into coding and mechanics, 5% into the story). Perhaps it's due to the potential for a speedrunning community? - When I calculate the ""price per hour"" of the main story, this game is undoubtedly the worst in my entire game library (7€ per hour (almost 12€ if you buy the ""original soundtrack""), including cutscenes and dialogues). - The game has unskippable cutscenes (returning home), dialogues (the tutorial), and end credits, likely so that you can’t get a refund within the 2-hour Steam policy. ? If the sequel to this game will also be only 2 hours long, the developers might as well not even bother. It’s not worth the money. If the game was a bit longer (at least 4 hours of a decent story), I would recommend it, but unfortunately, I can't. Definitely buy it during a sale, just not now.",False,2024-08-09T15:05:03+00:00,2024-08-09T15:05:03+00:00,312.0,154.0,0.0,25.0,0.0,0.5839067101478577,True,False,False,False,76561198162539324,,12.0,False,False,1929,334,5.2,2.566666666666667,1-3h,negative
187327103,1771980,the-operator,The Operator,english,"This game has so much going on that I would ideally like to praise but a lot of those same things are also why I didn't really enjoy it.  On the bright side it has a very clever user interface system I like where most of the game is controlled via a ""computer"", the puzzles range from really easy to more complicated, and the story has some creativity going on.  It's definitely somewhat interesting, very dialogue heavy, and I would not recommend if you're not a strong reader, lover of puzzle games, or if you like a lot of scenery or environment changes.

With that said, the user interface becomes tiring to interact with very quickly.  It's hard to convey a sense of importance or immediate action when most of the puzzles really come down to clicking and having a computer ""analyze"" random clues.  The puzzles don't scale well in difficulty nor do they feel like they have a good payoff - any skill you learn will either be used again and again because we have to have some way to drive the game or it's a one time use - why did we bother to spend so much time reworking the wheel for no reason? (Example slight spoiler: you will never need to analyze anything other than the one sample in the game).  The instructions are lacking a lot - they have a help button that is definitely useful but there's an element of figure it out here that at times seems un-necessary.  I really don't understand not sticking to more tried and true puzzle formats particularly because they would have felt more rewarding, helped the game, and surely been easier to execute with more precision.

The story is the last complaint I'm going to throw out there.  It's interesting and I want to be invested, however, it is rushed, let down by a lot of bad music and sound interaction, and I found myself uninvested in the characters including my own character frequently.  Any story is going to ask you to slightly engage in disbelief but if you're an analytical or practical thinker there is going to come a point where you realize this is almost like a bad tv fiction.  If you're ever watched a non believable show you enjoyed - something like bones comes to mind - this is taking the worse parts of we can rush a story, analysis, evidence, data, blah blah blah but without any of the charm of why it matters.

Interesting idea but a bit of a miss on execution for me and kind of a feeling of  . . .  why did I spend time on this? lol.","This game has so much going on that I would ideally like to praise but a lot of those same things are also why I didn't really enjoy it. On the bright side it has a very clever user interface system I like where most of the game is controlled via a ""computer"", the puzzles range from really easy to more complicated, and the story has some creativity going on. It's definitely somewhat interesting, very dialogue heavy, and I would not recommend if you're not a strong reader, lover of puzzle games, or if you like a lot of scenery or environment changes. With that said, the user interface becomes tiring to interact with very quickly. It's hard to convey a sense of importance or immediate action when most of the puzzles really come down to clicking and having a computer ""analyze"" random clues. The puzzles don't scale well in difficulty nor do they feel like they have a good payoff - any skill you learn will either be used again and again because we have to have some way to drive the game or it's a one time use - why did we bother to spend so much time reworking the wheel for no reason? (Example slight spoiler: you will never need to analyze anything other than the one sample in the game). The instructions are lacking a lot - they have a help button that is definitely useful but there's an element of figure it out here that at times seems un-necessary. I really don't understand not sticking to more tried and true puzzle formats particularly because they would have felt more rewarding, helped the game, and surely been easier to execute with more precision. The story is the last complaint I'm going to throw out there. It's interesting and I want to be invested, however, it is rushed, let down by a lot of bad music and sound interaction, and I found myself uninvested in the characters including my own character frequently. Any story is going to ask you to slightly engage in disbelief but if you're an analytical or practical thinker there is going to come a point where you realize this is almost like a bad tv fiction. If you're ever watched a non believable show you enjoyed - something like bones comes to mind - this is taking the worse parts of we can rush a story, analysis, evidence, data, blah blah blah but without any of the charm of why it matters. Interesting idea but a bit of a miss on execution for me and kind of a feeling of . . . why did I spend time on this? lol.",False,2025-02-06T20:22:41+00:00,2025-02-06T20:22:41+00:00,208.0,208.0,0.0,3.0,0.0,0.5358843207359314,True,False,False,False,76561199283114790,,1.0,False,False,2405,448,3.466666666666667,3.466666666666667,3-10h,negative
230495870,1771980,the-operator,The Operator,english,"I love this genre of games, the ""investigate things from the terminal"" genre. Unfortunately this may be the least favorite for me of the ones I played. The puzzles are either really easy or full of moon logic. The ending is so insanely obvious I thought they were setting a twist, but no they didn't. Also the ending and the credits is an example of fairly poor storytelling that I won't get into details over to avoid spoilers. It's only saving grace is that it is fairly short. I genuinely don't understand the high ratings.","I love this genre of games, the ""investigate things from the terminal"" genre. Unfortunately this may be the least favorite for me of the ones I played. The puzzles are either really easy or full of moon logic. The ending is so insanely obvious I thought they were setting a twist, but no they didn't. Also the ending and the credits is an example of fairly poor storytelling that I won't get into details over to avoid spoilers. It's only saving grace is that it is fairly short. I genuinely don't understand the high ratings.",False,2026-07-15T00:24:56+00:00,2026-07-15T00:24:56+00:00,750.0,750.0,0.0,9.0,1.0,0.5186577439308167,True,False,False,False,76561197972074934,,5.0,False,False,526,95,12.5,12.5,10h+,negative
188106067,1771980,the-operator,The Operator,english,"I loved the game, but it got difficult to me while on stream. Hopefully I can pick up where I left off soon! 

Here is my first run through. 

🕵️‍♂️🔍 Welcome to the FDI, Detective! 🔍🕵️‍♀️ The Operator Gameplay | Watch Sookie Play 💋
https://youtu.be/ZCAbgHIoGvg","I loved the game, but it got difficult to me while on stream. Hopefully I can pick up where I left off soon! Here is my first run through. 🕵️‍♂️🔍 Welcome to the FDI, Detective! 🔍🕵️‍♀️ The Operator Gameplay | Watch Sookie Play 💋 https://youtu.be/ZCAbgHIoGvg",True,2025-02-17T07:36:44+00:00,2025-02-17T07:36:44+00:00,46.0,46.0,0.0,0.0,0.0,0.5,True,False,False,False,76561199815440261,,103.0,False,False,256,45,0.7666666666666667,0.7666666666666667,0-1h,positive
170609655,1771980,the-operator,The Operator,english,"TLDR: Shorter title but worth the money since it's a good story and it's fun to play the forensics person instead of the usual detective for once. Will be keeping an eye out for future projects from the studio.

Finished in just a bit over two and a half hours, I'd recommend this game to anybody that wants a mystery game where you get to handle the forensic side of things. It's a bit on the shorter side but I'd gladly buy a sequel or a future project from this team if they make one, especially if it's in this style.

 I was expecting the terminal to end up being a bit more relevant after it starts being used but that might be because I was expecting the game to take a sharper turn then it actually did.

Overall the story is pretty good, I was expecting it to take a bit longer to expand the way it did but I'd rather have a 2 - 3 hour game with a good story then a game that drags on for 6 - 8 hours and drops the ball at the end after you've been waiting to see if all of the extra stuff was worth it. 




","TLDR: Shorter title but worth the money since it's a good story and it's fun to play the forensics person instead of the usual detective for once. Will be keeping an eye out for future projects from the studio. Finished in just a bit over two and a half hours, I'd recommend this game to anybody that wants a mystery game where you get to handle the forensic side of things. It's a bit on the shorter side but I'd gladly buy a sequel or a future project from this team if they make one, especially if it's in this style. I was expecting the terminal to end up being a bit more relevant after it starts being used but that might be because I was expecting the game to take a sharper turn then it actually did. Overall the story is pretty good, I was expecting it to take a bit longer to expand the way it did but I'd rather have a 2 - 3 hour game with a good story then a game that drags on for 6 - 8 hours and drops the ball at the end after you've been waiting to see if all of the extra stuff was worth it.",True,2024-07-24T07:09:40+00:00,2024-07-24T20:09:14+00:00,158.0,158.0,0.0,0.0,0.0,0.5,True,False,False,False,76561197991953493,,9.0,False,False,1008,206,2.6333333333333333,2.6333333333333333,1-3h,positive
217303203,1771980,the-operator,The Operator,english,"The Operator – 8/10 – A Tense and Captivating Dive into Espionage

The Operator is a stealth-driven, psychological thriller that plunges players into the shadowy world of covert operations, high-stakes intelligence, and moral ambiguity. With an engaging narrative and a compelling atmosphere, it combines tactical gameplay with deep narrative exploration, offering a gripping experience for fans of espionage games. While it may not reinvent the wheel, The Operator does a great job of delivering a tightly-paced, immersive story that keeps you on the edge of your seat.

In The Operator, you play as a field agent working for a secretive government agency, tasked with handling covert missions that blur the lines between right and wrong. The game is heavy on stealth and strategy, as you navigate through a series of complex scenarios—whether infiltrating a heavily guarded facility, gathering intelligence, or neutralizing a threat. The gameplay is tense and slow-paced, with an emphasis on thinking ahead, blending in with your surroundings, and making choices that can lead to either success or failure. It’s all about staying unseen, listening for clues, and using your limited resources wisely. The tension constantly builds as you wonder if you’ll be caught or if the consequences of your decisions will haunt you later on.

The game’s mechanics are simple but effective. You don’t have a full arsenal at your disposal like in many action-heavy titles, and that’s part of the charm. The focus here is on patience, strategy, and managing the few tools you have, whether it’s a silenced pistol or hacking equipment. The difficulty comes not from constant firefights but from the challenge of navigating through dangerous environments, avoiding detection, and managing the relationships and choices you make along the way.

One of The Operator’s strongest points is its atmosphere. The game does an excellent job of crafting a sense of isolation and tension, using sound design, lighting, and environment to its advantage. The dark, minimalist environments add to the oppressive mood, and the voice acting and soundtrack complement the sense of secrecy and paranoia that runs throughout the game. You always feel like you’re being watched, and every decision could push you deeper into the world of shadowy operatives and untrustworthy allies.

The narrative is intriguing and filled with twists, as you’ll often have to decide whether to follow orders or act according to your own moral compass. The story doesn’t just follow the usual espionage tropes—it explores themes of trust, betrayal, and the emotional toll of being part of a covert operation. The characters you meet, especially the ones you interact with the most, are well-written and add layers of complexity to the plot. The game gives you enough room to shape your own interpretation of events, but it doesn’t shy away from showing the darker consequences of a life lived in secrecy.

However, The Operator does have its shortcomings. The stealth mechanics, while solid, can feel repetitive at times, especially in the later levels where the pacing slows down significantly. There are also a few technical hiccups, like occasional AI pathfinding issues or moments when the game’s visuals don’t quite match the level of detail of the environments. Some players may also find the slower pace a bit tedious, particularly if they’re expecting a more action-packed experience.

8/10 – A Solid, Tense Espionage Experience
The Operator is a highly effective stealth game that delivers a tense, engaging experience for anyone who loves espionage narratives. While its mechanics might feel repetitive in certain sections, the atmosphere, story, and the moral complexity of the choices you make keep it captivating throughout. The game’s slow pace and emphasis on stealth give it a unique edge in a genre often dominated by faster-paced action. If you’re a fan of games that require patience and strategic thinking, The Operator will keep you hooked. It might not be perfect, but it’s a well-executed, atmospheric title that leaves a lasting impression.","The Operator – 8/10 – A Tense and Captivating Dive into Espionage The Operator is a stealth-driven, psychological thriller that plunges players into the shadowy world of covert operations, high-stakes intelligence, and moral ambiguity. With an engaging narrative and a compelling atmosphere, it combines tactical gameplay with deep narrative exploration, offering a gripping experience for fans of espionage games. While it may not reinvent the wheel, The Operator does a great job of delivering a tightly-paced, immersive story that keeps you on the edge of your seat. In The Operator, you play as a field agent working for a secretive government agency, tasked with handling covert missions that blur the lines between right and wrong. The game is heavy on stealth and strategy, as you navigate through a series of complex scenarios—whether infiltrating a heavily guarded facility, gathering intelligence, or neutralizing a threat. The gameplay is tense and slow-paced, with an emphasis on thinking ahead, blending in with your surroundings, and making choices that can lead to either success or failure. It’s all about staying unseen, listening for clues, and using your limited resources wisely. The tension constantly builds as you wonder if you’ll be caught or if the consequences of your decisions will haunt you later on. The game’s mechanics are simple but effective. You don’t have a full arsenal at your disposal like in many action-heavy titles, and that’s part of the charm. The focus here is on patience, strategy, and managing the few tools you have, whether it’s a silenced pistol or hacking equipment. The difficulty comes not from constant firefights but from the challenge of navigating through dangerous environments, avoiding detection, and managing the relationships and choices you make along the way. One of The Operator’s strongest points is its atmosphere. The game does an excellent job of crafting a sense of isolation and tension, using sound design, lighting, and environment to its advantage. The dark, minimalist environments add to the oppressive mood, and the voice acting and soundtrack complement the sense of secrecy and paranoia that runs throughout the game. You always feel like you’re being watched, and every decision could push you deeper into the world of shadowy operatives and untrustworthy allies. The narrative is intriguing and filled with twists, as you’ll often have to decide whether to follow orders or act according to your own moral compass. The story doesn’t just follow the usual espionage tropes—it explores themes of trust, betrayal, and the emotional toll of being part of a covert operation. The characters you meet, especially the ones you interact with the most, are well-written and add layers of complexity to the plot. The game gives you enough room to shape your own interpretation of events, but it doesn’t shy away from showing the darker consequences of a life lived in secrecy. However, The Operator does have its shortcomings. The stealth mechanics, while solid, can feel repetitive at times, especially in the later levels where the pacing slows down significantly. There are also a few technical hiccups, like occasional AI pathfinding issues or moments when the game’s visuals don’t quite match the level of detail of the environments. Some players may also find the slower pace a bit tedious, particularly if they’re expecting a more action-packed experience. 8/10 – A Solid, Tense Espionage Experience The Operator is a highly effective stealth game that delivers a tense, engaging experience for anyone who loves espionage narratives. While its mechanics might feel repetitive in certain sections, the atmosphere, story, and the moral complexity of the choices you make keep it captivating throughout. The game’s slow pace and emphasis on stealth give it a unique edge in a genre often dominated by faster-paced action. If you’re a fan of games that require patience and strategic thinking, The Operator will keep you hooked. It might not be perfect, but it’s a well-executed, atmospheric title that leaves a lasting impression.",True,2026-02-01T01:27:10+00:00,2026-02-01T01:27:10+00:00,201.0,201.0,0.0,0.0,0.0,0.5,False,False,False,False,76561198249137472,,56.0,False,False,4106,652,3.35,3.35,3-10h,positive
187838404,1771980,the-operator,The Operator,english,"Pretty short overall and that's a little disappointing. My playtime is inflated by leaving it running for a number of hours when I ran off to do other things. But overall fun and interesting. Not bad to grab at this price point.

Plot is pretty interesting and the gameplay is pretty fun. Unfortunately all the cases are exclusively focused on the main plot. It would have been interesting to have things a little more spread out and do either some generic cases or a much beefier plot because it feels like you're aggressively pushed into making bigger plot connections rather than uncovering them on your own. Usually filler is a negative but this game would absolutely have benefited from it. Similarly so for the freedom to explore more connections yourself.

It also struggles a little because you're given a few different tools but they're largely only used for one or two cases. Specifically the chemical analysis capability or bomb defusal but the vehicle one too. It would have been nice to have those elements used more and if there were some filler cases, it would have felt less forced.

It's a unique experience and fun to play. The concept works and I think it could be refined in subsequent games if the developer was so inclined.","Pretty short overall and that's a little disappointing. My playtime is inflated by leaving it running for a number of hours when I ran off to do other things. But overall fun and interesting. Not bad to grab at this price point. Plot is pretty interesting and the gameplay is pretty fun. Unfortunately all the cases are exclusively focused on the main plot. It would have been interesting to have things a little more spread out and do either some generic cases or a much beefier plot because it feels like you're aggressively pushed into making bigger plot connections rather than uncovering them on your own. Usually filler is a negative but this game would absolutely have benefited from it. Similarly so for the freedom to explore more connections yourself. It also struggles a little because you're given a few different tools but they're largely only used for one or two cases. Specifically the chemical analysis capability or bomb defusal but the vehicle one too. It would have been nice to have those elements used more and if there were some filler cases, it would have felt less forced. It's a unique experience and fun to play. The concept works and I think it could be refined in subsequent games if the developer was so inclined.",True,2025-02-13T20:20:31+00:00,2025-02-13T20:20:31+00:00,752.0,725.0,0.0,2.0,0.0,0.523809552192688,True,False,False,False,76561197970742427,,53.0,False,False,1242,216,12.533333333333333,12.083333333333334,10h+,positive
232846927,1771980,the-operator,The Operator,english,"The game was surprisingly shorter than I had expected it to be. It took me  about 3 hours to complete. At first the game and story were very engaging. I really enjoyed the idea of having access to pretty much all information and having the ability to do face and image scans from videos and photographs. However, it became a little less enjoyable as the actual storyline for the game kicked in pretty much full force when you meet the main character. You're then just forced to  jump through whatever hoops the game holds out in front of you whether you want or not. The investigation then becomes annoyingly predictable and the game becomes less fun. The way the trailer looked it seemed like you would be pretty busy and very involved in your workload, but you get maybe 2 work days of fun investigating. I'm honestly not sure if I would recommend this game at full price. I got it on sale for about $8 and would probably say it's worth about that if not less. This wouldve been so much cooler if there were more caseloads that didn't have anything to do with the story's 'hidden' agenda or just not as obvious about it. Even better if it had an completely separate option of play that was a set number of cases to try and solve just for fun. In the end, no, I don't think this is a good enough for $14. If you want it, get it on sale.","The game was surprisingly shorter than I had expected it to be. It took me about 3 hours to complete. At first the game and story were very engaging. I really enjoyed the idea of having access to pretty much all information and having the ability to do face and image scans from videos and photographs. However, it became a little less enjoyable as the actual storyline for the game kicked in pretty much full force when you meet the main character. You're then just forced to jump through whatever hoops the game holds out in front of you whether you want or not. The investigation then becomes annoyingly predictable and the game becomes less fun. The way the trailer looked it seemed like you would be pretty busy and very involved in your workload, but you get maybe 2 work days of fun investigating. I'm honestly not sure if I would recommend this game at full price. I got it on sale for about $8 and would probably say it's worth about that if not less. This wouldve been so much cooler if there were more caseloads that didn't have anything to do with the story's 'hidden' agenda or just not as obvious about it. Even better if it had an completely separate option of play that was a set number of cases to try and solve just for fun. In the end, no, I don't think this is a good enough for $14. If you want it, get it on sale.",False,2026-08-14T23:53:43+00:00,2026-08-14T23:53:43+00:00,169.0,169.0,0.0,0.0,0.0,0.5,True,False,False,False,76561198202225669,,2.0,False,False,1335,253,2.816666666666667,2.816666666666667,1-3h,negative
174748564,1771980,the-operator,The Operator,english,"This game has an interesting premise and it has been made well. The graphics are good and the audio is top notch in my books.

But unfortunately it's... hmm, how should I say it... easy? Or not even that, hand-heldy! Like, it doesn't really let you do much anything of worth outside of one high stakes scene that is timed. But that it not what 99% of the game is.

It's kinda like this game is backwards from what you would expect from a logic puzzle game. It's the Agents or other people that call you aka the NPC's aka the game itself that do most of the detective work. And you, the player, are the computer whose job is to do the tedious work of checking. You get one single question to answer from the field agent and the answer is never that hard to find. In fact it's almost never necessary to collect and compile information as an active researcher and there's basically no need to take notes. Most of the times you just click on the right, kinda obvious document and do the thing and then answer so the plot may thiccen.

And it's not like the setting of the game, you being the computer guy helping detectives in the field means it has to be boring. There could have been more you could do. But most of the intrigue in this game comes from chat interactions, not from actual action you get to do.

Like for example, there are two things that could have been so fun to get to use as active participant, as part of a larger puzzle YOU need to solve yourself, the chemical analysis software and the bomb defusing manual, that only get one use. And also, no love for the vehicle database, just for people database. But like, just being able to do more than to just find out an answer to one question at a time, being able to take notes and to make actual deductions? Would have been fun. Think of Mainlining as an example.

It's just that, there is so much promise. This game was instant purchase for me as soon as I found out about it, as a fan of mystery and ""hacking"" genre of games. But it just didn't really deliver what I hoped for. And I'm kinda bummed about it.","This game has an interesting premise and it has been made well. The graphics are good and the audio is top notch in my books. But unfortunately it's... hmm, how should I say it... easy? Or not even that, hand-heldy! Like, it doesn't really let you do much anything of worth outside of one high stakes scene that is timed. But that it not what 99% of the game is. It's kinda like this game is backwards from what you would expect from a logic puzzle game. It's the Agents or other people that call you aka the NPC's aka the game itself that do most of the detective work. And you, the player, are the computer whose job is to do the tedious work of checking. You get one single question to answer from the field agent and the answer is never that hard to find. In fact it's almost never necessary to collect and compile information as an active researcher and there's basically no need to take notes. Most of the times you just click on the right, kinda obvious document and do the thing and then answer so the plot may thiccen. And it's not like the setting of the game, you being the computer guy helping detectives in the field means it has to be boring. There could have been more you could do. But most of the intrigue in this game comes from chat interactions, not from actual action you get to do. Like for example, there are two things that could have been so fun to get to use as active participant, as part of a larger puzzle YOU need to solve yourself, the chemical analysis software and the bomb defusing manual, that only get one use. And also, no love for the vehicle database, just for people database. But like, just being able to do more than to just find out an answer to one question at a time, being able to take notes and to make actual deductions? Would have been fun. Think of Mainlining as an example. It's just that, there is so much promise. This game was instant purchase for me as soon as I found out about it, as a fan of mystery and ""hacking"" genre of games. But it just didn't really deliver what I hoped for. And I'm kinda bummed about it.",False,2024-09-11T18:16:48+00:00,2024-09-11T18:16:48+00:00,218.0,218.0,0.0,2.0,0.0,0.5330739617347717,True,False,False,False,76561198098079796,,6.0,False,False,2070,395,3.6333333333333333,3.6333333333333333,3-10h,negative
170668773,1771980,the-operator,The Operator,english,"Love this game so far! Big into investigating games and this genre.

Def has been worth the wait",Love this game so far! Big into investigating games and this genre. Def has been worth the wait,True,2024-07-25T00:52:35+00:00,2024-07-25T00:52:35+00:00,352.0,38.0,0.0,0.0,0.0,0.5,True,False,False,False,76561199487373924,,17.0,False,False,95,18,5.866666666666666,0.6333333333333333,0-1h,positive
200304249,1771980,the-operator,The Operator,english,"great little game. love the look of the computer interface, and the dynamic soundtrack when the plot goes all twisty-turny is fantastic along with some lovely visuals. i thought there would be a little bit more detective-ing and constructing a web of information from files and such, but it's more just a series of being asked for one piece of info and then finding it, then being asked for another. which isn't necessarily bad - i definitely enjoyed it, but it's an on-rails kind of game. i don't [i]think[/i] your choice of dialogue responses, how much to tell to who, etc. really makes much of a difference to events. which i'm okay with (i've spent enough time in the VN mines) but others might not be. maybe a little too short for the price, so wait for a sale, but otherwise recommend

(also discloses its use of ai, which is nice. i've seen bigger games use more and disclose less, so i don't have too much of a problem with this. honestly wonder why ai was even used tbh, it's just one image and it's entirely unnecessary, not even part of a case, so why have the ai stain on the store page?)","great little game. love the look of the computer interface, and the dynamic soundtrack when the plot goes all twisty-turny is fantastic along with some lovely visuals. i thought there would be a little bit more detective-ing and constructing a web of information from files and such, but it's more just a series of being asked for one piece of info and then finding it, then being asked for another. which isn't necessarily bad - i definitely enjoyed it, but it's an on-rails kind of game. i don't [i]think[/i] your choice of dialogue responses, how much to tell to who, etc. really makes much of a difference to events. which i'm okay with (i've spent enough time in the VN mines) but others might not be. maybe a little too short for the price, so wait for a sale, but otherwise recommend (also discloses its use of ai, which is nice. i've seen bigger games use more and disclose less, so i don't have too much of a problem with this. honestly wonder why ai was even used tbh, it's just one image and it's entirely unnecessary, not even part of a case, so why have the ai stain on the store page?)",True,2025-07-21T14:09:06+00:00,2025-07-21T14:09:06+00:00,155.0,155.0,0.0,0.0,0.0,0.5,True,False,False,False,76561199205379185,,44.0,False,False,1099,203,2.5833333333333335,2.5833333333333335,1-3h,positive
171624137,1771980,the-operator,The Operator,english,"[h1] Short and fun little deep state conspiracy game [/h1] 

First of all, this game is short.[b] VERY SHORT [/b]. It takes about 3-4 hours to complete, but the game tells the story it wants to tell in that time so it´s fine. 

[h3] Story 7/10 [/h3] 
The story is fine. It starts of strong, leaving you as the operator to figure out what you are doing and why you are doing it.
As soon as the story picks up the pace, the game is beginning to get more and more predictable. Sure, it makes sure to tell the story in a convincing way, but if the player has had any contact with books that follow similar plotlines or watched a few ""rogue agent fighting conspiracy"" movies you know where the plot is going and how the game will end. Ending was fine, a bit disappointing because the cut was fast and hard and resulted in a cliff hanger. To me it feels like the devs wrote a story thats about 10 hours long and just cut the game in half when they had the opportunity to do so, preparing the player for a future sequel.

[b] STORY SPOILERS [/b]
[spoiler] In my opinion the reveal that Mike Trench, our friend and FDI director, is the mole and head of the ""Operator Program"" was very predictable about half-way through  the game (ever since the Biolab incident and the player operator talking about ""baiting out the mole""). The Ghost was written in a very stereotypical bad guy hitman way: I dont have a name, my identity was erased. I know the truth but can not tell you. You can ask any question as long as it is not ""out of bounds"". Yeah, very corny and kinda cringy. In general, even though the way it is written is good and convincing for the most part, sometimes the game feels like the devs wanted to take the easy way out in a few situations (Player being Sasha Cole, Xavier actually being a friend of HAL, the Ghost just escaping like nothing happened and being able to interfere with HALs scripts...) But hey, for what it is, it´s a solid experience. [/spoiler] 

[h3] Music 7/10 [/h3] 
Pretty good, especially the main menu music. But not memorable. Just nice BGM. Not really worth paying for the OST imo but who am i to decide.

For me the games strong points are the art direction or visual direction in combination with the player interacting with the desktop. It really immerses you in your role as the operator and you really feel like you are investigating CCTV footage and sifting through documents to find small clues. The game really takes you out of this illusion by having to click the objective and then clicking the requested information. Not a fan of that, could have been integrated in a more smooth and immersive way. Audio design is great too, the voice acting feels believable enough and the sound effects are accurate and synced well. Nothing really to complain about there.

Overall it is a fun, short and interesting game with a few flaws that can be overlooked. Wait for a sale before you buy it though, for 3-4 hours of playtime it is just a bit too much (About 1€/$ per hour of playtime should be standard imo).","[h1] Short and fun little deep state conspiracy game [/h1] First of all, this game is short.[b] VERY SHORT [/b]. It takes about 3-4 hours to complete, but the game tells the story it wants to tell in that time so it´s fine. [h3] Story 7/10 [/h3] The story is fine. It starts of strong, leaving you as the operator to figure out what you are doing and why you are doing it. As soon as the story picks up the pace, the game is beginning to get more and more predictable. Sure, it makes sure to tell the story in a convincing way, but if the player has had any contact with books that follow similar plotlines or watched a few ""rogue agent fighting conspiracy"" movies you know where the plot is going and how the game will end. Ending was fine, a bit disappointing because the cut was fast and hard and resulted in a cliff hanger. To me it feels like the devs wrote a story thats about 10 hours long and just cut the game in half when they had the opportunity to do so, preparing the player for a future sequel. [b] STORY SPOILERS [/b] [spoiler] In my opinion the reveal that Mike Trench, our friend and FDI director, is the mole and head of the ""Operator Program"" was very predictable about half-way through the game (ever since the Biolab incident and the player operator talking about ""baiting out the mole""). The Ghost was written in a very stereotypical bad guy hitman way: I dont have a name, my identity was erased. I know the truth but can not tell you. You can ask any question as long as it is not ""out of bounds"". Yeah, very corny and kinda cringy. In general, even though the way it is written is good and convincing for the most part, sometimes the game feels like the devs wanted to take the easy way out in a few situations (Player being Sasha Cole, Xavier actually being a friend of HAL, the Ghost just escaping like nothing happened and being able to interfere with HALs scripts...) But hey, for what it is, it´s a solid experience. [/spoiler] [h3] Music 7/10 [/h3] Pretty good, especially the main menu music. But not memorable. Just nice BGM. Not really worth paying for the OST imo but who am i to decide. For me the games strong points are the art direction or visual direction in combination with the player interacting with the desktop. It really immerses you in your role as the operator and you really feel like you are investigating CCTV footage and sifting through documents to find small clues. The game really takes you out of this illusion by having to click the objective and then clicking the requested information. Not a fan of that, could have been integrated in a more smooth and immersive way. Audio design is great too, the voice acting feels believable enough and the sound effects are accurate and synced well. Nothing really to complain about there. Overall it is a fun, short and interesting game with a few flaws that can be overlooked. Wait for a sale before you buy it though, for 3-4 hours of playtime it is just a bit too much (About 1€/$ per hour of playtime should be standard imo).",True,2024-08-07T15:50:12+00:00,2024-08-07T15:54:39+00:00,291.0,291.0,0.0,0.0,0.0,0.5,True,False,False,False,76561198219429372,,10.0,False,False,3027,560,4.85,4.85,3-10h,positive
172199423,1771980,the-operator,The Operator,english,"[h3]This game is amazing!!  [/h3]

I'm afraid to share screenshots because nearly all of them would be a spoiler. (I found one I could share) I can't believe they finally made a detective like game that is interactive to this level and is this fun.  This is one of the best I've ever played. Sadly it's as short as this review. 


Would I buy the next one if they made another? YES YES YES :D

[b] Steam ""Notes"" can be helpful with these types of games [/b]
https://steamcommunity.com/sharedfiles/filedetails/?id=3304411182

And I'd like to add that this game has some achievements and they are pretty easy to get :D I know there's some achievement hunters. You may like this one :)

[i]Note: As always, please read other reviews. If looking for info whether they update or if there's issues, check out the community hub/discussions and look for ""announcements"" for update info. Often things can get rated high when it may not be for you. That's why I suggest reading other reviews. To get a better idea of what you are getting. :D [i]","[h3]This game is amazing!! [/h3] I'm afraid to share screenshots because nearly all of them would be a spoiler. (I found one I could share) I can't believe they finally made a detective like game that is interactive to this level and is this fun. This is one of the best I've ever played. Sadly it's as short as this review. Would I buy the next one if they made another? YES YES YES :D [b] Steam ""Notes"" can be helpful with these types of games [/b] https://steamcommunity.com/sharedfiles/filedetails/?id=3304411182 And I'd like to add that this game has some achievements and they are pretty easy to get :D I know there's some achievement hunters. You may like this one :) [i]Note: As always, please read other reviews. If looking for info whether they update or if there's issues, check out the community hub/discussions and look for ""announcements"" for update info. Often things can get rated high when it may not be for you. That's why I suggest reading other reviews. To get a better idea of what you are getting. :D [i]",True,2024-08-15T20:30:32+00:00,2024-08-15T20:42:01+00:00,975.0,975.0,0.0,20.0,0.0,0.6735712885856628,True,False,False,False,76561198063598162,,224.0,False,False,1026,181,16.25,16.25,10h+,positive
212519740,1771980,the-operator,The Operator,english,"The Operator is a 5/10 for me. I just didn’t like it, and the ending honestly pissed me off. It felt dumb. I went into this game thinking I’d be connecting the dots, using my brain, cracking a case, or at least acting like the man in the chair. I expected some detective-style depth, and yeah, I knew there’d be a story, but not this kind of story.

Gameplay & Expectations
I watched the trailer, played the demo, and at first I was excited. The gameplay itself was fun for what it was, and I thought it would build into something bigger. Instead, it just… ended. The ending was surprising, sure, but it wasn’t good. It left me feeling like all that build-up led nowhere.

Replay Value
There’s barely any replay value. No unlimited mode, no side content, nothing to keep you going after finishing the story. And if I remember correctly, there’s not much you can do to actually change the ending, so I had zero motivation to replay it.

Final Thoughts
It’s a fun little game on sale, but I’d recommend watching a video and playing the demo before you consider buying it. Once I beat it, I felt completely done with 
","The Operator is a 5/10 for me. I just didn’t like it, and the ending honestly pissed me off. It felt dumb. I went into this game thinking I’d be connecting the dots, using my brain, cracking a case, or at least acting like the man in the chair. I expected some detective-style depth, and yeah, I knew there’d be a story, but not this kind of story. Gameplay & Expectations I watched the trailer, played the demo, and at first I was excited. The gameplay itself was fun for what it was, and I thought it would build into something bigger. Instead, it just… ended. The ending was surprising, sure, but it wasn’t good. It left me feeling like all that build-up led nowhere. Replay Value There’s barely any replay value. No unlimited mode, no side content, nothing to keep you going after finishing the story. And if I remember correctly, there’s not much you can do to actually change the ending, so I had zero motivation to replay it. Final Thoughts It’s a fun little game on sale, but I’d recommend watching a video and playing the demo before you consider buying it. Once I beat it, I felt completely done with",False,2025-12-04T03:11:58+00:00,2025-12-04T03:11:58+00:00,156.0,156.0,0.0,2.0,0.0,0.5037887096405029,True,False,False,False,76561199273537647,,7.0,False,False,1110,204,2.6,2.6,1-3h,negative
231569994,1771980,the-operator,The Operator,english,"I have depression. Playing games is one of a few ways I try to take my mind off of things that would typically worsen that depression, something that is proving exceptionally more difficult at the time of this writing. I actively avoid media that would obviously worsen that depression. I keep up on my anti-depression meds. This is how I take care of myself.

People are free to enjoy the media that they enjoy, and some people will, and have, really enjoyed this game. I won't fault people for that. As much as I hate to say it, I think I'm probably a case study for why some things need content warnings, because I'm going to be carrying this game's ending with me now and I really wish I didn't have to carry that on top of everything else I deal with on a day-to-day basis.

That said, I will not be directly spoiling anything. I went in blind, which if you're like me, I strongly advise you not to do. Watch a playthrough, or preferably just read up on the community posts first. Those'll mostly tell you all you need to know whether this is a game you'll be able to enjoy or not.

All that aside, the investigative gameplay was great, but a little lacking. They introduce tools and mechanics you use once and never again, which feels like a lot of wasted potential.

Again, if you're like me and prefer to play games to escape having to dwell on all the problems with real life, I advise you to give this game a pass and instead, pick up Scrutinized and play it on Detective Mode. Similar gameplay without reminding you quite as much about how much you really hate some aspects of the world you live in.

I think if I weren't in the mental state I'm in, I probably would have enjoyed the game more, and even appreciated the ending more. It is certainly realistic. It wraps up exactly how I would expect this scenario to end in the real world. I think that's why I hate it. It's just reaffirmation that good things don't actually happen to good people. Something I was already well aware of, and really didn't need a reminder.","I have depression. Playing games is one of a few ways I try to take my mind off of things that would typically worsen that depression, something that is proving exceptionally more difficult at the time of this writing. I actively avoid media that would obviously worsen that depression. I keep up on my anti-depression meds. This is how I take care of myself. People are free to enjoy the media that they enjoy, and some people will, and have, really enjoyed this game. I won't fault people for that. As much as I hate to say it, I think I'm probably a case study for why some things need content warnings, because I'm going to be carrying this game's ending with me now and I really wish I didn't have to carry that on top of everything else I deal with on a day-to-day basis. That said, I will not be directly spoiling anything. I went in blind, which if you're like me, I strongly advise you not to do. Watch a playthrough, or preferably just read up on the community posts first. Those'll mostly tell you all you need to know whether this is a game you'll be able to enjoy or not. All that aside, the investigative gameplay was great, but a little lacking. They introduce tools and mechanics you use once and never again, which feels like a lot of wasted potential. Again, if you're like me and prefer to play games to escape having to dwell on all the problems with real life, I advise you to give this game a pass and instead, pick up Scrutinized and play it on Detective Mode. Similar gameplay without reminding you quite as much about how much you really hate some aspects of the world you live in. I think if I weren't in the mental state I'm in, I probably would have enjoyed the game more, and even appreciated the ending more. It is certainly realistic. It wraps up exactly how I would expect this scenario to end in the real world. I think that's why I hate it. It's just reaffirmation that good things don't actually happen to good people. Something I was already well aware of, and really didn't need a reminder.",False,2026-07-29T06:37:37+00:00,2026-07-30T04:13:12+00:00,229.0,229.0,0.0,1.0,0.0,0.4545454680919647,True,False,False,False,76561198025381480,,7.0,False,False,2027,377,3.816666666666667,3.816666666666667,3-10h,negative
170605744,1771980,the-operator,The Operator,english,A very nice detective game!,A very nice detective game!,True,2024-07-24T05:35:17+00:00,2024-07-24T05:35:17+00:00,49.0,35.0,0.0,0.0,0.0,0.5,True,False,False,False,76561198080125456,,136.0,False,False,27,5,0.8166666666666667,0.5833333333333334,0-1h,positive
221307986,1771980,the-operator,The Operator,english,"Man, what a stunning game. I don't usually sit through credits, but I had to for this one because I wanted to appreciate every person who helped create this masterpiece. It was stunning from start to end and I enjoyed every second. Finished it in one sitting because I simply couldn't step away.  Bought as a part of a bundle deal and I have never been more glad for an impulsive choice. I guessed the main twist way before the reveal, but there were things even I didn't guess, and took me off guard at the plot twist, but makes so much sense, the foreshadowing is incredible in this game and the control of information is stunning. The writing is incredible and this is a truly fascinating and wonderful story. I enjoyed it so so much, I love this style of information gathering game so dearly, and especially this one, as it doesn't hold your hand and force feed you the answers through it, but allows a mechanism to help you out if you get stuck. A perfect balance. I highly suggest this game to anyone who likes investigation games, anything like hypnospace outlaw or such enjoyers will love this too.","Man, what a stunning game. I don't usually sit through credits, but I had to for this one because I wanted to appreciate every person who helped create this masterpiece. It was stunning from start to end and I enjoyed every second. Finished it in one sitting because I simply couldn't step away. Bought as a part of a bundle deal and I have never been more glad for an impulsive choice. I guessed the main twist way before the reveal, but there were things even I didn't guess, and took me off guard at the plot twist, but makes so much sense, the foreshadowing is incredible in this game and the control of information is stunning. The writing is incredible and this is a truly fascinating and wonderful story. I enjoyed it so so much, I love this style of information gathering game so dearly, and especially this one, as it doesn't hold your hand and force feed you the answers through it, but allows a mechanism to help you out if you get stuck. A perfect balance. I highly suggest this game to anyone who likes investigation games, anything like hypnospace outlaw or such enjoyers will love this too.",True,2026-03-21T19:42:24+00:00,2026-03-21T19:42:24+00:00,174.0,174.0,0.0,0.0,0.0,0.5,True,False,False,False,76561199029367862,,3.0,False,False,1105,201,2.9,2.9,1-3h,positive
229145106,1771980,the-operator,The Operator,english,"Yet another case where a ""neutral"" review option would be a great feature on steam.

The Operator is somewhat summed up as an detective esk simulator game where the bulk of the gamelay loop is behind your desk, gathering evidence & solving cases by connecting the dots. It was clearly inspired by games such as Orwell: Keeping An Eye On You, Song of Farca and the likes, so if that's up your alley you'll most likely also enjoy this one.

Though: an unfortunate difference between those games and this one is both the depth & usage of the built in systems/tools at your disposal, the very linear story, and the playtime of the game. Starting with the latter, a normal playthrough of the game sits around 2 to 3 hours. As the game is very linear in terms of choices you can make (the choices only change a few minor responses, there is only a singular ending and your choices don't affect this) there is not really a great reason to replay the game unless you're going for all achievements; as some are missable on a first playthrough.

Which makes the price, +-14EUR (without sale, as of writing this), a complicated point.

Apart from the playtime, the game makes up for it by the amazing voice acting (not AI generated), _amazing_ polished look and feel (you can clearly see a lot of love and thought were poured into this) and really interesting scenes (artistic direction wise) splattered between days. All in all, really good experience and amazing opener; especially for an indie developer. (there are some minor complaints such as the chat stealing your focus when having to make a choice preventing you from typing in a different window, but nothing game breaking.) -- Just in the end wished with this much work & love put into it, the story was a tad longer.

My final gripe was the somewhat limited use and complexity of the tools given to you. It goes hand in hand with the point about playtime, because how else would you utilize a lab analysis tool or terminal if not by expanding the story. There were tools that looked really interesting, but are in the end just used once; which is a shame really. The times you do utilize them are fun and all feel unique.

So. All in all, a really solid game that I see more so as a foundation for something bigger. It at times feels more like a demo than an full game story wise. If you don't mind the price for what you're getting, and games like orwell are up your alley; you'll enjoy this one. But it may be better to wait for the operator 2 (which is currently in development!) or play a similar game if you're looking for a longer story or if you don't prefer the linear story style of this game.


In the end I'd give it a 6.5/10. Absolutely loved what it had, but left me wanting more. Wunderforce described it perfectly in another review: ""Clearly the quality is top-notch but it's a bit baffling someone would put so much work into something so short. This makes it almost feel like a long demo.""","Yet another case where a ""neutral"" review option would be a great feature on steam. The Operator is somewhat summed up as an detective esk simulator game where the bulk of the gamelay loop is behind your desk, gathering evidence & solving cases by connecting the dots. It was clearly inspired by games such as Orwell: Keeping An Eye On You, Song of Farca and the likes, so if that's up your alley you'll most likely also enjoy this one. Though: an unfortunate difference between those games and this one is both the depth & usage of the built in systems/tools at your disposal, the very linear story, and the playtime of the game. Starting with the latter, a normal playthrough of the game sits around 2 to 3 hours. As the game is very linear in terms of choices you can make (the choices only change a few minor responses, there is only a singular ending and your choices don't affect this) there is not really a great reason to replay the game unless you're going for all achievements; as some are missable on a first playthrough. Which makes the price, +-14EUR (without sale, as of writing this), a complicated point. Apart from the playtime, the game makes up for it by the amazing voice acting (not AI generated), _amazing_ polished look and feel (you can clearly see a lot of love and thought were poured into this) and really interesting scenes (artistic direction wise) splattered between days. All in all, really good experience and amazing opener; especially for an indie developer. (there are some minor complaints such as the chat stealing your focus when having to make a choice preventing you from typing in a different window, but nothing game breaking.) -- Just in the end wished with this much work & love put into it, the story was a tad longer. My final gripe was the somewhat limited use and complexity of the tools given to you. It goes hand in hand with the point about playtime, because how else would you utilize a lab analysis tool or terminal if not by expanding the story. There were tools that looked really interesting, but are in the end just used once; which is a shame really. The times you do utilize them are fun and all feel unique. So. All in all, a really solid game that I see more so as a foundation for something bigger. It at times feels more like a demo than an full game story wise. If you don't mind the price for what you're getting, and games like orwell are up your alley; you'll enjoy this one. But it may be better to wait for the operator 2 (which is currently in development!) or play a similar game if you're looking for a longer story or if you don't prefer the linear story style of this game. In the end I'd give it a 6.5/10. Absolutely loved what it had, but left me wanting more. Wunderforce described it perfectly in another review: ""Clearly the quality is top-notch but it's a bit baffling someone would put so much work into something so short. This makes it almost feel like a long demo.""",True,2026-06-29T11:50:14+00:00,2026-06-29T11:50:14+00:00,389.0,389.0,0.0,0.0,0.0,0.5,True,False,False,False,76561198088598550,,6.0,False,False,2949,539,6.483333333333333,6.483333333333333,3-10h,positive
173742871,1771980,the-operator,The Operator,english,"I don't do this much.. But this game... WOW. How incredibly thorough and perfectly insane was this game. The twists and turns made me stock to my chair. I'll be honest, at the start of this game I though it was just going to be a chill game with a few twists that were most likely easy to guess. But man was I wrong, and I am so glad I was. This game quickly became one of my top 3 favourite psychological detective games (maybe even my most favourite). I wish I could go back and replay this for the first time. I hope they do more of this. TAKE. MY. MONEY. A sequel to this, or even a PREQUEL would make my little feet kick in the air. I am so blown away by this absolute perfection, thank you so much for making this game. I hope (HOPEEEEEEEEEEEEEEEE) to see more games like this in the future, I can't tell you how excited I already am for whatever you guys come up with next.","I don't do this much.. But this game... WOW. How incredibly thorough and perfectly insane was this game. The twists and turns made me stock to my chair. I'll be honest, at the start of this game I though it was just going to be a chill game with a few twists that were most likely easy to guess. But man was I wrong, and I am so glad I was. This game quickly became one of my top 3 favourite psychological detective games (maybe even my most favourite). I wish I could go back and replay this for the first time. I hope they do more of this. TAKE. MY. MONEY. A sequel to this, or even a PREQUEL would make my little feet kick in the air. I am so blown away by this absolute perfection, thank you so much for making this game. I hope (HOPEEEEEEEEEEEEEEEE) to see more games like this in the future, I can't tell you how excited I already am for whatever you guys come up with next.",True,2024-08-29T18:24:19+00:00,2024-08-29T18:24:19+00:00,697.0,697.0,0.0,1.0,0.0,0.523809552192688,True,False,False,False,76561198447464456,,2.0,False,False,880,175,11.616666666666667,11.616666666666667,10h+,positive
170539463,1771980,the-operator,The Operator,english,"Guys, just don't buy this game. All positive reviews are either paid or bots. The game is extremely dumb, the plot is dumb and you have no choice but to follow this parade of stupidity, because it doesn't matter what you as a player saw, analyzed and wanted to answer in the investigation, the important thing is that the GAME ALLOWS YOU to see, analyze and respond. And since the main character is a complete moron, the game is linear, and you as a player cannot make normal decisions, because the game won't let you do it, this generates a lot of facepalms and aggression. Well, you've probably felt something like this in some stupid movie, where the hero does something very stupid and you facepalm and shout from the couch --- YOU'RE A FUCKING IDIOT, why are you doing this? This basically describes this whole game.","Guys, just don't buy this game. All positive reviews are either paid or bots. The game is extremely dumb, the plot is dumb and you have no choice but to follow this parade of stupidity, because it doesn't matter what you as a player saw, analyzed and wanted to answer in the investigation, the important thing is that the GAME ALLOWS YOU to see, analyze and respond. And since the main character is a complete moron, the game is linear, and you as a player cannot make normal decisions, because the game won't let you do it, this generates a lot of facepalms and aggression. Well, you've probably felt something like this in some stupid movie, where the hero does something very stupid and you facepalm and shout from the couch --- YOU'RE A FUCKING IDIOT, why are you doing this? This basically describes this whole game.",False,2024-07-23T09:12:58+00:00,2024-07-23T09:12:58+00:00,131.0,131.0,0.0,16.0,1.0,0.5840105414390564,True,False,False,True,76561199702541724,,1.0,False,False,821,147,2.183333333333333,2.183333333333333,1-3h,negative
187717444,1771980,the-operator,The Operator,english,"I don't think this game is quite what I expected. It's a style of game I'd love to see more of. But while I still mostly enjoyed my time with it, I'm left wanting more.

The story itself is interesting and has enough of those classic thriller movie twist and turns to keep you engaged throughout. Role-playing the ""man in the chair"" is pretty fun, and you have a few moments that deliver on that promise, at least from a narrative standpoint.

After playing this through once, you'd think the game had multiple endings. You are left wondering if maybe there's some way to correct your mistakes and change the outcome. That is not the case. The ending is pretty bleak, comes pretty quickly (the game itself only being a few hours long at most), and doesn't bring the story to a proper close. I can do without a ""good ending"", but there's a disappointing lack of closure here.

Broadly speaking, The Operator fails to deliver on the use of ""detective skills"" it says you'll need in the game's description. You definitely interact with a computer and run a few faux-terminal commands, but most of the time you're just finding a name or a face by clicking the a button that Zoom-Enhances a video CSI style. It sure looks like you're doing the work, but none of it is very challenging and it all feels a little superficial.

There's maybe one section that raises the difficulty and that's because it puts you on a timer and forces you to read an instruction manual. It's the first and only challenging moment the game offers. It was actually a pretty good moment, and the game could have done with a few more scenes this.

I'd not recommend this game to fans of puzzle games who are looking for a challenge, but it's still a fun journey if you want to spend a few hours in the world of a thriller movie. Just don't expect a satisfying ending.
","I don't think this game is quite what I expected. It's a style of game I'd love to see more of. But while I still mostly enjoyed my time with it, I'm left wanting more. The story itself is interesting and has enough of those classic thriller movie twist and turns to keep you engaged throughout. Role-playing the ""man in the chair"" is pretty fun, and you have a few moments that deliver on that promise, at least from a narrative standpoint. After playing this through once, you'd think the game had multiple endings. You are left wondering if maybe there's some way to correct your mistakes and change the outcome. That is not the case. The ending is pretty bleak, comes pretty quickly (the game itself only being a few hours long at most), and doesn't bring the story to a proper close. I can do without a ""good ending"", but there's a disappointing lack of closure here. Broadly speaking, The Operator fails to deliver on the use of ""detective skills"" it says you'll need in the game's description. You definitely interact with a computer and run a few faux-terminal commands, but most of the time you're just finding a name or a face by clicking the a button that Zoom-Enhances a video CSI style. It sure looks like you're doing the work, but none of it is very challenging and it all feels a little superficial. There's maybe one section that raises the difficulty and that's because it puts you on a timer and forces you to read an instruction manual. It's the first and only challenging moment the game offers. It was actually a pretty good moment, and the game could have done with a few more scenes this. I'd not recommend this game to fans of puzzle games who are looking for a challenge, but it's still a fun journey if you want to spend a few hours in the world of a thriller movie. Just don't expect a satisfying ending.",False,2025-02-11T18:06:33+00:00,2025-02-11T18:06:33+00:00,258.0,258.0,0.0,44.0,0.0,0.7514675259590149,True,False,False,False,76561198040374750,,2.0,False,False,1832,335,4.3,4.3,3-10h,negative
173117764,1771980,the-operator,The Operator,english,"A 1990's-era X-Files-inspired game, you play as the titular Operator, one of many multi-talented personell tasked with assisting the agents of the Federal Department of Investigation (FDI), the fictional counterpart to the US FBI and, eventually, uncover a strange conspiracy.

The voice acting is excellent, really bringing life to all the characters. The puzzles are all logical and clever, especially if you keep track of prior cases.

The story is also excellent. It's only ~2 hours long, but it feels much longer than that, not because of padding, but because it manages to pack in a lot of meaningful intrigue and story beats in those 2 hours. It also has some excellent twists.

Would definitely recommend!

[spoiler]If you've played the game and found the ending lacking, good news: the end is not the end. All you need to continue the story is a web browser, a number found in a folder you can unlock earlier than normal with the right knowledge, and a key piece of information hidden in the Steam store page Metal Gear Style 1-style.[/spoiler]","A 1990's-era X-Files-inspired game, you play as the titular Operator, one of many multi-talented personell tasked with assisting the agents of the Federal Department of Investigation (FDI), the fictional counterpart to the US FBI and, eventually, uncover a strange conspiracy. The voice acting is excellent, really bringing life to all the characters. The puzzles are all logical and clever, especially if you keep track of prior cases. The story is also excellent. It's only ~2 hours long, but it feels much longer than that, not because of padding, but because it manages to pack in a lot of meaningful intrigue and story beats in those 2 hours. It also has some excellent twists. Would definitely recommend! [spoiler]If you've played the game and found the ending lacking, good news: the end is not the end. All you need to continue the story is a web browser, a number found in a folder you can unlock earlier than normal with the right knowledge, and a key piece of information hidden in the Steam store page Metal Gear Style 1-style.[/spoiler]",True,2024-08-23T16:10:52+00:00,2024-08-23T16:10:52+00:00,171.0,171.0,0.0,0.0,0.0,0.5,True,False,False,False,76561198306227128,,174.0,False,False,1049,177,2.85,2.85,1-3h,positive
170526045,1771980,the-operator,The Operator,english,"TL;DR: This game is a 3-hour long visual novel with not-that-meaningful choices, good music and sound effects, narration, and an interesting but short linear story line. 0 replay-ability.

The nice things:

[spoiler]1. The cutscenes where the game shows you that time has passed is nice. The subtle drug-taking noises and coughing noises makes a good addition. Even though there is no real graphics here, it shows that the developers put in a lot of efforts in making the game immersive.
2. The interface and UI, especially the keyboard noises you make when you are typing, makes me reminiscent of a time when I wasn't even alive. It just feels nice to type things and click on things.
3. Narration is good, not crazy impressive, but good. That's a hard bar to pass by my standards.
4. Mechanics are nice, problem solving feels rewarding, visual and audio clues are subtle yet noticeable.[/spoiler]

The first playthrough of the game is amazing, but there are a few nick-picking things.

[spoiler]1. Agents not reacting differently when you call them by their first names instead of their last names.
2. During the first interaction with HAL, I chose to report her to my supervisor. And after the second one, I ratted her out again because I felt even if she helped me she is still wanted for good reasons. Even when I ratted her out twice, she still choose to help me with mellow tones and such. I'd expect some type of pissed-off-but-still-have-to-work-with-you type of attitude. (This can be explained with later plots but, a pissed-off reaction would've been nice, it would feel like the game recognized my choices.)
3. During the agent Andrews infiltration event, the security camera added immersion but served little to no purpose. She could complete her task no matter what, and even though we spotted for her to avoid the walking personnel, it didn't seem to matter because the guy didn't do anything when he literally saw her in the first pass.
4. I just finished my second playthrough, this game has 0 replay-ability. Everything is the same, your choices don't matter where the story goes, Tanner will always die in the end. I guess its building for a potential sequal.
5. The game teased the true identity of the Mike waaaaaay too easy. As the head of the entire secret service unit, you would go ahead and call 'your friend' during work through secured line just chatting? Also, he lied about having a wife while his files show that he is single. Meanwhile the game constantly push how weird Skinner is but they exposed the lead on Mike way too early and way too easily.[/spoiler]

Finally, if you have finished the game.
[spoiler]Can anyone tell me what 25000100193555 means? This code is written in the ALICE file in your trashbin if you open the folder before HAL gives you the code. If you open it again after HAL gives you the code it updates to the usual letter from Alice. The code doesn't open any files in the HDD, I wonder what its used for, its the only remaining mystery in this game for me.[/spoiler]","TL;DR: This game is a 3-hour long visual novel with not-that-meaningful choices, good music and sound effects, narration, and an interesting but short linear story line. 0 replay-ability. The nice things: [spoiler]1. The cutscenes where the game shows you that time has passed is nice. The subtle drug-taking noises and coughing noises makes a good addition. Even though there is no real graphics here, it shows that the developers put in a lot of efforts in making the game immersive. 2. The interface and UI, especially the keyboard noises you make when you are typing, makes me reminiscent of a time when I wasn't even alive. It just feels nice to type things and click on things. 3. Narration is good, not crazy impressive, but good. That's a hard bar to pass by my standards. 4. Mechanics are nice, problem solving feels rewarding, visual and audio clues are subtle yet noticeable.[/spoiler] The first playthrough of the game is amazing, but there are a few nick-picking things. [spoiler]1. Agents not reacting differently when you call them by their first names instead of their last names. 2. During the first interaction with HAL, I chose to report her to my supervisor. And after the second one, I ratted her out again because I felt even if she helped me she is still wanted for good reasons. Even when I ratted her out twice, she still choose to help me with mellow tones and such. I'd expect some type of pissed-off-but-still-have-to-work-with-you type of attitude. (This can be explained with later plots but, a pissed-off reaction would've been nice, it would feel like the game recognized my choices.) 3. During the agent Andrews infiltration event, the security camera added immersion but served little to no purpose. She could complete her task no matter what, and even though we spotted for her to avoid the walking personnel, it didn't seem to matter because the guy didn't do anything when he literally saw her in the first pass. 4. I just finished my second playthrough, this game has 0 replay-ability. Everything is the same, your choices don't matter where the story goes, Tanner will always die in the end. I guess its building for a potential sequal. 5. The game teased the true identity of the Mike waaaaaay too easy. As the head of the entire secret service unit, you would go ahead and call 'your friend' during work through secured line just chatting? Also, he lied about having a wife while his files show that he is single. Meanwhile the game constantly push how weird Skinner is but they exposed the lead on Mike way too early and way too easily.[/spoiler] Finally, if you have finished the game. [spoiler]Can anyone tell me what 25000100193555 means? This code is written in the ALICE file in your trashbin if you open the folder before HAL gives you the code. If you open it again after HAL gives you the code it updates to the usual letter from Alice. The code doesn't open any files in the HDD, I wonder what its used for, its the only remaining mystery in this game for me.[/spoiler]",True,2024-07-23T03:59:07+00:00,2024-07-23T06:54:51+00:00,301.0,187.0,0.0,0.0,0.0,0.5,True,False,False,False,76561198163562551,,13.0,False,False,3020,526,5.016666666666667,3.1166666666666667,3-10h,positive
176694786,1771980,the-operator,The Operator,english,"4/5

If you're a fan of games like 'Papers, Please' then you should check this game out.

Gameplay is really fun, having you find connections between cases and uncovering clues to unlock encrypted drives. Story was great, and definitely kept me engaged through the whole game. Some twists are a bit obvious, while other ones completely shocked me, though it made the experience better.

My only complaint is that this wasn't longer with more stuff to do. There's a specific timed mission you have near the end involving Agent Pendell that's probably the highlight in regards to problem-solving in this game. I was also really saddened by the ending, so I hope a sequel in the works to resolve all the questions that came up after that.","4/5 If you're a fan of games like 'Papers, Please' then you should check this game out. Gameplay is really fun, having you find connections between cases and uncovering clues to unlock encrypted drives. Story was great, and definitely kept me engaged through the whole game. Some twists are a bit obvious, while other ones completely shocked me, though it made the experience better. My only complaint is that this wasn't longer with more stuff to do. There's a specific timed mission you have near the end involving Agent Pendell that's probably the highlight in regards to problem-solving in this game. I was also really saddened by the ending, so I hope a sequel in the works to resolve all the questions that came up after that.",True,2024-10-09T13:37:11+00:00,2024-10-09T13:37:11+00:00,834.0,833.0,0.0,0.0,0.0,0.5,True,False,False,False,76561199078048062,,8.0,False,False,732,127,13.9,13.883333333333333,10h+,positive
185497680,1771980,the-operator,The Operator,english,"The gameplay was unique and fun though the puzzles were fairly straightforward and simple. The actual product was polished and well presented. I figured the puzzles would get more difficult and the examination and clue connection more complex. However, the game just ended. It was maybe two hours of play - a little more. Not enough to justify the price. Felt more like demo length. The story was good, though it didn't take long to figure out the ""mystery"" or at least a portion of it. Still, I would have totally gone along with it because the game was smooth and paced well - until it abruptly ends. Anyway, I would not recommend buying despite its promise because it was so short.","The gameplay was unique and fun though the puzzles were fairly straightforward and simple. The actual product was polished and well presented. I figured the puzzles would get more difficult and the examination and clue connection more complex. However, the game just ended. It was maybe two hours of play - a little more. Not enough to justify the price. Felt more like demo length. The story was good, though it didn't take long to figure out the ""mystery"" or at least a portion of it. Still, I would have totally gone along with it because the game was smooth and paced well - until it abruptly ends. Anyway, I would not recommend buying despite its promise because it was so short.",False,2025-01-13T07:54:36+00:00,2025-01-13T07:54:36+00:00,165.0,165.0,0.0,2.0,0.0,0.501968502998352,True,False,False,False,76561198798267438,,11.0,False,False,684,122,2.75,2.75,1-3h,negative
186479638,1771980,the-operator,The Operator,english,"The game really was not what I expected. From the store page, I thought it would be fairly puzzle focused, with a lot of scanning evidence and connecting dots. But in reality, it plays out more like a visual novel with some very simple puzzles thrown in. There were multiple elements that seemed like they would be recurring features, but were used a single time and never again. Many pieces of evidence are teased, but are never actually shown before the game ends. The game feels like it ends *way* too quickly. It took me just over three hours to finish. I'm fine with shorter games, but there's so much potential here that goes nowhere because the game ends so soon.

On the plus side, the presentation is great. Despite mostly being a computer screen, the visuals have a certain flare to them that leans into the setting. The soundtrack compliments the narrative at every step, swelling at big reveals and calming down after tense moments. And the voice actors give solid performances. No complaints on this aspect.

As for the narrative, it's fairly compelling. You can definitely see a lot of the twists coming before they happen, but the presentation makes it interesting to see play out regardless. That being said, it again suffers from being too short. You're meant to be unraveling a big conspiracy over the course of the game, but by the time it's over, it feels like you've barely stuck your toes in. I was invested in what was happening, had just had a big reveal, and then... suddenly the credits are rolling.

There are definitely things to like about this game, but I have a hard time recommending it, especially if your mostly here for that ""Investigation"" tag. It's too short, too easy, and doesn't quite live up to what it says on the box. It feels like a demo for a larger game, but I kind of just wanted the larger game to begin with.","The game really was not what I expected. From the store page, I thought it would be fairly puzzle focused, with a lot of scanning evidence and connecting dots. But in reality, it plays out more like a visual novel with some very simple puzzles thrown in. There were multiple elements that seemed like they would be recurring features, but were used a single time and never again. Many pieces of evidence are teased, but are never actually shown before the game ends. The game feels like it ends *way* too quickly. It took me just over three hours to finish. I'm fine with shorter games, but there's so much potential here that goes nowhere because the game ends so soon. On the plus side, the presentation is great. Despite mostly being a computer screen, the visuals have a certain flare to them that leans into the setting. The soundtrack compliments the narrative at every step, swelling at big reveals and calming down after tense moments. And the voice actors give solid performances. No complaints on this aspect. As for the narrative, it's fairly compelling. You can definitely see a lot of the twists coming before they happen, but the presentation makes it interesting to see play out regardless. That being said, it again suffers from being too short. You're meant to be unraveling a big conspiracy over the course of the game, but by the time it's over, it feels like you've barely stuck your toes in. I was invested in what was happening, had just had a big reveal, and then... suddenly the credits are rolling. There are definitely things to like about this game, but I have a hard time recommending it, especially if your mostly here for that ""Investigation"" tag. It's too short, too easy, and doesn't quite live up to what it says on the box. It feels like a demo for a larger game, but I kind of just wanted the larger game to begin with.",False,2025-01-26T18:57:55+00:00,2025-01-26T18:57:55+00:00,216.0,216.0,0.0,5.0,0.0,0.5538307428359985,True,False,False,False,76561198049850294,,1.0,False,False,1854,332,3.6,3.6,3-10h,negative
174495160,1771980,the-operator,The Operator,english,"Honestly this is one of the best indie story-driven games I've played in a LONG time. Fans of the X-Files will absolutely love this. I haven't been so emotionally invested in a short game since Papers Please. 
My only ""complaint"" is that I finished the game in 2.5 hours. Was it worth it? Yes! The only thing I wish is that it had more random missions with field agents that weren't related to the bigger story. I loved the mechanics of detective work from analyzing footage to using lab equipment. I would love to see additions in the future with just random cases popping up. 
I'm sad it's over because it'll never hit the same as the first playthrough, but absolutely worth the price. Super immersive (must play with headphones!) and great gameplay mechanics.","Honestly this is one of the best indie story-driven games I've played in a LONG time. Fans of the X-Files will absolutely love this. I haven't been so emotionally invested in a short game since Papers Please. My only ""complaint"" is that I finished the game in 2.5 hours. Was it worth it? Yes! The only thing I wish is that it had more random missions with field agents that weren't related to the bigger story. I loved the mechanics of detective work from analyzing footage to using lab equipment. I would love to see additions in the future with just random cases popping up. I'm sad it's over because it'll never hit the same as the first playthrough, but absolutely worth the price. Super immersive (must play with headphones!) and great gameplay mechanics.",True,2024-09-08T04:37:45+00:00,2024-09-08T04:37:45+00:00,157.0,157.0,0.0,0.0,0.0,0.5,True,False,False,False,76561198383082343,,10.0,False,False,760,134,2.6166666666666667,2.6166666666666667,1-3h,positive
185508893,1771980,the-operator,The Operator,english,"TL;DR
Overall a solid, if short, experience. If you like games similar to Killer Frequency, Hypnospace Outlaw, or even Papers Please, you will enjoy this. I felt the story was paced well enough and presented well enough to keep my interest to the end. My only complaints are the length of the game, a lack of content, and I had the story fairly well figured out before the climax. The puzzles were well put together, for the most part, but none of them felt difficult and I completed them pretty quickly, and enjoyed doing so. For 15$ I think it's worth your time if you're looking for a few hours to kill doing detective work. On sale I definitely recommend it.

GAMEPLAY:
The gameplay is pretty simplistic. As stated above similar to the likes of Hypnospace Outlaw where you navigate a computer system using different apps and given information (files) to solve puzzles. The puzzles themselves I felt weren't overly difficult, but done well enough to definitely have me pay more attention to various things. They also do a great job with handling a few very important plot points in the game. One section, in particular, did get me rather anxious. Overall it does its job well, and I enjoyed pretty much all of it. The only problem I had overall with gameplay was the lack of content. It gives you some interesting tools to utilize, then just sort of forgets about them.

SOUND:
I really enjoyed what they did with this game. The music really fit the moments and added some flair to various points in the game. The ambient sound and environmental sounds are also done VERY well to play parts in the game. It may not blow your mind, but I appreciate the amount of effort they put forth in this front. The soundtrack is quite good.

STORY:
They do a good job giving a good detective story to play out. You may or may not figure out the twists and turns it will take. Unfortunately I had some of the big reveals pegged within the first hour. On the other hand, I still enjoyed it enough to keep going. It won't blow your mind or take you into the depths of the universe they created; it gives you what it needs to, and executes it well. I don't care if a story blows my mind, so long as I have fun experiencing it, which I did here.

As a side note for the story, they did do a great job with a few moments of making them actually very tense. My only complaint, as stated above, is that it felt too short.


IN CONCLUSION:
The Operator is a solid entry into this detective-like puzzle-solving Operating System-simulator genre. I enjoyed my time with it, I do enjoy the mechanics of utilizing a computer in game to solve various puzzles with information that is available, but you have to search for. While sort, it didn't overstay its welcome and accomplished what it set out to do. I will greatly look forward to another game of this style if they decide to do one!","TL;DR Overall a solid, if short, experience. If you like games similar to Killer Frequency, Hypnospace Outlaw, or even Papers Please, you will enjoy this. I felt the story was paced well enough and presented well enough to keep my interest to the end. My only complaints are the length of the game, a lack of content, and I had the story fairly well figured out before the climax. The puzzles were well put together, for the most part, but none of them felt difficult and I completed them pretty quickly, and enjoyed doing so. For 15$ I think it's worth your time if you're looking for a few hours to kill doing detective work. On sale I definitely recommend it. GAMEPLAY: The gameplay is pretty simplistic. As stated above similar to the likes of Hypnospace Outlaw where you navigate a computer system using different apps and given information (files) to solve puzzles. The puzzles themselves I felt weren't overly difficult, but done well enough to definitely have me pay more attention to various things. They also do a great job with handling a few very important plot points in the game. One section, in particular, did get me rather anxious. Overall it does its job well, and I enjoyed pretty much all of it. The only problem I had overall with gameplay was the lack of content. It gives you some interesting tools to utilize, then just sort of forgets about them. SOUND: I really enjoyed what they did with this game. The music really fit the moments and added some flair to various points in the game. The ambient sound and environmental sounds are also done VERY well to play parts in the game. It may not blow your mind, but I appreciate the amount of effort they put forth in this front. The soundtrack is quite good. STORY: They do a good job giving a good detective story to play out. You may or may not figure out the twists and turns it will take. Unfortunately I had some of the big reveals pegged within the first hour. On the other hand, I still enjoyed it enough to keep going. It won't blow your mind or take you into the depths of the universe they created; it gives you what it needs to, and executes it well. I don't care if a story blows my mind, so long as I have fun experiencing it, which I did here. As a side note for the story, they did do a great job with a few moments of making them actually very tense. My only complaint, as stated above, is that it felt too short. IN CONCLUSION: The Operator is a solid entry into this detective-like puzzle-solving Operating System-simulator genre. I enjoyed my time with it, I do enjoy the mechanics of utilizing a computer in game to solve various puzzles with information that is available, but you have to search for. While sort, it didn't overstay its welcome and accomplished what it set out to do. I will greatly look forward to another game of this style if they decide to do one!",True,2025-01-13T12:45:20+00:00,2025-01-13T12:45:20+00:00,180.0,180.0,0.0,0.0,0.0,0.5,True,False,False,False,76561198009131273,,68.0,False,False,2859,525,3.0,3.0,3-10h,positive
178233922,1771980,the-operator,The Operator,english,"It wasnt bad - very linear story line, would have been nice to have multiple ending where the choices you make affect the games outcome (at least then you would have some incentive to play multiple times) some of the challenges are quite hard, which is great if you like a challenge - but some were a bit far reaching I guess would be the best way to describe them. 
I really didnt like the blurry cut scenes, which you cant skip - neither can you skip conversation or chat with Hal, so the pacing can be really slow. But the story was interesting and the detective work is fun.","It wasnt bad - very linear story line, would have been nice to have multiple ending where the choices you make affect the games outcome (at least then you would have some incentive to play multiple times) some of the challenges are quite hard, which is great if you like a challenge - but some were a bit far reaching I guess would be the best way to describe them. I really didnt like the blurry cut scenes, which you cant skip - neither can you skip conversation or chat with Hal, so the pacing can be really slow. But the story was interesting and the detective work is fun.",True,2024-11-02T12:43:34+00:00,2024-11-02T12:43:34+00:00,606.0,606.0,0.0,0.0,0.0,0.5,True,False,False,False,76561199016045930,,1.0,False,False,577,110,10.1,10.1,10h+,positive
