review_id,steam_app_id,game_key,game_name,language,review_text_raw,review_text_clean,recommended,created_at,updated_at,playtime_forever_minutes,playtime_at_review_minutes,playtime_last_two_weeks_minutes,votes_up,votes_funny,weighted_vote_score,steam_purchase,received_for_free,written_during_early_access,refunded,author_steam_id,author_num_games_owned,author_num_reviews,is_empty,is_very_short,review_length_chars,review_length_words,playtime_forever_hours,playtime_at_review_hours,playtime_segment,overall_sentiment
197608756,1771980,the-operator,The Operator,english,"Hello developers,

I just finished playing your game on the Switch, and I immediately bought the Steam version to add to my library. The game's atmosphere and narrative pacing really drew me in, and the background music was perfectly fitting. Because of this, I'm happy to leave a positive review, though it also left me with higher expectations.

 [spoiler]
The game is about four hours long, and playing it felt more like watching a movie. However, as a game, it offered too few choices for the player. During my play through, I tried to deliberately not answer the supervisor's calls or even pretended to be a 'good kid' to see if there was a way to betray HAL. But the game didn't give me any more options. I believe that in an interactive story game, player choices and their consequences are its true charm and what keeps players engaged.
The bomb disposal segment really stood out. I felt a strong sense of immersion and genuinely enjoyed being able to help someone. It's a shame that, probably due to the game's length, such a brilliant sequence only happened once.
The core puzzle was very cleverly designed, and its reveal was absolutely an adrenaline rush. I completely understand what you, as developers, wanted players to feel with that ending—the horror, the profound sense of melancholy, the sadness for the characters, and the lingering regret that a bigger enemy wasn't truly dealt with. However, even after experiencing all that, I still wished players could help the characters achieve a good ending. I truly love these characters.
Overall, this is a fantastic game! I really hope to play more from you in the future!
[/spoiler]","Hello developers, I just finished playing your game on the Switch, and I immediately bought the Steam version to add to my library. The game's atmosphere and narrative pacing really drew me in, and the background music was perfectly fitting. Because of this, I'm happy to leave a positive review, though it also left me with higher expectations. [spoiler] The game is about four hours long, and playing it felt more like watching a movie. However, as a game, it offered too few choices for the player. During my play through, I tried to deliberately not answer the supervisor's calls or even pretended to be a 'good kid' to see if there was a way to betray HAL. But the game didn't give me any more options. I believe that in an interactive story game, player choices and their consequences are its true charm and what keeps players engaged. The bomb disposal segment really stood out. I felt a strong sense of immersion and genuinely enjoyed being able to help someone. It's a shame that, probably due to the game's length, such a brilliant sequence only happened once. The core puzzle was very cleverly designed, and its reveal was absolutely an adrenaline rush. I completely understand what you, as developers, wanted players to feel with that ending—the horror, the profound sense of melancholy, the sadness for the characters, and the lingering regret that a bigger enemy wasn't truly dealt with. However, even after experiencing all that, I still wished players could help the characters achieve a good ending. I truly love these characters. Overall, this is a fantastic game! I really hope to play more from you in the future! [/spoiler]",True,2025-06-19T11:00:19+00:00,2025-06-25T07:10:06+00:00,53.0,53.0,0.0,15.0,0.0,0.6787500977516174,True,False,False,False,76561198204300568,,2.0,False,False,1644,281,0.8833333333333333,0.8833333333333333,0-1h,positive
179145082,1771980,the-operator,The Operator,english,"I want to give this an honest review, because although I enjoyed it and the game does have a lot of potential, there are some setbacks to it as well.

Positives:
-The gameplay is fun and paced well. It never felt boring or slow, and the storyline was intriguing and kept me interested throughout.
-The detective work was interesting, but not too challenging. Other than [spoiler] the bomb defusing puzzle which was super annoying and convoluted out of nowhere and with a time limit that made it even worse [/spoiler] I could progress easily without feeling like it was too simple.
-The game's ui was easy to use and had nice to look at.

Negatives:
-It's well written, but really short. As you can tell from my playtime, it moved super quickly. While the story was still satisfying for the most part, it felt like it ended prematurely due to the short length. I would have liked to have seen at least a few more days worth of gameplay.
-The ending felt, to me, very unsatisfying. [spoiler] Although I'm sure, given the after credits scene, this is meant to be a cliff hanger for the next game, the way it ended just left me feeling like all the work I had done was meaningless and therefore the game had been meaningless. That's not to say the ending was all bad or should be completely changed. But, for example, if it had ended with one person being apprehended, or something similar to give some sense of conclusion, it would have been a lot better. As it is, I finished it somewhat annoyed. As if I had wasted all that effort for no reward, and an unfinished storyline. [/spoiler] This criticism is somewhat of a personal opinion, I know, but it really soured my view of the game at the end. Which was a shame, because up until that very moment I was super engrossed in the story and really enjoying it.

Overall, I enjoyed the gameplay and story right up until the final minute. So I would recommend the game, if you got it on sale or don't mind that it is very short, and you aren't put off by the thought of an abrupt ending. I think this studio did a great job producing it though and telling a story, and look forward to their next game. I only hope their next ending will feel a bit more satisfying for the player.","I want to give this an honest review, because although I enjoyed it and the game does have a lot of potential, there are some setbacks to it as well. Positives: -The gameplay is fun and paced well. It never felt boring or slow, and the storyline was intriguing and kept me interested throughout. -The detective work was interesting, but not too challenging. Other than [spoiler] the bomb defusing puzzle which was super annoying and convoluted out of nowhere and with a time limit that made it even worse [/spoiler] I could progress easily without feeling like it was too simple. -The game's ui was easy to use and had nice to look at. Negatives: -It's well written, but really short. As you can tell from my playtime, it moved super quickly. While the story was still satisfying for the most part, it felt like it ended prematurely due to the short length. I would have liked to have seen at least a few more days worth of gameplay. -The ending felt, to me, very unsatisfying. [spoiler] Although I'm sure, given the after credits scene, this is meant to be a cliff hanger for the next game, the way it ended just left me feeling like all the work I had done was meaningless and therefore the game had been meaningless. That's not to say the ending was all bad or should be completely changed. But, for example, if it had ended with one person being apprehended, or something similar to give some sense of conclusion, it would have been a lot better. As it is, I finished it somewhat annoyed. As if I had wasted all that effort for no reward, and an unfinished storyline. [/spoiler] This criticism is somewhat of a personal opinion, I know, but it really soured my view of the game at the end. Which was a shame, because up until that very moment I was super engrossed in the story and really enjoying it. Overall, I enjoyed the gameplay and story right up until the final minute. So I would recommend the game, if you got it on sale or don't mind that it is very short, and you aren't put off by the thought of an abrupt ending. I think this studio did a great job producing it though and telling a story, and look forward to their next game. I only hope their next ending will feel a bit more satisfying for the player.",True,2024-11-16T12:57:49+00:00,2024-11-16T12:57:49+00:00,164.0,164.0,0.0,0.0,0.0,0.5,True,False,False,False,76561198167330403,,214.0,False,False,2221,412,2.7333333333333334,2.7333333333333334,1-3h,positive
186267468,1771980,the-operator,The Operator,english,"I recommend it ... but with some qualifications. 

So, the presentation is excellent. Really builds a strong atmosphere of mystery. There are points when you really feel like you're an operator for a field agent uncovering a major conspiracy. The game does a very good job of doing that. Some of the puzzles took some thinking. They're not super-difficult, but they all make sense in the context of the game and there's not a lot of handholding. Overall, I like how it's all presented.

However ... what I didn't realize is that this is more visual novel than a true puzzle game. It's not a pure visual novel - there is some genuine gameplay here. And that gameplay is pretty good. But ultimately, the gameplay is to trigger the next scene. You can't really ""fail"" - or at least, you can't fail in a way that will affect the story.

I had believed the game to be a puzzler in the vein of Obra Dinn or Orwell. And I would say the gameplay is as good in part. But after a while, I could ""see the rails"" - see that at its core, it's a visual novel.

However, that's not why I was disappointed.

The bigger problem I had with the game is that I felt it was ... too short. Not in terms of game length - but in terms of the plot. It felt like it ended right when the plot was getting interesting. 

Putting spoilers on anything further:
[spoiler]Where the game ends, when the intrigue is getting intense and the identity twist is revealed ... I felt almost like that's where the real story is starting. 

Up until this point, our protagonist has just been faceless tech guy who doesn't have a role in the story - and suddenly now we understand how he ties into the conspiracy. And we also understand just what kind of terrible enemy we're up against. 

With this dramatic twist, we now understand the protagonist and his role in the story - as well as true nature and threat of the antagonist that he faces. The stakes have been made clear. The die is cast, the point of no return is reached. 

The question is, what happens now? What does our protagonist do with his new forbidden knowledge? And how can he defeat this terrible enemy?... but instead - the story unceremoniously ends right there. Not only is it kind of a bummer of an ending - but it feels like you stopped telling me this story exactly at the point where it became interesting. Right at the point where things had fully shifted from ""Government Bureau Employee Simulator"" to ""Global Spy Conspiracy Thriller"". Our agency has revealed they're evil and they betrayed us, we're gonna go rogue, and take the conspiracy down .... no, wait, actually, that's the end. [/spoiler] 
 
[spoiler]It'd be like if moments after Jason Bourne realized that he was a secret agent and that assassins were trying to kill him ... he just died and the movie ended.

Or, to use a videogame equivalent - it'd be like if right when it's revealed that Doki Doki Literature Club is not actually an anime dating sim ... the game just ended.

There's no resolution. The story feels incomplete. If anything, this feels like it should be the prologue to the real plot. Like a teaser that gives us a glimpse of ""OMG these guys are really bad"". 

Actually, at the end, when it shifts to HAL's perspective - I thought that was where the real game was about to begin. like, ""Twist, Tanner dies in the prologue! You're actually playing as HAL. How will HAL defeat the Organization?"" ... But then the credits rolled.[/spoiler] 
 
[spoiler]Part of the problem was that I figured out the twist long before it was revealed. I wasn't being clever, either - it was clear from the opening cutscene that we were not playing as some anonymous rando. We are obviously someone who is involved with this conspiracy in some way. As events played out, the only possibilities were either (a) you were secretly one of the missing people or (b) you were secretly the Ghost. When it became clear you weren't the Ghost ... well, there's only one missing person who we know by name, so that must be you.[/spoiler] 
 
I will say I was thoroughly engaged up until the ending. Even when it started to become clear that the story was more on rails that I'd hoped - I didn't mind because the presentation was so good and the story had me hooked. 

But when it ended ... I felt very disappointed because I was like, ""Wait, we're ending it here? That's it?""

So I guess that's my recommend. It's a very well-done experience and the devs clearly were doing something right to keep me gripped. I intended to just try the game for a bit and ended up finishing it in one setting. But it really surprised me that it ended where it did.","I recommend it ... but with some qualifications. So, the presentation is excellent. Really builds a strong atmosphere of mystery. There are points when you really feel like you're an operator for a field agent uncovering a major conspiracy. The game does a very good job of doing that. Some of the puzzles took some thinking. They're not super-difficult, but they all make sense in the context of the game and there's not a lot of handholding. Overall, I like how it's all presented. However ... what I didn't realize is that this is more visual novel than a true puzzle game. It's not a pure visual novel - there is some genuine gameplay here. And that gameplay is pretty good. But ultimately, the gameplay is to trigger the next scene. You can't really ""fail"" - or at least, you can't fail in a way that will affect the story. I had believed the game to be a puzzler in the vein of Obra Dinn or Orwell. And I would say the gameplay is as good in part. But after a while, I could ""see the rails"" - see that at its core, it's a visual novel. However, that's not why I was disappointed. The bigger problem I had with the game is that I felt it was ... too short. Not in terms of game length - but in terms of the plot. It felt like it ended right when the plot was getting interesting. Putting spoilers on anything further: [spoiler]Where the game ends, when the intrigue is getting intense and the identity twist is revealed ... I felt almost like that's where the real story is starting. Up until this point, our protagonist has just been faceless tech guy who doesn't have a role in the story - and suddenly now we understand how he ties into the conspiracy. And we also understand just what kind of terrible enemy we're up against. With this dramatic twist, we now understand the protagonist and his role in the story - as well as true nature and threat of the antagonist that he faces. The stakes have been made clear. The die is cast, the point of no return is reached. The question is, what happens now? What does our protagonist do with his new forbidden knowledge? And how can he defeat this terrible enemy?... but instead - the story unceremoniously ends right there. Not only is it kind of a bummer of an ending - but it feels like you stopped telling me this story exactly at the point where it became interesting. Right at the point where things had fully shifted from ""Government Bureau Employee Simulator"" to ""Global Spy Conspiracy Thriller"". Our agency has revealed they're evil and they betrayed us, we're gonna go rogue, and take the conspiracy down .... no, wait, actually, that's the end. [/spoiler] [spoiler]It'd be like if moments after Jason Bourne realized that he was a secret agent and that assassins were trying to kill him ... he just died and the movie ended. Or, to use a videogame equivalent - it'd be like if right when it's revealed that Doki Doki Literature Club is not actually an anime dating sim ... the game just ended. There's no resolution. The story feels incomplete. If anything, this feels like it should be the prologue to the real plot. Like a teaser that gives us a glimpse of ""OMG these guys are really bad"". Actually, at the end, when it shifts to HAL's perspective - I thought that was where the real game was about to begin. like, ""Twist, Tanner dies in the prologue! You're actually playing as HAL. How will HAL defeat the Organization?"" ... But then the credits rolled.[/spoiler] [spoiler]Part of the problem was that I figured out the twist long before it was revealed. I wasn't being clever, either - it was clear from the opening cutscene that we were not playing as some anonymous rando. We are obviously someone who is involved with this conspiracy in some way. As events played out, the only possibilities were either (a) you were secretly one of the missing people or (b) you were secretly the Ghost. When it became clear you weren't the Ghost ... well, there's only one missing person who we know by name, so that must be you.[/spoiler] I will say I was thoroughly engaged up until the ending. Even when it started to become clear that the story was more on rails that I'd hoped - I didn't mind because the presentation was so good and the story had me hooked. But when it ended ... I felt very disappointed because I was like, ""Wait, we're ending it here? That's it?"" So I guess that's my recommend. It's a very well-done experience and the devs clearly were doing something right to keep me gripped. I intended to just try the game for a bit and ended up finishing it in one setting. But it really surprised me that it ended where it did.",True,2025-01-24T03:28:58+00:00,2025-01-24T03:40:32+00:00,221.0,221.0,0.0,0.0,0.0,0.5,True,False,False,False,76561197964871634,,10.0,False,False,4599,842,3.683333333333333,3.683333333333333,3-10h,positive
217379699,1771980,the-operator,The Operator,english,"The Operator, developed by Bureau 81 and published by Bureau 81 together with indienova, is a tightly focused narrative puzzle game that transforms the quiet, procedural work of intelligence analysis into a tense and engaging thriller. Rather than placing players in the role of an action hero or field agent, the game casts them as a desk-bound operator, someone whose power comes not from physical presence but from information, observation, and deduction. This shift in perspective defines the entire experience, creating a game that feels intimate, cerebral, and deliberately restrained.

You play as Evan Tanner, a newly recruited operator working for the fictional Federal Department of Intelligence. Your job is to support agents in the field by analysing data, processing evidence, and drawing connections that others might miss. The game unfolds almost entirely through Evan’s workstation, presented as a simulated computer desktop filled with databases, analysis tools, messaging systems, and case files. This interface-driven approach immediately sets the tone: instead of cinematic spectacle, The Operator relies on immersion through routine, making the player feel like they are genuinely sitting at a government terminal late at night, piecing together fragments of truth.

Gameplay revolves around solving a series of cases that gradually escalate in complexity and importance. Early tasks feel procedural—identifying suspects, tracing movements, or cross-referencing records—but as the story unfolds, patterns begin to emerge and the stakes rise. Players are required to closely read documents, examine photos and videos, search databases, and interpret subtle clues hidden in plain sight. The puzzles reward attentiveness and logical reasoning, often asking players to synthesize information from multiple sources rather than relying on a single obvious answer. When a breakthrough occurs, it feels earned, the result of careful thought rather than trial and error.

As the narrative progresses, the game shifts from isolated casework into a broader conspiracy. A mysterious hacker begins to interfere with FDI systems, raising questions about surveillance, authority, and the reliability of the information you’re working with. This transition adds narrative tension without abandoning the game’s grounded tone. The story remains largely linear, but it is effectively paced, allowing suspense to build gradually as seemingly unrelated assignments reveal deeper connections. Dialogue and character interactions are understated, delivered through calls, messages, and system prompts rather than dramatic cutscenes, which reinforces the feeling that you are always working behind the scenes.

One of the game’s greatest strengths is how convincingly it uses its interface as both a storytelling and gameplay tool. Every window, search bar, and analysis program feels purposeful, and learning how to use these tools becomes part of the experience. While some mechanics are simplified or exaggerated for gameplay purposes, they remain believable within the fiction, maintaining immersion. The design encourages players to slow down, double-check assumptions, and think critically—mistakes often stem from overlooking details rather than misunderstanding mechanics.

Visually, The Operator embraces a minimalist, utilitarian aesthetic inspired by older operating systems and institutional software. The interface is dense but readable, intentionally lacking visual flair in favor of authenticity. This design choice may feel dry to some players, but it suits the game’s themes perfectly, emphasizing bureaucracy, control, and the monotony of surveillance work. Subtle audio cues, ambient hums, and restrained music enhance tension without distracting from concentration, allowing the player’s focus to remain on the task at hand.

In terms of pacing, the game strikes a careful balance. It is compact, typically completed in a handful of hours, but it avoids feeling rushed. Each case builds naturally on the last, and the increasing narrative weight keeps momentum strong. The linear structure limits replayability, as choices rarely branch into significantly different outcomes, but this also allows the developers to maintain tight narrative control and deliver a coherent, focused story without filler.

Community reception reflects appreciation for the game’s originality and execution. Players who enjoy detective work, mystery narratives, and “games on a computer” style experiences frequently praise its atmosphere and puzzle design. Criticism tends to focus on its short length, limited player agency, and occasional moments where immersion is broken by game-like constraints. Even so, these issues rarely overshadow the strengths of the experience, particularly for players aligned with its intended audience.

Taken as a whole, The Operator is a confident and distinctive narrative puzzle game that finds tension in observation rather than action. It succeeds by committing fully to its premise, turning data analysis and desk work into compelling gameplay through thoughtful design and strong thematic focus. While it may not appeal to players seeking open-ended systems or high replay value, it offers a memorable, tightly constructed experience for those who enjoy slow-burn storytelling, logical deduction, and the quiet unease of uncovering truths from behind a screen.

Rating: 9/10","The Operator, developed by Bureau 81 and published by Bureau 81 together with indienova, is a tightly focused narrative puzzle game that transforms the quiet, procedural work of intelligence analysis into a tense and engaging thriller. Rather than placing players in the role of an action hero or field agent, the game casts them as a desk-bound operator, someone whose power comes not from physical presence but from information, observation, and deduction. This shift in perspective defines the entire experience, creating a game that feels intimate, cerebral, and deliberately restrained. You play as Evan Tanner, a newly recruited operator working for the fictional Federal Department of Intelligence. Your job is to support agents in the field by analysing data, processing evidence, and drawing connections that others might miss. The game unfolds almost entirely through Evan’s workstation, presented as a simulated computer desktop filled with databases, analysis tools, messaging systems, and case files. This interface-driven approach immediately sets the tone: instead of cinematic spectacle, The Operator relies on immersion through routine, making the player feel like they are genuinely sitting at a government terminal late at night, piecing together fragments of truth. Gameplay revolves around solving a series of cases that gradually escalate in complexity and importance. Early tasks feel procedural—identifying suspects, tracing movements, or cross-referencing records—but as the story unfolds, patterns begin to emerge and the stakes rise. Players are required to closely read documents, examine photos and videos, search databases, and interpret subtle clues hidden in plain sight. The puzzles reward attentiveness and logical reasoning, often asking players to synthesize information from multiple sources rather than relying on a single obvious answer. When a breakthrough occurs, it feels earned, the result of careful thought rather than trial and error. As the narrative progresses, the game shifts from isolated casework into a broader conspiracy. A mysterious hacker begins to interfere with FDI systems, raising questions about surveillance, authority, and the reliability of the information you’re working with. This transition adds narrative tension without abandoning the game’s grounded tone. The story remains largely linear, but it is effectively paced, allowing suspense to build gradually as seemingly unrelated assignments reveal deeper connections. Dialogue and character interactions are understated, delivered through calls, messages, and system prompts rather than dramatic cutscenes, which reinforces the feeling that you are always working behind the scenes. One of the game’s greatest strengths is how convincingly it uses its interface as both a storytelling and gameplay tool. Every window, search bar, and analysis program feels purposeful, and learning how to use these tools becomes part of the experience. While some mechanics are simplified or exaggerated for gameplay purposes, they remain believable within the fiction, maintaining immersion. The design encourages players to slow down, double-check assumptions, and think critically—mistakes often stem from overlooking details rather than misunderstanding mechanics. Visually, The Operator embraces a minimalist, utilitarian aesthetic inspired by older operating systems and institutional software. The interface is dense but readable, intentionally lacking visual flair in favor of authenticity. This design choice may feel dry to some players, but it suits the game’s themes perfectly, emphasizing bureaucracy, control, and the monotony of surveillance work. Subtle audio cues, ambient hums, and restrained music enhance tension without distracting from concentration, allowing the player’s focus to remain on the task at hand. In terms of pacing, the game strikes a careful balance. It is compact, typically completed in a handful of hours, but it avoids feeling rushed. Each case builds naturally on the last, and the increasing narrative weight keeps momentum strong. The linear structure limits replayability, as choices rarely branch into significantly different outcomes, but this also allows the developers to maintain tight narrative control and deliver a coherent, focused story without filler. Community reception reflects appreciation for the game’s originality and execution. Players who enjoy detective work, mystery narratives, and “games on a computer” style experiences frequently praise its atmosphere and puzzle design. Criticism tends to focus on its short length, limited player agency, and occasional moments where immersion is broken by game-like constraints. Even so, these issues rarely overshadow the strengths of the experience, particularly for players aligned with its intended audience. Taken as a whole, The Operator is a confident and distinctive narrative puzzle game that finds tension in observation rather than action. It succeeds by committing fully to its premise, turning data analysis and desk work into compelling gameplay through thoughtful design and strong thematic focus. While it may not appeal to players seeking open-ended systems or high replay value, it offers a memorable, tightly constructed experience for those who enjoy slow-burn storytelling, logical deduction, and the quiet unease of uncovering truths from behind a screen. Rating: 9/10",True,2026-02-01T21:35:24+00:00,2026-02-01T21:35:24+00:00,805.0,805.0,0.0,3.0,0.0,0.5323156714439392,True,False,False,False,76561198367471798,,27587.0,False,False,5402,780,13.416666666666666,13.416666666666666,10h+,positive
185497680,1771980,the-operator,The Operator,english,"The gameplay was unique and fun though the puzzles were fairly straightforward and simple. The actual product was polished and well presented. I figured the puzzles would get more difficult and the examination and clue connection more complex. However, the game just ended. It was maybe two hours of play - a little more. Not enough to justify the price. Felt more like demo length. The story was good, though it didn't take long to figure out the ""mystery"" or at least a portion of it. Still, I would have totally gone along with it because the game was smooth and paced well - until it abruptly ends. Anyway, I would not recommend buying despite its promise because it was so short.","The gameplay was unique and fun though the puzzles were fairly straightforward and simple. The actual product was polished and well presented. I figured the puzzles would get more difficult and the examination and clue connection more complex. However, the game just ended. It was maybe two hours of play - a little more. Not enough to justify the price. Felt more like demo length. The story was good, though it didn't take long to figure out the ""mystery"" or at least a portion of it. Still, I would have totally gone along with it because the game was smooth and paced well - until it abruptly ends. Anyway, I would not recommend buying despite its promise because it was so short.",False,2025-01-13T07:54:36+00:00,2025-01-13T07:54:36+00:00,165.0,165.0,0.0,2.0,0.0,0.501968502998352,True,False,False,False,76561198798267438,,11.0,False,False,684,122,2.75,2.75,1-3h,negative
216913896,1771980,the-operator,The Operator,english,"EDIT: I've been thinking about this a lot, and I just wanted to add one more thing. You can see how I go into quite a bit of initial, just-coming-down-off-finishing-the-game detail down below if you'd like, but I'd like to quickly say here, at the start, that I think a big part of the issue was a fundamental misunderstanding of what this game was. I went into this expecting a puzzle game, but it isn't so much a puzzle game as it is a story game.
I feel it's advertised as more of a puzzle game with subtle hints at an overarching story you might be able to uncover, and indeed it does *play* like a puzzle game... until it very much becomes about following the narrative.
My feelings below still stand - including the ones after my spoiler tags - but while I don't know that I would've felt *differently* if I'd gone into this expecting something different, much of my confusion and disappointment might've been at least softened.

ORIGINAL REVIEW:
Overall, I was pretty disappointed with this game.
First, it was incredibly short - I had the game open for 7-ish hours... but I had dinner, fed the dogs, took a shower, yada yada, with it paused, so I'm not actually sure how long it really took. Most of the puzzles themselves weren't particularly challenging - though the mechanics were satisfying in a point-and-click, ASMR kind of way - and then one or two of the puzzles were SUPER, out-of-pocket complicated, insanely difficult, and totally out of place?? And because of the length of the game, I felt like all the mechanics I was learning, I really didn't need for very long, or often even more than once.
The writing, acting, sound design, and off-screen auditory storytelling were beautiful. Very well done; you can tell a lot of love went into it, there just... wasn't a whole lot of content.

I saw someone mention that if there were an ""operator mode,"" that would make up for a lot of this problem, and I agree. *MILD SPOILER* Every single one of the cases were directly linked to the main story, and I think being able to enjoy some of the mechanics for longer would make it feel a little more worthwhile. Again, many of the puzzles were fairly simple, but it was still fun and satisfying in a way, and then it would also be more impactful - learning how to do the more complicated puzzles - because you'd have to use that knowledge again.

**SPOILERS FOR THE END**

The ending was incredibly dissatisfying to me. I immediately got off and looked to see if I somehow got ""the bad ending"" and there was another way I could've played to get ""the good ending,"" but no. It is what it is - one and done. (I saw someone else say that if there HAD been multiple endings, that would also help with the overarching ""the game is too short"" issue everyone seems to be having, and I agree with that, as well.)
Some people liked the ending, but a lot of people shared the same feelings I have: if I uncover the mystery, am taking notes on the story and correctly piecing together the clues, I want to feel like I 'won' the video game... at least to a degree. But (again, **HUGE SPOILER AHEAD**) it literally doesn't matter at all. Nothing you did, none of the choices you made, mattered. The main character you played dies, every SINGLE one of your contacts/friends dies or goes missing (you cannot save them, it does not matter, and you're informed of their demise in during-credits news clippings, no less), and the only one to escape is HAL, and they're still trying to take down the big bad 30 years later (which is what fans of the ending consider the ""silver lining."")
I love when games do some out-of-the-box stuff, but the whole game sets you up like you're uncovering a mystery, exposing a story, and then in the end literally not a lick of it mattered (except that HAL escaped and is still trying, which as far as I can tell, happens no matter what you, as the player, do.) It just felt very forced, and pretty pointless.
Disappointing, because again, some of the mechanics were really neat, and you can tell a lot of love was put into the storytelling aspects.","EDIT: I've been thinking about this a lot, and I just wanted to add one more thing. You can see how I go into quite a bit of initial, just-coming-down-off-finishing-the-game detail down below if you'd like, but I'd like to quickly say here, at the start, that I think a big part of the issue was a fundamental misunderstanding of what this game was. I went into this expecting a puzzle game, but it isn't so much a puzzle game as it is a story game. I feel it's advertised as more of a puzzle game with subtle hints at an overarching story you might be able to uncover, and indeed it does *play* like a puzzle game... until it very much becomes about following the narrative. My feelings below still stand - including the ones after my spoiler tags - but while I don't know that I would've felt *differently* if I'd gone into this expecting something different, much of my confusion and disappointment might've been at least softened. ORIGINAL REVIEW: Overall, I was pretty disappointed with this game. First, it was incredibly short - I had the game open for 7-ish hours... but I had dinner, fed the dogs, took a shower, yada yada, with it paused, so I'm not actually sure how long it really took. Most of the puzzles themselves weren't particularly challenging - though the mechanics were satisfying in a point-and-click, ASMR kind of way - and then one or two of the puzzles were SUPER, out-of-pocket complicated, insanely difficult, and totally out of place?? And because of the length of the game, I felt like all the mechanics I was learning, I really didn't need for very long, or often even more than once. The writing, acting, sound design, and off-screen auditory storytelling were beautiful. Very well done; you can tell a lot of love went into it, there just... wasn't a whole lot of content. I saw someone mention that if there were an ""operator mode,"" that would make up for a lot of this problem, and I agree. *MILD SPOILER* Every single one of the cases were directly linked to the main story, and I think being able to enjoy some of the mechanics for longer would make it feel a little more worthwhile. Again, many of the puzzles were fairly simple, but it was still fun and satisfying in a way, and then it would also be more impactful - learning how to do the more complicated puzzles - because you'd have to use that knowledge again. **SPOILERS FOR THE END** The ending was incredibly dissatisfying to me. I immediately got off and looked to see if I somehow got ""the bad ending"" and there was another way I could've played to get ""the good ending,"" but no. It is what it is - one and done. (I saw someone else say that if there HAD been multiple endings, that would also help with the overarching ""the game is too short"" issue everyone seems to be having, and I agree with that, as well.) Some people liked the ending, but a lot of people shared the same feelings I have: if I uncover the mystery, am taking notes on the story and correctly piecing together the clues, I want to feel like I 'won' the video game... at least to a degree. But (again, **HUGE SPOILER AHEAD**) it literally doesn't matter at all. Nothing you did, none of the choices you made, mattered. The main character you played dies, every SINGLE one of your contacts/friends dies or goes missing (you cannot save them, it does not matter, and you're informed of their demise in during-credits news clippings, no less), and the only one to escape is HAL, and they're still trying to take down the big bad 30 years later (which is what fans of the ending consider the ""silver lining."") I love when games do some out-of-the-box stuff, but the whole game sets you up like you're uncovering a mystery, exposing a story, and then in the end literally not a lick of it mattered (except that HAL escaped and is still trying, which as far as I can tell, happens no matter what you, as the player, do.) It just felt very forced, and pretty pointless. Disappointing, because again, some of the mechanics were really neat, and you can tell a lot of love was put into the storytelling aspects.",False,2026-01-27T04:01:43+00:00,2026-01-27T05:37:12+00:00,406.0,406.0,0.0,6.0,0.0,0.5652049779891968,True,False,False,False,76561198340935533,,2.0,False,False,4070,741,6.766666666666667,6.766666666666667,3-10h,negative
199132183,1771980,the-operator,The Operator,english,"Concept was really interesting but unfortunately both the gameplay and story kinda fell flat.

There's very little gameplay there, and while what was there felt interesting it was ultimately really shallow and mostly seemed to serve as minor obstacles to advance the story. The most ridiculous part and the only part where I got stuck was where [spoiler]I needed to identify my own apartment, which of course the main character would have seen dozens of times but we as the player have never seen. Having that as a puzzle felt really cheap and lame.[/spoiler] That being said, my favorite part was [spoiler]defusing the bomb and I wish there had been more content like that.[/spoiler]

Story was mildly interesting but we have seen this hundreds of times before, [spoiler]mystical NWO organization controls the world behind the scenes, you can't trust your boss[/spoiler], yawn... the reveal at the end was at least interesting but that didn't really rescue the story for me.

Not a hard pass and I did finish it, but didn't really feel worth it.","Concept was really interesting but unfortunately both the gameplay and story kinda fell flat. There's very little gameplay there, and while what was there felt interesting it was ultimately really shallow and mostly seemed to serve as minor obstacles to advance the story. The most ridiculous part and the only part where I got stuck was where [spoiler]I needed to identify my own apartment, which of course the main character would have seen dozens of times but we as the player have never seen. Having that as a puzzle felt really cheap and lame.[/spoiler] That being said, my favorite part was [spoiler]defusing the bomb and I wish there had been more content like that.[/spoiler] Story was mildly interesting but we have seen this hundreds of times before, [spoiler]mystical NWO organization controls the world behind the scenes, you can't trust your boss[/spoiler], yawn... the reveal at the end was at least interesting but that didn't really rescue the story for me. Not a hard pass and I did finish it, but didn't really feel worth it.",False,2025-07-06T18:06:37+00:00,2025-07-06T18:06:37+00:00,666.0,666.0,0.0,1.0,0.0,0.5021645426750183,True,False,False,False,76561197972092748,,3.0,False,False,1043,175,11.1,11.1,10h+,negative
216343942,1771980,the-operator,The Operator,english,"OMG this game is incredible! I've never seen such this kind of game making. The game not take too long nor too short, and the content in the game is just right, sufficient but not excessive. I'd played it for 2 times. I think every time playing will gain more understanding on what the game creator want us to know. Enjoy to play this game, please if can, make new chapter for this game","OMG this game is incredible! I've never seen such this kind of game making. The game not take too long nor too short, and the content in the game is just right, sufficient but not excessive. I'd played it for 2 times. I think every time playing will gain more understanding on what the game creator want us to know. Enjoy to play this game, please if can, make new chapter for this game",True,2026-01-19T17:42:31+00:00,2026-01-19T17:42:31+00:00,98.0,6.0,0.0,0.0,0.0,0.5,True,False,False,False,76561199218351998,,1.0,False,False,386,74,1.6333333333333333,0.1,0-1h,positive
200304249,1771980,the-operator,The Operator,english,"great little game. love the look of the computer interface, and the dynamic soundtrack when the plot goes all twisty-turny is fantastic along with some lovely visuals. i thought there would be a little bit more detective-ing and constructing a web of information from files and such, but it's more just a series of being asked for one piece of info and then finding it, then being asked for another. which isn't necessarily bad - i definitely enjoyed it, but it's an on-rails kind of game. i don't [i]think[/i] your choice of dialogue responses, how much to tell to who, etc. really makes much of a difference to events. which i'm okay with (i've spent enough time in the VN mines) but others might not be. maybe a little too short for the price, so wait for a sale, but otherwise recommend

(also discloses its use of ai, which is nice. i've seen bigger games use more and disclose less, so i don't have too much of a problem with this. honestly wonder why ai was even used tbh, it's just one image and it's entirely unnecessary, not even part of a case, so why have the ai stain on the store page?)","great little game. love the look of the computer interface, and the dynamic soundtrack when the plot goes all twisty-turny is fantastic along with some lovely visuals. i thought there would be a little bit more detective-ing and constructing a web of information from files and such, but it's more just a series of being asked for one piece of info and then finding it, then being asked for another. which isn't necessarily bad - i definitely enjoyed it, but it's an on-rails kind of game. i don't [i]think[/i] your choice of dialogue responses, how much to tell to who, etc. really makes much of a difference to events. which i'm okay with (i've spent enough time in the VN mines) but others might not be. maybe a little too short for the price, so wait for a sale, but otherwise recommend (also discloses its use of ai, which is nice. i've seen bigger games use more and disclose less, so i don't have too much of a problem with this. honestly wonder why ai was even used tbh, it's just one image and it's entirely unnecessary, not even part of a case, so why have the ai stain on the store page?)",True,2025-07-21T14:09:06+00:00,2025-07-21T14:09:06+00:00,155.0,155.0,0.0,0.0,0.0,0.5,True,False,False,False,76561199205379185,,44.0,False,False,1099,203,2.5833333333333335,2.5833333333333335,1-3h,positive
170743585,1771980,the-operator,The Operator,english,"My recommendation is heavily conditional. If you are into conspiracies and point-and-click games with simple puzzle elements, I would recommend this at around $10. If you don't fall into those categories, then you aren't the target demographic and I can't recommend it. Overall Operator is not a bad game - in fact, I would really like to see more content for this, or perhaps even more games like it - but it's held back by a few flaws.

First, The Good:
[list]
    [*]The setting and overall theme is great. You play as a deskbound investigator at the not-FBI, using your computer to sift through clues and work with field agents to investigate crimes. Naturally, this leads to uncovering conspiracies and shadowy organizations.
    [*]The gameplay is intuitive and accessible. You will never have to pixel-hunt for your clues; when you're inspecting a piece of evidence, the things that your gut tell you are important to the case usually are, and they're usually clickable.
    [*]The story is fun, interesting, and will keep you engaged. It references some real-world ""conspiracies"" that actually happened.
    [*]The gameplay loop feels fresh. I know games in this format have been done before, but it's been a while since I've seen it executed like this. I don't know of many recent games that are quite like it.
[/list]

Next, The Bad:
[list]
    [*]The puzzles are a bit simple. At times it feels like more of a visual novel than a detective/investigation game.
    [*]Many of the plot twists are predictable. The dramatic reveals towards the end of the game didn't land with me at all because I had already seen them coming way ahead of time.
    [*]Sometimes there are clues that fall into your lap a little too easily, to the point where it doesn't feel believable. The most egregious example: [spoiler]During one investigation, you find the buried body of a scientist who worked on a secret government project. The people involved with the project had him killed to keep him quiet. For some reason, they buried him in a marked grave, near the marked graves of a hundred of the project's victims, wearing his full lab coat, with his work ID showing full name and place of employment still in a cord around his neck, and with unwiped floppy disks in his pocket that contained all of his research and notes.[/spoiler]
    [*]The game is filled with anachronisms. It's supposed to be set in 1992, but it doesn't even attempt to maintain this setting. Everybody has a cell phone, which in the 90s were expensive, rare, and had very limited coverage; the computer used by main character appears to have a multi-core CPU, which didn't exist until the 2000s; and one of the early investigations involves a digital camera with a large preview screen, which also did not exist in 1992. All of this is like having a character use an iPhone in a video game about Operation Desert Storm; it can be immersion-breaking. Operator probably should have been set in the mid- to late-2000s, not 1992.
    [*]At the time of writing, there is only one ending, and it feels rushed. [spoiler]Outside of one minor detail regarding a side character, your choices don't matter.[/spoiler]
    [*]The last and most obvious drawback is probably the one you've seen mentioned in other reviews: this is a short game. It'll probably only take you around 3 hours to complete. The cynic in me wonders if this was done intentionally to get around the 2-hour Steam refund limit.
[/list]

I did enjoy my time with Operator; if you're like me, and enjoy the thought of playing detective and uncovering government conspiracies, you probably will too. Ultimately I think this is a decent game with a solid concept behind it, but the problems I listed above hold me back from recommending this unconditionally. In particular, I feel that Operator is slightly overpriced when measured against the amount of gameplay time you're likely to get out of it. This seems to be the developer's first game, so I'm hoping that they take the lessons learned from Operator and continue to improve on this formula.","My recommendation is heavily conditional. If you are into conspiracies and point-and-click games with simple puzzle elements, I would recommend this at around $10. If you don't fall into those categories, then you aren't the target demographic and I can't recommend it. Overall Operator is not a bad game - in fact, I would really like to see more content for this, or perhaps even more games like it - but it's held back by a few flaws. First, The Good: [list] [*]The setting and overall theme is great. You play as a deskbound investigator at the not-FBI, using your computer to sift through clues and work with field agents to investigate crimes. Naturally, this leads to uncovering conspiracies and shadowy organizations. [*]The gameplay is intuitive and accessible. You will never have to pixel-hunt for your clues; when you're inspecting a piece of evidence, the things that your gut tell you are important to the case usually are, and they're usually clickable. [*]The story is fun, interesting, and will keep you engaged. It references some real-world ""conspiracies"" that actually happened. [*]The gameplay loop feels fresh. I know games in this format have been done before, but it's been a while since I've seen it executed like this. I don't know of many recent games that are quite like it. [/list] Next, The Bad: [list] [*]The puzzles are a bit simple. At times it feels like more of a visual novel than a detective/investigation game. [*]Many of the plot twists are predictable. The dramatic reveals towards the end of the game didn't land with me at all because I had already seen them coming way ahead of time. [*]Sometimes there are clues that fall into your lap a little too easily, to the point where it doesn't feel believable. The most egregious example: [spoiler]During one investigation, you find the buried body of a scientist who worked on a secret government project. The people involved with the project had him killed to keep him quiet. For some reason, they buried him in a marked grave, near the marked graves of a hundred of the project's victims, wearing his full lab coat, with his work ID showing full name and place of employment still in a cord around his neck, and with unwiped floppy disks in his pocket that contained all of his research and notes.[/spoiler] [*]The game is filled with anachronisms. It's supposed to be set in 1992, but it doesn't even attempt to maintain this setting. Everybody has a cell phone, which in the 90s were expensive, rare, and had very limited coverage; the computer used by main character appears to have a multi-core CPU, which didn't exist until the 2000s; and one of the early investigations involves a digital camera with a large preview screen, which also did not exist in 1992. All of this is like having a character use an iPhone in a video game about Operation Desert Storm; it can be immersion-breaking. Operator probably should have been set in the mid- to late-2000s, not 1992. [*]At the time of writing, there is only one ending, and it feels rushed. [spoiler]Outside of one minor detail regarding a side character, your choices don't matter.[/spoiler] [*]The last and most obvious drawback is probably the one you've seen mentioned in other reviews: this is a short game. It'll probably only take you around 3 hours to complete. The cynic in me wonders if this was done intentionally to get around the 2-hour Steam refund limit. [/list] I did enjoy my time with Operator; if you're like me, and enjoy the thought of playing detective and uncovering government conspiracies, you probably will too. Ultimately I think this is a decent game with a solid concept behind it, but the problems I listed above hold me back from recommending this unconditionally. In particular, I feel that Operator is slightly overpriced when measured against the amount of gameplay time you're likely to get out of it. This seems to be the developer's first game, so I'm hoping that they take the lessons learned from Operator and continue to improve on this formula.",True,2024-07-26T00:21:34+00:00,2024-07-26T00:21:34+00:00,234.0,234.0,0.0,0.0,0.0,0.5,True,False,False,False,76561197987220230,,11.0,False,False,4028,688,3.9,3.9,3-10h,positive
188921688,1771980,the-operator,The Operator,english,"Truly a masterpiece of the ""dectective/investigator"" genre.

My highlights:
- The story is actually done well and is involving;
- Diverisified puzzles that often made me feel smart when I thought outside the box, and the best part of the game for me? The [spoiler]BOMB DEFUSAL[/spoiler] puzzle.
- Extremely high quality (visuals, VA, sounds, music);
- The music;
- Interesting achievements that encourage replayability;
- Replayability: Immersion is not ""broken"" by players being all-knowing after an initial playthrough.

The things that I liked less:
- Too short. I understand designing the puzzles, all the visuals, doing all the research, the voice acting, etc. is incredibly time consuming, though;
- Some story beats were interesting only for the main character, but since the story is pretty short, I didn't have that same connection with some characters, so some beats were off for me;","Truly a masterpiece of the ""dectective/investigator"" genre. My highlights: - The story is actually done well and is involving; - Diverisified puzzles that often made me feel smart when I thought outside the box, and the best part of the game for me? The [spoiler]BOMB DEFUSAL[/spoiler] puzzle. - Extremely high quality (visuals, VA, sounds, music); - The music; - Interesting achievements that encourage replayability; - Replayability: Immersion is not ""broken"" by players being all-knowing after an initial playthrough. The things that I liked less: - Too short. I understand designing the puzzles, all the visuals, doing all the research, the voice acting, etc. is incredibly time consuming, though; - Some story beats were interesting only for the main character, but since the story is pretty short, I didn't have that same connection with some characters, so some beats were off for me;",True,2025-02-28T07:52:13+00:00,2025-02-28T07:52:13+00:00,640.0,640.0,0.0,0.0,0.0,0.5,True,False,False,False,76561198014246905,,211.0,False,False,891,142,10.666666666666666,10.666666666666666,10h+,positive
170653363,1771980,the-operator,The Operator,english,"Good, but far too short.   When the game had finished, it felt like I had just completed the tutorial, I was just getting the hang of all the things I had access to... and then it... ends... abruptly. 

The quality is amazing, but there is just not enough content.   Just enough content to put you over the 2 hours refund window, but not enough to really be worth it for the price. 

I was going to give this a thumbs up, but I think I'll stick to my first though of a thumbs down... Zero replayability (other than achievements) and just enough content to stop people refunding... I don't want to see more ""released"" games like this on the market.","Good, but far too short. When the game had finished, it felt like I had just completed the tutorial, I was just getting the hang of all the things I had access to... and then it... ends... abruptly. The quality is amazing, but there is just not enough content. Just enough content to put you over the 2 hours refund window, but not enough to really be worth it for the price. I was going to give this a thumbs up, but I think I'll stick to my first though of a thumbs down... Zero replayability (other than achievements) and just enough content to stop people refunding... I don't want to see more ""released"" games like this on the market.",False,2024-07-24T19:37:49+00:00,2024-07-24T19:41:22+00:00,171.0,171.0,0.0,123.0,2.0,0.7131855487823486,True,False,False,False,76561198014266796,,11.0,False,False,639,120,2.85,2.85,1-3h,negative
185821148,1771980,the-operator,The Operator,english,"This review is unfortunate, because as much as I'd like to recommend the game, there's a few gripes I have with it.

First and foremost, I want to stress, this game is great and has a good hook for its plot. The mechanics it employs are varied and fun, and you do get to feel like an FBI agent working on cases alongside others. The game does a lot to nail the feel and vibe, the UI is also great and intuitive. The game's main issue isn't one singular thing, rather, it's a collection of small, minor nitpicks that ultimately end up souring the entire experience. Without trying to spoil anything, I'm going to try and summarise my complaints. 

First and foremost, the ending left me wanting. If there was an alternate ending you could achieve by using information you've gathered, it'd be one thing, but you don't get to do anything and then it just sort of ends abruptly, teasing a sequel or DLC. This is the very definition of a cliffhanger, and as such, extremely unsatisfying.

This could have been remedied if the game length was longer. But the game's barely clocking in 3 hours, you could probably beat it in 2. And, likely because of said short runtime, the game features a very small cast of characters. This unfortunately results in a somewhat predictable list of potential suspects, lessening any impacts felt from reveals that you likely saw coming.

Perhaps my biggest disappointment with how short the game was, is that the actual mechanics were unique and interesting! The puzzles were good and it introduced so many systems, one time you're analyzing chemical compounds based on formulas, another time you're disarming a bomb while given a huge manual of possibilities. And each of these varied activities happens exactly once. You spend all that time learning, understanding and mastering a skill only for it to literally not be relevant again.

This all could have perhaps been remedied by a sort of ""endless mode"" that generates cases and solutions, but that does not exist. And likely never will, because the game is far more focused on ""immersion"" as a central mechanic than gameplay. You spend a good solid 20 minutes of said 3 hours being forced to watch ""immersive"" unskippable cutscenes that did not need to last as long as they did. I say ""immersive"", because they use minimalism and only show you blurry, obfuscated imagery, which is kind of neat and saves on budget, but also means you don't even get eye candy.

Ultimately, this feels like a passion project with the wrong focus, which is a shame, because what it does right, it excels at. It's difficult to recommend this when there's games such as Cyber Manhunt 1 & 2 out that cost less and are far, far more superior in terms of value and vision. The devs are talented, and I will keep a close eye on any of their future projects, but if ""The Operator 2"" doesn't provide something substantially more... substantial, I can't see myself recommending that either.","This review is unfortunate, because as much as I'd like to recommend the game, there's a few gripes I have with it. First and foremost, I want to stress, this game is great and has a good hook for its plot. The mechanics it employs are varied and fun, and you do get to feel like an FBI agent working on cases alongside others. The game does a lot to nail the feel and vibe, the UI is also great and intuitive. The game's main issue isn't one singular thing, rather, it's a collection of small, minor nitpicks that ultimately end up souring the entire experience. Without trying to spoil anything, I'm going to try and summarise my complaints. First and foremost, the ending left me wanting. If there was an alternate ending you could achieve by using information you've gathered, it'd be one thing, but you don't get to do anything and then it just sort of ends abruptly, teasing a sequel or DLC. This is the very definition of a cliffhanger, and as such, extremely unsatisfying. This could have been remedied if the game length was longer. But the game's barely clocking in 3 hours, you could probably beat it in 2. And, likely because of said short runtime, the game features a very small cast of characters. This unfortunately results in a somewhat predictable list of potential suspects, lessening any impacts felt from reveals that you likely saw coming. Perhaps my biggest disappointment with how short the game was, is that the actual mechanics were unique and interesting! The puzzles were good and it introduced so many systems, one time you're analyzing chemical compounds based on formulas, another time you're disarming a bomb while given a huge manual of possibilities. And each of these varied activities happens exactly once. You spend all that time learning, understanding and mastering a skill only for it to literally not be relevant again. This all could have perhaps been remedied by a sort of ""endless mode"" that generates cases and solutions, but that does not exist. And likely never will, because the game is far more focused on ""immersion"" as a central mechanic than gameplay. You spend a good solid 20 minutes of said 3 hours being forced to watch ""immersive"" unskippable cutscenes that did not need to last as long as they did. I say ""immersive"", because they use minimalism and only show you blurry, obfuscated imagery, which is kind of neat and saves on budget, but also means you don't even get eye candy. Ultimately, this feels like a passion project with the wrong focus, which is a shame, because what it does right, it excels at. It's difficult to recommend this when there's games such as Cyber Manhunt 1 & 2 out that cost less and are far, far more superior in terms of value and vision. The devs are talented, and I will keep a close eye on any of their future projects, but if ""The Operator 2"" doesn't provide something substantially more... substantial, I can't see myself recommending that either.",False,2025-01-18T00:46:59+00:00,2025-01-18T00:46:59+00:00,183.0,183.0,0.0,1.0,0.0,0.5185185670852661,True,False,False,False,76561198000458245,,136.0,False,False,2938,514,3.05,3.05,3-10h,negative
216117322,1771980,the-operator,The Operator,english,"Game is good, ngl. The storyline, voice acting etc. BUT IT'S DAMN WAY TOO SHORT! The puzzles are quite easy too. I will give this game an 8/10, but i won't recommend it because just like i said, the gameplay's too short. It's not worth at full price, even 35% price discount. It felt like a cashgrab, sorry. My 21 hours gameplay time because i was AFK for the rest 90% and did second run for the achievements, gameplay is like 2 or 3 hours max","Game is good, ngl. The storyline, voice acting etc. BUT IT'S DAMN WAY TOO SHORT! The puzzles are quite easy too. I will give this game an 8/10, but i won't recommend it because just like i said, the gameplay's too short. It's not worth at full price, even 35% price discount. It felt like a cashgrab, sorry. My 21 hours gameplay time because i was AFK for the rest 90% and did second run for the achievements, gameplay is like 2 or 3 hours max",False,2026-01-16T23:08:39+00:00,2026-01-16T23:10:31+00:00,1580.0,1268.0,0.0,5.0,0.0,0.5463326573371887,True,False,False,False,76561198163365649,,22.0,False,False,443,86,26.333333333333332,21.133333333333333,10h+,negative
170696831,1771980,the-operator,The Operator,english,"So all in all, this game is great!
I found the story very captivating, as I completed the game in one sitting.
But I do have to agree with the other reviews.

Though the story is great, there is only one perspective, instantly removing all the replay value minus achievements.
It did feel good having some of my original assumptions actually being correct, and the joy in making the correct connections really improved my look towards this game.

So here's my breakdown:

Pros:
- Captivating Story
- Great use of the atmosphere, all the sounds around really helped me get ""into the game""
- Relatively new concept. (At least in what I've seen)

Now the Cons..
- Way too short and no replay value
- I think some of the puzzles could be a bit more difficult as I did breeze through most of them


For my overall rating of 7/10, I really did enjoy this experience; I hope the story is continued either in this game through updates or in a separate title.","So all in all, this game is great! I found the story very captivating, as I completed the game in one sitting. But I do have to agree with the other reviews. Though the story is great, there is only one perspective, instantly removing all the replay value minus achievements. It did feel good having some of my original assumptions actually being correct, and the joy in making the correct connections really improved my look towards this game. So here's my breakdown: Pros: - Captivating Story - Great use of the atmosphere, all the sounds around really helped me get ""into the game"" - Relatively new concept. (At least in what I've seen) Now the Cons.. - Way too short and no replay value - I think some of the puzzles could be a bit more difficult as I did breeze through most of them For my overall rating of 7/10, I really did enjoy this experience; I hope the story is continued either in this game through updates or in a separate title.",True,2024-07-25T11:27:49+00:00,2024-07-25T11:27:49+00:00,288.0,164.0,0.0,2.0,0.0,0.523809552192688,True,False,False,False,76561198817316251,,4.0,False,False,944,174,4.8,2.7333333333333334,1-3h,positive
216356724,1771980,the-operator,The Operator,english,"Recommended (on sale)

I really enjoyed my time with The Operator, but I finished it feeling like I’d only played the first episode of a much larger game.

The story is genuinely good and kept me engaged the whole way through. Some of the plot twists are fairly predictable, but there are a few moments that genuinely caught me off guard. The problem is that just as things start to really open up… it ends. My first playthrough took around 2 hours, with maybe another hour for a second run to clean up missed achievements.

Where the game really shines is the audio. The music and sound design are fantastic, especially how the soundtrack and effects subtly shift when you uncover something important. Those moments feel great and add a lot of tension. The voice acting across the board is also strong, making the characters feel believable despite the minimal presentation.

Gameplay-wise, I had a lot of fun. There are loads of small, varied “puzzles” that all work in different ways — digging through databases, connecting information, spotting inconsistencies. Nothing ever feels repetitive, but at the same time, many mechanics are introduced, used once, and then never expanded on. It feels like groundwork being laid for systems that never get the chance to evolve.

Overall, this is a great game and absolutely worth picking up on sale to kill a few hours. At its current price point, though, it feels like it’s missing crucial length. The biggest issue is that it feels like the beginning of a story with no ending, rather than a complete experience.

I don’t regret playing it — I just wish there was more of it.
---{ Graphics }---
☐ You forget what reality is
☑ Beautiful
☐ Good
☐ Decent
☐ Bad
☐ Don‘t look too long at it
☐ MS-DOS

---{ Gameplay }---
☑ Very good
☐ Good
☐ It's just gameplay
☐ Mehh
☐ Watch paint dry instead
☐ Just don't

---{ Audio }---
☑ Eargasm
☐ Very good
☐ Good
☐ Not too bad
☐ Bad
☐ I'm now deaf

---{ Audience }---
☐ Kids
☐ Teens
☑ Adults
☐ Grandma

---{ PC Requirements }---
☐ Check if you can run paint
☑ Potato
☐ Decent
☐ Fast
☐ Rich boi
☐ Ask NASA if they have a spare computer

---{ Game Size }---
☐ Floppy Disk
☑ Old Fashioned
☐ Workable
☐ Big
☐ Will eat 10% of your 1TB hard drive
☐ You will want an entire hard drive to hold it
☐ You will need to invest in a black hole to hold all the data

---{ Difficulty }---
☐ Just press 'W'
☐ Easy
☐ Easy to learn / Hard to master
☑ Significant brain usage
☐ Difficult
☐ Dark Souls

---{ Grind }---
☑ Nothing to grind
☐ Only if u care about leaderboards/ranks
☐ Isn't necessary to progress
☐ Average grind level
☐ Too much grind
☐ You'll need a second life for grinding

---{ Story }---
☐ No Story
☐ Some lore
☐ Average
☑ Good
☐ Lovely
☐ It'll replace your life

---{ Game Time }---
☑ Long enough for a cup of coffee
☐ Short
☐ Average
☐ Long
☐ To infinity and beyond

---{ Price }---
☐ It's free!
☐ Worth the price
☐ If it's on sale
☑ If u have some spare money left
☐ Not recommended
☐ You could also just burn your money

---{ Bugs }---
☑ Never heard of
☐ Minor bugs
☐ Can get annoying
☐ ARK: Survival Evolved
☐ The game itself is a big terrarium for bugs

---{ ? / 10 }---
☐ 1
☐ 2
☐ 3
☐ 4
☐ 5
☑ 6
☐ 7
☐ 8
☐ 9
☐ 10","Recommended (on sale) I really enjoyed my time with The Operator, but I finished it feeling like I’d only played the first episode of a much larger game. The story is genuinely good and kept me engaged the whole way through. Some of the plot twists are fairly predictable, but there are a few moments that genuinely caught me off guard. The problem is that just as things start to really open up… it ends. My first playthrough took around 2 hours, with maybe another hour for a second run to clean up missed achievements. Where the game really shines is the audio. The music and sound design are fantastic, especially how the soundtrack and effects subtly shift when you uncover something important. Those moments feel great and add a lot of tension. The voice acting across the board is also strong, making the characters feel believable despite the minimal presentation. Gameplay-wise, I had a lot of fun. There are loads of small, varied “puzzles” that all work in different ways — digging through databases, connecting information, spotting inconsistencies. Nothing ever feels repetitive, but at the same time, many mechanics are introduced, used once, and then never expanded on. It feels like groundwork being laid for systems that never get the chance to evolve. Overall, this is a great game and absolutely worth picking up on sale to kill a few hours. At its current price point, though, it feels like it’s missing crucial length. The biggest issue is that it feels like the beginning of a story with no ending, rather than a complete experience. I don’t regret playing it — I just wish there was more of it. ---{ Graphics }--- ☐ You forget what reality is ☑ Beautiful ☐ Good ☐ Decent ☐ Bad ☐ Don‘t look too long at it ☐ MS-DOS ---{ Gameplay }--- ☑ Very good ☐ Good ☐ It's just gameplay ☐ Mehh ☐ Watch paint dry instead ☐ Just don't ---{ Audio }--- ☑ Eargasm ☐ Very good ☐ Good ☐ Not too bad ☐ Bad ☐ I'm now deaf ---{ Audience }--- ☐ Kids ☐ Teens ☑ Adults ☐ Grandma ---{ PC Requirements }--- ☐ Check if you can run paint ☑ Potato ☐ Decent ☐ Fast ☐ Rich boi ☐ Ask NASA if they have a spare computer ---{ Game Size }--- ☐ Floppy Disk ☑ Old Fashioned ☐ Workable ☐ Big ☐ Will eat 10% of your 1TB hard drive ☐ You will want an entire hard drive to hold it ☐ You will need to invest in a black hole to hold all the data ---{ Difficulty }--- ☐ Just press 'W' ☐ Easy ☐ Easy to learn / Hard to master ☑ Significant brain usage ☐ Difficult ☐ Dark Souls ---{ Grind }--- ☑ Nothing to grind ☐ Only if u care about leaderboards/ranks ☐ Isn't necessary to progress ☐ Average grind level ☐ Too much grind ☐ You'll need a second life for grinding ---{ Story }--- ☐ No Story ☐ Some lore ☐ Average ☑ Good ☐ Lovely ☐ It'll replace your life ---{ Game Time }--- ☑ Long enough for a cup of coffee ☐ Short ☐ Average ☐ Long ☐ To infinity and beyond ---{ Price }--- ☐ It's free! ☐ Worth the price ☐ If it's on sale ☑ If u have some spare money left ☐ Not recommended ☐ You could also just burn your money ---{ Bugs }--- ☑ Never heard of ☐ Minor bugs ☐ Can get annoying ☐ ARK: Survival Evolved ☐ The game itself is a big terrarium for bugs ---{ ? / 10 }--- ☐ 1 ☐ 2 ☐ 3 ☐ 4 ☐ 5 ☑ 6 ☐ 7 ☐ 8 ☐ 9 ☐ 10",True,2026-01-19T20:47:06+00:00,2026-01-19T20:47:06+00:00,289.0,289.0,0.0,0.0,0.0,0.5,True,False,False,False,76561198043041706,,6.0,False,False,3180,628,4.816666666666666,4.816666666666666,3-10h,positive
217098337,1771980,the-operator,The Operator,english,"FULLY recommend you play this game, its awesome, the puzzles are fun and challenging.

but most importantly the aesthetic, the vibe, the graphics for the footage which so closely resemble the shitty security camera you see irl, Im genuinely still confused if they really filmed all of those or if its a game render, its that good.

The mystery is fun to watch unfold, and the graphics just completely elevate the experience, definitely recommend you buy it

Only critisicm i have is you might find this game too short, given the price point but personally i feel it was worth the price","FULLY recommend you play this game, its awesome, the puzzles are fun and challenging. but most importantly the aesthetic, the vibe, the graphics for the footage which so closely resemble the shitty security camera you see irl, Im genuinely still confused if they really filmed all of those or if its a game render, its that good. The mystery is fun to watch unfold, and the graphics just completely elevate the experience, definitely recommend you buy it Only critisicm i have is you might find this game too short, given the price point but personally i feel it was worth the price",True,2026-01-29T15:25:24+00:00,2026-01-29T15:25:24+00:00,694.0,694.0,0.0,0.0,0.0,0.5,True,False,False,False,76561199563575844,,6.0,False,False,582,102,11.566666666666666,11.566666666666666,10h+,positive
171826343,1771980,the-operator,The Operator,english,"The story is a nice try, and the novel approach is commendable. However, the game is far too short. The writing feels extremely unauthentic, especially with the forced avoidance of swearing, which detracts from the immersion. The puzzles are too easy and straightforward, offering little challenge. The time-sensitive task is frustrating and poorly executed. Overall, it falls short of its potential.","The story is a nice try, and the novel approach is commendable. However, the game is far too short. The writing feels extremely unauthentic, especially with the forced avoidance of swearing, which detracts from the immersion. The puzzles are too easy and straightforward, offering little challenge. The time-sensitive task is frustrating and poorly executed. Overall, it falls short of its potential.",False,2024-08-10T13:28:54+00:00,2024-08-10T13:28:54+00:00,138.0,138.0,0.0,1.0,0.0,0.523809552192688,True,False,False,False,76561198028334873,,63.0,False,False,400,61,2.3,2.3,1-3h,negative
190605835,1771980,the-operator,The Operator,english,"I really like the genre of mystery games but The Operator felt like it fell short in a few categories for me to recommend this as is. I think they tried to do some interesting things, but I found the story to be a little too 'on rails' for me, and a little too short for the price point. 

One way I'd describe TO is to imagine the intro to a story where you're shown a vast map of the world with a story about it's history and maybe even a quick introduction to the strange artifact you'll be using to navigate the world... And then to only interact with 3% of the map, and to gloss over the history, and the artifact is just a paperweight that we'll never use more than once. That's fine but it does feel like someone went through a lot of trouble to flesh out this world only for it to shrink down to a tiny slice of what they'd made. 

Personally, I'm also not a huge fan of the story. I think they tried to go in a series of different directions at the same time (are you going to play it by the straight and narrow? Are you going to go rogue?) and it all led to the same one place so none of your choices really mattered. The big reveal hinges on you believing that the game's limitations are intentional and not a contrivance of some grand design, so the payout for their big reveals never really felt as good as they could've been. 

So... yeah? I think the story's a little weak/ watered down, but it lives in a frame that I could see the developer building into a bigger/ broader story that would be fun to play. The bones are here for something that could be a cool mystery game, but I'd sooner recommend 'The Roottrees are dead' if you're looking for a better/ more rewarding mystery to sink your time into.","I really like the genre of mystery games but The Operator felt like it fell short in a few categories for me to recommend this as is. I think they tried to do some interesting things, but I found the story to be a little too 'on rails' for me, and a little too short for the price point. One way I'd describe TO is to imagine the intro to a story where you're shown a vast map of the world with a story about it's history and maybe even a quick introduction to the strange artifact you'll be using to navigate the world... And then to only interact with 3% of the map, and to gloss over the history, and the artifact is just a paperweight that we'll never use more than once. That's fine but it does feel like someone went through a lot of trouble to flesh out this world only for it to shrink down to a tiny slice of what they'd made. Personally, I'm also not a huge fan of the story. I think they tried to go in a series of different directions at the same time (are you going to play it by the straight and narrow? Are you going to go rogue?) and it all led to the same one place so none of your choices really mattered. The big reveal hinges on you believing that the game's limitations are intentional and not a contrivance of some grand design, so the payout for their big reveals never really felt as good as they could've been. So... yeah? I think the story's a little weak/ watered down, but it lives in a frame that I could see the developer building into a bigger/ broader story that would be fun to play. The bones are here for something that could be a cool mystery game, but I'd sooner recommend 'The Roottrees are dead' if you're looking for a better/ more rewarding mystery to sink your time into.",False,2025-03-19T06:13:30+00:00,2025-03-19T06:13:30+00:00,259.0,259.0,0.0,0.0,0.0,0.5,True,False,False,False,76561197992966935,,62.0,False,False,1713,333,4.316666666666666,4.316666666666666,3-10h,negative
175157506,1771980,the-operator,The Operator,english,"The big twist was too obvious. The traitor/s was/were too obvious. At no point was I surprised about the turn of the story, after the first couple of cases.
Ignore my play time - I left my computer on in the background - this game is a bit too short for the price.
I would appreciate being warned next time if what I'm playing is just a prologue to a future game.","The big twist was too obvious. The traitor/s was/were too obvious. At no point was I surprised about the turn of the story, after the first couple of cases. Ignore my play time - I left my computer on in the background - this game is a bit too short for the price. I would appreciate being warned next time if what I'm playing is just a prologue to a future game.",False,2024-09-17T09:14:29+00:00,2024-09-17T09:14:29+00:00,953.0,953.0,0.0,0.0,0.0,0.5,True,False,False,False,76561198020787703,,3.0,False,False,363,72,15.883333333333333,15.883333333333333,10h+,negative
171310767,1771980,the-operator,The Operator,english,"This game is well worth it for the price! The puzzles are challenging but logical (The best place for puzzle difficulty to sit). It often reminds me of document management games like Papers Please and those who've played the game will know a certain segment's similarities to Keep Talking and Nobody Explodes. My only major complaint is that the game feels short for what it is. Even if it isn't plot related, the gameplay of diving through files to find the connections is so addictive I would've happily enjoyed several more hours of it, but on the other hand I feel like if my main complaint is that your game didn't have enough filler, you've definitely won my approval.

Pick it up while it's on sale or pay full price and support the devs.

Oh and to the devs: MAKE A SEQUEL! PLEASE! Some DLC at LEAST!","This game is well worth it for the price! The puzzles are challenging but logical (The best place for puzzle difficulty to sit). It often reminds me of document management games like Papers Please and those who've played the game will know a certain segment's similarities to Keep Talking and Nobody Explodes. My only major complaint is that the game feels short for what it is. Even if it isn't plot related, the gameplay of diving through files to find the connections is so addictive I would've happily enjoyed several more hours of it, but on the other hand I feel like if my main complaint is that your game didn't have enough filler, you've definitely won my approval. Pick it up while it's on sale or pay full price and support the devs. Oh and to the devs: MAKE A SEQUEL! PLEASE! Some DLC at LEAST!",True,2024-08-02T19:43:27+00:00,2024-08-02T19:43:27+00:00,170.0,170.0,0.0,1.0,0.0,0.5199999809265137,True,False,False,False,76561198102568797,,11.0,False,False,806,147,2.8333333333333335,2.8333333333333335,1-3h,positive
171624137,1771980,the-operator,The Operator,english,"[h1] Short and fun little deep state conspiracy game [/h1] 

First of all, this game is short.[b] VERY SHORT [/b]. It takes about 3-4 hours to complete, but the game tells the story it wants to tell in that time so it´s fine. 

[h3] Story 7/10 [/h3] 
The story is fine. It starts of strong, leaving you as the operator to figure out what you are doing and why you are doing it.
As soon as the story picks up the pace, the game is beginning to get more and more predictable. Sure, it makes sure to tell the story in a convincing way, but if the player has had any contact with books that follow similar plotlines or watched a few ""rogue agent fighting conspiracy"" movies you know where the plot is going and how the game will end. Ending was fine, a bit disappointing because the cut was fast and hard and resulted in a cliff hanger. To me it feels like the devs wrote a story thats about 10 hours long and just cut the game in half when they had the opportunity to do so, preparing the player for a future sequel.

[b] STORY SPOILERS [/b]
[spoiler] In my opinion the reveal that Mike Trench, our friend and FDI director, is the mole and head of the ""Operator Program"" was very predictable about half-way through  the game (ever since the Biolab incident and the player operator talking about ""baiting out the mole""). The Ghost was written in a very stereotypical bad guy hitman way: I dont have a name, my identity was erased. I know the truth but can not tell you. You can ask any question as long as it is not ""out of bounds"". Yeah, very corny and kinda cringy. In general, even though the way it is written is good and convincing for the most part, sometimes the game feels like the devs wanted to take the easy way out in a few situations (Player being Sasha Cole, Xavier actually being a friend of HAL, the Ghost just escaping like nothing happened and being able to interfere with HALs scripts...) But hey, for what it is, it´s a solid experience. [/spoiler] 

[h3] Music 7/10 [/h3] 
Pretty good, especially the main menu music. But not memorable. Just nice BGM. Not really worth paying for the OST imo but who am i to decide.

For me the games strong points are the art direction or visual direction in combination with the player interacting with the desktop. It really immerses you in your role as the operator and you really feel like you are investigating CCTV footage and sifting through documents to find small clues. The game really takes you out of this illusion by having to click the objective and then clicking the requested information. Not a fan of that, could have been integrated in a more smooth and immersive way. Audio design is great too, the voice acting feels believable enough and the sound effects are accurate and synced well. Nothing really to complain about there.

Overall it is a fun, short and interesting game with a few flaws that can be overlooked. Wait for a sale before you buy it though, for 3-4 hours of playtime it is just a bit too much (About 1€/$ per hour of playtime should be standard imo).","[h1] Short and fun little deep state conspiracy game [/h1] First of all, this game is short.[b] VERY SHORT [/b]. It takes about 3-4 hours to complete, but the game tells the story it wants to tell in that time so it´s fine. [h3] Story 7/10 [/h3] The story is fine. It starts of strong, leaving you as the operator to figure out what you are doing and why you are doing it. As soon as the story picks up the pace, the game is beginning to get more and more predictable. Sure, it makes sure to tell the story in a convincing way, but if the player has had any contact with books that follow similar plotlines or watched a few ""rogue agent fighting conspiracy"" movies you know where the plot is going and how the game will end. Ending was fine, a bit disappointing because the cut was fast and hard and resulted in a cliff hanger. To me it feels like the devs wrote a story thats about 10 hours long and just cut the game in half when they had the opportunity to do so, preparing the player for a future sequel. [b] STORY SPOILERS [/b] [spoiler] In my opinion the reveal that Mike Trench, our friend and FDI director, is the mole and head of the ""Operator Program"" was very predictable about half-way through the game (ever since the Biolab incident and the player operator talking about ""baiting out the mole""). The Ghost was written in a very stereotypical bad guy hitman way: I dont have a name, my identity was erased. I know the truth but can not tell you. You can ask any question as long as it is not ""out of bounds"". Yeah, very corny and kinda cringy. In general, even though the way it is written is good and convincing for the most part, sometimes the game feels like the devs wanted to take the easy way out in a few situations (Player being Sasha Cole, Xavier actually being a friend of HAL, the Ghost just escaping like nothing happened and being able to interfere with HALs scripts...) But hey, for what it is, it´s a solid experience. [/spoiler] [h3] Music 7/10 [/h3] Pretty good, especially the main menu music. But not memorable. Just nice BGM. Not really worth paying for the OST imo but who am i to decide. For me the games strong points are the art direction or visual direction in combination with the player interacting with the desktop. It really immerses you in your role as the operator and you really feel like you are investigating CCTV footage and sifting through documents to find small clues. The game really takes you out of this illusion by having to click the objective and then clicking the requested information. Not a fan of that, could have been integrated in a more smooth and immersive way. Audio design is great too, the voice acting feels believable enough and the sound effects are accurate and synced well. Nothing really to complain about there. Overall it is a fun, short and interesting game with a few flaws that can be overlooked. Wait for a sale before you buy it though, for 3-4 hours of playtime it is just a bit too much (About 1€/$ per hour of playtime should be standard imo).",True,2024-08-07T15:50:12+00:00,2024-08-07T15:54:39+00:00,291.0,291.0,0.0,0.0,0.0,0.5,True,False,False,False,76561198219429372,,10.0,False,False,3027,560,4.85,4.85,3-10h,positive
171826845,1771980,the-operator,The Operator,english,"Loved it. Reminded me a lot of Orwell, although a bit faster paced and perhaps a little less challenge. More of a visual novel, but that doesn't detract from the enjoyment. I would have liked it to be a little longer - not in a 'too short for the money' way but more because I was really enjoying it and would have liked it to carry on. It's maybe 2-3 hours from start to finish (my play time shows as 30 hours but that's just because I played over two sessions and didn't quit in between!).","Loved it. Reminded me a lot of Orwell, although a bit faster paced and perhaps a little less challenge. More of a visual novel, but that doesn't detract from the enjoyment. I would have liked it to be a little longer - not in a 'too short for the money' way but more because I was really enjoying it and would have liked it to carry on. It's maybe 2-3 hours from start to finish (my play time shows as 30 hours but that's just because I played over two sessions and didn't quit in between!).",True,2024-08-10T13:37:01+00:00,2024-08-10T13:38:46+00:00,1829.0,1817.0,0.0,0.0,0.0,0.5,True,False,False,False,76561197971863048,,21.0,False,False,491,96,30.483333333333334,30.283333333333335,10h+,positive
182730487,1771980,the-operator,The Operator,english,"I really can't 100% recommend, nor 100% not recommend this game. UI and gameplay are fine. The story is well written. It's just too short; only lasted around 2 hours, and was super simple. Ending wasn't great. If it's on sale, play it. Otherwise, don't bother, till something else comes out that makes it more fulfilling.","I really can't 100% recommend, nor 100% not recommend this game. UI and gameplay are fine. The story is well written. It's just too short; only lasted around 2 hours, and was super simple. Ending wasn't great. If it's on sale, play it. Otherwise, don't bother, till something else comes out that makes it more fulfilling.",False,2024-12-14T14:18:03+00:00,2024-12-14T14:18:03+00:00,125.0,125.0,0.0,1.0,0.0,0.523809552192688,True,False,False,False,76561199120753014,,12.0,False,False,321,56,2.0833333333333335,2.0833333333333335,1-3h,negative
186479638,1771980,the-operator,The Operator,english,"The game really was not what I expected. From the store page, I thought it would be fairly puzzle focused, with a lot of scanning evidence and connecting dots. But in reality, it plays out more like a visual novel with some very simple puzzles thrown in. There were multiple elements that seemed like they would be recurring features, but were used a single time and never again. Many pieces of evidence are teased, but are never actually shown before the game ends. The game feels like it ends *way* too quickly. It took me just over three hours to finish. I'm fine with shorter games, but there's so much potential here that goes nowhere because the game ends so soon.

On the plus side, the presentation is great. Despite mostly being a computer screen, the visuals have a certain flare to them that leans into the setting. The soundtrack compliments the narrative at every step, swelling at big reveals and calming down after tense moments. And the voice actors give solid performances. No complaints on this aspect.

As for the narrative, it's fairly compelling. You can definitely see a lot of the twists coming before they happen, but the presentation makes it interesting to see play out regardless. That being said, it again suffers from being too short. You're meant to be unraveling a big conspiracy over the course of the game, but by the time it's over, it feels like you've barely stuck your toes in. I was invested in what was happening, had just had a big reveal, and then... suddenly the credits are rolling.

There are definitely things to like about this game, but I have a hard time recommending it, especially if your mostly here for that ""Investigation"" tag. It's too short, too easy, and doesn't quite live up to what it says on the box. It feels like a demo for a larger game, but I kind of just wanted the larger game to begin with.","The game really was not what I expected. From the store page, I thought it would be fairly puzzle focused, with a lot of scanning evidence and connecting dots. But in reality, it plays out more like a visual novel with some very simple puzzles thrown in. There were multiple elements that seemed like they would be recurring features, but were used a single time and never again. Many pieces of evidence are teased, but are never actually shown before the game ends. The game feels like it ends *way* too quickly. It took me just over three hours to finish. I'm fine with shorter games, but there's so much potential here that goes nowhere because the game ends so soon. On the plus side, the presentation is great. Despite mostly being a computer screen, the visuals have a certain flare to them that leans into the setting. The soundtrack compliments the narrative at every step, swelling at big reveals and calming down after tense moments. And the voice actors give solid performances. No complaints on this aspect. As for the narrative, it's fairly compelling. You can definitely see a lot of the twists coming before they happen, but the presentation makes it interesting to see play out regardless. That being said, it again suffers from being too short. You're meant to be unraveling a big conspiracy over the course of the game, but by the time it's over, it feels like you've barely stuck your toes in. I was invested in what was happening, had just had a big reveal, and then... suddenly the credits are rolling. There are definitely things to like about this game, but I have a hard time recommending it, especially if your mostly here for that ""Investigation"" tag. It's too short, too easy, and doesn't quite live up to what it says on the box. It feels like a demo for a larger game, but I kind of just wanted the larger game to begin with.",False,2025-01-26T18:57:55+00:00,2025-01-26T18:57:55+00:00,216.0,216.0,0.0,5.0,0.0,0.5538307428359985,True,False,False,False,76561198049850294,,1.0,False,False,1854,332,3.6,3.6,3-10h,negative
178471022,1771980,the-operator,The Operator,english,"Starts of promisingly, its original and fun to solve puzzles and start unraveling the mystery. But the game quickly loses all agency and autonomy as the story ramps up, and sadly the story, dialogue and acting all leave a lot to be desired. Felt long even at its very short length.","Starts of promisingly, its original and fun to solve puzzles and start unraveling the mystery. But the game quickly loses all agency and autonomy as the story ramps up, and sadly the story, dialogue and acting all leave a lot to be desired. Felt long even at its very short length.",False,2024-11-05T22:50:57+00:00,2024-11-05T22:50:57+00:00,1424.0,1423.0,0.0,1.0,0.0,0.497925341129303,False,False,False,False,76561198002461051,,3.0,False,False,281,51,23.733333333333334,23.716666666666665,10h+,negative
189100026,1771980,the-operator,The Operator,english,"I think it is a really great type of game but unfortunately, it is waaaaaay too short. During those 2 hours of playing I also prepared dinner, so it probably only took me 1,5 hours to complete the game. I'm really disappointed by the length especially due to the enormous potential of this game. The story is nice but I would loved to have it packed with some more cases - so the game would become longer. Maybe a mode in which you just solve cases (without the story) could be added for people like who are now just longing for me gameplay time. All in all, I really liked it because it was kind of a casual gameplay with a good amount of thinking but not too much. Really nice gameplay - I WANT MORE! :(","I think it is a really great type of game but unfortunately, it is waaaaaay too short. During those 2 hours of playing I also prepared dinner, so it probably only took me 1,5 hours to complete the game. I'm really disappointed by the length especially due to the enormous potential of this game. The story is nice but I would loved to have it packed with some more cases - so the game would become longer. Maybe a mode in which you just solve cases (without the story) could be added for people like who are now just longing for me gameplay time. All in all, I really liked it because it was kind of a casual gameplay with a good amount of thinking but not too much. Really nice gameplay - I WANT MORE! :(",True,2025-03-01T20:30:41+00:00,2025-03-01T20:30:41+00:00,152.0,152.0,0.0,0.0,0.0,0.5,True,False,False,False,76561199747993514,,1.0,False,False,705,137,2.533333333333333,2.533333333333333,1-3h,positive
179388969,1771980,the-operator,The Operator,english,"Overall, I adored this game.  I struggle with this next phrase because i don't fully mean it and understand why it is the way it is... but I'm glad I bought it on sale and not full price as it's not quite worth the full price.  I mostly say this due to game length and lack of choice in endings.  I took a look and it looks like this might be a first time game from this dev, who I'm guessing is solo or very small which is VERY exciting to see if this is their freshman showing.

Things I LOVED:
-Dynamic story telling.  There was a clear storyline running through from start to finish.  Not overly convoluted, not too cliche or simple.  Were the twists a little predictable?  Maybe a few.  But that didn't take away from the impact when they hit anyway.  The pacing of those drops were excellently done.
-Style was lovely.  I REALLY dug the overall look of the game.  The various tools you got to us, the puzzles you go to solve... all from a single terminal.  It made me think of a hacking game from the early 00s of gaming sites that I loved to play over and over.
-The voice acting was excellent.  Really stellar work.
-The game itself.  It's just really enjoyable.  It was well paced, the mystery was fun, the story was easy to follow, the puzzles were a bit easy but a few had some real challenges in there.  One puzzle was a bit too much of a lateral thinking puzzle, BUT that was one of the best twists of the whole game so I can overlook it. 

Things I wish were different (not bad, just things I wanted more of):
-it's far too short.  It took me about 4 hours to complete and that was going very slow and taking my time, looking at my phone a lot and doing a few other things at the same time. (thanks ADHD)  The story telling and plot that the game is driving could easily have been a full scale game.  And I'd pay good money for it, too.  This is top notch story telling from a new dev and I hope we see more.
-Lack of use of cool tools.  You're introduced to several cool mini puzzles throughout the game like a car analyzer, a bomb diffuser, and chemical component analyzer.  All of them have robust rules and options with them.  And they're all used only once.  You gave us so many cool toys.. let us play with them!!
-No story diversity with a [spoiler] really weak and bad ending [/spoiler].  While the story they have given is lovely, your choices don't matter.  There is just that ending.  I wanted more options, i wanted to affect the story with how i played and wanted the game reward cleverness (i.e. if you found a certain name on a certain list before you were told to.)

All that being said, if you like mystery games, if you like hack style games, this is a great choice.  I am very excited to see what this dev does in the future.  If this is their first showing, we are in for some real gems in the future!!","Overall, I adored this game. I struggle with this next phrase because i don't fully mean it and understand why it is the way it is... but I'm glad I bought it on sale and not full price as it's not quite worth the full price. I mostly say this due to game length and lack of choice in endings. I took a look and it looks like this might be a first time game from this dev, who I'm guessing is solo or very small which is VERY exciting to see if this is their freshman showing. Things I LOVED: -Dynamic story telling. There was a clear storyline running through from start to finish. Not overly convoluted, not too cliche or simple. Were the twists a little predictable? Maybe a few. But that didn't take away from the impact when they hit anyway. The pacing of those drops were excellently done. -Style was lovely. I REALLY dug the overall look of the game. The various tools you got to us, the puzzles you go to solve... all from a single terminal. It made me think of a hacking game from the early 00s of gaming sites that I loved to play over and over. -The voice acting was excellent. Really stellar work. -The game itself. It's just really enjoyable. It was well paced, the mystery was fun, the story was easy to follow, the puzzles were a bit easy but a few had some real challenges in there. One puzzle was a bit too much of a lateral thinking puzzle, BUT that was one of the best twists of the whole game so I can overlook it. Things I wish were different (not bad, just things I wanted more of): -it's far too short. It took me about 4 hours to complete and that was going very slow and taking my time, looking at my phone a lot and doing a few other things at the same time. (thanks ADHD) The story telling and plot that the game is driving could easily have been a full scale game. And I'd pay good money for it, too. This is top notch story telling from a new dev and I hope we see more. -Lack of use of cool tools. You're introduced to several cool mini puzzles throughout the game like a car analyzer, a bomb diffuser, and chemical component analyzer. All of them have robust rules and options with them. And they're all used only once. You gave us so many cool toys.. let us play with them!! -No story diversity with a [spoiler] really weak and bad ending [/spoiler]. While the story they have given is lovely, your choices don't matter. There is just that ending. I wanted more options, i wanted to affect the story with how i played and wanted the game reward cleverness (i.e. if you found a certain name on a certain list before you were told to.) All that being said, if you like mystery games, if you like hack style games, this is a great choice. I am very excited to see what this dev does in the future. If this is their first showing, we are in for some real gems in the future!!",True,2024-11-19T20:50:55+00:00,2024-11-19T20:50:55+00:00,279.0,279.0,0.0,0.0,0.0,0.5,True,False,False,False,76561199100783027,,15.0,False,False,2803,542,4.65,4.65,3-10h,positive
189831695,1771980,the-operator,The Operator,english,"I really enjoyed playing this game, the only thing i would take away from it, is the length, i wish it was longer and i also wish there was more i could do. As i was playing i felt the need for more and the excitement and nerves i had for what was about to happen next, the way the game ended was annoying for me cause it left me with an unfinished feeling. i need another game like this or update it and ADD MOREEEEEE TO THE STORY LINE","I really enjoyed playing this game, the only thing i would take away from it, is the length, i wish it was longer and i also wish there was more i could do. As i was playing i felt the need for more and the excitement and nerves i had for what was about to happen next, the way the game ended was annoying for me cause it left me with an unfinished feeling. i need another game like this or update it and ADD MOREEEEEE TO THE STORY LINE",True,2025-03-09T23:16:56+00:00,2025-03-09T23:16:56+00:00,602.0,602.0,0.0,7.0,0.0,0.6095994710922241,True,False,False,False,76561199578352401,,1.0,False,False,436,90,10.033333333333333,10.033333333333333,10h+,positive
174407682,1771980,the-operator,The Operator,english,"This game has so much potential, but it is more a proof of concept than a detective game.
TMHO the game is too short, too linear, too scripted.

I would have liked more side cases, real choices, less talk.
I sure hope they make a second game taking into account all the negative reviews.","This game has so much potential, but it is more a proof of concept than a detective game. TMHO the game is too short, too linear, too scripted. I would have liked more side cases, real choices, less talk. I sure hope they make a second game taking into account all the negative reviews.",False,2024-09-07T03:49:34+00:00,2024-09-07T03:49:34+00:00,144.0,144.0,0.0,2.0,0.0,0.5179283022880554,True,False,False,False,76561198051295395,,25.0,False,False,286,54,2.4,2.4,1-3h,negative
197258934,1771980,the-operator,The Operator,english,"Cons:

* The bomb defusal mission is just nonsensical. While it's obviously designed and written to be deliberately confusing to challenge the player, it is also ridiculous. The supervisor, Skinner, would be handling this, or at least offering assistance, not just casually leaving another agent's life up to a 3rd day employee who is reading the bomb defusal manual for the first time. Was having a good time in the game up until this mission. If you look at this achievement as well, only some ~50% of players have this achievement, and then you have to wonder, of those 50% how many had to look up a walk-through online in order to complete it? 
* Game was definitely somewhat dry at times where I felt a little bit bored. 
* I won't spoil any specifics but I will say the ending of the game is...not good, in my opinion. 

Pros:

* UI is clean and easy to use. The applications work smoothly without any issues. 
* Gameplay is straight forward and easy to understand. 
* Solid voice acting. 
* Storytelling is pretty engaging. 
* Game very stable, zero crashes or bugs / glitches. 
* No additional DRM beyond Steam.
* No Epic Online Services.

Gameplay Style: Point and click with some typing here and there related to puzzle solving. This requires some research into files on your in-game computer as well as using the provided tools as well. 

Game Length: ~5 Hours or thereabouts. 

Final Rating: 4.5/10. I got the game on sale and puzzle games aren't usually my thing but I wanted to give it a try as it sounded interesting and I like to support indie developers when I can, but this is a game that, despite some story aspects being well-done, the ending soured things for me as well as the bomb defusal mission to the point that I really would not recommend the game to others.","Cons: * The bomb defusal mission is just nonsensical. While it's obviously designed and written to be deliberately confusing to challenge the player, it is also ridiculous. The supervisor, Skinner, would be handling this, or at least offering assistance, not just casually leaving another agent's life up to a 3rd day employee who is reading the bomb defusal manual for the first time. Was having a good time in the game up until this mission. If you look at this achievement as well, only some ~50% of players have this achievement, and then you have to wonder, of those 50% how many had to look up a walk-through online in order to complete it? * Game was definitely somewhat dry at times where I felt a little bit bored. * I won't spoil any specifics but I will say the ending of the game is...not good, in my opinion. Pros: * UI is clean and easy to use. The applications work smoothly without any issues. * Gameplay is straight forward and easy to understand. * Solid voice acting. * Storytelling is pretty engaging. * Game very stable, zero crashes or bugs / glitches. * No additional DRM beyond Steam. * No Epic Online Services. Gameplay Style: Point and click with some typing here and there related to puzzle solving. This requires some research into files on your in-game computer as well as using the provided tools as well. Game Length: ~5 Hours or thereabouts. Final Rating: 4.5/10. I got the game on sale and puzzle games aren't usually my thing but I wanted to give it a try as it sounded interesting and I like to support indie developers when I can, but this is a game that, despite some story aspects being well-done, the ending soured things for me as well as the bomb defusal mission to the point that I really would not recommend the game to others.",False,2025-06-15T00:18:00+00:00,2025-06-15T00:18:00+00:00,290.0,290.0,0.0,10.0,0.0,0.5891043543815613,True,False,False,False,76561198110571901,,146.0,False,False,1770,320,4.833333333333333,4.833333333333333,3-10h,negative
216363746,1771980,the-operator,The Operator,english,"Too short, choices don't matter, and the ending (singular) is a letdown.

Cool bomb disposal though.","Too short, choices don't matter, and the ending (singular) is a letdown. Cool bomb disposal though.",False,2026-01-19T22:44:51+00:00,2026-01-19T22:44:51+00:00,602.0,602.0,0.0,0.0,0.0,0.5,True,False,False,False,76561197990949927,,1.0,False,False,99,16,10.033333333333333,10.033333333333333,10h+,negative
171146889,1771980,the-operator,The Operator,english,"A good cinematic visual novel. Hits the right notes over the course of the game, but be forewarned the game is short (3 hours) and linear. Big props to the music direction and voice acting, which is genuinely top notch. Puzzle aspect is alright but a little too straightforward and easy for my tastes. Plot is, unfortunately, just sort of silly - lots of plot holes, a twist that's reasonably easy to predict, and suffers from the aforementioned linearity.

Overall the experience is pretty good for a game at this price point, as long as you don't expect a bunch of different endings or replay value. This is a direct line visual novel with good-to-great production values and a goofy story with relatively unconvincing worldbuilding, but executed very competently.","A good cinematic visual novel. Hits the right notes over the course of the game, but be forewarned the game is short (3 hours) and linear. Big props to the music direction and voice acting, which is genuinely top notch. Puzzle aspect is alright but a little too straightforward and easy for my tastes. Plot is, unfortunately, just sort of silly - lots of plot holes, a twist that's reasonably easy to predict, and suffers from the aforementioned linearity. Overall the experience is pretty good for a game at this price point, as long as you don't expect a bunch of different endings or replay value. This is a direct line visual novel with good-to-great production values and a goofy story with relatively unconvincing worldbuilding, but executed very competently.",True,2024-07-31T07:21:15+00:00,2024-07-31T07:21:15+00:00,172.0,172.0,0.0,0.0,0.0,0.5,True,False,False,False,76561198008969278,,50.0,False,False,765,129,2.8666666666666667,2.8666666666666667,1-3h,positive
185508893,1771980,the-operator,The Operator,english,"TL;DR
Overall a solid, if short, experience. If you like games similar to Killer Frequency, Hypnospace Outlaw, or even Papers Please, you will enjoy this. I felt the story was paced well enough and presented well enough to keep my interest to the end. My only complaints are the length of the game, a lack of content, and I had the story fairly well figured out before the climax. The puzzles were well put together, for the most part, but none of them felt difficult and I completed them pretty quickly, and enjoyed doing so. For 15$ I think it's worth your time if you're looking for a few hours to kill doing detective work. On sale I definitely recommend it.

GAMEPLAY:
The gameplay is pretty simplistic. As stated above similar to the likes of Hypnospace Outlaw where you navigate a computer system using different apps and given information (files) to solve puzzles. The puzzles themselves I felt weren't overly difficult, but done well enough to definitely have me pay more attention to various things. They also do a great job with handling a few very important plot points in the game. One section, in particular, did get me rather anxious. Overall it does its job well, and I enjoyed pretty much all of it. The only problem I had overall with gameplay was the lack of content. It gives you some interesting tools to utilize, then just sort of forgets about them.

SOUND:
I really enjoyed what they did with this game. The music really fit the moments and added some flair to various points in the game. The ambient sound and environmental sounds are also done VERY well to play parts in the game. It may not blow your mind, but I appreciate the amount of effort they put forth in this front. The soundtrack is quite good.

STORY:
They do a good job giving a good detective story to play out. You may or may not figure out the twists and turns it will take. Unfortunately I had some of the big reveals pegged within the first hour. On the other hand, I still enjoyed it enough to keep going. It won't blow your mind or take you into the depths of the universe they created; it gives you what it needs to, and executes it well. I don't care if a story blows my mind, so long as I have fun experiencing it, which I did here.

As a side note for the story, they did do a great job with a few moments of making them actually very tense. My only complaint, as stated above, is that it felt too short.


IN CONCLUSION:
The Operator is a solid entry into this detective-like puzzle-solving Operating System-simulator genre. I enjoyed my time with it, I do enjoy the mechanics of utilizing a computer in game to solve various puzzles with information that is available, but you have to search for. While sort, it didn't overstay its welcome and accomplished what it set out to do. I will greatly look forward to another game of this style if they decide to do one!","TL;DR Overall a solid, if short, experience. If you like games similar to Killer Frequency, Hypnospace Outlaw, or even Papers Please, you will enjoy this. I felt the story was paced well enough and presented well enough to keep my interest to the end. My only complaints are the length of the game, a lack of content, and I had the story fairly well figured out before the climax. The puzzles were well put together, for the most part, but none of them felt difficult and I completed them pretty quickly, and enjoyed doing so. For 15$ I think it's worth your time if you're looking for a few hours to kill doing detective work. On sale I definitely recommend it. GAMEPLAY: The gameplay is pretty simplistic. As stated above similar to the likes of Hypnospace Outlaw where you navigate a computer system using different apps and given information (files) to solve puzzles. The puzzles themselves I felt weren't overly difficult, but done well enough to definitely have me pay more attention to various things. They also do a great job with handling a few very important plot points in the game. One section, in particular, did get me rather anxious. Overall it does its job well, and I enjoyed pretty much all of it. The only problem I had overall with gameplay was the lack of content. It gives you some interesting tools to utilize, then just sort of forgets about them. SOUND: I really enjoyed what they did with this game. The music really fit the moments and added some flair to various points in the game. The ambient sound and environmental sounds are also done VERY well to play parts in the game. It may not blow your mind, but I appreciate the amount of effort they put forth in this front. The soundtrack is quite good. STORY: They do a good job giving a good detective story to play out. You may or may not figure out the twists and turns it will take. Unfortunately I had some of the big reveals pegged within the first hour. On the other hand, I still enjoyed it enough to keep going. It won't blow your mind or take you into the depths of the universe they created; it gives you what it needs to, and executes it well. I don't care if a story blows my mind, so long as I have fun experiencing it, which I did here. As a side note for the story, they did do a great job with a few moments of making them actually very tense. My only complaint, as stated above, is that it felt too short. IN CONCLUSION: The Operator is a solid entry into this detective-like puzzle-solving Operating System-simulator genre. I enjoyed my time with it, I do enjoy the mechanics of utilizing a computer in game to solve various puzzles with information that is available, but you have to search for. While sort, it didn't overstay its welcome and accomplished what it set out to do. I will greatly look forward to another game of this style if they decide to do one!",True,2025-01-13T12:45:20+00:00,2025-01-13T12:45:20+00:00,180.0,180.0,0.0,0.0,0.0,0.5,True,False,False,False,76561198009131273,,68.0,False,False,2859,525,3.0,3.0,3-10h,positive
171973108,1771980,the-operator,The Operator,english,"One of the better games I've played in a long time, but it's way too short. I enjoyed the puzzles/detective work of solving cases, but the soap opera twist story at the end was not as good. Maybe it would have been good if the game was much longer, but it felt like the enjoyable part of it just ended too fast.

I could sit and solve cases all day. A part 2 is definitely needed.

Being an operator/detective is fun. Watching a subpar movie is not as fun.","One of the better games I've played in a long time, but it's way too short. I enjoyed the puzzles/detective work of solving cases, but the soap opera twist story at the end was not as good. Maybe it would have been good if the game was much longer, but it felt like the enjoyable part of it just ended too fast. I could sit and solve cases all day. A part 2 is definitely needed. Being an operator/detective is fun. Watching a subpar movie is not as fun.",True,2024-08-12T15:46:00+00:00,2024-08-12T16:06:01+00:00,733.0,733.0,0.0,0.0,0.0,0.5,True,False,False,False,76561197994085139,,1.0,False,False,454,89,12.216666666666667,12.216666666666667,10h+,positive
171370307,1771980,the-operator,The Operator,english,Game was way too short for the price wished there was a free mode where you just use the tools they give you to solve crimes but instead it's just a story based game that took me two and a half hours to finish,Game was way too short for the price wished there was a free mode where you just use the tools they give you to solve crimes but instead it's just a story based game that took me two and a half hours to finish,False,2024-08-03T17:45:34+00:00,2024-08-03T17:45:34+00:00,169.0,151.0,0.0,1.0,0.0,0.523809552192688,True,False,False,False,76561198448288870,,3.0,False,False,209,44,2.816666666666667,2.5166666666666666,1-3h,negative
211215719,1771980,the-operator,The Operator,english,"I wanted to love this game but I just cannot recommend you spend money on what is ultimately a disappointing experience. 

The game has a great concept with a strong atmosphere, and what I hoped was great potential but the overall experience ends up feeling disappointingly thin. Reading reviews and looking at the blurb I felt that I was promised tension, deduction, and deeper problem-solving. Unfortunately, it never fully delivers on that potential.

The biggest issue is simply its length. Just as the mechanics start to click and the world begins to feel intriguing, the game is over. It ends before it can build momentum or explore its own ideas in any meaningful way. What could have been a gripping investigation feels more like the prologue to a larger game that never arrives.

The story also ends up predictable. Key beats begin to telegraph themselves early, and the ending lands exactly where you expect it to. Without twists, red herrings, or layers to peel back, the narrative lacks the depth needed to keep you engaged or surprised.

The investigations themselves feel shallow as well. Each case presents a problem, but they’re often solved with just a few simple steps. There’s rarely a need to dig deeper, only once or twice was I cross-referencing clues, or genuinely thinking like an investigator. Instead of complex puzzles or branching deductions, you get straightforward tasks that resolve too quickly to be satisfying.

Overall, The Operator is an interesting idea wrapped in a very short, very predictable package. If you’re looking for a brief atmospheric diversion, it works—but if you want a substantial investigative experience, this one doesn’t reach far enough.","I wanted to love this game but I just cannot recommend you spend money on what is ultimately a disappointing experience. The game has a great concept with a strong atmosphere, and what I hoped was great potential but the overall experience ends up feeling disappointingly thin. Reading reviews and looking at the blurb I felt that I was promised tension, deduction, and deeper problem-solving. Unfortunately, it never fully delivers on that potential. The biggest issue is simply its length. Just as the mechanics start to click and the world begins to feel intriguing, the game is over. It ends before it can build momentum or explore its own ideas in any meaningful way. What could have been a gripping investigation feels more like the prologue to a larger game that never arrives. The story also ends up predictable. Key beats begin to telegraph themselves early, and the ending lands exactly where you expect it to. Without twists, red herrings, or layers to peel back, the narrative lacks the depth needed to keep you engaged or surprised. The investigations themselves feel shallow as well. Each case presents a problem, but they’re often solved with just a few simple steps. There’s rarely a need to dig deeper, only once or twice was I cross-referencing clues, or genuinely thinking like an investigator. Instead of complex puzzles or branching deductions, you get straightforward tasks that resolve too quickly to be satisfying. Overall, The Operator is an interesting idea wrapped in a very short, very predictable package. If you’re looking for a brief atmospheric diversion, it works—but if you want a substantial investigative experience, this one doesn’t reach far enough.",False,2025-11-27T17:05:42+00:00,2025-11-27T17:05:42+00:00,195.0,195.0,0.0,3.0,0.0,0.483183354139328,True,False,False,False,76561198060327841,,27.0,False,False,1687,276,3.25,3.25,3-10h,negative
196021781,1771980,the-operator,The Operator,english,The game is way too short and lacks variety.,The game is way too short and lacks variety.,False,2025-05-30T22:51:45+00:00,2025-05-30T22:51:45+00:00,610.0,610.0,0.0,2.0,0.0,0.5406360626220703,True,False,False,False,76561198022884518,,3.0,False,False,44,9,10.166666666666666,10.166666666666666,10h+,negative
171054215,1771980,the-operator,The Operator,english,"The Game is Short but it's good. 

to see if it would be for you or not:

- ""Person in the Chair"" feeling and not doing the groundwork
- a liniar story with only a few moments of true ""do it or it's gonna be bad"" 
- The Story is intriguing yet pretty easy to see the twists and turns
- Pretty short with probably 3-5 hours of gameplay depending on how fast one can get through it, which is not a bad thing
- fully voiced ""phone calls"" but still a lot of text","The Game is Short but it's good. to see if it would be for you or not: - ""Person in the Chair"" feeling and not doing the groundwork - a liniar story with only a few moments of true ""do it or it's gonna be bad"" - The Story is intriguing yet pretty easy to see the twists and turns - Pretty short with probably 3-5 hours of gameplay depending on how fast one can get through it, which is not a bad thing - fully voiced ""phone calls"" but still a lot of text",True,2024-07-29T21:05:41+00:00,2024-07-29T21:05:41+00:00,157.0,157.0,0.0,0.0,0.0,0.5,True,False,False,False,76561198048042201,,5.0,False,False,454,95,2.6166666666666667,2.6166666666666667,1-3h,positive
196602098,1771980,the-operator,The Operator,english,"Okay, while I said I liked this game, [b]I think in terms of recommendation, this is more a ""maybe"" than an outright ""yes.""[/b] There are several things to consider before you purchase this one, and while I ultimately think you'll enjoy the experience either way, you may be slightly frustrated by at least one or two of these points. I know I was. 

(-) First, the game is short. It took me less than 4 hours to finish it, and that's with several long cut scenes. Speaking of those cut scenes... pay attention to them. I didn't, because some of them seemed pointless, and that led me to the only time I felt truly stuck in this game LOL.

(+) You play as an operator in the FDI, and the entire gameplay involves sitting in front of your computer, connecting dots, and solving puzzles. I absolutely loved it. It was fresh and interesting, and the feeling of things connecting and unraveling was really fun. I actually wish we had more of it—I would've gladly played more hours of more cases, slowly connecting them to this huge conspiracy. It made me hope that someone would make an entire mystery murder game (as opposed to a conspiracy) as ""the guy in the chair,"" slowly unraveling everything and helping the ""heroes"" solve the mystery. 

(-/+) For a game that's sitting in front of your computer... the stakes are high and so is the tension. I actually got really anxious at parts, in a way that doesn't really happen with most games because, the way everything is set up, WE are Tenner. So I felt like there was a gun aimed at [i]me[/i] at times, LOL. For me, this was a point in favor of the game, but if you're looking for a more relaxed experience, this may not be it. 

(-/+) The ending. Personally? Not a fan. Oh, I loved the reveal. The minute [i]I[/i] started connecting the dots, my stomach dropped. 10/10 for that. But everything after that?... I will be playing the next game, if there is one, but overall, [spoiler]I am not really the kind of person to enjoy an ""everybody died"" ending. After all the brilliant puzzle solving, I wanted these characters to have a good ending. I have seen people talk about how this was actually a good ending - how Hal is still thwarting the organization 30 years later, and that's realistic and optimistic but damn. I got attached to [i]these[/i] characters. I wanted to see them happy, even if we fail to totally crush the bad guys in the end of the game. And I wanted to understand what the goal of the ""bad guys"" in this game is, and I don't. They're evil people, but... why are they doing what they're doing? No clue. Which is another thing I don't like. For me, a game needs to be able to stand on its own, even if it's part of a larger narrative. [/spoiler] Essentially, this felt like a game meant to [i]set up[/i] another game, and truthfully, I don't like that.","Okay, while I said I liked this game, [b]I think in terms of recommendation, this is more a ""maybe"" than an outright ""yes.""[/b] There are several things to consider before you purchase this one, and while I ultimately think you'll enjoy the experience either way, you may be slightly frustrated by at least one or two of these points. I know I was. (-) First, the game is short. It took me less than 4 hours to finish it, and that's with several long cut scenes. Speaking of those cut scenes... pay attention to them. I didn't, because some of them seemed pointless, and that led me to the only time I felt truly stuck in this game LOL. (+) You play as an operator in the FDI, and the entire gameplay involves sitting in front of your computer, connecting dots, and solving puzzles. I absolutely loved it. It was fresh and interesting, and the feeling of things connecting and unraveling was really fun. I actually wish we had more of it—I would've gladly played more hours of more cases, slowly connecting them to this huge conspiracy. It made me hope that someone would make an entire mystery murder game (as opposed to a conspiracy) as ""the guy in the chair,"" slowly unraveling everything and helping the ""heroes"" solve the mystery. (-/+) For a game that's sitting in front of your computer... the stakes are high and so is the tension. I actually got really anxious at parts, in a way that doesn't really happen with most games because, the way everything is set up, WE are Tenner. So I felt like there was a gun aimed at [i]me[/i] at times, LOL. For me, this was a point in favor of the game, but if you're looking for a more relaxed experience, this may not be it. (-/+) The ending. Personally? Not a fan. Oh, I loved the reveal. The minute [i]I[/i] started connecting the dots, my stomach dropped. 10/10 for that. But everything after that?... I will be playing the next game, if there is one, but overall, [spoiler]I am not really the kind of person to enjoy an ""everybody died"" ending. After all the brilliant puzzle solving, I wanted these characters to have a good ending. I have seen people talk about how this was actually a good ending - how Hal is still thwarting the organization 30 years later, and that's realistic and optimistic but damn. I got attached to [i]these[/i] characters. I wanted to see them happy, even if we fail to totally crush the bad guys in the end of the game. And I wanted to understand what the goal of the ""bad guys"" in this game is, and I don't. They're evil people, but... why are they doing what they're doing? No clue. Which is another thing I don't like. For me, a game needs to be able to stand on its own, even if it's part of a larger narrative. [/spoiler] Essentially, this felt like a game meant to [i]set up[/i] another game, and truthfully, I don't like that.",True,2025-06-07T07:48:16+00:00,2025-06-07T07:48:16+00:00,213.0,213.0,0.0,97.0,0.0,0.8930917382240295,True,False,False,False,76561198304846169,,16.0,False,False,2812,516,3.55,3.55,3-10h,positive
213753509,1771980,the-operator,The Operator,english,"The game has a VERY interesting Story with several twists that i did not expect. its very atmospheric and tense. I am certainly looking forward for more content. 
however I do think that the game could have used more and harder puzzles, especially if you compare it to another desktop-sim like hack-net
The game also sports a good soundtrack, and its impessive how the several cases are woven together at the end. 
its just that the game lacks... stuffing? its a puzzle game with more story than puzzle","The game has a VERY interesting Story with several twists that i did not expect. its very atmospheric and tense. I am certainly looking forward for more content. however I do think that the game could have used more and harder puzzles, especially if you compare it to another desktop-sim like hack-net The game also sports a good soundtrack, and its impessive how the several cases are woven together at the end. its just that the game lacks... stuffing? its a puzzle game with more story than puzzle",True,2025-12-20T18:54:59+00:00,2025-12-20T19:02:10+00:00,734.0,610.0,0.0,0.0,0.0,0.5,True,False,False,False,76561198170878730,,57.0,False,False,500,88,12.233333333333333,10.166666666666666,10h+,positive
181995893,1771980,the-operator,The Operator,english,too short for the $,too short for the $,False,2024-12-06T00:43:05+00:00,2024-12-06T00:43:05+00:00,163.0,163.0,0.0,0.0,0.0,0.5,True,False,False,False,76561198031752640,,23.0,False,False,19,5,2.716666666666667,2.716666666666667,1-3h,negative
175618214,1771980,the-operator,The Operator,english,"The Operator is a very short (3 to 4 hours at best) interactive visual novel with good production value. The interface looks clean and easy to use, the voice acting is good, and the interactive elements are pretty decent. For a visual novel. 

It is presented, however, as a game of deduction and puzzle solving. The puzzles and deductions are shallow with too much handholding. As you progress new mechanics are introduced, and then discarded immediately after. This gives the mistaken impression that much more content is waiting for you and puzzles will get more difficult. And then the game is over.

The story is equally shallow. The opening scene reveals too much, making the big reveal at the end something you can piece together within a few minutes of playing the game. The ending is a cliffhanger of sorts, but it makes this game feel like the opening chapter of a larger story that has not been written. Worse is that none of the conspiracy is ever explained, leaving you with many questions that are unlikely to be answered. There are no divergent paths, only one ending, and zero replay value.

If you go into this game expecting a visual novel, you will have an entertaining few hours with an okay story and underwhelming finale. If you go into this game expecting deduction, investigation, and puzzle solving, you will find only disappointment. This ultimately leads to my negative review. For a visual novel it is too short with an unresolved story, and for an investigation game the puzzles are too simple. The Operator has a lot of unmet potential, which is a shame.","The Operator is a very short (3 to 4 hours at best) interactive visual novel with good production value. The interface looks clean and easy to use, the voice acting is good, and the interactive elements are pretty decent. For a visual novel. It is presented, however, as a game of deduction and puzzle solving. The puzzles and deductions are shallow with too much handholding. As you progress new mechanics are introduced, and then discarded immediately after. This gives the mistaken impression that much more content is waiting for you and puzzles will get more difficult. And then the game is over. The story is equally shallow. The opening scene reveals too much, making the big reveal at the end something you can piece together within a few minutes of playing the game. The ending is a cliffhanger of sorts, but it makes this game feel like the opening chapter of a larger story that has not been written. Worse is that none of the conspiracy is ever explained, leaving you with many questions that are unlikely to be answered. There are no divergent paths, only one ending, and zero replay value. If you go into this game expecting a visual novel, you will have an entertaining few hours with an okay story and underwhelming finale. If you go into this game expecting deduction, investigation, and puzzle solving, you will find only disappointment. This ultimately leads to my negative review. For a visual novel it is too short with an unresolved story, and for an investigation game the puzzles are too simple. The Operator has a lot of unmet potential, which is a shame.",False,2024-09-23T14:43:05+00:00,2024-09-23T18:34:06+00:00,299.0,299.0,0.0,4.0,0.0,0.5285129547119141,True,False,False,False,76561198071634639,,24.0,False,False,1580,274,4.983333333333333,4.983333333333333,3-10h,negative
171680379,1771980,the-operator,The Operator,english,"This game is crazy man, i love everything about it. As someone who loves mystery game this one blew my mind and i literally got goosebumps. The only complain i had is that it was too short. I finished the game within 3 hours but best believe that was the best 3 hours i've ever spent on a game. Would def be waiting for the operator 2 or some new update cause that ending gotta have some sequence to it.","This game is crazy man, i love everything about it. As someone who loves mystery game this one blew my mind and i literally got goosebumps. The only complain i had is that it was too short. I finished the game within 3 hours but best believe that was the best 3 hours i've ever spent on a game. Would def be waiting for the operator 2 or some new update cause that ending gotta have some sequence to it.",True,2024-08-08T12:54:28+00:00,2024-08-08T12:54:28+00:00,162.0,162.0,0.0,0.0,0.0,0.5,True,False,False,False,76561199064116769,,4.0,False,False,403,80,2.7,2.7,1-3h,positive
185879236,1771980,the-operator,The Operator,english,"This is an excellent, short puzzle and story game as an Operator in the FDI assisting agents with cases

The game opens with a cut scene which you watch and this sets the tone. Then you see a computer terminal boot up and you log in. This is the start of your job as an operator for the FDI (Federal Department of Intelligence). This is the main screen you see and involves taking calls, running through evidence and assisting agents with their cases.

There is a small cast of characters – you assist a few agents, you hear from the director, who is a friend, and you have a direct supervisor. There are also a couple of other people you hear from. To start with the calls walk you through the basics of the set up and the mechanics you will be using. Then you are given your first call from an agent.

The element of “assisting” agents is fun and about solving puzzles. Finding people in databases, working out how to get evidence from clues in video and audio files and some careful reading of instructions and asking questions. I found the puzzles varied, fun, hard (but not too hard) and appropriate to the setting. The difficulty curve generally increases as the game progresses.

The other people are interesting and I generally liked them, particularly the agents. They were varied, plausible and interesting. There were a couple of dialogue choices where I would have not chosen from the options given, but mostly they were plausible too.

The progression of the different cases builds the stories, tone and difficulty of the puzzles. Also, the puzzles generally get harder, although one or two of the later ones are still quite quick. 

Video and audio are basic but effective, this isn't a high budget game but makes excellent use of what it has.

Saving happens when you exit the game, this isn't particularly clear to start with. I think the rule is that if you are between cases then you just save, but if you are in the middle of a call, then it will take you back to the start of the call/case. Which has the advantage of letting you return to the game and not be in the middle of something complicated, it is also something you can use if you want another attempt at a puzzle (as you can fail some of them).

I won't say too much about the ending. There is only one ending (confirmed by the game designer) and it does seem a little sequel-hook like. Also, there is a post credits scene.

In general, this is a really interesting puzzle story game and be aware of it's comparatively short length.","This is an excellent, short puzzle and story game as an Operator in the FDI assisting agents with cases The game opens with a cut scene which you watch and this sets the tone. Then you see a computer terminal boot up and you log in. This is the start of your job as an operator for the FDI (Federal Department of Intelligence). This is the main screen you see and involves taking calls, running through evidence and assisting agents with their cases. There is a small cast of characters – you assist a few agents, you hear from the director, who is a friend, and you have a direct supervisor. There are also a couple of other people you hear from. To start with the calls walk you through the basics of the set up and the mechanics you will be using. Then you are given your first call from an agent. The element of “assisting” agents is fun and about solving puzzles. Finding people in databases, working out how to get evidence from clues in video and audio files and some careful reading of instructions and asking questions. I found the puzzles varied, fun, hard (but not too hard) and appropriate to the setting. The difficulty curve generally increases as the game progresses. The other people are interesting and I generally liked them, particularly the agents. They were varied, plausible and interesting. There were a couple of dialogue choices where I would have not chosen from the options given, but mostly they were plausible too. The progression of the different cases builds the stories, tone and difficulty of the puzzles. Also, the puzzles generally get harder, although one or two of the later ones are still quite quick. Video and audio are basic but effective, this isn't a high budget game but makes excellent use of what it has. Saving happens when you exit the game, this isn't particularly clear to start with. I think the rule is that if you are between cases then you just save, but if you are in the middle of a call, then it will take you back to the start of the call/case. Which has the advantage of letting you return to the game and not be in the middle of something complicated, it is also something you can use if you want another attempt at a puzzle (as you can fail some of them). I won't say too much about the ending. There is only one ending (confirmed by the game designer) and it does seem a little sequel-hook like. Also, there is a post credits scene. In general, this is a really interesting puzzle story game and be aware of it's comparatively short length.",True,2025-01-18T18:28:52+00:00,2025-01-18T18:28:52+00:00,283.0,283.0,0.0,0.0,0.0,0.5,True,False,False,False,76561198016786962,,2.0,False,False,2502,455,4.716666666666667,4.716666666666667,3-10h,positive
232369285,1771980,the-operator,The Operator,english,"The story is great, feels little bit like Soma. The game is short ~4h, but polished - dialogs react on your actions and comment if you do something out-of-order (especially happens in second gameplay). The puzzles are engaging and varied. Could use procedural generation and more endings but otherwise it is perfect.","The story is great, feels little bit like Soma. The game is short ~4h, but polished - dialogs react on your actions and comment if you do something out-of-order (especially happens in second gameplay). The puzzles are engaging and varied. Could use procedural generation and more endings but otherwise it is perfect.",True,2026-08-08T18:56:54+00:00,2026-08-08T18:56:54+00:00,648.0,648.0,0.0,0.0,0.0,0.5,True,False,False,False,76561198018460185,,32.0,False,False,316,52,10.8,10.8,10h+,positive
180939629,1771980,the-operator,The Operator,english,"Let me start by saying that the game itself is well-crafted and rather immersive. The story has genuine suspense and offers a unique experience. The voice acting (in English) is well done and adds a level of immersion that you don't normally see in games at this price point.

With that being said, as many other reviews have mentioned, the story is incredibly short. It lasts around 3 hours and could use a bit of ""fluff,"" as there is no replay value outside of achievement hunting. I feel that if the story added [spoiler] one or two [/spoiler] days and provided [spoiler] a few additional cases that are both unrelated and related to the main story [/spoiler], it would greatly enhance this near-perfect game and justify the price point.

Given the current length of the story, I would not recommend buying the game at full price. If the game is on sale, then I would consider purchasing it, provided you understand that you will complete the story in 3 to 4 hours and that you likely will not play it a second time, as the story follows a fixed, very short path.","Let me start by saying that the game itself is well-crafted and rather immersive. The story has genuine suspense and offers a unique experience. The voice acting (in English) is well done and adds a level of immersion that you don't normally see in games at this price point. With that being said, as many other reviews have mentioned, the story is incredibly short. It lasts around 3 hours and could use a bit of ""fluff,"" as there is no replay value outside of achievement hunting. I feel that if the story added [spoiler] one or two [/spoiler] days and provided [spoiler] a few additional cases that are both unrelated and related to the main story [/spoiler], it would greatly enhance this near-perfect game and justify the price point. Given the current length of the story, I would not recommend buying the game at full price. If the game is on sale, then I would consider purchasing it, provided you understand that you will complete the story in 3 to 4 hours and that you likely will not play it a second time, as the story follows a fixed, very short path.",False,2024-11-30T02:54:18+00:00,2024-11-30T02:55:05+00:00,275.0,275.0,0.0,40.0,2.0,0.7497916221618652,True,False,False,False,76561198136853553,,6.0,False,False,1064,192,4.583333333333333,4.583333333333333,3-10h,negative
171091475,1771980,the-operator,The Operator,english,"Really enjoyed the game - I always kinda love these work simulator / tech operator type games and I think if you like that genre you'll enjoy this. I think it has a great story line with some interesting twists... BUT realistically its probably a little too short for the money. 

In saying that I'd happily play a sequel... which I assume is what they are going for with that ending.",Really enjoyed the game - I always kinda love these work simulator / tech operator type games and I think if you like that genre you'll enjoy this. I think it has a great story line with some interesting twists... BUT realistically its probably a little too short for the money. In saying that I'd happily play a sequel... which I assume is what they are going for with that ending.,True,2024-07-30T12:21:00+00:00,2024-07-30T12:21:00+00:00,172.0,172.0,0.0,0.0,0.0,0.5,True,False,False,False,76561198056601667,,25.0,False,False,382,71,2.8666666666666667,2.8666666666666667,1-3h,positive
173673794,1771980,the-operator,The Operator,english,"If you are looking for a good puzzle/detective guy in the chair game to scratch that itch made by an indie developer to entertain you for 3 hours with great gameplay, great puzzles that don't hold your hand and are satisfying to solve, great voice acting, introducing a couple of interesting game mechanics beyond ""click face and search for name here"" and a pretty good linear story, then this is the game for you. I bought it at 10% off and really enjoyed it, will definitely be on the look out for the next game this developer makes, and would recommend it to anyone with the expectation that its a good indie game.  

If you are looking for a deep, multi ending detective game where choices matter and there's endless replayability, this is not the game for you. I think the two critiques I see the most of is that fact the game is short and doesn't have multiple endings. For the length side, I think complaining that a game isn't long enough is a pretty good complaint to have. The game isn't perfect, but its entertaining and I hope the developer makes a longer game in the future using the success from this game to better utilize some of the interesting game mechanics that get introduced but then not used again (there's a few). 

Whether it's worth the price is subjective. The developer gave the reasoning that it's about the length of a movie, around the price of similar games, and so that's why it's at the price that it is. I don't know how much that justifies the price for this game, which I feel is a few dollars more expensive than similar games, but since I liked the demo, the movie comparison seemed reasonable enough for me (at least given some reason instead of no reason at all) and I wanted to support the developer, so I went for it when it first released. Overall, I am very satisfied with the game, had a good time, and would buy it again. 

Not having multiple endings doesn't bother me much. If the ""choices"" are scattered throughout the game, I'm not replaying, solving puzzles I already know the answers too, just to change a couple of dialogue options. The same thing for if the choice is at the end and there's no individual save feature for me to go back to. I think it's fair to expect an indie developer to just make a game that's fun to play once. There's dialogue options that don't really matter, but I found the characters you interact with the most really endearing and felt connected very quickly.","If you are looking for a good puzzle/detective guy in the chair game to scratch that itch made by an indie developer to entertain you for 3 hours with great gameplay, great puzzles that don't hold your hand and are satisfying to solve, great voice acting, introducing a couple of interesting game mechanics beyond ""click face and search for name here"" and a pretty good linear story, then this is the game for you. I bought it at 10% off and really enjoyed it, will definitely be on the look out for the next game this developer makes, and would recommend it to anyone with the expectation that its a good indie game. If you are looking for a deep, multi ending detective game where choices matter and there's endless replayability, this is not the game for you. I think the two critiques I see the most of is that fact the game is short and doesn't have multiple endings. For the length side, I think complaining that a game isn't long enough is a pretty good complaint to have. The game isn't perfect, but its entertaining and I hope the developer makes a longer game in the future using the success from this game to better utilize some of the interesting game mechanics that get introduced but then not used again (there's a few). Whether it's worth the price is subjective. The developer gave the reasoning that it's about the length of a movie, around the price of similar games, and so that's why it's at the price that it is. I don't know how much that justifies the price for this game, which I feel is a few dollars more expensive than similar games, but since I liked the demo, the movie comparison seemed reasonable enough for me (at least given some reason instead of no reason at all) and I wanted to support the developer, so I went for it when it first released. Overall, I am very satisfied with the game, had a good time, and would buy it again. Not having multiple endings doesn't bother me much. If the ""choices"" are scattered throughout the game, I'm not replaying, solving puzzles I already know the answers too, just to change a couple of dialogue options. The same thing for if the choice is at the end and there's no individual save feature for me to go back to. I think it's fair to expect an indie developer to just make a game that's fun to play once. There's dialogue options that don't really matter, but I found the characters you interact with the most really endearing and felt connected very quickly.",True,2024-08-29T02:33:23+00:00,2024-08-29T02:35:04+00:00,192.0,192.0,0.0,0.0,0.0,0.5,True,False,False,False,76561198170804105,,9.0,False,False,2434,445,3.2,3.2,3-10h,positive
215867993,1771980,the-operator,The Operator,english,"Way too short. This game had me starting out thinking it was boring but as I played it more, I enjoyed it a lot. Felt a lot like a job simulator with enough twists to make me want to keep playing. I just wish it was longer!!","Way too short. This game had me starting out thinking it was boring but as I played it more, I enjoyed it a lot. Felt a lot like a job simulator with enough twists to make me want to keep playing. I just wish it was longer!!",True,2026-01-13T03:00:00+00:00,2026-01-13T03:00:00+00:00,759.0,759.0,0.0,0.0,0.0,0.5,True,False,False,False,76561198983579917,,1.0,False,False,224,47,12.65,12.65,10h+,positive
