review_id,steam_app_id,game_key,game_name,language,review_text_raw,review_text_clean,recommended,created_at,updated_at,playtime_forever_minutes,playtime_at_review_minutes,playtime_last_two_weeks_minutes,votes_up,votes_funny,weighted_vote_score,steam_purchase,received_for_free,written_during_early_access,refunded,author_steam_id,author_num_games_owned,author_num_reviews,is_empty,is_very_short,review_length_chars,review_length_words,playtime_forever_hours,playtime_at_review_hours,playtime_segment,overall_sentiment
172017672,1771980,the-operator,The Operator,english,It's a pretty good short game. I will say it is a bit pricey for the amount of gameplay so do add it to your wishlist so you get notified for sales. You do figure out the perp about half way through but the real twist hits you at the end. I love games like this where I go through figuring out my own little details about the cases and though there is a lot of hand holding its a good entry point into these game to go into Cyber Manhunt and Orwell!,It's a pretty good short game. I will say it is a bit pricey for the amount of gameplay so do add it to your wishlist so you get notified for sales. You do figure out the perp about half way through but the real twist hits you at the end. I love games like this where I go through figuring out my own little details about the cases and though there is a lot of hand holding its a good entry point into these game to go into Cyber Manhunt and Orwell!,True,2024-08-13T04:11:15+00:00,2024-08-13T04:11:15+00:00,309.0,144.0,0.0,0.0,0.0,0.5,True,False,False,False,76561198241615390,,3.0,False,False,449,93,5.15,2.4,1-3h,positive
222996163,1771980,the-operator,The Operator,english,"[h1][b] TLDR: Sells itself as an investigative puzzler but delivers a mostly on-rails visual novel experience. The handful of genuine puzzles are great, making their scarcity all the more frustrating.
[/b] [/h1]

[h1]PROS: [/h1]
➕Neat investigative puzzles (ENHANCE….ENHANCE)
➕Some nice puzzles, like bomb defuse

[h1]NEUTRALS: [/h1]
🔹Story is good, but a bit too on-rails and hand-holding

[h1]CONS: [/h1]
➖Lots of unskippable intentionally blurry cutscenes leaves a cheap or vague feeling
➖Some reveals are not as big as they should be simply because you wouldn’t know things that your character would know

[h1] [b] Content (Game world/Narrative) – [5/10] [/b] [/h1]
The game world takes place entirely from a computer screen and is set in the 90s, we’re talking older CRT monitor screens. There’s not much exploration to be found, as you work for the government and everything is pretty locked down. I’d say the world is a bit basic and simple, only serving as a UI to show some puzzles. 

The narrative has some good parts. You play as Evan Tanner, a Federal Department of Investigation (FDI) operator, in which your job is to assist field agents. You very quickly learn that there’s something going on and you are enlisted, whether you want to or not, to uncover the truth. 
So while I did enjoy the story to an extent, any scene not at the computer and is told through a characters eyes is a blurry mess of objects that are nearly undecipherable. This could be something related to the story, but I don’t want to give the game the benefit of the doubt here and say that it worsens the experience. 

[h1][b] Gameplay (Mechanics/Difficulty) – [6/10] [/b] [/h1]
The gameplay seems pretty cool at first, but you quickly realize how on-rails the game is. Essentially, this is a glorified visual novel with a few puzzles sprinkled in. At first, I felt like Garcia from Criminal Minds - I was the internet sleuth assisting agents in the field by giving them on-the-fly information to help with cases. But unfortunately, the game isn’t as cool as that. 
The loop consists of you having a conversation, being presented with evidence, and then using the 2-3 tools at your disposal to answer a question presented by the conversation. For example, you’ll need to identify a killer and a victim by scanning their faces to get their names, then look them up in the FDI database. Same thing with licenses plates or analyzing footage/pictures. It does sound very cool, but I can’t emphasize enough the on-rails experience and lack of deep puzzle mechanics. This is more of a game focused on the narrative. 

The difficulty is forgiving. I’m pretty sure I made every wrong choice in the game, yet still made it to the end. I literally messed up a [spoiler]bomb defuse and got an agent killed[/spoiler]. Whoops. Despite these consequences, this doesn’t seem like it impacted the game as much and wasn’t mentioned again other than a few brief times after the fact. 

[h1] [b] Graphics (Quality/Technical) – [5/10] [/b] [/h1]
Being that the game is from the point of view of a computer screen and all “Real” scenes are a blurry mess, I’d say the quality isn’t great. What footage you do see is grainy 90’s-era quality, but aside from that the computer UI is good and crisp. 

On the technical side, I had no issues, encountered no bugs, and ran the game without issues. 

1440p @ 240hz | installed on SSD  

[h1] [b] Audio – [6/10] [/b] [/h1]
The music isn’t really noticeable, but it does increase in intensity during high-drama parts. 

There is a lot of voice acting, and it all sounds good. 

[h1] [b] Replay Factor (Longevity) – [2/10] [/b] [/h1]
Not a lot of replay value here, unless you want to redo the puzzles again for achievements. 

[h1] [b] Final Verdict – [6/10] [/b] [/h1]
The Operator is described as a game with detective/investigation, and puzzle elements. I’d estimate the game to be about 70% story/narrative focus, 20% puzzles, and 10% deducing or investigating. I’d say that Operator is an okay game, but I was a bit disappointed by the mystery and investigative sides. This is very much a visual novel game more than anything, and as someone that likes visual novels, I was expecting more to use my brain to make deductions instead of clicking pre-defined replies. 

The game does have a few puzzles. I’d say maybe ~10 at the most, and despite that small number, I found them to be good puzzles. Analyzing gunpowder was really cool. Defusing a bomb on the fly was also great. If the game was more focused on gameplay like that, then I’d give it a much higher score, but these are the highest highs that The Operator offers, and there’s only a few of them. 

The real focus of the game is on the narrative. While I wouldn’t consider the narrative to be bad, there were a few parts that were either ridiculously obvious, or a missed opportunity. 
Obvious, because of metagaming - anyone who watches mystery shows knows that there’s only so many characters who could be the culprit due to you the show introducing them to the viewer. Same concept here, it’s obviously going to be the handful of people you know about already. 
Missed opportunity because you as the player only know what you know. One part in particular [spoiler]has the player finding out his apartment is being watched with a camera, and you have to identify whose apartment it is[/spoiler]. Well how can you possibly figure that out without knowing anything about the characters' life, nor ever having been there? Dumb. 

Overall, I do recommend The Operator, but it’s important that you know what you’re going into. This is NOT about deduction or investigating, and that’s not necessarily a bad thing, but I feel the game presents itself in a way that it’s something that it isn’t. 

[h1] [b] Recommend? (Price) [Y/N] [/b] [/h1]
[h1]Yes[/h1]
$14 base price is a bit much for a ~5 hour game with very low replay value. Wait for a sale. Around ~$5-7 would be a good point. 

You can find my curator page here: https://steamcommunity.com/groups/Synik_GR
","[h1][b] TLDR: Sells itself as an investigative puzzler but delivers a mostly on-rails visual novel experience. The handful of genuine puzzles are great, making their scarcity all the more frustrating. [/b] [/h1] [h1]PROS: [/h1] ➕Neat investigative puzzles (ENHANCE….ENHANCE) ➕Some nice puzzles, like bomb defuse [h1]NEUTRALS: [/h1] 🔹Story is good, but a bit too on-rails and hand-holding [h1]CONS: [/h1] ➖Lots of unskippable intentionally blurry cutscenes leaves a cheap or vague feeling ➖Some reveals are not as big as they should be simply because you wouldn’t know things that your character would know [h1] [b] Content (Game world/Narrative) – [5/10] [/b] [/h1] The game world takes place entirely from a computer screen and is set in the 90s, we’re talking older CRT monitor screens. There’s not much exploration to be found, as you work for the government and everything is pretty locked down. I’d say the world is a bit basic and simple, only serving as a UI to show some puzzles. The narrative has some good parts. You play as Evan Tanner, a Federal Department of Investigation (FDI) operator, in which your job is to assist field agents. You very quickly learn that there’s something going on and you are enlisted, whether you want to or not, to uncover the truth. So while I did enjoy the story to an extent, any scene not at the computer and is told through a characters eyes is a blurry mess of objects that are nearly undecipherable. This could be something related to the story, but I don’t want to give the game the benefit of the doubt here and say that it worsens the experience. [h1][b] Gameplay (Mechanics/Difficulty) – [6/10] [/b] [/h1] The gameplay seems pretty cool at first, but you quickly realize how on-rails the game is. Essentially, this is a glorified visual novel with a few puzzles sprinkled in. At first, I felt like Garcia from Criminal Minds - I was the internet sleuth assisting agents in the field by giving them on-the-fly information to help with cases. But unfortunately, the game isn’t as cool as that. The loop consists of you having a conversation, being presented with evidence, and then using the 2-3 tools at your disposal to answer a question presented by the conversation. For example, you’ll need to identify a killer and a victim by scanning their faces to get their names, then look them up in the FDI database. Same thing with licenses plates or analyzing footage/pictures. It does sound very cool, but I can’t emphasize enough the on-rails experience and lack of deep puzzle mechanics. This is more of a game focused on the narrative. The difficulty is forgiving. I’m pretty sure I made every wrong choice in the game, yet still made it to the end. I literally messed up a [spoiler]bomb defuse and got an agent killed[/spoiler]. Whoops. Despite these consequences, this doesn’t seem like it impacted the game as much and wasn’t mentioned again other than a few brief times after the fact. [h1] [b] Graphics (Quality/Technical) – [5/10] [/b] [/h1] Being that the game is from the point of view of a computer screen and all “Real” scenes are a blurry mess, I’d say the quality isn’t great. What footage you do see is grainy 90’s-era quality, but aside from that the computer UI is good and crisp. On the technical side, I had no issues, encountered no bugs, and ran the game without issues. 1440p @ 240hz | installed on SSD [h1] [b] Audio – [6/10] [/b] [/h1] The music isn’t really noticeable, but it does increase in intensity during high-drama parts. There is a lot of voice acting, and it all sounds good. [h1] [b] Replay Factor (Longevity) – [2/10] [/b] [/h1] Not a lot of replay value here, unless you want to redo the puzzles again for achievements. [h1] [b] Final Verdict – [6/10] [/b] [/h1] The Operator is described as a game with detective/investigation, and puzzle elements. I’d estimate the game to be about 70% story/narrative focus, 20% puzzles, and 10% deducing or investigating. I’d say that Operator is an okay game, but I was a bit disappointed by the mystery and investigative sides. This is very much a visual novel game more than anything, and as someone that likes visual novels, I was expecting more to use my brain to make deductions instead of clicking pre-defined replies. The game does have a few puzzles. I’d say maybe ~10 at the most, and despite that small number, I found them to be good puzzles. Analyzing gunpowder was really cool. Defusing a bomb on the fly was also great. If the game was more focused on gameplay like that, then I’d give it a much higher score, but these are the highest highs that The Operator offers, and there’s only a few of them. The real focus of the game is on the narrative. While I wouldn’t consider the narrative to be bad, there were a few parts that were either ridiculously obvious, or a missed opportunity. Obvious, because of metagaming - anyone who watches mystery shows knows that there’s only so many characters who could be the culprit due to you the show introducing them to the viewer. Same concept here, it’s obviously going to be the handful of people you know about already. Missed opportunity because you as the player only know what you know. One part in particular [spoiler]has the player finding out his apartment is being watched with a camera, and you have to identify whose apartment it is[/spoiler]. Well how can you possibly figure that out without knowing anything about the characters' life, nor ever having been there? Dumb. Overall, I do recommend The Operator, but it’s important that you know what you’re going into. This is NOT about deduction or investigating, and that’s not necessarily a bad thing, but I feel the game presents itself in a way that it’s something that it isn’t. [h1] [b] Recommend? (Price) [Y/N] [/b] [/h1] [h1]Yes[/h1] $14 base price is a bit much for a ~5 hour game with very low replay value. Wait for a sale. Around ~$5-7 would be a good point. You can find my curator page here: https://steamcommunity.com/groups/Synik_GR",True,2026-04-11T05:23:34+00:00,2026-04-11T05:23:34+00:00,264.0,264.0,0.0,2.0,0.0,0.5394737124443054,True,False,False,False,76561198003129733,,553.0,False,False,5989,1035,4.4,4.4,3-10h,positive
217098337,1771980,the-operator,The Operator,english,"FULLY recommend you play this game, its awesome, the puzzles are fun and challenging.

but most importantly the aesthetic, the vibe, the graphics for the footage which so closely resemble the shitty security camera you see irl, Im genuinely still confused if they really filmed all of those or if its a game render, its that good.

The mystery is fun to watch unfold, and the graphics just completely elevate the experience, definitely recommend you buy it

Only critisicm i have is you might find this game too short, given the price point but personally i feel it was worth the price","FULLY recommend you play this game, its awesome, the puzzles are fun and challenging. but most importantly the aesthetic, the vibe, the graphics for the footage which so closely resemble the shitty security camera you see irl, Im genuinely still confused if they really filmed all of those or if its a game render, its that good. The mystery is fun to watch unfold, and the graphics just completely elevate the experience, definitely recommend you buy it Only critisicm i have is you might find this game too short, given the price point but personally i feel it was worth the price",True,2026-01-29T15:25:24+00:00,2026-01-29T15:25:24+00:00,694.0,694.0,0.0,0.0,0.0,0.5,True,False,False,False,76561199563575844,,6.0,False,False,582,102,11.566666666666666,11.566666666666666,10h+,positive
172124106,1771980,the-operator,The Operator,english,"Played the demo and got really hooked, so I bought the game the next day full price.

AFTER the demo I expected it to be very similar to Orville and Cyber Manhunt, with the primary focus on using the game's mechanics to solve multiple criminal cases, most unrelated or maybe filler and some interconnected into a bigger picture.
It was... kinda like that? But instead of a focus on multiple cases and the solving mechanics, it focuses solely on one storyline.

Which to me was actually really sad I guess because the gameplay mechanics were really well implemented and would have made for a super nice gameplay loop but instead got used once to advance the plot and then got discarded (e.g. the lab analysis or manually unlocking files). 

Also, the game is probably 75% dialogue, in which you are given choices that lead nowhere. You feel like your choices should matter, maybe in resulting in different endings but there is only one ending implemented. It actually made me compare it more to a visual novel than a detective game.

The lack of ""filler cases"" is also more of a negative in this particular storyline. I've read that the developer wanted to focus more on the main story instead of filler but I think some filler would've helped the player to immerse themselves better into their role, made better usage of the well-implemented mechanics and would've allowed the player to connect with the characters better, settle mentally on the twists and turns of the main story and process them before the next thing gets thrown at them. It felt very fast-paced with no breathing time from basically the get-go and if I'm not mistaken the story takes place within only a couple of days in-game which also does not seem realistic.

Conclusion:
+ well-made from a technical point of view
+ well implemented mechanics
+ good soundtrack
- poor use of mechanics
- unclear advertisement (detective game vs. very story-driven, more of a visual novel)
- no actual choices made by the player even though it feels like they should have mattered
- lack of cases with a rather short gameplay time as a result
- lots of dialogue with comparatively little gameplay

If you're looking for somethin akin to Orville, Cyber Manhunt or even Her Story, this is not it.
I considered requesting a refund but I believe that if I buy a product, receive it and use it, there is no reason in refunding it, even if it was not what I expected","Played the demo and got really hooked, so I bought the game the next day full price. AFTER the demo I expected it to be very similar to Orville and Cyber Manhunt, with the primary focus on using the game's mechanics to solve multiple criminal cases, most unrelated or maybe filler and some interconnected into a bigger picture. It was... kinda like that? But instead of a focus on multiple cases and the solving mechanics, it focuses solely on one storyline. Which to me was actually really sad I guess because the gameplay mechanics were really well implemented and would have made for a super nice gameplay loop but instead got used once to advance the plot and then got discarded (e.g. the lab analysis or manually unlocking files). Also, the game is probably 75% dialogue, in which you are given choices that lead nowhere. You feel like your choices should matter, maybe in resulting in different endings but there is only one ending implemented. It actually made me compare it more to a visual novel than a detective game. The lack of ""filler cases"" is also more of a negative in this particular storyline. I've read that the developer wanted to focus more on the main story instead of filler but I think some filler would've helped the player to immerse themselves better into their role, made better usage of the well-implemented mechanics and would've allowed the player to connect with the characters better, settle mentally on the twists and turns of the main story and process them before the next thing gets thrown at them. It felt very fast-paced with no breathing time from basically the get-go and if I'm not mistaken the story takes place within only a couple of days in-game which also does not seem realistic. Conclusion: + well-made from a technical point of view + well implemented mechanics + good soundtrack - poor use of mechanics - unclear advertisement (detective game vs. very story-driven, more of a visual novel) - no actual choices made by the player even though it feels like they should have mattered - lack of cases with a rather short gameplay time as a result - lots of dialogue with comparatively little gameplay If you're looking for somethin akin to Orville, Cyber Manhunt or even Her Story, this is not it. I considered requesting a refund but I believe that if I buy a product, receive it and use it, there is no reason in refunding it, even if it was not what I expected",False,2024-08-14T18:11:54+00:00,2024-08-14T18:11:54+00:00,170.0,170.0,0.0,20.0,0.0,0.6450066566467285,True,False,False,False,76561198741066880,,1.0,False,False,2410,425,2.8333333333333335,2.8333333333333335,1-3h,negative
187327103,1771980,the-operator,The Operator,english,"This game has so much going on that I would ideally like to praise but a lot of those same things are also why I didn't really enjoy it.  On the bright side it has a very clever user interface system I like where most of the game is controlled via a ""computer"", the puzzles range from really easy to more complicated, and the story has some creativity going on.  It's definitely somewhat interesting, very dialogue heavy, and I would not recommend if you're not a strong reader, lover of puzzle games, or if you like a lot of scenery or environment changes.

With that said, the user interface becomes tiring to interact with very quickly.  It's hard to convey a sense of importance or immediate action when most of the puzzles really come down to clicking and having a computer ""analyze"" random clues.  The puzzles don't scale well in difficulty nor do they feel like they have a good payoff - any skill you learn will either be used again and again because we have to have some way to drive the game or it's a one time use - why did we bother to spend so much time reworking the wheel for no reason? (Example slight spoiler: you will never need to analyze anything other than the one sample in the game).  The instructions are lacking a lot - they have a help button that is definitely useful but there's an element of figure it out here that at times seems un-necessary.  I really don't understand not sticking to more tried and true puzzle formats particularly because they would have felt more rewarding, helped the game, and surely been easier to execute with more precision.

The story is the last complaint I'm going to throw out there.  It's interesting and I want to be invested, however, it is rushed, let down by a lot of bad music and sound interaction, and I found myself uninvested in the characters including my own character frequently.  Any story is going to ask you to slightly engage in disbelief but if you're an analytical or practical thinker there is going to come a point where you realize this is almost like a bad tv fiction.  If you're ever watched a non believable show you enjoyed - something like bones comes to mind - this is taking the worse parts of we can rush a story, analysis, evidence, data, blah blah blah but without any of the charm of why it matters.

Interesting idea but a bit of a miss on execution for me and kind of a feeling of  . . .  why did I spend time on this? lol.","This game has so much going on that I would ideally like to praise but a lot of those same things are also why I didn't really enjoy it. On the bright side it has a very clever user interface system I like where most of the game is controlled via a ""computer"", the puzzles range from really easy to more complicated, and the story has some creativity going on. It's definitely somewhat interesting, very dialogue heavy, and I would not recommend if you're not a strong reader, lover of puzzle games, or if you like a lot of scenery or environment changes. With that said, the user interface becomes tiring to interact with very quickly. It's hard to convey a sense of importance or immediate action when most of the puzzles really come down to clicking and having a computer ""analyze"" random clues. The puzzles don't scale well in difficulty nor do they feel like they have a good payoff - any skill you learn will either be used again and again because we have to have some way to drive the game or it's a one time use - why did we bother to spend so much time reworking the wheel for no reason? (Example slight spoiler: you will never need to analyze anything other than the one sample in the game). The instructions are lacking a lot - they have a help button that is definitely useful but there's an element of figure it out here that at times seems un-necessary. I really don't understand not sticking to more tried and true puzzle formats particularly because they would have felt more rewarding, helped the game, and surely been easier to execute with more precision. The story is the last complaint I'm going to throw out there. It's interesting and I want to be invested, however, it is rushed, let down by a lot of bad music and sound interaction, and I found myself uninvested in the characters including my own character frequently. Any story is going to ask you to slightly engage in disbelief but if you're an analytical or practical thinker there is going to come a point where you realize this is almost like a bad tv fiction. If you're ever watched a non believable show you enjoyed - something like bones comes to mind - this is taking the worse parts of we can rush a story, analysis, evidence, data, blah blah blah but without any of the charm of why it matters. Interesting idea but a bit of a miss on execution for me and kind of a feeling of . . . why did I spend time on this? lol.",False,2025-02-06T20:22:41+00:00,2025-02-06T20:22:41+00:00,208.0,208.0,0.0,3.0,0.0,0.5358843207359314,True,False,False,False,76561199283114790,,1.0,False,False,2405,448,3.466666666666667,3.466666666666667,3-10h,negative
172478487,1771980,the-operator,The Operator,english,"PRO: Nice immersive puzzle solver, with great atmosphere, story and voice acting. The set up is slick and the tutorial section and tool tips work well so you never feel lost. Some puzzles trickier than others - but you have all the tools and info you need.

CON: It's very short - finished in 2.8 hours. Limited replay-ability, unless you want to redo to get some achievements.","PRO: Nice immersive puzzle solver, with great atmosphere, story and voice acting. The set up is slick and the tutorial section and tool tips work well so you never feel lost. Some puzzles trickier than others - but you have all the tools and info you need. CON: It's very short - finished in 2.8 hours. Limited replay-ability, unless you want to redo to get some achievements.",True,2024-08-19T20:08:21+00:00,2024-08-19T20:08:21+00:00,165.0,165.0,0.0,0.0,0.0,0.5,True,False,False,False,76561198040987202,,7.0,False,False,376,67,2.75,2.75,1-3h,positive
186267468,1771980,the-operator,The Operator,english,"I recommend it ... but with some qualifications. 

So, the presentation is excellent. Really builds a strong atmosphere of mystery. There are points when you really feel like you're an operator for a field agent uncovering a major conspiracy. The game does a very good job of doing that. Some of the puzzles took some thinking. They're not super-difficult, but they all make sense in the context of the game and there's not a lot of handholding. Overall, I like how it's all presented.

However ... what I didn't realize is that this is more visual novel than a true puzzle game. It's not a pure visual novel - there is some genuine gameplay here. And that gameplay is pretty good. But ultimately, the gameplay is to trigger the next scene. You can't really ""fail"" - or at least, you can't fail in a way that will affect the story.

I had believed the game to be a puzzler in the vein of Obra Dinn or Orwell. And I would say the gameplay is as good in part. But after a while, I could ""see the rails"" - see that at its core, it's a visual novel.

However, that's not why I was disappointed.

The bigger problem I had with the game is that I felt it was ... too short. Not in terms of game length - but in terms of the plot. It felt like it ended right when the plot was getting interesting. 

Putting spoilers on anything further:
[spoiler]Where the game ends, when the intrigue is getting intense and the identity twist is revealed ... I felt almost like that's where the real story is starting. 

Up until this point, our protagonist has just been faceless tech guy who doesn't have a role in the story - and suddenly now we understand how he ties into the conspiracy. And we also understand just what kind of terrible enemy we're up against. 

With this dramatic twist, we now understand the protagonist and his role in the story - as well as true nature and threat of the antagonist that he faces. The stakes have been made clear. The die is cast, the point of no return is reached. 

The question is, what happens now? What does our protagonist do with his new forbidden knowledge? And how can he defeat this terrible enemy?... but instead - the story unceremoniously ends right there. Not only is it kind of a bummer of an ending - but it feels like you stopped telling me this story exactly at the point where it became interesting. Right at the point where things had fully shifted from ""Government Bureau Employee Simulator"" to ""Global Spy Conspiracy Thriller"". Our agency has revealed they're evil and they betrayed us, we're gonna go rogue, and take the conspiracy down .... no, wait, actually, that's the end. [/spoiler] 
 
[spoiler]It'd be like if moments after Jason Bourne realized that he was a secret agent and that assassins were trying to kill him ... he just died and the movie ended.

Or, to use a videogame equivalent - it'd be like if right when it's revealed that Doki Doki Literature Club is not actually an anime dating sim ... the game just ended.

There's no resolution. The story feels incomplete. If anything, this feels like it should be the prologue to the real plot. Like a teaser that gives us a glimpse of ""OMG these guys are really bad"". 

Actually, at the end, when it shifts to HAL's perspective - I thought that was where the real game was about to begin. like, ""Twist, Tanner dies in the prologue! You're actually playing as HAL. How will HAL defeat the Organization?"" ... But then the credits rolled.[/spoiler] 
 
[spoiler]Part of the problem was that I figured out the twist long before it was revealed. I wasn't being clever, either - it was clear from the opening cutscene that we were not playing as some anonymous rando. We are obviously someone who is involved with this conspiracy in some way. As events played out, the only possibilities were either (a) you were secretly one of the missing people or (b) you were secretly the Ghost. When it became clear you weren't the Ghost ... well, there's only one missing person who we know by name, so that must be you.[/spoiler] 
 
I will say I was thoroughly engaged up until the ending. Even when it started to become clear that the story was more on rails that I'd hoped - I didn't mind because the presentation was so good and the story had me hooked. 

But when it ended ... I felt very disappointed because I was like, ""Wait, we're ending it here? That's it?""

So I guess that's my recommend. It's a very well-done experience and the devs clearly were doing something right to keep me gripped. I intended to just try the game for a bit and ended up finishing it in one setting. But it really surprised me that it ended where it did.","I recommend it ... but with some qualifications. So, the presentation is excellent. Really builds a strong atmosphere of mystery. There are points when you really feel like you're an operator for a field agent uncovering a major conspiracy. The game does a very good job of doing that. Some of the puzzles took some thinking. They're not super-difficult, but they all make sense in the context of the game and there's not a lot of handholding. Overall, I like how it's all presented. However ... what I didn't realize is that this is more visual novel than a true puzzle game. It's not a pure visual novel - there is some genuine gameplay here. And that gameplay is pretty good. But ultimately, the gameplay is to trigger the next scene. You can't really ""fail"" - or at least, you can't fail in a way that will affect the story. I had believed the game to be a puzzler in the vein of Obra Dinn or Orwell. And I would say the gameplay is as good in part. But after a while, I could ""see the rails"" - see that at its core, it's a visual novel. However, that's not why I was disappointed. The bigger problem I had with the game is that I felt it was ... too short. Not in terms of game length - but in terms of the plot. It felt like it ended right when the plot was getting interesting. Putting spoilers on anything further: [spoiler]Where the game ends, when the intrigue is getting intense and the identity twist is revealed ... I felt almost like that's where the real story is starting. Up until this point, our protagonist has just been faceless tech guy who doesn't have a role in the story - and suddenly now we understand how he ties into the conspiracy. And we also understand just what kind of terrible enemy we're up against. With this dramatic twist, we now understand the protagonist and his role in the story - as well as true nature and threat of the antagonist that he faces. The stakes have been made clear. The die is cast, the point of no return is reached. The question is, what happens now? What does our protagonist do with his new forbidden knowledge? And how can he defeat this terrible enemy?... but instead - the story unceremoniously ends right there. Not only is it kind of a bummer of an ending - but it feels like you stopped telling me this story exactly at the point where it became interesting. Right at the point where things had fully shifted from ""Government Bureau Employee Simulator"" to ""Global Spy Conspiracy Thriller"". Our agency has revealed they're evil and they betrayed us, we're gonna go rogue, and take the conspiracy down .... no, wait, actually, that's the end. [/spoiler] [spoiler]It'd be like if moments after Jason Bourne realized that he was a secret agent and that assassins were trying to kill him ... he just died and the movie ended. Or, to use a videogame equivalent - it'd be like if right when it's revealed that Doki Doki Literature Club is not actually an anime dating sim ... the game just ended. There's no resolution. The story feels incomplete. If anything, this feels like it should be the prologue to the real plot. Like a teaser that gives us a glimpse of ""OMG these guys are really bad"". Actually, at the end, when it shifts to HAL's perspective - I thought that was where the real game was about to begin. like, ""Twist, Tanner dies in the prologue! You're actually playing as HAL. How will HAL defeat the Organization?"" ... But then the credits rolled.[/spoiler] [spoiler]Part of the problem was that I figured out the twist long before it was revealed. I wasn't being clever, either - it was clear from the opening cutscene that we were not playing as some anonymous rando. We are obviously someone who is involved with this conspiracy in some way. As events played out, the only possibilities were either (a) you were secretly one of the missing people or (b) you were secretly the Ghost. When it became clear you weren't the Ghost ... well, there's only one missing person who we know by name, so that must be you.[/spoiler] I will say I was thoroughly engaged up until the ending. Even when it started to become clear that the story was more on rails that I'd hoped - I didn't mind because the presentation was so good and the story had me hooked. But when it ended ... I felt very disappointed because I was like, ""Wait, we're ending it here? That's it?"" So I guess that's my recommend. It's a very well-done experience and the devs clearly were doing something right to keep me gripped. I intended to just try the game for a bit and ended up finishing it in one setting. But it really surprised me that it ended where it did.",True,2025-01-24T03:28:58+00:00,2025-01-24T03:40:32+00:00,221.0,221.0,0.0,0.0,0.0,0.5,True,False,False,False,76561197964871634,,10.0,False,False,4599,842,3.683333333333333,3.683333333333333,3-10h,positive
203854158,1771980,the-operator,The Operator,english,"This game i strangely attractive in its simplicity. I loved the pacing and I love the complexity. No handholding unless you really want it. 

If you think it starts out a little tame or basic, don't worry. You might be surprised!
","This game i strangely attractive in its simplicity. I loved the pacing and I love the complexity. No handholding unless you really want it. If you think it starts out a little tame or basic, don't worry. You might be surprised!",True,2025-09-08T05:33:52+00:00,2025-09-08T05:33:52+00:00,619.0,619.0,0.0,0.0,0.0,0.5,True,False,False,False,76561198025324113,,6.0,False,False,227,41,10.316666666666666,10.316666666666666,10h+,positive
171752965,1771980,the-operator,The Operator,english,"I would prefer to give this game a 5/10, but unfortunately, that's not possible on Steam, so I’m rating it negatively for interested buyers to see.

I bought the game to unravel mysteries as an FBI operative—a game I could play for several hours. The gameplay mechanics are exactly what I was hoping for, but unfortunately, some of them are only used once throughout the entire game.
The story is extremely short, with a plot that becomes obvious within the first 40 minutes of gameplay. Seriously, 2 hours of gameplay for 14€? Not to meantion an ""Original Soundtrack"" for another 10€. If players could skip some dialogues and cutscenes, the game would only last 30 minutes. The story feels more like a detective TV show where everything is ""weird,"" ""doesn't make sense,"" and ""everything is interconnected.""

In summary:
+ The game mechanics are awesome! - Unfortunately, their potential is wasted on a simplistic story with a soap-opera-like plot seen more than thousands of times on TV.
+ The soundtrack (not bought), sound effects, and voice acting are excellent.
- The story is simple and feels rather sloppy (95% of the ideas went into coding and mechanics, 5% into the story). Perhaps it's due to the potential for a speedrunning community?
- When I calculate the ""price per hour"" of the main story, this game is undoubtedly the worst in my entire game library (7€ per hour (almost 12€ if you buy the ""original soundtrack""), including cutscenes and dialogues).
- The game has unskippable cutscenes (returning home), dialogues (the tutorial), and end credits, likely so that you can’t get a refund within the 2-hour Steam policy.
? If the sequel to this game will also be only 2 hours long, the developers might as well not even bother. It’s not worth the money.

If the game was a bit longer (at least 4 hours of a decent story), I would recommend it, but unfortunately, I can't.
Definitely buy it during a sale, just not now.","I would prefer to give this game a 5/10, but unfortunately, that's not possible on Steam, so I’m rating it negatively for interested buyers to see. I bought the game to unravel mysteries as an FBI operative—a game I could play for several hours. The gameplay mechanics are exactly what I was hoping for, but unfortunately, some of them are only used once throughout the entire game. The story is extremely short, with a plot that becomes obvious within the first 40 minutes of gameplay. Seriously, 2 hours of gameplay for 14€? Not to meantion an ""Original Soundtrack"" for another 10€. If players could skip some dialogues and cutscenes, the game would only last 30 minutes. The story feels more like a detective TV show where everything is ""weird,"" ""doesn't make sense,"" and ""everything is interconnected."" In summary: + The game mechanics are awesome! - Unfortunately, their potential is wasted on a simplistic story with a soap-opera-like plot seen more than thousands of times on TV. + The soundtrack (not bought), sound effects, and voice acting are excellent. - The story is simple and feels rather sloppy (95% of the ideas went into coding and mechanics, 5% into the story). Perhaps it's due to the potential for a speedrunning community? - When I calculate the ""price per hour"" of the main story, this game is undoubtedly the worst in my entire game library (7€ per hour (almost 12€ if you buy the ""original soundtrack""), including cutscenes and dialogues). - The game has unskippable cutscenes (returning home), dialogues (the tutorial), and end credits, likely so that you can’t get a refund within the 2-hour Steam policy. ? If the sequel to this game will also be only 2 hours long, the developers might as well not even bother. It’s not worth the money. If the game was a bit longer (at least 4 hours of a decent story), I would recommend it, but unfortunately, I can't. Definitely buy it during a sale, just not now.",False,2024-08-09T15:05:03+00:00,2024-08-09T15:05:03+00:00,312.0,154.0,0.0,25.0,0.0,0.5839067101478577,True,False,False,False,76561198162539324,,12.0,False,False,1929,334,5.2,2.566666666666667,1-3h,negative
174651377,1771980,the-operator,The Operator,english,"This game only has one ending, and only less than 2½ - 3 hours of content in total, making the cost per played hour very high. 
The one singular ending is quite bad, and even though there are many dialogue options, there are no actual meaningful choices to be made.
There are numerous quite long and somewhat boring unskippable cut scenes. However one could argue that having no skip option is acceptable due to it being somewhat important to pay attention to the them. And since there's only one ending, there's no replayability, and so there's no need to have a skip option. Though realistically, and as others have pointed out, the most probable reason for not having a skip option is to extend the required playtime to over 2 hours so the game cannot be refunded through Steam.
The game has a lot of dialogue, and not a lot of gameplay. What little actual gameplay there is, is enjoyable enough I guess, but also pretty simplistic and easy. This can be seen as both a positive and a negative. If you're looking for any sort of a challenge/puzzle, you will not find it in this game. This game should be definitely thought of as a visual novel more than a puzzle game.
The story itself is mediocre and actually pretty shallow, which is very bad for a game that consists mainly of the story.
The dialogue is fully voice-acted (except for [spoiler]HAL[/spoiler] and the protagonist), which is a definite plus. The voice acting is also pretty high-quality. However I cannot help but feel like way too much developer effort and money was put into the voice acting, when it should've been put into other aspects of the game.
The soundscape and the soundtrack are also good, but really nothing out of the ordinary.

Overall, The Operator is a short, pricey mediocre dialogue-heavy and minimal-gameplay game with high-quality voice acting and heavy hand-holding and railroading, and with only one ending. It feels like the game was designed to be just long enough to make it impossible to refund after reaching the ending (which in fairness one shouldn't do regardless, if they enjoyed the game and reached the ending).

I cannot recommend anything else but to watch someone else such as a YouTuber play this game. I think that will actually add way more to the experience than buying the game and playing it on your own.","This game only has one ending, and only less than 2½ - 3 hours of content in total, making the cost per played hour very high. The one singular ending is quite bad, and even though there are many dialogue options, there are no actual meaningful choices to be made. There are numerous quite long and somewhat boring unskippable cut scenes. However one could argue that having no skip option is acceptable due to it being somewhat important to pay attention to the them. And since there's only one ending, there's no replayability, and so there's no need to have a skip option. Though realistically, and as others have pointed out, the most probable reason for not having a skip option is to extend the required playtime to over 2 hours so the game cannot be refunded through Steam. The game has a lot of dialogue, and not a lot of gameplay. What little actual gameplay there is, is enjoyable enough I guess, but also pretty simplistic and easy. This can be seen as both a positive and a negative. If you're looking for any sort of a challenge/puzzle, you will not find it in this game. This game should be definitely thought of as a visual novel more than a puzzle game. The story itself is mediocre and actually pretty shallow, which is very bad for a game that consists mainly of the story. The dialogue is fully voice-acted (except for [spoiler]HAL[/spoiler] and the protagonist), which is a definite plus. The voice acting is also pretty high-quality. However I cannot help but feel like way too much developer effort and money was put into the voice acting, when it should've been put into other aspects of the game. The soundscape and the soundtrack are also good, but really nothing out of the ordinary. Overall, The Operator is a short, pricey mediocre dialogue-heavy and minimal-gameplay game with high-quality voice acting and heavy hand-holding and railroading, and with only one ending. It feels like the game was designed to be just long enough to make it impossible to refund after reaching the ending (which in fairness one shouldn't do regardless, if they enjoyed the game and reached the ending). I cannot recommend anything else but to watch someone else such as a YouTuber play this game. I think that will actually add way more to the experience than buying the game and playing it on your own.",False,2024-09-10T08:27:05+00:00,2024-09-10T09:58:56+00:00,191.0,191.0,0.0,3.0,0.0,0.5351707935333252,True,False,False,False,76561198070087502,,8.0,False,False,2313,406,3.183333333333333,3.183333333333333,3-10h,negative
213756538,1771980,the-operator,The Operator,english,"([i]my play time is playthrough with around 30 mins afk & starting over at around the end of day 2 -achievement farming-[/i])

[h3]TL;DR[/h3]
Very nice game but very short with no replayability so highly recommended, but I'd suggest on discounted price.


[h3]Details[/h3]
Very well written, very well executed game with little to no bugs (bumped into an issue for which I had to ALT+F4 and start over a scene, but nothing else). Great effects, great story, good music.

[h3]A bit off, but[/h3]
I hope the code was written with generalization in mind, so it's less effort to release a 2nd game, which I hope will happen some time, maybe even soon. I could imagine a game in which (maybe even as DLCs) a number of cases have to be investigated / solved in the very same way & format this story worked out.


[h3]Negatives[/h3]
More feedback than 'downvote material' as again, the game is great, but there's always room for improvement, right?

[b]WARNING![/b] Some items have MASSIVE SPOILERS -- but are properly tagged as such! DON'T READ THEM BEFORE PLAYING THROUGH!
[list]
[*] Most of the plot is painfully obvious. To name a few: [spoiler]The so-so great friend is the enemy, the dbag boss is the good guy, the protagonist is also a victim[/spoiler], etc. There are some fun twists and ""the road leading to the plot"" is a lot of fun, which makes the game great, but from this respect, to me it's too much of a cliche
[*] Some things are illogical, e.g. Stalking [spoiler]Mike[/spoiler] in Human DB it turns out [spoiler]he is 'single', not married[/spoiler]. Even [spoiler]get confused[/spoiler] when [spoiler]asking him to bring his wife next time[/spoiler] - but this fact has never been explained or addressed by any means and couldn't ""expose"" this ""strange coincidence"" on any way in the game
[*][spoiler]Mike is a good friend as the story says, but douchebags out and calls us by last name as soon as we ""touch a sensitive area"" - either the prior or the latter doesn't make any sense, plus, this ""bond"" has never been explained, so for the player, that dude is just a random NPC[/spoiler]
[*]The player is offered multiple times to call people by their given name, but they never do so with the operator, i.e. being friendly and developing some bonds with characters is always one-sided (so I never did)
[*] There could have been more ways to complete a tasks, like direct comparison of two evidence-images to tie things together, such as [spoiler]the baldy being everywhere[/spoiler], matching hand writings and other random ""TV show CSI things"", or more ""video data"" (clothing, shoes, height & weight, etc.). or, e.g. in the 1st scene [spoiler]the gun could have been identified, at least the brand[/spoiler], or at least, being able to use the unlocked tools more often (chems device, car db, or even the human db with partial names and maybe other meta-data like height or age, so one has to dig in and find a person in a smaller or larger list)
[/list]



Feel free to follow my Curator Page,
[url=https://store.steampowered.com/curator/46155089-Hooked-Or-Horrified/][b]Hooked or Horrified[/b][/url]
for future updates and new game reviews.","([i]my play time is playthrough with around 30 mins afk & starting over at around the end of day 2 -achievement farming-[/i]) [h3]TL;DR[/h3] Very nice game but very short with no replayability so highly recommended, but I'd suggest on discounted price. [h3]Details[/h3] Very well written, very well executed game with little to no bugs (bumped into an issue for which I had to ALT+F4 and start over a scene, but nothing else). Great effects, great story, good music. [h3]A bit off, but[/h3] I hope the code was written with generalization in mind, so it's less effort to release a 2nd game, which I hope will happen some time, maybe even soon. I could imagine a game in which (maybe even as DLCs) a number of cases have to be investigated / solved in the very same way & format this story worked out. [h3]Negatives[/h3] More feedback than 'downvote material' as again, the game is great, but there's always room for improvement, right? [b]WARNING![/b] Some items have MASSIVE SPOILERS -- but are properly tagged as such! DON'T READ THEM BEFORE PLAYING THROUGH! [list] [*] Most of the plot is painfully obvious. To name a few: [spoiler]The so-so great friend is the enemy, the dbag boss is the good guy, the protagonist is also a victim[/spoiler], etc. There are some fun twists and ""the road leading to the plot"" is a lot of fun, which makes the game great, but from this respect, to me it's too much of a cliche [*] Some things are illogical, e.g. Stalking [spoiler]Mike[/spoiler] in Human DB it turns out [spoiler]he is 'single', not married[/spoiler]. Even [spoiler]get confused[/spoiler] when [spoiler]asking him to bring his wife next time[/spoiler] - but this fact has never been explained or addressed by any means and couldn't ""expose"" this ""strange coincidence"" on any way in the game [*][spoiler]Mike is a good friend as the story says, but douchebags out and calls us by last name as soon as we ""touch a sensitive area"" - either the prior or the latter doesn't make any sense, plus, this ""bond"" has never been explained, so for the player, that dude is just a random NPC[/spoiler] [*]The player is offered multiple times to call people by their given name, but they never do so with the operator, i.e. being friendly and developing some bonds with characters is always one-sided (so I never did) [*] There could have been more ways to complete a tasks, like direct comparison of two evidence-images to tie things together, such as [spoiler]the baldy being everywhere[/spoiler], matching hand writings and other random ""TV show CSI things"", or more ""video data"" (clothing, shoes, height & weight, etc.). or, e.g. in the 1st scene [spoiler]the gun could have been identified, at least the brand[/spoiler], or at least, being able to use the unlocked tools more often (chems device, car db, or even the human db with partial names and maybe other meta-data like height or age, so one has to dig in and find a person in a smaller or larger list) [/list] Feel free to follow my Curator Page, [url=https://store.steampowered.com/curator/46155089-Hooked-Or-Horrified/][b]Hooked or Horrified[/b][/url] for future updates and new game reviews.",True,2025-12-20T19:34:28+00:00,2026-06-08T07:51:12+00:00,367.0,367.0,0.0,0.0,0.0,0.5,True,False,False,False,76561197967729016,,239.0,False,False,3145,526,6.116666666666666,6.116666666666666,3-10h,positive
170653363,1771980,the-operator,The Operator,english,"Good, but far too short.   When the game had finished, it felt like I had just completed the tutorial, I was just getting the hang of all the things I had access to... and then it... ends... abruptly. 

The quality is amazing, but there is just not enough content.   Just enough content to put you over the 2 hours refund window, but not enough to really be worth it for the price. 

I was going to give this a thumbs up, but I think I'll stick to my first though of a thumbs down... Zero replayability (other than achievements) and just enough content to stop people refunding... I don't want to see more ""released"" games like this on the market.","Good, but far too short. When the game had finished, it felt like I had just completed the tutorial, I was just getting the hang of all the things I had access to... and then it... ends... abruptly. The quality is amazing, but there is just not enough content. Just enough content to put you over the 2 hours refund window, but not enough to really be worth it for the price. I was going to give this a thumbs up, but I think I'll stick to my first though of a thumbs down... Zero replayability (other than achievements) and just enough content to stop people refunding... I don't want to see more ""released"" games like this on the market.",False,2024-07-24T19:37:49+00:00,2024-07-24T19:41:22+00:00,171.0,171.0,0.0,123.0,2.0,0.7131855487823486,True,False,False,False,76561198014266796,,11.0,False,False,639,120,2.85,2.85,1-3h,negative
193628326,1771980,the-operator,The Operator,english,"Some interesting concepts and a fun story. Cool twist too. Most of the puzzles were relatively straightforward, but the ""manual reading"" one was actually pretty exciting and interesting, and the ""identifying the feed"" one was clever. I just could not get past the ridiculous anachronisms popping up constantly, and some very confusing internal logic.

This game takes place in 1992. Everybody has a cell phone, digital photography is commonly accessible, ""zoom, enhance"" is an actual mechanic. The game's FBI analogue has a database with facial recognition data of nearly everyone in the country? In 1992??? In 2025 sure, but not in 1992. Agents are constantly uploading files to your computer from their phone. At one point, confusingly, an agent apparently sends you physical floppy disks.... via his phone...? Baffling honestly. I was willing to set aside the fact that VoIP didn't exist in 1992 either, but after a while you simply cannot suspend your disbelief any further. 

HAL's ""hacking"" capabilities are completely inconsistent, and the justifications for why they can't hack a particular thing make no narrative sense a lot of the time. Credit where credit's due though, nothing stands out to me as anachronistic about HAL's methods at least.

There's a big narrative-UX disconnect as well. Initially I thought the ""phone calls"" you receive from agents are just game objects showing transcripts of audio conversations, but at one point you're instructed to *enter a code into the chat box* as though it were a terminal. So now I'm asked to believe that my computer has been *actually transcribing* phone calls automatically while people are speaking to me, and that I can use this function as a terminal. Completely ridiculous. 

This game would have made way more sense if it were set in the current year, with minimal changes to the story or mechanics, but I think the devs were just too enamoured with the retro aesthetic to let it go so they set it in the 90s anyways. 

Side note: I had annoying bug where my keybinds weren't showing up in-game, so anything where I was required to press a key just had [???] instead. Not game breaking, just annoying.","Some interesting concepts and a fun story. Cool twist too. Most of the puzzles were relatively straightforward, but the ""manual reading"" one was actually pretty exciting and interesting, and the ""identifying the feed"" one was clever. I just could not get past the ridiculous anachronisms popping up constantly, and some very confusing internal logic. This game takes place in 1992. Everybody has a cell phone, digital photography is commonly accessible, ""zoom, enhance"" is an actual mechanic. The game's FBI analogue has a database with facial recognition data of nearly everyone in the country? In 1992??? In 2025 sure, but not in 1992. Agents are constantly uploading files to your computer from their phone. At one point, confusingly, an agent apparently sends you physical floppy disks.... via his phone...? Baffling honestly. I was willing to set aside the fact that VoIP didn't exist in 1992 either, but after a while you simply cannot suspend your disbelief any further. HAL's ""hacking"" capabilities are completely inconsistent, and the justifications for why they can't hack a particular thing make no narrative sense a lot of the time. Credit where credit's due though, nothing stands out to me as anachronistic about HAL's methods at least. There's a big narrative-UX disconnect as well. Initially I thought the ""phone calls"" you receive from agents are just game objects showing transcripts of audio conversations, but at one point you're instructed to *enter a code into the chat box* as though it were a terminal. So now I'm asked to believe that my computer has been *actually transcribing* phone calls automatically while people are speaking to me, and that I can use this function as a terminal. Completely ridiculous. This game would have made way more sense if it were set in the current year, with minimal changes to the story or mechanics, but I think the devs were just too enamoured with the retro aesthetic to let it go so they set it in the 90s anyways. Side note: I had annoying bug where my keybinds weren't showing up in-game, so anything where I was required to press a key just had [???] instead. Not game breaking, just annoying.",False,2025-04-26T13:39:47+00:00,2025-04-26T13:39:47+00:00,342.0,292.0,0.0,3.0,0.0,0.5632320642471313,True,False,False,False,76561198000988614,,44.0,False,False,2159,361,5.7,4.866666666666666,3-10h,negative
200527790,1771980,the-operator,The Operator,english,"Aesthetically pleasing, good story with at the very least, decent voice acting if not great. Runs well. An interesting gameplay mechanic that has you sitting at your desk, putting together pieces of the puzzles as agents sweep the field for evidence and follow the leads you help develop. The story has you unraveling a conspiracy, using computer tools, metadata, and analyzing software to pull the narrative together. It's fascinating, and the game does a really good job at making you feel like you're truly a professional analyst, solving crimes from the comfort of a desk in Washington DC.

Problem is, the game is pretty darn short. Only about 4 hours of gameplay, and it feels deeply on rails, to the point that the puzzle portion of it feels more like a addon to the rest of the game. If you subscribe to the $1 per hour mindset, even discounted to $9, this game is technically not worth it, as the game has limited replayability. Though, the game does make up for it with the story and gameplay to a degree. It is, at the very least, a pretty impactful 4 hours, and you could get somewhat different results if you repeat the story, so there is a small sense that your choices matter. 

I might just be spoiled, coming off of The Roottrees are Dead which had a fairly similar premise of using a computer to uncover information that can fill in the blanks. But in TRaD, they introduce you to the tools and then you spend a bulk of the time using them on your own to fill in profiles on the family tree. There was a lot more blanks to fill in and time to spend fiddling around with information. With TO, you get introduced to cool mechanics and tools on your computer, and then use almost none of them ever again. The game feels like a 4 hour tutorial other than the story, which takes interesting turns and, as a flipside, keeps the player continously faced with new and interesting problems to solve. It sucks not being able to repeatedly use a mechanic I got familiar with or a handbook I just learned, but every in-game day pulls me straight in with a curveball, gameplay wise or story wise.

The ending kinda left a bad taste in my mouth. AFAIK, your choices don't really seem to affect the ending from what I saw online in guides and gameplay.

Still gonna leave it as a positive review, because I quite enjoyed this and I think the devs are absolutely cooking here. I just hope the developers consider putting more meat on the bones of TO2, because it feels like there is a ton of potential for a truly great puzzle/detective game here that only gets partially realized.","Aesthetically pleasing, good story with at the very least, decent voice acting if not great. Runs well. An interesting gameplay mechanic that has you sitting at your desk, putting together pieces of the puzzles as agents sweep the field for evidence and follow the leads you help develop. The story has you unraveling a conspiracy, using computer tools, metadata, and analyzing software to pull the narrative together. It's fascinating, and the game does a really good job at making you feel like you're truly a professional analyst, solving crimes from the comfort of a desk in Washington DC. Problem is, the game is pretty darn short. Only about 4 hours of gameplay, and it feels deeply on rails, to the point that the puzzle portion of it feels more like a addon to the rest of the game. If you subscribe to the $1 per hour mindset, even discounted to $9, this game is technically not worth it, as the game has limited replayability. Though, the game does make up for it with the story and gameplay to a degree. It is, at the very least, a pretty impactful 4 hours, and you could get somewhat different results if you repeat the story, so there is a small sense that your choices matter. I might just be spoiled, coming off of The Roottrees are Dead which had a fairly similar premise of using a computer to uncover information that can fill in the blanks. But in TRaD, they introduce you to the tools and then you spend a bulk of the time using them on your own to fill in profiles on the family tree. There was a lot more blanks to fill in and time to spend fiddling around with information. With TO, you get introduced to cool mechanics and tools on your computer, and then use almost none of them ever again. The game feels like a 4 hour tutorial other than the story, which takes interesting turns and, as a flipside, keeps the player continously faced with new and interesting problems to solve. It sucks not being able to repeatedly use a mechanic I got familiar with or a handbook I just learned, but every in-game day pulls me straight in with a curveball, gameplay wise or story wise. The ending kinda left a bad taste in my mouth. AFAIK, your choices don't really seem to affect the ending from what I saw online in guides and gameplay. Still gonna leave it as a positive review, because I quite enjoyed this and I think the devs are absolutely cooking here. I just hope the developers consider putting more meat on the bones of TO2, because it feels like there is a ton of potential for a truly great puzzle/detective game here that only gets partially realized.",True,2025-07-24T11:14:29+00:00,2025-07-25T04:47:25+00:00,250.0,250.0,0.0,4.0,0.0,0.5544072389602661,True,False,False,False,76561198142786596,,58.0,False,False,2577,469,4.166666666666667,4.166666666666667,3-10h,positive
233248640,1771980,the-operator,The Operator,english,"I'd call this less of a ""puzzle"" game and more of an ""atmospheric narrative"" game. Unless you think puzzles involve performing simple instructions laid out for you by the game and reading dozens of lines of text. I don't think I would mind the lines and lines of dialogue if it weren't for the fact that you have to wait for all the dialogue to play out before proceeding. I feel like I got 2-3 minutes of gameplay for every 10-15 minutes of dialogue the game threw at me. If you're looking for a narrative experience, then this game is fine, but anyone looking for a real puzzle game is sure to be disappointed.","I'd call this less of a ""puzzle"" game and more of an ""atmospheric narrative"" game. Unless you think puzzles involve performing simple instructions laid out for you by the game and reading dozens of lines of text. I don't think I would mind the lines and lines of dialogue if it weren't for the fact that you have to wait for all the dialogue to play out before proceeding. I feel like I got 2-3 minutes of gameplay for every 10-15 minutes of dialogue the game threw at me. If you're looking for a narrative experience, then this game is fine, but anyone looking for a real puzzle game is sure to be disappointed.",False,2026-08-20T07:01:11+00:00,2026-08-20T07:01:11+00:00,160.0,90.0,0.0,0.0,0.0,0.4761904776096344,True,False,False,False,76561198027327653,,3.0,False,False,612,114,2.6666666666666665,1.5,1-3h,negative
187717444,1771980,the-operator,The Operator,english,"I don't think this game is quite what I expected. It's a style of game I'd love to see more of. But while I still mostly enjoyed my time with it, I'm left wanting more.

The story itself is interesting and has enough of those classic thriller movie twist and turns to keep you engaged throughout. Role-playing the ""man in the chair"" is pretty fun, and you have a few moments that deliver on that promise, at least from a narrative standpoint.

After playing this through once, you'd think the game had multiple endings. You are left wondering if maybe there's some way to correct your mistakes and change the outcome. That is not the case. The ending is pretty bleak, comes pretty quickly (the game itself only being a few hours long at most), and doesn't bring the story to a proper close. I can do without a ""good ending"", but there's a disappointing lack of closure here.

Broadly speaking, The Operator fails to deliver on the use of ""detective skills"" it says you'll need in the game's description. You definitely interact with a computer and run a few faux-terminal commands, but most of the time you're just finding a name or a face by clicking the a button that Zoom-Enhances a video CSI style. It sure looks like you're doing the work, but none of it is very challenging and it all feels a little superficial.

There's maybe one section that raises the difficulty and that's because it puts you on a timer and forces you to read an instruction manual. It's the first and only challenging moment the game offers. It was actually a pretty good moment, and the game could have done with a few more scenes this.

I'd not recommend this game to fans of puzzle games who are looking for a challenge, but it's still a fun journey if you want to spend a few hours in the world of a thriller movie. Just don't expect a satisfying ending.
","I don't think this game is quite what I expected. It's a style of game I'd love to see more of. But while I still mostly enjoyed my time with it, I'm left wanting more. The story itself is interesting and has enough of those classic thriller movie twist and turns to keep you engaged throughout. Role-playing the ""man in the chair"" is pretty fun, and you have a few moments that deliver on that promise, at least from a narrative standpoint. After playing this through once, you'd think the game had multiple endings. You are left wondering if maybe there's some way to correct your mistakes and change the outcome. That is not the case. The ending is pretty bleak, comes pretty quickly (the game itself only being a few hours long at most), and doesn't bring the story to a proper close. I can do without a ""good ending"", but there's a disappointing lack of closure here. Broadly speaking, The Operator fails to deliver on the use of ""detective skills"" it says you'll need in the game's description. You definitely interact with a computer and run a few faux-terminal commands, but most of the time you're just finding a name or a face by clicking the a button that Zoom-Enhances a video CSI style. It sure looks like you're doing the work, but none of it is very challenging and it all feels a little superficial. There's maybe one section that raises the difficulty and that's because it puts you on a timer and forces you to read an instruction manual. It's the first and only challenging moment the game offers. It was actually a pretty good moment, and the game could have done with a few more scenes this. I'd not recommend this game to fans of puzzle games who are looking for a challenge, but it's still a fun journey if you want to spend a few hours in the world of a thriller movie. Just don't expect a satisfying ending.",False,2025-02-11T18:06:33+00:00,2025-02-11T18:06:33+00:00,258.0,258.0,0.0,44.0,0.0,0.7514675259590149,True,False,False,False,76561198040374750,,2.0,False,False,1832,335,4.3,4.3,3-10h,negative
185879236,1771980,the-operator,The Operator,english,"This is an excellent, short puzzle and story game as an Operator in the FDI assisting agents with cases

The game opens with a cut scene which you watch and this sets the tone. Then you see a computer terminal boot up and you log in. This is the start of your job as an operator for the FDI (Federal Department of Intelligence). This is the main screen you see and involves taking calls, running through evidence and assisting agents with their cases.

There is a small cast of characters – you assist a few agents, you hear from the director, who is a friend, and you have a direct supervisor. There are also a couple of other people you hear from. To start with the calls walk you through the basics of the set up and the mechanics you will be using. Then you are given your first call from an agent.

The element of “assisting” agents is fun and about solving puzzles. Finding people in databases, working out how to get evidence from clues in video and audio files and some careful reading of instructions and asking questions. I found the puzzles varied, fun, hard (but not too hard) and appropriate to the setting. The difficulty curve generally increases as the game progresses.

The other people are interesting and I generally liked them, particularly the agents. They were varied, plausible and interesting. There were a couple of dialogue choices where I would have not chosen from the options given, but mostly they were plausible too.

The progression of the different cases builds the stories, tone and difficulty of the puzzles. Also, the puzzles generally get harder, although one or two of the later ones are still quite quick. 

Video and audio are basic but effective, this isn't a high budget game but makes excellent use of what it has.

Saving happens when you exit the game, this isn't particularly clear to start with. I think the rule is that if you are between cases then you just save, but if you are in the middle of a call, then it will take you back to the start of the call/case. Which has the advantage of letting you return to the game and not be in the middle of something complicated, it is also something you can use if you want another attempt at a puzzle (as you can fail some of them).

I won't say too much about the ending. There is only one ending (confirmed by the game designer) and it does seem a little sequel-hook like. Also, there is a post credits scene.

In general, this is a really interesting puzzle story game and be aware of it's comparatively short length.","This is an excellent, short puzzle and story game as an Operator in the FDI assisting agents with cases The game opens with a cut scene which you watch and this sets the tone. Then you see a computer terminal boot up and you log in. This is the start of your job as an operator for the FDI (Federal Department of Intelligence). This is the main screen you see and involves taking calls, running through evidence and assisting agents with their cases. There is a small cast of characters – you assist a few agents, you hear from the director, who is a friend, and you have a direct supervisor. There are also a couple of other people you hear from. To start with the calls walk you through the basics of the set up and the mechanics you will be using. Then you are given your first call from an agent. The element of “assisting” agents is fun and about solving puzzles. Finding people in databases, working out how to get evidence from clues in video and audio files and some careful reading of instructions and asking questions. I found the puzzles varied, fun, hard (but not too hard) and appropriate to the setting. The difficulty curve generally increases as the game progresses. The other people are interesting and I generally liked them, particularly the agents. They were varied, plausible and interesting. There were a couple of dialogue choices where I would have not chosen from the options given, but mostly they were plausible too. The progression of the different cases builds the stories, tone and difficulty of the puzzles. Also, the puzzles generally get harder, although one or two of the later ones are still quite quick. Video and audio are basic but effective, this isn't a high budget game but makes excellent use of what it has. Saving happens when you exit the game, this isn't particularly clear to start with. I think the rule is that if you are between cases then you just save, but if you are in the middle of a call, then it will take you back to the start of the call/case. Which has the advantage of letting you return to the game and not be in the middle of something complicated, it is also something you can use if you want another attempt at a puzzle (as you can fail some of them). I won't say too much about the ending. There is only one ending (confirmed by the game designer) and it does seem a little sequel-hook like. Also, there is a post credits scene. In general, this is a really interesting puzzle story game and be aware of it's comparatively short length.",True,2025-01-18T18:28:52+00:00,2025-01-18T18:28:52+00:00,283.0,283.0,0.0,0.0,0.0,0.5,True,False,False,False,76561198016786962,,2.0,False,False,2502,455,4.716666666666667,4.716666666666667,3-10h,positive
234608136,1771980,the-operator,The Operator,english,"Was hoping to be left to do some investigations on my own but the constant handholding, railroading, and forcing a narrative down my throat is just too much. I was looking for an investigation game, not a story game with occasional puzzle-solving.","Was hoping to be left to do some investigations on my own but the constant handholding, railroading, and forcing a narrative down my throat is just too much. I was looking for an investigation game, not a story game with occasional puzzle-solving.",False,2026-09-06T10:23:58+00:00,2026-09-06T10:23:58+00:00,155.0,155.0,0.0,11.0,1.0,0.6052870154380798,True,False,False,False,76561198011392491,,25.0,False,False,247,42,2.5833333333333335,2.5833333333333335,1-3h,negative
197258934,1771980,the-operator,The Operator,english,"Cons:

* The bomb defusal mission is just nonsensical. While it's obviously designed and written to be deliberately confusing to challenge the player, it is also ridiculous. The supervisor, Skinner, would be handling this, or at least offering assistance, not just casually leaving another agent's life up to a 3rd day employee who is reading the bomb defusal manual for the first time. Was having a good time in the game up until this mission. If you look at this achievement as well, only some ~50% of players have this achievement, and then you have to wonder, of those 50% how many had to look up a walk-through online in order to complete it? 
* Game was definitely somewhat dry at times where I felt a little bit bored. 
* I won't spoil any specifics but I will say the ending of the game is...not good, in my opinion. 

Pros:

* UI is clean and easy to use. The applications work smoothly without any issues. 
* Gameplay is straight forward and easy to understand. 
* Solid voice acting. 
* Storytelling is pretty engaging. 
* Game very stable, zero crashes or bugs / glitches. 
* No additional DRM beyond Steam.
* No Epic Online Services.

Gameplay Style: Point and click with some typing here and there related to puzzle solving. This requires some research into files on your in-game computer as well as using the provided tools as well. 

Game Length: ~5 Hours or thereabouts. 

Final Rating: 4.5/10. I got the game on sale and puzzle games aren't usually my thing but I wanted to give it a try as it sounded interesting and I like to support indie developers when I can, but this is a game that, despite some story aspects being well-done, the ending soured things for me as well as the bomb defusal mission to the point that I really would not recommend the game to others.","Cons: * The bomb defusal mission is just nonsensical. While it's obviously designed and written to be deliberately confusing to challenge the player, it is also ridiculous. The supervisor, Skinner, would be handling this, or at least offering assistance, not just casually leaving another agent's life up to a 3rd day employee who is reading the bomb defusal manual for the first time. Was having a good time in the game up until this mission. If you look at this achievement as well, only some ~50% of players have this achievement, and then you have to wonder, of those 50% how many had to look up a walk-through online in order to complete it? * Game was definitely somewhat dry at times where I felt a little bit bored. * I won't spoil any specifics but I will say the ending of the game is...not good, in my opinion. Pros: * UI is clean and easy to use. The applications work smoothly without any issues. * Gameplay is straight forward and easy to understand. * Solid voice acting. * Storytelling is pretty engaging. * Game very stable, zero crashes or bugs / glitches. * No additional DRM beyond Steam. * No Epic Online Services. Gameplay Style: Point and click with some typing here and there related to puzzle solving. This requires some research into files on your in-game computer as well as using the provided tools as well. Game Length: ~5 Hours or thereabouts. Final Rating: 4.5/10. I got the game on sale and puzzle games aren't usually my thing but I wanted to give it a try as it sounded interesting and I like to support indie developers when I can, but this is a game that, despite some story aspects being well-done, the ending soured things for me as well as the bomb defusal mission to the point that I really would not recommend the game to others.",False,2025-06-15T00:18:00+00:00,2025-06-15T00:18:00+00:00,290.0,290.0,0.0,10.0,0.0,0.5891043543815613,True,False,False,False,76561198110571901,,146.0,False,False,1770,320,4.833333333333333,4.833333333333333,3-10h,negative
197742608,1771980,the-operator,The Operator,english,"Reviewing (mostly) every game (or DLC) in my library, part 98:

⭐️⭐️⭐️⭐️⭐️⭐️⭐️⭐️☆☆ (8/10)

[i] The Operator [/i] casts you not as a hero in the field, but as the analyst—the voice behind the computer—supporting agents from the shadows. It’s a fascinating setup and a fresh twist on crime-solving games, and usually almost always lives up to its potential!

🖥[b] Pros: [/b]
[list]
[*] Authentic ""operator"" fantasy. You monitor missions from your desk, field phone calls, look through mysterious documents, and scrub through CCTV footage. 

[*] Diverse tools. The game gives you a chem scanner, facial recognition database, image enhancement tech, and document search systems. For example, in one mission, you identify a suspect by cross-referencing a blurry security camera with an equally blurry security footage of his car and license plate. That kind of detective work feels cool. You feel smart when it works.

[*] Great use of puzzles under pressure. A standout moment has you guiding a field agent through bomb defusal. You have to analyze chemicals, check your reference files, and read out step-by-step instructions—all while the timer ticks down. These time-sensitive missions are where the game shines.

[*] Well-done audio design. The UI clicks, radio static, and phone calls all contribute to a grounded, late-'90s thriller vibe. The voice acting is low-key but sells the scenario well, especially during moments of stress or confusion.

[*] No filler. It’s tight and focused. No wandering, no padding. You’re thrown into the action quickly and missions move at a brisk pace.
[/list]

[b]🧾 Cons: [/b]
[list]
[*] Flat characters. The field agents and mysterious hacker HAL are more archetypes than flesh-and-blood. They push the story forward, but rarely surprise

[*] Choices don’t matter much. There are dialogue branches, but most are cosmetic. Whether you’re professional or snarky, or even whether you succeed or fail at certain puzzles, the game mostly funnels you into the same story beats.

[*] Abrupt ending. The game ends just as things get interesting. HAL’s storyline ramps up, then vanishes. You barely get to dig into the conspiracy or see the consequences of your actions. It feels like a miniseries that ends on episode three.
[/list]
[hr]
If you enjoyed this review, please check out my curator page to find more: [url=https://store.steampowered.com/curator/45814768-Verdict-Play-or-Pass/]Verdict: Play or Pass. [/url] Also, please leave a like and visit [url=https://steamcommunity.com/groups/Indie_Gems]IndieGems[/url] and our YouTube channel for more reviews like this one. 
[/hr]","Reviewing (mostly) every game (or DLC) in my library, part 98: ⭐️⭐️⭐️⭐️⭐️⭐️⭐️⭐️☆☆ (8/10) [i] The Operator [/i] casts you not as a hero in the field, but as the analyst—the voice behind the computer—supporting agents from the shadows. It’s a fascinating setup and a fresh twist on crime-solving games, and usually almost always lives up to its potential! 🖥[b] Pros: [/b] [list] [*] Authentic ""operator"" fantasy. You monitor missions from your desk, field phone calls, look through mysterious documents, and scrub through CCTV footage. [*] Diverse tools. The game gives you a chem scanner, facial recognition database, image enhancement tech, and document search systems. For example, in one mission, you identify a suspect by cross-referencing a blurry security camera with an equally blurry security footage of his car and license plate. That kind of detective work feels cool. You feel smart when it works. [*] Great use of puzzles under pressure. A standout moment has you guiding a field agent through bomb defusal. You have to analyze chemicals, check your reference files, and read out step-by-step instructions—all while the timer ticks down. These time-sensitive missions are where the game shines. [*] Well-done audio design. The UI clicks, radio static, and phone calls all contribute to a grounded, late-'90s thriller vibe. The voice acting is low-key but sells the scenario well, especially during moments of stress or confusion. [*] No filler. It’s tight and focused. No wandering, no padding. You’re thrown into the action quickly and missions move at a brisk pace. [/list] [b]🧾 Cons: [/b] [list] [*] Flat characters. The field agents and mysterious hacker HAL are more archetypes than flesh-and-blood. They push the story forward, but rarely surprise [*] Choices don’t matter much. There are dialogue branches, but most are cosmetic. Whether you’re professional or snarky, or even whether you succeed or fail at certain puzzles, the game mostly funnels you into the same story beats. [*] Abrupt ending. The game ends just as things get interesting. HAL’s storyline ramps up, then vanishes. You barely get to dig into the conspiracy or see the consequences of your actions. It feels like a miniseries that ends on episode three. [/list] [hr] If you enjoyed this review, please check out my curator page to find more: [url=https://store.steampowered.com/curator/45814768-Verdict-Play-or-Pass/]Verdict: Play or Pass. [/url] Also, please leave a like and visit [url=https://steamcommunity.com/groups/Indie_Gems]IndieGems[/url] and our YouTube channel for more reviews like this one. [/hr]",True,2025-06-20T23:37:23+00:00,2025-11-02T07:47:13+00:00,592.0,592.0,0.0,5.0,0.0,0.5737435221672058,True,False,False,False,76561198984656750,,667.0,False,False,2598,399,9.866666666666667,9.866666666666667,3-10h,positive
215926822,1771980,the-operator,The Operator,english,"Too much hand holding, and story was a bit cringe.","Too much hand holding, and story was a bit cringe.",False,2026-01-13T23:43:39+00:00,2026-01-13T23:43:39+00:00,158.0,158.0,0.0,0.0,0.0,0.5,True,False,False,False,76561198074489371,,11.0,False,False,50,10,2.6333333333333333,2.6333333333333333,1-3h,negative
216300132,1771980,the-operator,The Operator,english,"I would classify this as a short narrative game with very light puzzles.

PUZZLES
A majority of the puzzles are signposted and obvious, and they all give a tutorial vibe. The game will teach you how to solve a particular type of puzzle, but then that type of puzzle is never visited again.

There were two puzzles that weren't, but these felt frustrating as:
- the first one had VERY confusing wording and used terms that were not explained (""tickable"" being the word I got stuck on)
- the second one you needed to brute force a solution, which is never fun nor rewarding

NARRATIVE
For a mystery game, the final twist was basically shouted at the beginning of the game and I guessed it within the first 5 minutes. All of the cases pertain to the main mystery (no side missions to divert your attention). When you know the secret right away, it's hard to feel motivated to continue playing.

In the end, I felt it was a shallow, predictable, and simple game. It has good bones, but needed a lot more time in the oven

If a sequel does come along, or this team makes a similar game, I hope they:
- Include more puzzles
- Not make the ending obvious
- Playtest all the puzzles to make sure that things are easily understood and enjoyable (without losing the theme)
- Add in some red herrings/busywork 
- Show off their systems! Similar to a Hypnospace Outlaw or The Roottrees are Dead, have us use the mechanics more than once before moving on to a completely different thing. I would have loved to do more searching, scrubbing, etc in the game but didn't have enough opportunities outside each mechanic's single puzzle.","I would classify this as a short narrative game with very light puzzles. PUZZLES A majority of the puzzles are signposted and obvious, and they all give a tutorial vibe. The game will teach you how to solve a particular type of puzzle, but then that type of puzzle is never visited again. There were two puzzles that weren't, but these felt frustrating as: - the first one had VERY confusing wording and used terms that were not explained (""tickable"" being the word I got stuck on) - the second one you needed to brute force a solution, which is never fun nor rewarding NARRATIVE For a mystery game, the final twist was basically shouted at the beginning of the game and I guessed it within the first 5 minutes. All of the cases pertain to the main mystery (no side missions to divert your attention). When you know the secret right away, it's hard to feel motivated to continue playing. In the end, I felt it was a shallow, predictable, and simple game. It has good bones, but needed a lot more time in the oven If a sequel does come along, or this team makes a similar game, I hope they: - Include more puzzles - Not make the ending obvious - Playtest all the puzzles to make sure that things are easily understood and enjoyable (without losing the theme) - Add in some red herrings/busywork - Show off their systems! Similar to a Hypnospace Outlaw or The Roottrees are Dead, have us use the mechanics more than once before moving on to a completely different thing. I would have loved to do more searching, scrubbing, etc in the game but didn't have enough opportunities outside each mechanic's single puzzle.",False,2026-01-19T02:21:34+00:00,2026-01-19T02:21:34+00:00,469.0,469.0,0.0,0.0,0.0,0.5,True,False,False,False,76561198089341715,,3.0,False,False,1612,292,7.816666666666666,7.816666666666666,3-10h,negative
171063632,1771980,the-operator,The Operator,english,"This is a pretty solid game, at least the first time around. I've only been through it once, but I am curious about how it will be after a few runs. It's definitely a bit shorter than I thought (this run was around 3 hours), and while I didn't do much research on it before buying it (other than reading the tags and brief parts of the description), it seemed a bit different than what I expected. I was kind of thinking you'd go through and help solve multiple cases, and just keep going that way with increasing difficulty and depth as you continue playing. It's not that. It sort of starts that way, but doesn't stay that way for long. It's VERY linear as far as I can tell, and while I think there are different outcomes based on player inputs, I have yet to try that. It's not the investigation game it's labeled as. It's still well put together and thought out, but I felt a little bit misled, as there is really only one single ""case"" that you're working on as the player, it just happens to include a few other cases that you work on in the tutorial stages. 

Without spoiling it, I think it's a good game, though I don't know if I would pay full price for it. I think if you could get it for under $10 USD it would be a much better value, personally. But, we'll see how it goes on the replay-ability of the game and that might change. I'm curious how different actions and responses affect the outcome of the game for sure. 

Soundtrack really buffed this game a lot too, it was really well timed and well orchestrated. 

My main complaint is some of the cutscenes are ridiculously long for what their substance is. There is basically no substance to most of them, it's just some sound effects and maybe the occasional spot of dialogue.

As someone else said in their review, it scratched an itch I didn't know I had, but I would've been much more excited to see some real investigating. Like phasmophobia, but you're the computer geek at this government intelligence agency. If you play through the first hour or so, you'll see sort of what I mean by that.","This is a pretty solid game, at least the first time around. I've only been through it once, but I am curious about how it will be after a few runs. It's definitely a bit shorter than I thought (this run was around 3 hours), and while I didn't do much research on it before buying it (other than reading the tags and brief parts of the description), it seemed a bit different than what I expected. I was kind of thinking you'd go through and help solve multiple cases, and just keep going that way with increasing difficulty and depth as you continue playing. It's not that. It sort of starts that way, but doesn't stay that way for long. It's VERY linear as far as I can tell, and while I think there are different outcomes based on player inputs, I have yet to try that. It's not the investigation game it's labeled as. It's still well put together and thought out, but I felt a little bit misled, as there is really only one single ""case"" that you're working on as the player, it just happens to include a few other cases that you work on in the tutorial stages. Without spoiling it, I think it's a good game, though I don't know if I would pay full price for it. I think if you could get it for under $10 USD it would be a much better value, personally. But, we'll see how it goes on the replay-ability of the game and that might change. I'm curious how different actions and responses affect the outcome of the game for sure. Soundtrack really buffed this game a lot too, it was really well timed and well orchestrated. My main complaint is some of the cutscenes are ridiculously long for what their substance is. There is basically no substance to most of them, it's just some sound effects and maybe the occasional spot of dialogue. As someone else said in their review, it scratched an itch I didn't know I had, but I would've been much more excited to see some real investigating. Like phasmophobia, but you're the computer geek at this government intelligence agency. If you play through the first hour or so, you'll see sort of what I mean by that.",True,2024-07-30T00:43:52+00:00,2024-07-30T00:48:55+00:00,193.0,193.0,0.0,0.0,0.0,0.5,True,False,False,False,76561199716232763,,2.0,False,False,2059,385,3.216666666666667,3.216666666666667,3-10h,positive
175618214,1771980,the-operator,The Operator,english,"The Operator is a very short (3 to 4 hours at best) interactive visual novel with good production value. The interface looks clean and easy to use, the voice acting is good, and the interactive elements are pretty decent. For a visual novel. 

It is presented, however, as a game of deduction and puzzle solving. The puzzles and deductions are shallow with too much handholding. As you progress new mechanics are introduced, and then discarded immediately after. This gives the mistaken impression that much more content is waiting for you and puzzles will get more difficult. And then the game is over.

The story is equally shallow. The opening scene reveals too much, making the big reveal at the end something you can piece together within a few minutes of playing the game. The ending is a cliffhanger of sorts, but it makes this game feel like the opening chapter of a larger story that has not been written. Worse is that none of the conspiracy is ever explained, leaving you with many questions that are unlikely to be answered. There are no divergent paths, only one ending, and zero replay value.

If you go into this game expecting a visual novel, you will have an entertaining few hours with an okay story and underwhelming finale. If you go into this game expecting deduction, investigation, and puzzle solving, you will find only disappointment. This ultimately leads to my negative review. For a visual novel it is too short with an unresolved story, and for an investigation game the puzzles are too simple. The Operator has a lot of unmet potential, which is a shame.","The Operator is a very short (3 to 4 hours at best) interactive visual novel with good production value. The interface looks clean and easy to use, the voice acting is good, and the interactive elements are pretty decent. For a visual novel. It is presented, however, as a game of deduction and puzzle solving. The puzzles and deductions are shallow with too much handholding. As you progress new mechanics are introduced, and then discarded immediately after. This gives the mistaken impression that much more content is waiting for you and puzzles will get more difficult. And then the game is over. The story is equally shallow. The opening scene reveals too much, making the big reveal at the end something you can piece together within a few minutes of playing the game. The ending is a cliffhanger of sorts, but it makes this game feel like the opening chapter of a larger story that has not been written. Worse is that none of the conspiracy is ever explained, leaving you with many questions that are unlikely to be answered. There are no divergent paths, only one ending, and zero replay value. If you go into this game expecting a visual novel, you will have an entertaining few hours with an okay story and underwhelming finale. If you go into this game expecting deduction, investigation, and puzzle solving, you will find only disappointment. This ultimately leads to my negative review. For a visual novel it is too short with an unresolved story, and for an investigation game the puzzles are too simple. The Operator has a lot of unmet potential, which is a shame.",False,2024-09-23T14:43:05+00:00,2024-09-23T18:34:06+00:00,299.0,299.0,0.0,4.0,0.0,0.5285129547119141,True,False,False,False,76561198071634639,,24.0,False,False,1580,274,4.983333333333333,4.983333333333333,3-10h,negative
170959757,1771980,the-operator,The Operator,english,"Overall enjoyable. Decent interface and storyline, good variety of puzzle mechanics, low to medium difficulty and complexity.

I'm usually not a fan of dialogue choices and multiple endings, so I didn't know how to feel when I found out this game [i]doesn't[/i] have alternative endings.  Like another user put it, it really felt like I had reached the ""bad ending"", and that I was supposed to make different choices.  But playing through a second time did not change the outcomes aside from slightly different dialogue, and seeing one or two subtle hints I had missed the first time around.

And the developer has confirmed that it's not intended to be replayable (see the dev's [url=https://steamcommunity.com/app/1771980/discussions/0/4511002214535949429/]community post[/url])

The interface is quite well done, with a variety of technical mechanics.  The in-game documents and user manuals are quite impressively believable in style, while staying relevant to the gameplay, and to the storyline.  I quite enjoyed the [spoiler]""Keep Talking and Nobody Explodes""[/spoiler] style puzzle.

I was a little disappointed that the terminal was so limited, but given this is a relatively small game, that's understandable.

At times, especially at the start, it felt like a bit of information overwhelm moving too quickly, but it generally seems to be quite forgiving (though I haven't tested what happens if you don't answer a call, or fail to [spoiler]defuse the bomb[/spoiler]).

Often it felt a bit too heavy on the handholding.  [spoiler]The ""watch me.""  ""Are you watching me?"" prompts for the scripted surveillance made me giggle[/spoiler].  Most of the big reveals were heavily hinted at early on so I knew long before the characters themselves knew.  There were a couple that surprised me though.

The voice acting was quite good.  As was the sound design, and animations.  There's quite a few unskippable animations but they're generally done quite well and relevant to the storyline or puzzles.

Overall decent little game.  First playthrough took me just about under ~6hrs at a meandering pace (and not keeping track of breaks).  Would play a sequel if it's ever made.","Overall enjoyable. Decent interface and storyline, good variety of puzzle mechanics, low to medium difficulty and complexity. I'm usually not a fan of dialogue choices and multiple endings, so I didn't know how to feel when I found out this game [i]doesn't[/i] have alternative endings. Like another user put it, it really felt like I had reached the ""bad ending"", and that I was supposed to make different choices. But playing through a second time did not change the outcomes aside from slightly different dialogue, and seeing one or two subtle hints I had missed the first time around. And the developer has confirmed that it's not intended to be replayable (see the dev's [url=https://steamcommunity.com/app/1771980/discussions/0/4511002214535949429/]community post[/url]) The interface is quite well done, with a variety of technical mechanics. The in-game documents and user manuals are quite impressively believable in style, while staying relevant to the gameplay, and to the storyline. I quite enjoyed the [spoiler]""Keep Talking and Nobody Explodes""[/spoiler] style puzzle. I was a little disappointed that the terminal was so limited, but given this is a relatively small game, that's understandable. At times, especially at the start, it felt like a bit of information overwhelm moving too quickly, but it generally seems to be quite forgiving (though I haven't tested what happens if you don't answer a call, or fail to [spoiler]defuse the bomb[/spoiler]). Often it felt a bit too heavy on the handholding. [spoiler]The ""watch me."" ""Are you watching me?"" prompts for the scripted surveillance made me giggle[/spoiler]. Most of the big reveals were heavily hinted at early on so I knew long before the characters themselves knew. There were a couple that surprised me though. The voice acting was quite good. As was the sound design, and animations. There's quite a few unskippable animations but they're generally done quite well and relevant to the storyline or puzzles. Overall decent little game. First playthrough took me just about under ~6hrs at a meandering pace (and not keeping track of breaks). Would play a sequel if it's ever made.",True,2024-07-28T13:46:53+00:00,2024-07-28T13:46:53+00:00,726.0,434.0,0.0,0.0,0.0,0.5,True,False,False,False,76561198045353905,,33.0,False,False,2155,340,12.1,7.233333333333333,3-10h,positive
170571435,1771980,the-operator,The Operator,english,"I'm pretty conflicted regarding my thoughts on this game, if there was a neutral review that would be my rating. 

On one hand the game is very polished, especially for an indie game. It's OST really sets the mood and switches at the perfect time to give you goosebumps. The mechanics are pretty fleshed out; providing a decent challenge while also not being so hard that would require one to search up guides on them. The story is also really thought out and you will get invested into it very quick.

The unfortunate problem I have with this game is that it's extremely short. You can tell by the average 3 hour playtime in the reviews. Additionally all the content + mechanics that the game will throw at your are pretty much in the trailer. (There's only like 10 cases in total) Additionally, all game choices seems to not divert things from the main ending, which means that the game is not very re-playable. There may be some secrets as hinted by the credits achievement or that can be activated by a certain specific sequence of events, but they aren't readily accessible and would require probably some video tutorial guide.

And that leads to the big question, should you buy the game? I honestly can't say in good faith that it is worth it to buy the listed price ($14 USD). If you have a good amount of spare money to spend on games, then go for it. But for most people, I'd recommend holding out on purchasing the game unless it has a heavy sale.","I'm pretty conflicted regarding my thoughts on this game, if there was a neutral review that would be my rating. On one hand the game is very polished, especially for an indie game. It's OST really sets the mood and switches at the perfect time to give you goosebumps. The mechanics are pretty fleshed out; providing a decent challenge while also not being so hard that would require one to search up guides on them. The story is also really thought out and you will get invested into it very quick. The unfortunate problem I have with this game is that it's extremely short. You can tell by the average 3 hour playtime in the reviews. Additionally all the content + mechanics that the game will throw at your are pretty much in the trailer. (There's only like 10 cases in total) Additionally, all game choices seems to not divert things from the main ending, which means that the game is not very re-playable. There may be some secrets as hinted by the credits achievement or that can be activated by a certain specific sequence of events, but they aren't readily accessible and would require probably some video tutorial guide. And that leads to the big question, should you buy the game? I honestly can't say in good faith that it is worth it to buy the listed price ($14 USD). If you have a good amount of spare money to spend on games, then go for it. But for most people, I'd recommend holding out on purchasing the game unless it has a heavy sale.",False,2024-07-23T17:58:42+00:00,2024-07-23T17:58:42+00:00,198.0,198.0,0.0,0.0,0.0,0.5,True,False,False,False,76561198233606368,,9.0,False,False,1454,266,3.3,3.3,3-10h,negative
171860068,1771980,the-operator,The Operator,english,"I had gone into this game without reading what it was about or watching the trailer, purely recommended by someone, and I feel that made the experience a bit better for me having to actually follow along with the story as to what I would be doing next. Overall, I really enjoyed the game, and given the work that was put into it, I am not upset about the price tag for a few hours of entertainment. One thing that does disappoint, is the fact that the story is linear and that while your choices seem to change the goals, (e.g. [spoiler]the bomb diffuse going wrong[/spoiler]), it ends up the same way - but I do appreciate how the game catered to making it seem as if your choices changed the outcome.

Something that I found a bit confusing was identifying things for objectives, it sometimes was hard figuring out exactly what to identify, even when I personally knew what they were looking for. Example being a spoiler: [spoiler]I figured out early that the apartment being watched was my own, but spent a while submitting individual things like the my cat, finally realizing that I was supposed to submit my name in the top right, could 100% just be me though.[/spoiler]

I did like the game though, and am eager to follow along if updates are made to this or a new game similar were to be worked on.","I had gone into this game without reading what it was about or watching the trailer, purely recommended by someone, and I feel that made the experience a bit better for me having to actually follow along with the story as to what I would be doing next. Overall, I really enjoyed the game, and given the work that was put into it, I am not upset about the price tag for a few hours of entertainment. One thing that does disappoint, is the fact that the story is linear and that while your choices seem to change the goals, (e.g. [spoiler]the bomb diffuse going wrong[/spoiler]), it ends up the same way - but I do appreciate how the game catered to making it seem as if your choices changed the outcome. Something that I found a bit confusing was identifying things for objectives, it sometimes was hard figuring out exactly what to identify, even when I personally knew what they were looking for. Example being a spoiler: [spoiler]I figured out early that the apartment being watched was my own, but spent a while submitting individual things like the my cat, finally realizing that I was supposed to submit my name in the top right, could 100% just be me though.[/spoiler] I did like the game though, and am eager to follow along if updates are made to this or a new game similar were to be worked on.",True,2024-08-10T23:34:11+00:00,2024-08-10T23:34:11+00:00,189.0,189.0,0.0,0.0,0.0,0.5,True,False,False,False,76561198273130111,,7.0,False,False,1303,239,3.15,3.15,3-10h,positive
216779295,1771980,the-operator,The Operator,english,"I am kinda torn about this game since what is there is not necessarily bad  but ... people should know what they are getting into.

First of the game is pretty short about 3 to maybe 4 hours of gameplay depending on if you struggle with any puzzle.

Second: the game is not really a puzzle or detective game but more like a guided narrative. The puzzles in the game are not very difficult and the game mostly handholds you through the solutions. Its sad because the system that are there could have been incredible for solving more complicated cases but unfortunately the entire game is basically a tutorial where people always tell you what to do and there is very little to figure out.

Next the story: Unfortunately if you pay attention to the clues the game gives you you will figure out 90% of the plotbeats before the game tells you and its pretty akward when the game treats something as a relvelation you basically knew for quite a while already.

The story is also linear it might seem you can pick sides but ultimately there is only one direction to go. Another thing is that the ending  is ... well its difficult to say much without spoiling but its pretty dark and for me put a pretty big damper on everything that happened.

I would not say the game is worth full price to be honest maybe on a deep discount. Only buy if you are looking for an interactive story more than a detective/puzzle game.",I am kinda torn about this game since what is there is not necessarily bad but ... people should know what they are getting into. First of the game is pretty short about 3 to maybe 4 hours of gameplay depending on if you struggle with any puzzle. Second: the game is not really a puzzle or detective game but more like a guided narrative. The puzzles in the game are not very difficult and the game mostly handholds you through the solutions. Its sad because the system that are there could have been incredible for solving more complicated cases but unfortunately the entire game is basically a tutorial where people always tell you what to do and there is very little to figure out. Next the story: Unfortunately if you pay attention to the clues the game gives you you will figure out 90% of the plotbeats before the game tells you and its pretty akward when the game treats something as a relvelation you basically knew for quite a while already. The story is also linear it might seem you can pick sides but ultimately there is only one direction to go. Another thing is that the ending is ... well its difficult to say much without spoiling but its pretty dark and for me put a pretty big damper on everything that happened. I would not say the game is worth full price to be honest maybe on a deep discount. Only buy if you are looking for an interactive story more than a detective/puzzle game.,False,2026-01-25T15:38:47+00:00,2026-01-25T15:38:47+00:00,205.0,205.0,0.0,1.0,0.0,0.523809552192688,True,False,False,False,76561198039798549,,12.0,False,False,1402,259,3.4166666666666665,3.4166666666666665,3-10h,negative
176387523,1771980,the-operator,The Operator,english,"Really thrilling game, with some truly difficult timed moments, the peak of which happens maybe 1/2 way through. (RIP a few times Agent *Name Redacted*, before I was able to learn how to properly diffuse a bomb. Sorry, at least I figured it out eventually...) But besides that, it's basically one of my favorite techy game mystery interfaces: poking around in computers and researching (snooping) on different people via high powered invasive search engine. You really feel like you're in on the action. I think the ending is a bit unfortunate, but only in that a number of rather....intense things happened....and I'm about to look up if there are alternate endings, or if this is just a linear pathway it leads you to. Overall, I thoroughly recommend. Creates a cool world, does the fun thing of dropping you, the newbie, into a new job and has just enough tutorial-lite info to get you off and running. If you like any sort of detective/unfolding mystery game, it's perfect! I could see this expanding into so many other cases and worlds, or having repeat instances with some key, returning characters. Speaking of characters, I really liked a lot of the other detectives, and our mysterious hacker friend. Great voice acting, lost of personality.","Really thrilling game, with some truly difficult timed moments, the peak of which happens maybe 1/2 way through. (RIP a few times Agent *Name Redacted*, before I was able to learn how to properly diffuse a bomb. Sorry, at least I figured it out eventually...) But besides that, it's basically one of my favorite techy game mystery interfaces: poking around in computers and researching (snooping) on different people via high powered invasive search engine. You really feel like you're in on the action. I think the ending is a bit unfortunate, but only in that a number of rather....intense things happened....and I'm about to look up if there are alternate endings, or if this is just a linear pathway it leads you to. Overall, I thoroughly recommend. Creates a cool world, does the fun thing of dropping you, the newbie, into a new job and has just enough tutorial-lite info to get you off and running. If you like any sort of detective/unfolding mystery game, it's perfect! I could see this expanding into so many other cases and worlds, or having repeat instances with some key, returning characters. Speaking of characters, I really liked a lot of the other detectives, and our mysterious hacker friend. Great voice acting, lost of personality.",True,2024-10-05T01:56:27+00:00,2024-10-05T01:56:27+00:00,441.0,441.0,0.0,0.0,0.0,0.5,True,False,False,False,76561198326729255,,24.0,False,False,1250,211,7.35,7.35,3-10h,positive
222895135,1771980,the-operator,The Operator,english,"****SOME SMALL SPOILERS****

It was enjoyable to play as the music and the visuals were good. But in terms of story building it lacked quite a bit. The whole game kind of treats you like an idiot. It's very hand-holding, do this do that. There is some problem solving and some puzzles here and there that made it more challenging but mostly the puzzles look like this: this file needs a password to enter, how do you find a password? ask Hal! Hal what's the password? here it is: 123456. I'm in! H4CK3R MAN!

Also there is only one ending, so it doesn't feel like your choices matter that much.
Another criticism of the story is the beginning, it starts with a major spoiler of the whole mystery. You can kind of guess the whole plot twist because of it. It was super obvious. I feel like the beginning wasn't necessary and would have made me appreciate the story more.

The things it did well are the more stressful and challenging puzzles. For example the bomb diffusing was fun. And the floppy disk code finding was good. That's all I can think of right now. The carDB was used I think only once and then never again. I wish there was just a bit more complexity. Anyways, not the worst game. I wouldn't refund it and I don't regret buying it or playing it. Just wished for more","****SOME SMALL SPOILERS**** It was enjoyable to play as the music and the visuals were good. But in terms of story building it lacked quite a bit. The whole game kind of treats you like an idiot. It's very hand-holding, do this do that. There is some problem solving and some puzzles here and there that made it more challenging but mostly the puzzles look like this: this file needs a password to enter, how do you find a password? ask Hal! Hal what's the password? here it is: 123456. I'm in! H4CK3R MAN! Also there is only one ending, so it doesn't feel like your choices matter that much. Another criticism of the story is the beginning, it starts with a major spoiler of the whole mystery. You can kind of guess the whole plot twist because of it. It was super obvious. I feel like the beginning wasn't necessary and would have made me appreciate the story more. The things it did well are the more stressful and challenging puzzles. For example the bomb diffusing was fun. And the floppy disk code finding was good. That's all I can think of right now. The carDB was used I think only once and then never again. I wish there was just a bit more complexity. Anyways, not the worst game. I wouldn't refund it and I don't regret buying it or playing it. Just wished for more",False,2026-04-09T18:53:35+00:00,2026-04-09T18:53:35+00:00,406.0,406.0,0.0,2.0,0.0,0.5353982448577881,True,False,False,False,76561198992095370,,22.0,False,False,1277,238,6.766666666666667,6.766666666666667,3-10h,negative
170542601,1771980,the-operator,The Operator,english,"It's an ok game to kill a couple hours. I'm recommending, because I love that people make these kind of games, but I am a bit disappointed. It's VERY easy. The demo gave me Vigil Cases vibe, but turned out the game has incredibly strong and inescapable hand-holding. It's like Vigil Cases in tutorial mode. I thought I'd be looking through a bunch of databases and burrowing into various documents to find details that would solve cases. In reality I was mostly clicking on the dialogue, where NPCs would tell me exactly what to do, which usually involved no more than opening one file, looking up one name, or following a list of instructions.

There was a lot of lost potential here. Like, there's literally zero point in the terminal: the player never gets to figure out what command they should enter, it's always provided by the NPCs. There's no choice who to call, or what information to tell them, except in a couple places. I counted two cool puzzles that gave you an ""Aha"" moment, the rest was unfortunately easy and predictable.

In short, if you're looking for something to scratch the 'Golden Idol"" or ""Roottrees are Dead"" itch, I wouldn't get your hopes up.","It's an ok game to kill a couple hours. I'm recommending, because I love that people make these kind of games, but I am a bit disappointed. It's VERY easy. The demo gave me Vigil Cases vibe, but turned out the game has incredibly strong and inescapable hand-holding. It's like Vigil Cases in tutorial mode. I thought I'd be looking through a bunch of databases and burrowing into various documents to find details that would solve cases. In reality I was mostly clicking on the dialogue, where NPCs would tell me exactly what to do, which usually involved no more than opening one file, looking up one name, or following a list of instructions. There was a lot of lost potential here. Like, there's literally zero point in the terminal: the player never gets to figure out what command they should enter, it's always provided by the NPCs. There's no choice who to call, or what information to tell them, except in a couple places. I counted two cool puzzles that gave you an ""Aha"" moment, the rest was unfortunately easy and predictable. In short, if you're looking for something to scratch the 'Golden Idol"" or ""Roottrees are Dead"" itch, I wouldn't get your hopes up.",True,2024-07-23T10:17:28+00:00,2024-07-23T10:17:28+00:00,195.0,195.0,0.0,0.0,0.0,0.5,True,False,False,False,76561198853376536,,85.0,False,False,1168,206,3.25,3.25,3-10h,positive
187047644,1771980,the-operator,The Operator,english,"The game markets itself as a mystery and conspiracy genre piece which it lives up to. It is very text-based in the vein of Hacknet where you're attached to a computer terminal for the entirety of the game (voice acting present though). Outside of one really great and tense sequence it's mostly clicking through simple instructions and doing some deductions to progress. It's interesting and compelling but the playtime is lacking to fully explore the concept. The store description mentions working on many cases and assisting agents but everything done is very attached to the central story where some more diversity in content of the cases would be appreciated to pad out the fantasy of doing the detective work and better utilize the mechanics introduced. I wish it was easier to play though certain sections of the game to make different choices without playing through the whole game again.

I would recommend this game on sale but at full price, it's too quick to finish to enjoy completely.

[spoiler]Mystery is actually kind of predictable and because there's so much to do with the main story, everything is obviously a hint for the ending twist. Like Arkham Knight, it's easy to guess the twists before they happen which mutes the impact of those moments.[/spoiler]","The game markets itself as a mystery and conspiracy genre piece which it lives up to. It is very text-based in the vein of Hacknet where you're attached to a computer terminal for the entirety of the game (voice acting present though). Outside of one really great and tense sequence it's mostly clicking through simple instructions and doing some deductions to progress. It's interesting and compelling but the playtime is lacking to fully explore the concept. The store description mentions working on many cases and assisting agents but everything done is very attached to the central story where some more diversity in content of the cases would be appreciated to pad out the fantasy of doing the detective work and better utilize the mechanics introduced. I wish it was easier to play though certain sections of the game to make different choices without playing through the whole game again. I would recommend this game on sale but at full price, it's too quick to finish to enjoy completely. [spoiler]Mystery is actually kind of predictable and because there's so much to do with the main story, everything is obviously a hint for the ending twist. Like Arkham Knight, it's easy to guess the twists before they happen which mutes the impact of those moments.[/spoiler]",False,2025-02-03T03:21:28+00:00,2025-02-03T03:22:44+00:00,193.0,193.0,0.0,0.0,0.0,0.5,True,False,False,False,76561198042871453,,12.0,False,False,1274,213,3.216666666666667,3.216666666666667,3-10h,negative
205833564,1771980,the-operator,The Operator,english,"It has been a long time (if ever) where I have sat down to play a game and played it from start to finish in one sitting. I sat down expecting this game to be more of what it is in the beginning, and I was hooked. Being able to solve the mystery before the character does and having it confirmed felt amazing. And yet there were STILL TWISTS I didnt see coming! Which blows me AWAY. The game mechanics are simple enough to get ahold of, the story line is amazing and draws you in and you wont even notice you've played the game for 4 hours before you are finished. The music score is also INCREDIBLE, sound is SO important in this game. 

It was definitely worth the purchase and worth playing. 

100/10 would recommend. cant believe this is an Indie Game. 

There is a helpful tutorial/guide on steam as one of the in game manuals is a bit confusing (though its meant to be that way) will probably play again sometime to see if i can find the secrets early or truly solve that one heart pounding puzzle without help from the guide. 

looking forward to seeing more games from this team! 
","It has been a long time (if ever) where I have sat down to play a game and played it from start to finish in one sitting. I sat down expecting this game to be more of what it is in the beginning, and I was hooked. Being able to solve the mystery before the character does and having it confirmed felt amazing. And yet there were STILL TWISTS I didnt see coming! Which blows me AWAY. The game mechanics are simple enough to get ahold of, the story line is amazing and draws you in and you wont even notice you've played the game for 4 hours before you are finished. The music score is also INCREDIBLE, sound is SO important in this game. It was definitely worth the purchase and worth playing. 100/10 would recommend. cant believe this is an Indie Game. There is a helpful tutorial/guide on steam as one of the in game manuals is a bit confusing (though its meant to be that way) will probably play again sometime to see if i can find the secrets early or truly solve that one heart pounding puzzle without help from the guide. looking forward to seeing more games from this team!",True,2025-10-04T07:04:56+00:00,2025-10-04T07:04:56+00:00,237.0,237.0,0.0,6.0,0.0,0.5811423659324646,True,False,False,False,76561198312592244,,2.0,False,False,1079,205,3.95,3.95,3-10h,positive
198962855,1771980,the-operator,The Operator,english,"The concept of the operator is super interesting. But unfortunately there's not a lot to explore and investigate here. We're constantly guided by other characters and told the very thing we need to find, one thing after the next. It's like the game never gets past the tutorial, and it never gets to the point where you get to do more advanced research. This simple game mechanic is not super satisfying. It feels more like a short story turned into a game than a real detective game. It's on a very different level compared to other detective games such as Return of the Obra Dinn, The Roottrees are Dead or The Case of the Golden Idol. It's also very short, I finished it in less than 4 hours and there's no replayability. Also be very careful with the saves, there are save points and you'll lose progress if you don't quit at exactly the right times. On the plus side, the interface is quite well done and the voices are nice (though I'm not sure why it makes my computer boiling hot when the graphics are so simple). I liked the bomb defusing part the most, and it's a shame we can't replay that part again.","The concept of the operator is super interesting. But unfortunately there's not a lot to explore and investigate here. We're constantly guided by other characters and told the very thing we need to find, one thing after the next. It's like the game never gets past the tutorial, and it never gets to the point where you get to do more advanced research. This simple game mechanic is not super satisfying. It feels more like a short story turned into a game than a real detective game. It's on a very different level compared to other detective games such as Return of the Obra Dinn, The Roottrees are Dead or The Case of the Golden Idol. It's also very short, I finished it in less than 4 hours and there's no replayability. Also be very careful with the saves, there are save points and you'll lose progress if you don't quit at exactly the right times. On the plus side, the interface is quite well done and the voices are nice (though I'm not sure why it makes my computer boiling hot when the graphics are so simple). I liked the bomb defusing part the most, and it's a shame we can't replay that part again.",False,2025-07-04T21:25:58+00:00,2025-07-05T08:12:50+00:00,235.0,233.0,0.0,3.0,0.0,0.5119916796684265,True,False,False,False,76561198025084553,,17.0,False,False,1112,206,3.9166666666666665,3.8833333333333333,3-10h,negative
215941531,1771980,the-operator,The Operator,english,"First and foremost, it is a short game, not worth the full price. I bought this during steam's Detective Fest where it was on sale for 35%, even with that pretty good discount I wouldn't say I got my moneys worth. A reasonable price for me would be rougly 4-5$ since it is such a short game with only about 5 hours to 100%. Now lets get to the good parts. I personally am a huge fan of this style of game, Tech Support Error Unknown, Orwell Keeping an Eye on You, and the desktop management was fun, the style was great, and the huge amount of actors was wonderful. That being said you do notice the AI content warning on the bottom which really confuses me. Why would this game use AI for an analysis machine when they have so many actual actors and people, its just confusing when its not that difficult to just take a real picture of a microscope. The story was okay, I liked it. Overall, promising devs made a passable first game, but it seems more like a demo of a good series than a 15$ game","First and foremost, it is a short game, not worth the full price. I bought this during steam's Detective Fest where it was on sale for 35%, even with that pretty good discount I wouldn't say I got my moneys worth. A reasonable price for me would be rougly 4-5$ since it is such a short game with only about 5 hours to 100%. Now lets get to the good parts. I personally am a huge fan of this style of game, Tech Support Error Unknown, Orwell Keeping an Eye on You, and the desktop management was fun, the style was great, and the huge amount of actors was wonderful. That being said you do notice the AI content warning on the bottom which really confuses me. Why would this game use AI for an analysis machine when they have so many actual actors and people, its just confusing when its not that difficult to just take a real picture of a microscope. The story was okay, I liked it. Overall, promising devs made a passable first game, but it seems more like a demo of a good series than a 15$ game",True,2026-01-14T06:24:31+00:00,2026-01-14T06:24:31+00:00,259.0,259.0,0.0,0.0,0.0,0.5,True,False,False,False,76561198847303039,,10.0,False,False,997,193,4.316666666666666,4.316666666666666,3-10h,positive
172253803,1771980,the-operator,The Operator,english,"It's short. It's easy. Half of the game is a tutorial. It didn't really feel like I was investigating anything. The things you can examine are very limited. And you're basically told what is going on, instead of being allowed to figure things out by yourself. It's very lineair and at all times I felt I was just being pushed into a very narrow direction. The ending was really disappointing too. I did like the story, until the ending.. I'm not going to spoil it, but this game feels like it should have been a casefile to investigate in a different game. It felt like three rooms of information from a Deus Ex game.","It's short. It's easy. Half of the game is a tutorial. It didn't really feel like I was investigating anything. The things you can examine are very limited. And you're basically told what is going on, instead of being allowed to figure things out by yourself. It's very lineair and at all times I felt I was just being pushed into a very narrow direction. The ending was really disappointing too. I did like the story, until the ending.. I'm not going to spoil it, but this game feels like it should have been a casefile to investigate in a different game. It felt like three rooms of information from a Deus Ex game.",False,2024-08-16T15:18:06+00:00,2024-08-16T15:18:06+00:00,189.0,189.0,0.0,3.0,0.0,0.48221343755722046,True,False,False,False,76561198028886489,,14.0,False,False,617,114,3.15,3.15,3-10h,negative
183171808,1771980,the-operator,The Operator,english,"The Operator is a really fun, if unbearably short, adventure game that scratches the itch I've had since playing Hypnospace Outlaw. Cyber-sleuthing to solve and aid crimes and slowly diving into a conspiracy? What's not to like?

I wish it was a bit longer or the main plot was a bit drawn out, however. The game starts you off with a simple tutorial, but it drops you immediately into a fullfledged conspiracy that's the driving force of the entire game. Some little bit of fluff would have been nice. Analyze a video to solve an armed robbery, cross-reference tattoos to uncover gang affiliations, find out a victim's next of kin to get more information, or even just zoom in an ID what home a missing cat belongs to. There's endless possibilities for this kind of concept that are just underutilized. It left me wanting more when the reality was I only had a limited set of things to do.

The game is still exceptionally well made and the soundtrack keeps you engaged through all the twists and reveals, even if they were obvious in the first place. It's a good afternoon game.","The Operator is a really fun, if unbearably short, adventure game that scratches the itch I've had since playing Hypnospace Outlaw. Cyber-sleuthing to solve and aid crimes and slowly diving into a conspiracy? What's not to like? I wish it was a bit longer or the main plot was a bit drawn out, however. The game starts you off with a simple tutorial, but it drops you immediately into a fullfledged conspiracy that's the driving force of the entire game. Some little bit of fluff would have been nice. Analyze a video to solve an armed robbery, cross-reference tattoos to uncover gang affiliations, find out a victim's next of kin to get more information, or even just zoom in an ID what home a missing cat belongs to. There's endless possibilities for this kind of concept that are just underutilized. It left me wanting more when the reality was I only had a limited set of things to do. The game is still exceptionally well made and the soundtrack keeps you engaged through all the twists and reveals, even if they were obvious in the first place. It's a good afternoon game.",True,2024-12-20T06:41:52+00:00,2024-12-20T06:41:52+00:00,221.0,221.0,0.0,5.0,0.0,0.598540186882019,True,False,False,False,76561197995565302,,26.0,False,False,1078,192,3.683333333333333,3.683333333333333,3-10h,positive
183984636,1771980,the-operator,The Operator,english,"Incredible premise with one of the worst and foreseeable endings possible. 
Waste of time and money at the current price point 16€ for 4h max. 
Unbelievable to underdeliever with such a strong start.

What would make the game better: 
- Allow the character development to progress further by including more missions. They don't even have to be related to the main story line.
- Don't just end on main characters death without any resolution to any of your many plot hooks you opened up
- Allow more player agency during calls the whole game feels like one big tutorial and as soon as you feel ready to be an operator the game ends",Incredible premise with one of the worst and foreseeable endings possible. Waste of time and money at the current price point 16€ for 4h max. Unbelievable to underdeliever with such a strong start. What would make the game better: - Allow the character development to progress further by including more missions. They don't even have to be related to the main story line. - Don't just end on main characters death without any resolution to any of your many plot hooks you opened up - Allow more player agency during calls the whole game feels like one big tutorial and as soon as you feel ready to be an operator the game ends,False,2024-12-28T12:55:51+00:00,2024-12-28T12:55:51+00:00,230.0,230.0,0.0,1.0,0.0,0.5,True,False,False,False,76561198065085332,,10.0,False,False,626,113,3.8333333333333335,3.8333333333333335,3-10h,negative
174383331,1771980,the-operator,The Operator,english,"The game can be completed in less than 3 hours. I was actually kind of confused at the end, I thought that we 're just starting and the game... ended.

It's hard to give a GOOD or BAD opinion on this game. The visuals and astounding, music is perfect, voice acting is awesome. I love that you access FDI's system so it feels pretty real. Good things aside, the storyline is linear. Only after checking the forum I found out that your choices, hm... don't really matter. Whatever dialogue option you choose, you always end up in the same place.

I feel like the game could use some filler cases to solve, rather than make the player wait for anyone to contact them regarding the main case. The case itself was pretty interesting and it's good to wait for the end credits, some cool stuff is shown there ;)

Overall, I enjoyed the game a lot but I can't shake the feeling it should be cheaper given what it offers right now. Maybe the developers will make some DLC? That would be awesome.","The game can be completed in less than 3 hours. I was actually kind of confused at the end, I thought that we 're just starting and the game... ended. It's hard to give a GOOD or BAD opinion on this game. The visuals and astounding, music is perfect, voice acting is awesome. I love that you access FDI's system so it feels pretty real. Good things aside, the storyline is linear. Only after checking the forum I found out that your choices, hm... don't really matter. Whatever dialogue option you choose, you always end up in the same place. I feel like the game could use some filler cases to solve, rather than make the player wait for anyone to contact them regarding the main case. The case itself was pretty interesting and it's good to wait for the end credits, some cool stuff is shown there ;) Overall, I enjoyed the game a lot but I can't shake the feeling it should be cheaper given what it offers right now. Maybe the developers will make some DLC? That would be awesome.",True,2024-09-06T19:43:04+00:00,2024-09-06T19:43:04+00:00,200.0,200.0,0.0,0.0,0.0,0.5,True,False,False,False,76561198841075939,,6.0,False,False,983,183,3.3333333333333335,3.3333333333333335,3-10h,positive
221545195,1771980,the-operator,The Operator,english,"Mechanics are great, but they're wasted on constant hand-holding to the point where I almost never felt like I was actually ""playing"" the game. ""Click this. Now click this. Now listen to a voice actor veeerryy sloooowly deliver tons and tons of exposition-heavy dialogue, and you have to listen because it can't be skipped."" 

I could see several of the twists from a mile away. The story is severely underdeveloped. Functions are introduced (for example, the license plate database) and then never come into play again. I'm actually pretty angry. Wasted money and time (but not too much time, because it's short as HELL).","Mechanics are great, but they're wasted on constant hand-holding to the point where I almost never felt like I was actually ""playing"" the game. ""Click this. Now click this. Now listen to a voice actor veeerryy sloooowly deliver tons and tons of exposition-heavy dialogue, and you have to listen because it can't be skipped."" I could see several of the twists from a mile away. The story is severely underdeveloped. Functions are introduced (for example, the license plate database) and then never come into play again. I'm actually pretty angry. Wasted money and time (but not too much time, because it's short as HELL).",False,2026-03-24T03:18:28+00:00,2026-03-24T03:18:28+00:00,313.0,313.0,0.0,14.0,0.0,0.5931062698364258,True,False,False,False,76561198097172595,,5.0,False,False,620,104,5.216666666666667,5.216666666666667,3-10h,negative
178259736,1771980,the-operator,The Operator,english,"My feelings on this game are conflicted. 

It's short, which respects my time I suppose, but it feels like it skips a step in terms of immersion. I would have liked some casework that's not directly related to the main plot in order to feel like I'm actually doing the work of a support officer. Instead the first thing you do jumps right into the driving conspiracy and everything is related to the conspiracy.

The gameplay has some really great parts. The [spoiler] bomb defusing [/spoiler] in particular is great. Really emulates arcane and bureaucratic instructions really well. I wish there was more of it.

The ending [spoiler] twist leans too predictable, [/spoiler] and that's unfortunate because I think it was interesting enough that it could have had more impact.

The atmosphere of the game is great, no complaints. I love the way the music and sound emphasise the different beats of the story.

At the end of the day I'd recommend it if you like small, tight story-driven games.","My feelings on this game are conflicted. It's short, which respects my time I suppose, but it feels like it skips a step in terms of immersion. I would have liked some casework that's not directly related to the main plot in order to feel like I'm actually doing the work of a support officer. Instead the first thing you do jumps right into the driving conspiracy and everything is related to the conspiracy. The gameplay has some really great parts. The [spoiler] bomb defusing [/spoiler] in particular is great. Really emulates arcane and bureaucratic instructions really well. I wish there was more of it. The ending [spoiler] twist leans too predictable, [/spoiler] and that's unfortunate because I think it was interesting enough that it could have had more impact. The atmosphere of the game is great, no complaints. I love the way the music and sound emphasise the different beats of the story. At the end of the day I'd recommend it if you like small, tight story-driven games.",True,2024-11-02T19:17:50+00:00,2024-11-02T19:18:19+00:00,230.0,230.0,0.0,4.0,0.0,0.5454545617103577,True,False,False,False,76561198061296339,,4.0,False,False,986,170,3.8333333333333335,3.8333333333333335,3-10h,positive
229788091,1771980,the-operator,The Operator,english,"The opening tutorial had me thrilled. The aesthetic and potential seemed very high. I was excited to use these systems to solve some cases.

Unfortunately, the game is more interested in telling a story than building on gameplay principles. The story is...fine. It takes some big swings, but most of them are heavily foreshadowed and easy to predict.

I wish this game had spent more time filling out the 'digital detective' gameplay suite and puzzles. I thought I'd found another Hypnospace Outlaw, Obra Dinn, or Roottrees. But it's closer to a visual novel than a detective game.","The opening tutorial had me thrilled. The aesthetic and potential seemed very high. I was excited to use these systems to solve some cases. Unfortunately, the game is more interested in telling a story than building on gameplay principles. The story is...fine. It takes some big swings, but most of them are heavily foreshadowed and easy to predict. I wish this game had spent more time filling out the 'digital detective' gameplay suite and puzzles. I thought I'd found another Hypnospace Outlaw, Obra Dinn, or Roottrees. But it's closer to a visual novel than a detective game.",False,2026-07-06T18:25:48+00:00,2026-07-06T18:26:23+00:00,227.0,227.0,0.0,3.0,0.0,0.5169847011566162,True,False,False,False,76561197980429563,,37.0,False,False,579,97,3.783333333333333,3.783333333333333,3-10h,negative
177415597,1771980,the-operator,The Operator,english,"This is a well executed game with a quality UI and sound design. My only criticism is that the developers took a lot of care into designing the game's computer mechanics but then do not give you very many opportunities to use them. I was looking forward to a puzzle solving/detective type experience where I could piece together clues and solve cases, however the game's story quickly takes center stage; just as the tutorial section of the game ends, and you think that you'll now get to work on a wide variety of cases, you come to realize the entire game is more or less a guided experience through a conspiracy story. 

I personally was hoping for a more subtle, open-ended experience that focused on case solving, where the conspiracy itself could be discovered by a clever player gradually and then pursued as a personal choice. What is offered is entertaining and engaging, but those looking for a good detective experience will be somewhat disappointed.","This is a well executed game with a quality UI and sound design. My only criticism is that the developers took a lot of care into designing the game's computer mechanics but then do not give you very many opportunities to use them. I was looking forward to a puzzle solving/detective type experience where I could piece together clues and solve cases, however the game's story quickly takes center stage; just as the tutorial section of the game ends, and you think that you'll now get to work on a wide variety of cases, you come to realize the entire game is more or less a guided experience through a conspiracy story. I personally was hoping for a more subtle, open-ended experience that focused on case solving, where the conspiracy itself could be discovered by a clever player gradually and then pursued as a personal choice. What is offered is entertaining and engaging, but those looking for a good detective experience will be somewhat disappointed.",True,2024-10-20T16:33:45+00:00,2024-10-20T16:33:45+00:00,226.0,226.0,0.0,0.0,0.0,0.5,True,False,False,False,76561197984717783,,5.0,False,False,959,165,3.7666666666666666,3.7666666666666666,3-10h,positive
171124040,1771980,the-operator,The Operator,english,"Looks great, is well polished and the ui/interface is nice. If you're looking for a visual novel-type deal it's great, although a bit short. 

If you're looking for Obra Dinn-esque mysteries and puzzles, it's nothing of the sort. There's the main story, which feels like a tutorial for all the tools you'd like to use more in following cases. That's the reason for not recommending. The ui looks cool, the tools would make for great puzzles/cases, and I would really like to play through more cases in this setting. The content just isn't there.","Looks great, is well polished and the ui/interface is nice. If you're looking for a visual novel-type deal it's great, although a bit short. If you're looking for Obra Dinn-esque mysteries and puzzles, it's nothing of the sort. There's the main story, which feels like a tutorial for all the tools you'd like to use more in following cases. That's the reason for not recommending. The ui looks cool, the tools would make for great puzzles/cases, and I would really like to play through more cases in this setting. The content just isn't there.",False,2024-07-30T21:42:24+00:00,2024-07-30T21:42:24+00:00,197.0,197.0,0.0,4.0,0.0,0.5068492889404297,True,False,False,False,76561198025075243,,7.0,False,False,543,94,3.283333333333333,3.283333333333333,3-10h,negative
219858556,1771980,the-operator,The Operator,english,"Got this game, played it. Felt mixed at the end.
Pros:
- It's a pretty good on a technical level. It's a reasonably accurate portrayal of someone working security, albeit with some obvious creative liberties taken.
- The music was great

Cons:
- It's shorter than you'd think
- There are some parts that were confusing.
- The hints felt like you were being talked down to.

Compare and contrast with, say, The Root Trees are Dead, which is a bit different, but it has similar detective vibes. RTaD felt like you were peeling back layers of an onion to find the secrets buried in a mountain of info. The Operator felt like you were in an onion peeling factory that had you operate cool machines, but treated like you were dumb for not knowing which nob made middle onion layers go off.

I didn't want to hit the thumbs down this because it is worth your time, but maybe not $10 worth of time.","Got this game, played it. Felt mixed at the end. Pros: - It's a pretty good on a technical level. It's a reasonably accurate portrayal of someone working security, albeit with some obvious creative liberties taken. - The music was great Cons: - It's shorter than you'd think - There are some parts that were confusing. - The hints felt like you were being talked down to. Compare and contrast with, say, The Root Trees are Dead, which is a bit different, but it has similar detective vibes. RTaD felt like you were peeling back layers of an onion to find the secrets buried in a mountain of info. The Operator felt like you were in an onion peeling factory that had you operate cool machines, but treated like you were dumb for not knowing which nob made middle onion layers go off. I didn't want to hit the thumbs down this because it is worth your time, but maybe not $10 worth of time.",True,2026-03-05T05:35:43+00:00,2026-03-05T05:37:34+00:00,226.0,226.0,0.0,0.0,0.0,0.5,True,False,False,False,76561198025467532,,39.0,False,False,888,165,3.7666666666666666,3.7666666666666666,3-10h,positive
208681066,1771980,the-operator,The Operator,english,"The only thing puzzling about “The Operator” is why it has so many positive reviews. It’s too simple to deserve the “Investigation” or “Detective” tags. At heart, it’s an atmospheric, highly polished point-and-click adventure, closer to a children’s interactive TV show than an actual investigation puzzle game.

It gets slightly interesting during the [spoiler]bomb-defusing segment[/spoiler], but, like everything else in this game, that’s just an exercise in following instructions rather than piecing together clues. Nothing in this game justifies the admission price, don't recommend.","The only thing puzzling about “The Operator” is why it has so many positive reviews. It’s too simple to deserve the “Investigation” or “Detective” tags. At heart, it’s an atmospheric, highly polished point-and-click adventure, closer to a children’s interactive TV show than an actual investigation puzzle game. It gets slightly interesting during the [spoiler]bomb-defusing segment[/spoiler], but, like everything else in this game, that’s just an exercise in following instructions rather than piecing together clues. Nothing in this game justifies the admission price, don't recommend.",False,2025-11-08T02:43:36+00:00,2025-11-08T02:43:36+00:00,282.0,282.0,0.0,0.0,0.0,0.5,True,False,False,False,76561198126205926,,4.0,False,False,588,84,4.7,4.7,3-10h,negative
176111443,1771980,the-operator,The Operator,english,"A pretty good, pretty short mystery game.  Difficulty level is fairly low, though it still manages to make you feel clever by laying off with the hand-holding early on; that's a good design decision that seems rare in this genre.

The story is intriguing and engaging, with solid voice acting, but just when it seems like it's about to get really good, it ends... What seems intended to have been the Big Twist of the entire thing, is something which I had already guessed (spoiler for [i]when[/i] you start seeing info relevant to the big reveal: [spoiler]in the very first case[/spoiler]), and anyone who spends a moment contemplating the overarching story will probably come to the same conclusion, long before the ""big reveal"" and its hammy sound effects.

Still, it was brief and enjoyable.  I don't see too many games in this genre, and this one is slightly above average.  I would look forward to playing a sequel.","A pretty good, pretty short mystery game. Difficulty level is fairly low, though it still manages to make you feel clever by laying off with the hand-holding early on; that's a good design decision that seems rare in this genre. The story is intriguing and engaging, with solid voice acting, but just when it seems like it's about to get really good, it ends... What seems intended to have been the Big Twist of the entire thing, is something which I had already guessed (spoiler for [i]when[/i] you start seeing info relevant to the big reveal: [spoiler]in the very first case[/spoiler]), and anyone who spends a moment contemplating the overarching story will probably come to the same conclusion, long before the ""big reveal"" and its hammy sound effects. Still, it was brief and enjoyable. I don't see too many games in this genre, and this one is slightly above average. I would look forward to playing a sequel.",True,2024-09-30T19:56:02+00:00,2024-09-30T19:58:49+00:00,226.0,226.0,0.0,0.0,0.0,0.5,True,False,False,False,76561197972434564,,81.0,False,False,916,158,3.7666666666666666,3.7666666666666666,3-10h,positive
217341987,1771980,the-operator,The Operator,english,"I enjoyed playing this game, but it doesn't make the most of its concept, I found the hand holding to be a bit much at times. The story is not subtle, even though the way to experience it is enjoyable, it left me wanting more substance. Great proof of concept, not so much of a full game.","I enjoyed playing this game, but it doesn't make the most of its concept, I found the hand holding to be a bit much at times. The story is not subtle, even though the way to experience it is enjoyable, it left me wanting more substance. Great proof of concept, not so much of a full game.",False,2026-02-01T13:24:19+00:00,2026-02-01T13:30:18+00:00,202.0,202.0,0.0,0.0,0.0,0.5,True,False,False,False,76561199591945048,,1.0,False,False,288,57,3.3666666666666667,3.3666666666666667,3-10h,negative
213353891,1771980,the-operator,The Operator,english,"This was a really fun story based game! I'd describe it as the most interactive visual novel I've ever played--You're not doing more than point/clicking through the story and it's never unclear what you're supposed to be looking for/interacting with, so mostly you're experiencing the story as if you were that particular character. The immersion was typically pretty deep, especially if you're playing on your PC as that's what the character is actually doing in the story, so it's very easy to put yourself into their shoes and get taken along for the ride. 

I was pleasantly surprised at how it shifted from you being a pretty backseat part of the investigation to having a very active role. If it feels a little too easy in the beginning but you're intrigued by the story, stick around and enjoy the ride!","This was a really fun story based game! I'd describe it as the most interactive visual novel I've ever played--You're not doing more than point/clicking through the story and it's never unclear what you're supposed to be looking for/interacting with, so mostly you're experiencing the story as if you were that particular character. The immersion was typically pretty deep, especially if you're playing on your PC as that's what the character is actually doing in the story, so it's very easy to put yourself into their shoes and get taken along for the ride. I was pleasantly surprised at how it shifted from you being a pretty backseat part of the investigation to having a very active role. If it feels a little too easy in the beginning but you're intrigued by the story, stick around and enjoy the ride!",True,2025-12-15T14:05:08+00:00,2025-12-15T14:05:08+00:00,206.0,206.0,0.0,0.0,0.0,0.5,True,False,False,False,76561198146248831,,6.0,False,False,808,140,3.433333333333333,3.433333333333333,3-10h,positive
171152350,1771980,the-operator,The Operator,english,"Game takes about 2 hours to complete. It's decent gameplay, the story was very predictable. Biggest reason I can't recommend this, is that this felt like a tutorial to a full game. Pretty disappointed. Zero replay value.","Game takes about 2 hours to complete. It's decent gameplay, the story was very predictable. Biggest reason I can't recommend this, is that this felt like a tutorial to a full game. Pretty disappointed. Zero replay value.",False,2024-07-31T09:34:42+00:00,2024-07-31T09:34:42+00:00,307.0,298.0,0.0,1.0,0.0,0.5061728358268738,True,False,False,False,76561198034913525,,19.0,False,False,220,37,5.116666666666666,4.966666666666667,3-10h,negative
