review_id,steam_app_id,game_key,game_name,language,review_text_raw,review_text_clean,recommended,created_at,updated_at,playtime_forever_minutes,playtime_at_review_minutes,playtime_last_two_weeks_minutes,votes_up,votes_funny,weighted_vote_score,steam_purchase,received_for_free,written_during_early_access,refunded,author_steam_id,author_num_games_owned,author_num_reviews,is_empty,is_very_short,review_length_chars,review_length_words,playtime_forever_hours,playtime_at_review_hours,playtime_segment,overall_sentiment
45212115,490930,need-to-know,Need to Know,english,"[h1]Decide the fate of citizens of the world in this surveillance thriller![/h1]

You start the game by creating your character. Only gripe I have here is that there aren’t many choices as far as looks goes. It’d be nice to have more than one face type for the male and female. After that, you go through a very detailed tutorial that goes through the basics of what it will take to get you through the job you’ll be tasked with.

The game is deals with a story that’s shaped by your choices as you completed various assignments, gather evidence, flex your powers, and gather profiles. You don’t have to snoop either. As you progress through the game, you’ll have various choices that will allow you to take a stand against the very government organization you work for. A regular in-game cyber revolutionary. 

However, doing more for your boss means a higher clearance level and a higher clearance level means unlocking cooler (albeit creepier) powers, once classified information, lots more money and of course, prestige. With a higher salary, you can impress or intimidate your peers with purchases like new homes and more.

The game play is slow, but goes as fast as you want it to. I mean that in the sense that if you’re the type like me that combs through evidence and meticulously pieces together a person's profile, this will be the game for you. The main story clues are littered throughout your missions. So keep your eyes peeled. 

The music fits the narrative and the UI is clean. The developers are constantly listening and are active on the Steam Discussions. So, if there is a bug you come across, post to the Discussions and you can be sure a developer will take your problem into account. The only bug I came across was the weird save bug where my game would not save, but after a few updates, the saves are working.

I backed the game, but it's $14.99 and runs about 8-10 if you’re not rushing through it. You can definitely stretch that time out by investigating and going through the side content of which there’s a good amount of. The developers have said they plan on adding more content after the game’s ending and that you will be able to continue after your end of game save.

I recommend Need to Know: The Mass Surveillance Thriller Game. If you enjoy intrigue, espionage, and tools at your fingertips for finding out people’s secrets, then this game is for you. It’s a slow burn that works your detective skills and you can be either for or against the government. The game still has a few bugs, but the developers are quickly churning out updates and changelogs that address concerns.

[code]If this review/EAR helped you, please give it a thumbs-up. For more reviews like this one follow the [url=http://steamcommunity.com/groups/gamingwithNtK/curation]NeedtoKnow Gaming Curator[/url] page <3[/code]","[h1]Decide the fate of citizens of the world in this surveillance thriller![/h1] You start the game by creating your character. Only gripe I have here is that there aren’t many choices as far as looks goes. It’d be nice to have more than one face type for the male and female. After that, you go through a very detailed tutorial that goes through the basics of what it will take to get you through the job you’ll be tasked with. The game is deals with a story that’s shaped by your choices as you completed various assignments, gather evidence, flex your powers, and gather profiles. You don’t have to snoop either. As you progress through the game, you’ll have various choices that will allow you to take a stand against the very government organization you work for. A regular in-game cyber revolutionary. However, doing more for your boss means a higher clearance level and a higher clearance level means unlocking cooler (albeit creepier) powers, once classified information, lots more money and of course, prestige. With a higher salary, you can impress or intimidate your peers with purchases like new homes and more. The game play is slow, but goes as fast as you want it to. I mean that in the sense that if you’re the type like me that combs through evidence and meticulously pieces together a person's profile, this will be the game for you. The main story clues are littered throughout your missions. So keep your eyes peeled. The music fits the narrative and the UI is clean. The developers are constantly listening and are active on the Steam Discussions. So, if there is a bug you come across, post to the Discussions and you can be sure a developer will take your problem into account. The only bug I came across was the weird save bug where my game would not save, but after a few updates, the saves are working. I backed the game, but it's $14.99 and runs about 8-10 if you’re not rushing through it. You can definitely stretch that time out by investigating and going through the side content of which there’s a good amount of. The developers have said they plan on adding more content after the game’s ending and that you will be able to continue after your end of game save. I recommend Need to Know: The Mass Surveillance Thriller Game. If you enjoy intrigue, espionage, and tools at your fingertips for finding out people’s secrets, then this game is for you. It’s a slow burn that works your detective skills and you can be either for or against the government. The game still has a few bugs, but the developers are quickly churning out updates and changelogs that address concerns. [code]If this review/EAR helped you, please give it a thumbs-up. For more reviews like this one follow the [url=http://steamcommunity.com/groups/gamingwithNtK/curation]NeedtoKnow Gaming Curator[/url] page <3[/code]",True,2018-10-11T02:19:43+00:00,2018-10-11T02:19:43+00:00,86.0,86.0,0.0,6.0,0.0,0.5731573700904846,False,False,False,False,76561198093666838,,42.0,False,False,2820,485,1.4333333333333333,1.4333333333333333,1-3h,positive
44440021,490930,need-to-know,Need to Know,english,"EDIT: I changed from not recommended to recommended. Because the game (tactics) change after reaching clearance level 8. Still the below criticizm is applied, but for a game with this pricetag it doesn't to that bad.

So i was hyped for this game from the start & a early kickstarter funder, but it feels like a disappointment for now.
I specially played this game for a few hours to see if it just has a slow start. But sadly it doesn't only have a slow start.. It keeps slow (might even call it boring). 
Only positive note i have at this moment is, that the story is well written and has some noticable real life scenarios.

Another bad thing (in my opinion) is the time it takes to unlock new ablilities. This only happens when you reach a new/higer clearence level. 
I have more then 4 hours into the game. And i only just unlocked clearance level 8 and therby new abilities. This takes to long in my opinion..

The game has the ""beta"" feel all over itself. Feels cluncky, UI is horrible to work with & windows get blocked constantly. Rules window should be movable at least.
Crashes at weird moments and nothings happening at the same point after restarting the game.

Also the evidence that needs to be collected, can be very conflicting. The rules states that something needs to be collected. But it it isn't directly linked to your suspect but a contact. The game states that you made a wrong choice.

Just as many i was hoping for a ""Papers, Please"" like gameplay and challenge, but than in a intelligence styled jacket.
This game is disappointing on all fonts:
- Gets boring soon, game also needs some kind of speed mode.
- Sometimes very unclear/conflicting what kind of evidence needs to be collected.
- You get new ways to check on people but no new tools to use, but only whit new clearance levels.
- Just point and click/memory playstyle. I miss some sort of typing involved (for example keyboard shortcuts), playing as an analist.
- Some times theres logic in ""linking"" people or suspects together early on. You just/simply can't... This is only possible when the game tells you to.
- (to hide spoilers) You do the same thing anywere.
- Buying stuff.. Ehh, whats the use of this? Whats the use of making money in this game anyway. I don't even have to pay rent.. 
- Weird saving structure. Log out before ""End Session"" aaaand start all over again with the same mission.
- When you ""start over"" a session by quitting the game. The location and names of the suspects is the same every time & also their logs.
- Crashes mid game (had three in less than 4 hours of gameplay).

It's just constantly doing the same thing.. Over and over.
This is the thing with most games and isn't that big of an issue. 

The issue with this game is, that there isn't enough variation in ""what"" to do. 
There is just to little to do to keep it interesting. It's way too late in the game & taking way too long to get there, if you even get there you're interest in this game is most likely already gone.

Still putting all the negative points aside. For their first (major) game, it's actually quite good.
I'm certain they will improve the game and crush some bugs in the oncoming days. So lets see how this plays out!","EDIT: I changed from not recommended to recommended. Because the game (tactics) change after reaching clearance level 8. Still the below criticizm is applied, but for a game with this pricetag it doesn't to that bad. So i was hyped for this game from the start & a early kickstarter funder, but it feels like a disappointment for now. I specially played this game for a few hours to see if it just has a slow start. But sadly it doesn't only have a slow start.. It keeps slow (might even call it boring). Only positive note i have at this moment is, that the story is well written and has some noticable real life scenarios. Another bad thing (in my opinion) is the time it takes to unlock new ablilities. This only happens when you reach a new/higer clearence level. I have more then 4 hours into the game. And i only just unlocked clearance level 8 and therby new abilities. This takes to long in my opinion.. The game has the ""beta"" feel all over itself. Feels cluncky, UI is horrible to work with & windows get blocked constantly. Rules window should be movable at least. Crashes at weird moments and nothings happening at the same point after restarting the game. Also the evidence that needs to be collected, can be very conflicting. The rules states that something needs to be collected. But it it isn't directly linked to your suspect but a contact. The game states that you made a wrong choice. Just as many i was hoping for a ""Papers, Please"" like gameplay and challenge, but than in a intelligence styled jacket. This game is disappointing on all fonts: - Gets boring soon, game also needs some kind of speed mode. - Sometimes very unclear/conflicting what kind of evidence needs to be collected. - You get new ways to check on people but no new tools to use, but only whit new clearance levels. - Just point and click/memory playstyle. I miss some sort of typing involved (for example keyboard shortcuts), playing as an analist. - Some times theres logic in ""linking"" people or suspects together early on. You just/simply can't... This is only possible when the game tells you to. - (to hide spoilers) You do the same thing anywere. - Buying stuff.. Ehh, whats the use of this? Whats the use of making money in this game anyway. I don't even have to pay rent.. - Weird saving structure. Log out before ""End Session"" aaaand start all over again with the same mission. - When you ""start over"" a session by quitting the game. The location and names of the suspects is the same every time & also their logs. - Crashes mid game (had three in less than 4 hours of gameplay). It's just constantly doing the same thing.. Over and over. This is the thing with most games and isn't that big of an issue. The issue with this game is, that there isn't enough variation in ""what"" to do. There is just to little to do to keep it interesting. It's way too late in the game & taking way too long to get there, if you even get there you're interest in this game is most likely already gone. Still putting all the negative points aside. For their first (major) game, it's actually quite good. I'm certain they will improve the game and crush some bugs in the oncoming days. So lets see how this plays out!",True,2018-08-29T09:10:48+00:00,2018-08-29T11:09:06+00:00,1044.0,568.0,0.0,17.0,1.0,0.6113349795341492,False,False,False,False,76561198009328277,,16.0,False,False,3199,587,17.4,9.466666666666667,3-10h,positive
44508426,490930,need-to-know,Need to Know,english,"[h1]What is this game?[/h1]
It is the foremost NSA-watch-the-world-from-an-office simulator you will find as of the time of writing this review, and possibly for a long time.

You play a young man, joining a government agency. The rabbithole goes deep, and you are thrusted into a position of Orwellian surveillance, intrigue and thrill.

Starting at the bottom, you analyze simple things. Metadata, browser history and try to piece together a puzzle that is very clearly Need To Know. Given only slight glimpses of what is truly going on in this world. As you progress, you will advance in rank, getting a higher and higher level of clearance, and quickly find yourself face to face with the choice of whether or not to use your access for the good of the agency, the government, the country. the people or even yourself. 

Utilizing your powers of cyber-espionage to predict and even outright uncover your flings interests and hobbies, getting the IRS to get off your back, finding your sister/brother during an emergency or even getting out of paying your rent.

It very quickly becomes apparent what kind of power it actually is you are trusted with, and you will immediately realize why exactly it is so dangerous if left unchecked.

Don't just take it from me. Take it from the very person who knows this the best when he retweeted the game
[i]""Art imitates life.""
~Edward Snowden[/i]

[h1]Visuals[/h1]
The graphic artstyle of this game is great. It's minimalistic, but still detailed in the way it is done. The whole layout gives a sense of a point-and-click adventure, and for all intents and purposes it is.

Graphically, this game is unique in the way it focuses on the mechanics and uses the art direction to enhance them. You're never distracted by what's on the screen or in your peripheral vision, yet even after many hours (I'm writing this after a 24 hour bender on this game) it never ceases to be interesting or captivating. Artistically, it's very clear it was drawn by somebody who is passionate about the game, and it shows.

[h1]Gameplay & Mechanics[/h1]
The game had a very rough start at launch, with virtually no tutorial. That has been corrected. The team behind this game are very active both on the games own Subreddit, taking into account all the reports being thrown at them and have now rolled out the fourth daily patch in a row. Where else do you see that?

The gameplay itself is good. However, I will be the first to admit that it can be un-intuitive. They have and still are taking steps to improve on this, but the game itself doesn't suffer that heavily under the previous or current issues. It plays like one would very much expect of a game of this type, yet it manages to do [i]so much[/i] with the established fundamentals of the game. Despite having pre-ordered this the moment I saw it almost half a year ago (it has been in development since 2016 and undergone many redesigns), I was honestly afraid that it would end up like most games of this caliber do, where you end up feeling the developers grasping at straws, and the game for its breath as it tries to reskin the same old mechanics and play them off as changes to the gameplay. The gameplay [b]does not change[/b], and thats strangely enough the charm and appeal.

Connect the dots as you chain together events from mere fragments of information such as e-mails, texts, social media, phone calls, browser history, bank account transcripts and decide the fate of the very people you've been spying on from behind your screen. Will you label them a threat for speaking their mind in, what they assumed to be total privacy and confidence, or will you stand up and become a whistleblower and help bring down this omniscient, omnipotent government entity?

You do unlock new abilities progressively as you pass through the ranks of this fictional quasi-NSA government agency, but they do not change the way the game plays, only improve and enhance upon it. All too often do you see games desperately trying to change its own formula throughout the span of the game, and it more often than not ends up sweeping the rug out from under themselves. You won't find that here.

I have never been much for point-and-click games. So much so that I own none except for Orwell and Need to Know. If you have played Orwell, you will without a doubt find yourself enamored with this title.

On a final note, I'll add that there is a story. Getting into it here wouldn't do it justice, and I haven't even completed the game yet. But it will draw you in. Seemingly unrelated events tie together into something larger, and as you scale the ranks of this clandestine government, denying counter-surveillance groups information (or perhaps supplying it yourself), so does the plot thicken and grow.

I would most definitely recommend this game to pretty much anybody who likes a captivating experience.

It is not without flaws, but the developers have rolled out daily fixes since release, and are obviously very passionate about this game. It's not early access, but it isn't a triple-A polished and buffed product, either. But it is getting there.","[h1]What is this game?[/h1] It is the foremost NSA-watch-the-world-from-an-office simulator you will find as of the time of writing this review, and possibly for a long time. You play a young man, joining a government agency. The rabbithole goes deep, and you are thrusted into a position of Orwellian surveillance, intrigue and thrill. Starting at the bottom, you analyze simple things. Metadata, browser history and try to piece together a puzzle that is very clearly Need To Know. Given only slight glimpses of what is truly going on in this world. As you progress, you will advance in rank, getting a higher and higher level of clearance, and quickly find yourself face to face with the choice of whether or not to use your access for the good of the agency, the government, the country. the people or even yourself. Utilizing your powers of cyber-espionage to predict and even outright uncover your flings interests and hobbies, getting the IRS to get off your back, finding your sister/brother during an emergency or even getting out of paying your rent. It very quickly becomes apparent what kind of power it actually is you are trusted with, and you will immediately realize why exactly it is so dangerous if left unchecked. Don't just take it from me. Take it from the very person who knows this the best when he retweeted the game [i]""Art imitates life."" ~Edward Snowden[/i] [h1]Visuals[/h1] The graphic artstyle of this game is great. It's minimalistic, but still detailed in the way it is done. The whole layout gives a sense of a point-and-click adventure, and for all intents and purposes it is. Graphically, this game is unique in the way it focuses on the mechanics and uses the art direction to enhance them. You're never distracted by what's on the screen or in your peripheral vision, yet even after many hours (I'm writing this after a 24 hour bender on this game) it never ceases to be interesting or captivating. Artistically, it's very clear it was drawn by somebody who is passionate about the game, and it shows. [h1]Gameplay & Mechanics[/h1] The game had a very rough start at launch, with virtually no tutorial. That has been corrected. The team behind this game are very active both on the games own Subreddit, taking into account all the reports being thrown at them and have now rolled out the fourth daily patch in a row. Where else do you see that? The gameplay itself is good. However, I will be the first to admit that it can be un-intuitive. They have and still are taking steps to improve on this, but the game itself doesn't suffer that heavily under the previous or current issues. It plays like one would very much expect of a game of this type, yet it manages to do [i]so much[/i] with the established fundamentals of the game. Despite having pre-ordered this the moment I saw it almost half a year ago (it has been in development since 2016 and undergone many redesigns), I was honestly afraid that it would end up like most games of this caliber do, where you end up feeling the developers grasping at straws, and the game for its breath as it tries to reskin the same old mechanics and play them off as changes to the gameplay. The gameplay [b]does not change[/b], and thats strangely enough the charm and appeal. Connect the dots as you chain together events from mere fragments of information such as e-mails, texts, social media, phone calls, browser history, bank account transcripts and decide the fate of the very people you've been spying on from behind your screen. Will you label them a threat for speaking their mind in, what they assumed to be total privacy and confidence, or will you stand up and become a whistleblower and help bring down this omniscient, omnipotent government entity? You do unlock new abilities progressively as you pass through the ranks of this fictional quasi-NSA government agency, but they do not change the way the game plays, only improve and enhance upon it. All too often do you see games desperately trying to change its own formula throughout the span of the game, and it more often than not ends up sweeping the rug out from under themselves. You won't find that here. I have never been much for point-and-click games. So much so that I own none except for Orwell and Need to Know. If you have played Orwell, you will without a doubt find yourself enamored with this title. On a final note, I'll add that there is a story. Getting into it here wouldn't do it justice, and I haven't even completed the game yet. But it will draw you in. Seemingly unrelated events tie together into something larger, and as you scale the ranks of this clandestine government, denying counter-surveillance groups information (or perhaps supplying it yourself), so does the plot thicken and grow. I would most definitely recommend this game to pretty much anybody who likes a captivating experience. It is not without flaws, but the developers have rolled out daily fixes since release, and are obviously very passionate about this game. It's not early access, but it isn't a triple-A polished and buffed product, either. But it is getting there.",True,2018-09-01T13:17:49+00:00,2018-09-01T13:20:07+00:00,2457.0,1965.0,0.0,1.0,0.0,0.5222930312156677,False,False,False,False,76561197990285609,,30.0,False,False,5114,887,40.95,32.75,10h+,positive
44434634,490930,need-to-know,Need to Know,english,"I was really looking forward to this game but thus far I have to say it has been a disappointment.
I have only just started playing it but am already overwhelmed with the bugs and poor interface design issues. 
It gives you simple tasks yet the means to interact with the displays is plagued with problems both in its design and what appear to be bugs.

Just listing out the issues I ran into I can think of:
- Depending on your resolution important parts of the screen will be cut off and unreadable
- Phone rang after my first day and I was simply unable to click the answer button.
- Rules window becomes stuck in the up position covering up all other windows. Had to restart the mission to clear that up.
- Trying to change your tool to another tool causes windows to close that you wanted to use the tool to click on
- Rules window is very often covered up by the window of evidence you are trying to flag making it impossible to read the rules to choose the right one
- Clipboard window often does the same thing covering up things that you wanted to click on.
- No indication on the screen to guide you as to how to actually start your mission. Button to start work is the same button to view your overall status. Extremely confusing and no good feedback as to the current state.
- Clicking on the pyramid helper opens up a series of help tips but the window doesnt pop up making it impossible to scroll or view
- Rules window, when minimized, allows you to scroll but its such a small sliver its pointless. Why not just make this thing either minimized or full sized, why let it function at all in its minimized form other than to click on it and maximize it?

Overall the concept is interesting and I am still hopeful for imporovements. But thus far I am going to wait longer to give it another go.","I was really looking forward to this game but thus far I have to say it has been a disappointment. I have only just started playing it but am already overwhelmed with the bugs and poor interface design issues. It gives you simple tasks yet the means to interact with the displays is plagued with problems both in its design and what appear to be bugs. Just listing out the issues I ran into I can think of: - Depending on your resolution important parts of the screen will be cut off and unreadable - Phone rang after my first day and I was simply unable to click the answer button. - Rules window becomes stuck in the up position covering up all other windows. Had to restart the mission to clear that up. - Trying to change your tool to another tool causes windows to close that you wanted to use the tool to click on - Rules window is very often covered up by the window of evidence you are trying to flag making it impossible to read the rules to choose the right one - Clipboard window often does the same thing covering up things that you wanted to click on. - No indication on the screen to guide you as to how to actually start your mission. Button to start work is the same button to view your overall status. Extremely confusing and no good feedback as to the current state. - Clicking on the pyramid helper opens up a series of help tips but the window doesnt pop up making it impossible to scroll or view - Rules window, when minimized, allows you to scroll but its such a small sliver its pointless. Why not just make this thing either minimized or full sized, why let it function at all in its minimized form other than to click on it and maximize it? Overall the concept is interesting and I am still hopeful for imporovements. But thus far I am going to wait longer to give it another go.",False,2018-08-29T00:38:29+00:00,2018-08-29T00:38:29+00:00,75.0,51.0,0.0,21.0,0.0,0.6619021892547607,False,False,False,False,76561197992566364,,147.0,False,False,1804,344,1.25,0.85,0-1h,negative
44435260,490930,need-to-know,Need to Know,english,"[quote]Edit Saturday, November 3, 2018:
As a Monomyth developer posted below this review, this game has changed a lot since it's release and since I wrote this review. While I do not currently have time to give the game another shot due to classes, keep in mind that the review below is not an accurate reflection of the current version of Need to Know.
[/quote]

So I tried to like this game, I really did, and I was one of the ones who followed the hype from the first trailer release in the Kickstarter campaign. I really looked forward to the Papers, Please -eqsue surveillance game that the trailers advertised. Holding out to release (remember, no pre-orders!), however, revealed some key flaws that the game has.

[h1]Lack of Tutorial[/h1]
The lack of a tutorial is my primary issue with Need to Know. With almost zero instruction given, the player has no clue on how to progress, how to use the different tools provided in-game, and what distinguishes a subject between a ""safe"" individual and a threat. Players are expected to know beforehand what all the tools do and how to use them effectively, and  with the game not arming the players with that knowledge, I and many others were left confused as to what to do almost constantly.

[h1]User Interface[/h1]
The current user interface is extremely similar to the user interface that was advertised throughout the developer cycle. While it seems to be extremely sleek and inviting, don't let its looks fool you. The UI was another primary issue with Need to Know. In practice, the UI was sluggish and huge on-screen, with every single element in each window being blown up unnecessarily. Everything except any back or close indicators, which took minutes to find on several occasions. In the beginning of the game, it even took me about 10 minutes to figure out how to begin the first mission! 

[h1]Final Evidence is not consistent with Evidence Requirements[/h1]
At the beginning of each mission, you are given specific key evidence to look out for while analyzing individuals. Several times, the evidence the game wanted me to find were inconsistent with the requirements it gave me. This meant I often “missed” evidence which was never actually listed as a requirement.

[h1]Inconsistent Results after Missions[/h1]
As part of the story, you need to build up your agency's trust in you by successfully analyzing, identifying key elements a suspect might exhibit, and eventually classifying the subject as safe or a threat. These trust points given, however, were often inconsistent. Successfully classify and identify all pieces of evidence in a mission? Have 15 trust points! Missed one piece of evidence? There goes 30 points!

[h1]Inconsistent Dialogue[/h1]
Have a bad day and lose a lot of trust points? Doesn't matter, your boss will let you know what a great job you did today!

[h1]Bugs and Glitches[/h1]
While many people (such as myself) disregard the bug warnings in games and play them anyway only to still have a positive experience, let me tell you that it is not the case with this game. Throughout playing, I experienced numerous bugs, some of which were game breaking or needed a restart. For example, after losing in the prologue (why is that even possible?) and making a new profile the game glitched out and showed two different points in the story, progressing through them simultaneously, requiring a full restart of the game and clearing out the old profile and creating a new profile. Notifications on your in-game phone often appear and disappear in under a second, not giving you enough time to read what it says. You can’t even change the wallpaper.

[h1]In Conclusion[/h1]
In its current state, I cannot recommend Need to Know. The game has vital problems that it needs to solve, problems so important that it makes you wonder if Monomyth Games even play-tested all the features in-game before the final release, in despite of several beta versions being released to Kickstarter backers in the previous months. The game feels like a rushed beta version, even though the game was delayed by a month. Should Monomyth Games fix these key issues, I would gladly re-purchase the game for another shot at Need to Know.","[quote]Edit Saturday, November 3, 2018: As a Monomyth developer posted below this review, this game has changed a lot since it's release and since I wrote this review. While I do not currently have time to give the game another shot due to classes, keep in mind that the review below is not an accurate reflection of the current version of Need to Know. [/quote] So I tried to like this game, I really did, and I was one of the ones who followed the hype from the first trailer release in the Kickstarter campaign. I really looked forward to the Papers, Please -eqsue surveillance game that the trailers advertised. Holding out to release (remember, no pre-orders!), however, revealed some key flaws that the game has. [h1]Lack of Tutorial[/h1] The lack of a tutorial is my primary issue with Need to Know. With almost zero instruction given, the player has no clue on how to progress, how to use the different tools provided in-game, and what distinguishes a subject between a ""safe"" individual and a threat. Players are expected to know beforehand what all the tools do and how to use them effectively, and with the game not arming the players with that knowledge, I and many others were left confused as to what to do almost constantly. [h1]User Interface[/h1] The current user interface is extremely similar to the user interface that was advertised throughout the developer cycle. While it seems to be extremely sleek and inviting, don't let its looks fool you. The UI was another primary issue with Need to Know. In practice, the UI was sluggish and huge on-screen, with every single element in each window being blown up unnecessarily. Everything except any back or close indicators, which took minutes to find on several occasions. In the beginning of the game, it even took me about 10 minutes to figure out how to begin the first mission! [h1]Final Evidence is not consistent with Evidence Requirements[/h1] At the beginning of each mission, you are given specific key evidence to look out for while analyzing individuals. Several times, the evidence the game wanted me to find were inconsistent with the requirements it gave me. This meant I often “missed” evidence which was never actually listed as a requirement. [h1]Inconsistent Results after Missions[/h1] As part of the story, you need to build up your agency's trust in you by successfully analyzing, identifying key elements a suspect might exhibit, and eventually classifying the subject as safe or a threat. These trust points given, however, were often inconsistent. Successfully classify and identify all pieces of evidence in a mission? Have 15 trust points! Missed one piece of evidence? There goes 30 points! [h1]Inconsistent Dialogue[/h1] Have a bad day and lose a lot of trust points? Doesn't matter, your boss will let you know what a great job you did today! [h1]Bugs and Glitches[/h1] While many people (such as myself) disregard the bug warnings in games and play them anyway only to still have a positive experience, let me tell you that it is not the case with this game. Throughout playing, I experienced numerous bugs, some of which were game breaking or needed a restart. For example, after losing in the prologue (why is that even possible?) and making a new profile the game glitched out and showed two different points in the story, progressing through them simultaneously, requiring a full restart of the game and clearing out the old profile and creating a new profile. Notifications on your in-game phone often appear and disappear in under a second, not giving you enough time to read what it says. You can’t even change the wallpaper. [h1]In Conclusion[/h1] In its current state, I cannot recommend Need to Know. The game has vital problems that it needs to solve, problems so important that it makes you wonder if Monomyth Games even play-tested all the features in-game before the final release, in despite of several beta versions being released to Kickstarter backers in the previous months. The game feels like a rushed beta version, even though the game was delayed by a month. Should Monomyth Games fix these key issues, I would gladly re-purchase the game for another shot at Need to Know.",False,2018-08-29T01:36:53+00:00,2018-11-03T20:19:39+00:00,114.0,114.0,0.0,67.0,0.0,0.7581765055656433,True,False,False,True,76561198045516664,,4.0,False,False,4192,708,1.9,1.9,1-3h,negative
44436665,490930,need-to-know,Need to Know,english,"I really wanted to like this game.  I love the premise, I love the feeling of detective work and secret-selling, and the narrative for me was more interesting and less stressful than Papers Please, which is easily the game it most resembles.

Unfortunately, the game is buggy, and on top of that, the process of identifying evidence or tying pieces together is so painfully unintuitive that it kills the enjoyment.  On top of that, the pace is absolutely glacial.  Assuming the idea is that you are working your way up from a rookie at the alternate universe NSA to ultimate shadow broker, I expected to be quite a bit further than 3 levels in at the six hour mark.   How much of that time was eaten up by really pointless missions that don't seem to tie into the narrative or plot?   Quite a bit.

And then there's the penalty for failure.  Woe unto the one that misunderstands the instructions for how to handle your pieces of evidence.   If you don't figure it out, you can lose a metric crap-ton of ""compliance"", which is the game's meter for how well you're doing.   I went from 97% compliance to 33% in a single mission.  It doesn't really give you much partial credit - if you recognize something is off about a person, but you don't mark it exactly correctly, it's nearly as bad as missing the clue entirely.   

I think that's what's really broken about this game at the end.  The part where you know in your gut when someone is clearly a problem or dangerous, but the game doesn't seem to recognize your efforts and punishes you for trying.   Having worked in government, I can say that's accurate in terms of simulating the job experience, but it's not fun.   Not at all.","I really wanted to like this game. I love the premise, I love the feeling of detective work and secret-selling, and the narrative for me was more interesting and less stressful than Papers Please, which is easily the game it most resembles. Unfortunately, the game is buggy, and on top of that, the process of identifying evidence or tying pieces together is so painfully unintuitive that it kills the enjoyment. On top of that, the pace is absolutely glacial. Assuming the idea is that you are working your way up from a rookie at the alternate universe NSA to ultimate shadow broker, I expected to be quite a bit further than 3 levels in at the six hour mark. How much of that time was eaten up by really pointless missions that don't seem to tie into the narrative or plot? Quite a bit. And then there's the penalty for failure. Woe unto the one that misunderstands the instructions for how to handle your pieces of evidence. If you don't figure it out, you can lose a metric crap-ton of ""compliance"", which is the game's meter for how well you're doing. I went from 97% compliance to 33% in a single mission. It doesn't really give you much partial credit - if you recognize something is off about a person, but you don't mark it exactly correctly, it's nearly as bad as missing the clue entirely. I think that's what's really broken about this game at the end. The part where you know in your gut when someone is clearly a problem or dangerous, but the game doesn't seem to recognize your efforts and punishes you for trying. Having worked in government, I can say that's accurate in terms of simulating the job experience, but it's not fun. Not at all.",False,2018-08-29T03:47:16+00:00,2018-08-29T03:47:16+00:00,485.0,485.0,0.0,4.0,0.0,0.5083538889884949,False,False,False,False,76561197998743026,,16.0,False,False,1658,301,8.083333333333334,8.083333333333334,3-10h,negative
47260964,490930,need-to-know,Need to Know,english,"I like the premise and gameplay of this game, but so far - after 16 hours - the story advancement has been miniscule. And judging by the progress in ""clearance levels"" I'm in like half of the game. And it's pretty unrewarding and just really, really long. The core gameplay loop is pretty nice when you get different mission types or advancements in the story, but when you spread it over so many hours it becomes boring anyway.

I also believe there is an issue with difficulty, since there's no option to change it, and for the first like 4 or more clearance levels it is ridiculously easy (with one very hard mission thrown in every once in a while). But there's really no punishment for failure in story sense - you can absolutely botch an ""investigation"" (when you are for example looking for a suspect in waves and accidentally mark them as non-suspect in the first wave) and still succeed. Which makes sense from gameplay sense, but it's pretty immersion breaking, especially when you are still awarded with catching the criminal and such.

And coming from there - a lot of stuff in the game feels very forced. Like your ""romance"" / ""date"" or whatever just eventually appears in your apartment with no option to reject them. Sometimes you are presented with ""options"", but when you choose certain dialogues the game just ends (sometimes as if you almost won, and sometimes you just end up in jail and such) but in the end you always have to go back and choose the options the game wants you to.

And speaking of ""going back"" - there are no save slots; The game saves randomly and you can't go back. If you fuck something up because there was no tutorial or the description was misleading or you didn't get the gist of what you are looking for - tough luck, the game punishes you for that and you have to keep going forward. This issue is especially apparent with some mission types or evidence gathering that's poorly explained. One time I got everything wrong for misreading what the game wanted me to do (matching years of consecutive growth when something happens vs. matching just the last year of consecutive growth *with the thing that happened*). And there is more where that comes from.

I also encountered some minor visual bugs and UI annoyances. One of the bigger one is that ""helpers"" (people who you don't use your powers on and only help match evidence and such) are marked the same color on the map as the suspects. Well, some times. From the tutorial I think they are meant to be teal, but they're white like everyone else... Unless they are red for some reason, but only every once in a while (even in a single mission) before they are white again.

All in all I'm pretty conflicted in whether to recommend this game - [b]if you really like the core gameplay loop (go watch some videos) then sure, go for it[/b]. The annoyances are minor enough to really affect that too much. But [b]if you are like me, spending 16 hours to get into what is presumably half of the game with very repetitive gameplay and just tiny bits of story... You are better spending your time elsewhere[/b]. Just for comparison: I finished the whole playthrough of Prey 2017 in like 22 hours, and by the time I was at hour 16 I had discovered almost all of the story, everything about the station and Typhon, etc.","I like the premise and gameplay of this game, but so far - after 16 hours - the story advancement has been miniscule. And judging by the progress in ""clearance levels"" I'm in like half of the game. And it's pretty unrewarding and just really, really long. The core gameplay loop is pretty nice when you get different mission types or advancements in the story, but when you spread it over so many hours it becomes boring anyway. I also believe there is an issue with difficulty, since there's no option to change it, and for the first like 4 or more clearance levels it is ridiculously easy (with one very hard mission thrown in every once in a while). But there's really no punishment for failure in story sense - you can absolutely botch an ""investigation"" (when you are for example looking for a suspect in waves and accidentally mark them as non-suspect in the first wave) and still succeed. Which makes sense from gameplay sense, but it's pretty immersion breaking, especially when you are still awarded with catching the criminal and such. And coming from there - a lot of stuff in the game feels very forced. Like your ""romance"" / ""date"" or whatever just eventually appears in your apartment with no option to reject them. Sometimes you are presented with ""options"", but when you choose certain dialogues the game just ends (sometimes as if you almost won, and sometimes you just end up in jail and such) but in the end you always have to go back and choose the options the game wants you to. And speaking of ""going back"" - there are no save slots; The game saves randomly and you can't go back. If you fuck something up because there was no tutorial or the description was misleading or you didn't get the gist of what you are looking for - tough luck, the game punishes you for that and you have to keep going forward. This issue is especially apparent with some mission types or evidence gathering that's poorly explained. One time I got everything wrong for misreading what the game wanted me to do (matching years of consecutive growth when something happens vs. matching just the last year of consecutive growth *with the thing that happened*). And there is more where that comes from. I also encountered some minor visual bugs and UI annoyances. One of the bigger one is that ""helpers"" (people who you don't use your powers on and only help match evidence and such) are marked the same color on the map as the suspects. Well, some times. From the tutorial I think they are meant to be teal, but they're white like everyone else... Unless they are red for some reason, but only every once in a while (even in a single mission) before they are white again. All in all I'm pretty conflicted in whether to recommend this game - [b]if you really like the core gameplay loop (go watch some videos) then sure, go for it[/b]. The annoyances are minor enough to really affect that too much. But [b]if you are like me, spending 16 hours to get into what is presumably half of the game with very repetitive gameplay and just tiny bits of story... You are better spending your time elsewhere[/b]. Just for comparison: I finished the whole playthrough of Prey 2017 in like 22 hours, and by the time I was at hour 16 I had discovered almost all of the story, everything about the station and Typhon, etc.",False,2018-12-02T17:26:32+00:00,2018-12-02T17:26:32+00:00,1352.0,1352.0,0.0,11.0,1.0,0.5850063562393188,False,False,False,False,76561198012718839,,54.0,False,False,3304,596,22.533333333333335,22.533333333333335,10h+,negative
44664824,490930,need-to-know,Need to Know,english,"Very much enjoying this game so far! Great scripting, interesting storyline, unique cartoonish style that matches the theme of the game! I have become quite engrossed with the characters and their interactions. There has been a lot of thought gone into making these characters seem realistic and this game has already touched on some unsettling aspects related to mass surveilance within the first hour of gameplay.

The game has been easy to play and I didn't fail the interview (think of Men in Black alien test)! Not sure if this is because the devs fixed the tutorial thing, but I have had no problems so far - it has all seemed pretty straight-forward to me! 

The missions have been quite fun. I'm still at clearance level 10, but I can see how this will get harder. So far I have encountered one bug, but I signed out then in again and it was fine. Obviously as more updates come through this will be less frequent, but once I was into the third mission I had already forgotten!

I think the UI is supposed to represent a work-desk and I quite like the style. I'm playing on a big screen and I know where I need to focus becuase it's pretty clear when the phone is to be used, and when other various controls are to be used. If I'm in doubt, all I've needed to do is click or hover and discover different aspects to the controls. I appreciated the artistic license used in screen composition when the dialogue is going on.

So far I have gotten a little bit impatient with Peepr, i.e. when I had to sign back in, but you can click and the dialogue goes faster. Added functionality with the skip option would be nice but so far this has been minor for me.

I did not follow the kickstarter campaign but a friend recommended it to me because I often like a game with a story to tell - and Need To Know hasn't disappointed me thus far! I'll update this review as I play more.","Very much enjoying this game so far! Great scripting, interesting storyline, unique cartoonish style that matches the theme of the game! I have become quite engrossed with the characters and their interactions. There has been a lot of thought gone into making these characters seem realistic and this game has already touched on some unsettling aspects related to mass surveilance within the first hour of gameplay. The game has been easy to play and I didn't fail the interview (think of Men in Black alien test)! Not sure if this is because the devs fixed the tutorial thing, but I have had no problems so far - it has all seemed pretty straight-forward to me! The missions have been quite fun. I'm still at clearance level 10, but I can see how this will get harder. So far I have encountered one bug, but I signed out then in again and it was fine. Obviously as more updates come through this will be less frequent, but once I was into the third mission I had already forgotten! I think the UI is supposed to represent a work-desk and I quite like the style. I'm playing on a big screen and I know where I need to focus becuase it's pretty clear when the phone is to be used, and when other various controls are to be used. If I'm in doubt, all I've needed to do is click or hover and discover different aspects to the controls. I appreciated the artistic license used in screen composition when the dialogue is going on. So far I have gotten a little bit impatient with Peepr, i.e. when I had to sign back in, but you can click and the dialogue goes faster. Added functionality with the skip option would be nice but so far this has been minor for me. I did not follow the kickstarter campaign but a friend recommended it to me because I often like a game with a story to tell - and Need To Know hasn't disappointed me thus far! I'll update this review as I play more.",True,2018-09-10T08:16:00+00:00,2018-09-10T08:16:00+00:00,69.0,69.0,0.0,0.0,0.0,0.5,True,False,False,False,76561198858241366,,1.0,False,False,1873,351,1.15,1.15,1-3h,positive
50261602,490930,need-to-know,Need to Know,english,"Been a backer since...Feb 2016.  It is very nice to see the end product, however long it took.  I liked it so far, and from other reviews, I am looking forward to the play time I will get since it is my type of game.  

Pros:
Unique puzzle type game
Engaging text based storyline (I'm looking at you, uncle)
Enough tutorial to get you started.

Cons:
Fair amount of bugs needed to be fixed
Log in animation seems pointless other than extending the transition.
Layout could use a little TLC.  Screen real estate takes a hit when you have the ""prerequisites"" list open and you're trying to look at the data.
NPC seems very linear, would have been nice to play with the morality of it all.  The person I am expecting to go against doesn't have to be rude to me, although what I am expecting now might be a different outcome.


Overall, a really cool game for the price.  A good bit of superficial bugs for something officially released since Oct 2018.  I am very happy to have backed it 3 years ago.  
","Been a backer since...Feb 2016. It is very nice to see the end product, however long it took. I liked it so far, and from other reviews, I am looking forward to the play time I will get since it is my type of game. Pros: Unique puzzle type game Engaging text based storyline (I'm looking at you, uncle) Enough tutorial to get you started. Cons: Fair amount of bugs needed to be fixed Log in animation seems pointless other than extending the transition. Layout could use a little TLC. Screen real estate takes a hit when you have the ""prerequisites"" list open and you're trying to look at the data. NPC seems very linear, would have been nice to play with the morality of it all. The person I am expecting to go against doesn't have to be rude to me, although what I am expecting now might be a different outcome. Overall, a really cool game for the price. A good bit of superficial bugs for something officially released since Oct 2018. I am very happy to have backed it 3 years ago.",True,2019-04-22T03:34:54+00:00,2019-04-22T03:34:54+00:00,309.0,199.0,0.0,1.0,0.0,0.5070422291755676,False,False,False,False,76561198074267866,,7.0,False,False,984,185,5.15,3.316666666666667,3-10h,positive
44645722,490930,need-to-know,Need to Know,english,"I feel the need to review this now of all times, during the stream of update. Need To Know is fantastic, but it had glaring flaws at launch. I don't believe that this is cause for negative reviews, especially since so many people tend to make a review, and never change it. So here we are.

The game itself is great. Fantastic story, interesting gameplay in the realm of Papers Please/Orwell (Wow bet you've never heard that one before), and compelling decisions, such as the option to weasel your way out of major financial pits by looking at the person who you'd be paying's profile. 

But it was a bit...unclear at first. I spent a lot of time figuring out how to work certain features, as when I first started playing, there had been no updates. No updates, no bug reports, nothing. I was on a 5 hour plane ride, which turned out to be the best time to learn, because I had the time and patience to do it. Once I hit ground, there was already a post about the upcoming stream of updates, bug reports, and immediate fixes and additions to the game to help with clarity.

As of posting this, there have been about 9 updates the help with clarity and bugs. Some may see this as a lack of playtesting. I see it as the devs being incredible accomodating and helpful. You can test a game for months, and still come out with bugs and issues that you didn't foresee because your testers just weren't indicative of EVERYONE playing the game. It happens. And these guys were prepared to handle any complaints. 

From the time I put the game down because of how I was stuck on the first Evidence Wave mission, to the time I picked it back up a day and a half later, major steps were taken to make even that mission in particular less brutally confusing. It's a walk in the park now, and a great introduction to the level style. 

All in all, this is more of a positive review of the devs than a positive review of the game. Because the game is phenomenal, and will continute to get better. The devs just happen to be...well, better than most that I've had to deal with.","I feel the need to review this now of all times, during the stream of update. Need To Know is fantastic, but it had glaring flaws at launch. I don't believe that this is cause for negative reviews, especially since so many people tend to make a review, and never change it. So here we are. The game itself is great. Fantastic story, interesting gameplay in the realm of Papers Please/Orwell (Wow bet you've never heard that one before), and compelling decisions, such as the option to weasel your way out of major financial pits by looking at the person who you'd be paying's profile. But it was a bit...unclear at first. I spent a lot of time figuring out how to work certain features, as when I first started playing, there had been no updates. No updates, no bug reports, nothing. I was on a 5 hour plane ride, which turned out to be the best time to learn, because I had the time and patience to do it. Once I hit ground, there was already a post about the upcoming stream of updates, bug reports, and immediate fixes and additions to the game to help with clarity. As of posting this, there have been about 9 updates the help with clarity and bugs. Some may see this as a lack of playtesting. I see it as the devs being incredible accomodating and helpful. You can test a game for months, and still come out with bugs and issues that you didn't foresee because your testers just weren't indicative of EVERYONE playing the game. It happens. And these guys were prepared to handle any complaints. From the time I put the game down because of how I was stuck on the first Evidence Wave mission, to the time I picked it back up a day and a half later, major steps were taken to make even that mission in particular less brutally confusing. It's a walk in the park now, and a great introduction to the level style. All in all, this is more of a positive review of the devs than a positive review of the game. Because the game is phenomenal, and will continute to get better. The devs just happen to be...well, better than most that I've had to deal with.",True,2018-09-09T05:51:11+00:00,2018-09-09T05:51:11+00:00,2361.0,636.0,0.0,6.0,0.0,0.5094991326332092,False,False,False,False,76561198069190746,,15.0,False,False,2054,385,39.35,10.6,10h+,positive
61595452,490930,need-to-know,Need to Know,english,"[list]
[*] Very confusing UI. Confusing to the point that you do not know if you are actually playing the game.
[*] Sometimes the game freeze... and you're not sure if you're supposed to press soemthing, or read something.
[*] The tuturial continues wether or not you understand it. The text meant to help and explain to you just flutter away, never to be seen again.
[*] You are on a constant countdown. Including the tutorial. If there's something about the game you do not understand, including the basics, you better learn it quick.
[*] The story during the tutorial phase is so slow and boring that it brings down the whole game. It would have been better omit it completly until you know enough about the game's mechanics.
[*] Characther creation, as it legally can be described, includes 2 characters; a male person and a female person (with two skin colours and a couple of hair colours)
[/list]

Good and interesting idea. Decent graphics. Poor execution.","[list] [*] Very confusing UI. Confusing to the point that you do not know if you are actually playing the game. [*] Sometimes the game freeze... and you're not sure if you're supposed to press soemthing, or read something. [*] The tuturial continues wether or not you understand it. The text meant to help and explain to you just flutter away, never to be seen again. [*] You are on a constant countdown. Including the tutorial. If there's something about the game you do not understand, including the basics, you better learn it quick. [*] The story during the tutorial phase is so slow and boring that it brings down the whole game. It would have been better omit it completly until you know enough about the game's mechanics. [*] Characther creation, as it legally can be described, includes 2 characters; a male person and a female person (with two skin colours and a couple of hair colours) [/list] Good and interesting idea. Decent graphics. Poor execution.",False,2020-01-09T22:42:40+00:00,2020-09-14T16:48:01+00:00,37.0,37.0,0.0,1.0,0.0,0.4757281541824341,True,False,False,False,76561197991557048,,11.0,False,False,963,167,0.6166666666666667,0.6166666666666667,0-1h,negative
44432101,490930,need-to-know,Need to Know,english,"Ok, so I've been waiting for this game for so long. First, I was extremely hyped up. After playing demo for some time my enthusiasm went down a bit, mainly because of lack of real, engaging gameplay, very clunky interface and lack of clarity in every screen in the game. Still, game looked beautiful with it's cartoon style and many cool symbols, graphics, and so. And now finally it's out. While I still think that this kind of a game has great potential (UPLINK, anyone?), unfortunately Need to Know is very hard to enjoy, despite it's visual charm. 

First, there are so many small, but annoying things, like unresponsivness or lack of skip button during certain screens. There's a lot of it in this game, and I wonder why those things weren't eliminated during long developement time. 

Second, despite the fact that the game looks great, the whole interface is a confusing mess. It is so hard to figure out what you are supposed to do, there are so many buttons and aditional cards around and no tutorial. It is so confusing, since so much is just randomly generated and serves just as an extra, cause...

Third. The gameplay. It is actually a memory clicking game (Think of it as a very flawed ""Papers Please""). Granted, I played for an hour or two, but it gets repetitive already, and it doesn't feel real at all. There is no real suspense, just randomly generated trivia facts and phrases you have to find as fast as you can. It's no fun, at least for me. No excitement, no immersion. 

I'm sure the game gets more complex after a while: there is shop app in your phone and some stuff to buy, there are new ""powers"" that you unlock while advancing in the ranks of the agency, but everything feels undeveloped, almost like a free mobile game. And that's a shame, cause the visual style is (again) amazing, and the story is at least ok. So, maybe in Need To Know 2? 

Pros:
- Cool visual style
- Exciting topic 
- Modernately interesting story 

Cons:
- TERRIBLE interface
- Repetitive and almost non-existent gameplay
- Really annoying mechanics choices (No skip button? C'mon...)

Eventually, it's a no, unless you are willing to play repetitive memo / visual novel game and are patient enough to constantly fight with the interface.","Ok, so I've been waiting for this game for so long. First, I was extremely hyped up. After playing demo for some time my enthusiasm went down a bit, mainly because of lack of real, engaging gameplay, very clunky interface and lack of clarity in every screen in the game. Still, game looked beautiful with it's cartoon style and many cool symbols, graphics, and so. And now finally it's out. While I still think that this kind of a game has great potential (UPLINK, anyone?), unfortunately Need to Know is very hard to enjoy, despite it's visual charm. First, there are so many small, but annoying things, like unresponsivness or lack of skip button during certain screens. There's a lot of it in this game, and I wonder why those things weren't eliminated during long developement time. Second, despite the fact that the game looks great, the whole interface is a confusing mess. It is so hard to figure out what you are supposed to do, there are so many buttons and aditional cards around and no tutorial. It is so confusing, since so much is just randomly generated and serves just as an extra, cause... Third. The gameplay. It is actually a memory clicking game (Think of it as a very flawed ""Papers Please""). Granted, I played for an hour or two, but it gets repetitive already, and it doesn't feel real at all. There is no real suspense, just randomly generated trivia facts and phrases you have to find as fast as you can. It's no fun, at least for me. No excitement, no immersion. I'm sure the game gets more complex after a while: there is shop app in your phone and some stuff to buy, there are new ""powers"" that you unlock while advancing in the ranks of the agency, but everything feels undeveloped, almost like a free mobile game. And that's a shame, cause the visual style is (again) amazing, and the story is at least ok. So, maybe in Need To Know 2? Pros: - Cool visual style - Exciting topic - Modernately interesting story Cons: - TERRIBLE interface - Repetitive and almost non-existent gameplay - Really annoying mechanics choices (No skip button? C'mon...) Eventually, it's a no, unless you are willing to play repetitive memo / visual novel game and are patient enough to constantly fight with the interface.",False,2018-08-28T20:57:33+00:00,2018-08-28T20:57:33+00:00,69.0,69.0,0.0,34.0,0.0,0.6800839304924011,False,False,False,False,76561198156488708,,4.0,False,False,2228,396,1.15,1.15,1-3h,negative
44434214,490930,need-to-know,Need to Know,english,"I backed this on Kickstarter, I played the demo and the Kickstarter beta. Both of which were nice examples of the software that worked fairly nice but were obviously just beta software.

The main issue with this game as it stands is it is still that - beta. It's as if absolutely no QA was done to the game before release. No matter how much I dislike ""early access"" or beta title on Steam, I find it surprising Monomyth didn't go this route or at least run a short closed beta to get input from users on functionality and bugs.

As it stands the current version is pretty much just the beta with more content and more bugs. The game is riddled with tiny bugs and typos that would have been found by a normal group of testers. It's also riddled with usability issues.

[list]
[*] The lack of a clear tutorial is confusing - and piecing together how you're supposed to go about things using peepr is a PITA.
[*] The UI is stale and unintuitive. Very few of the buttons in the UI you need to press are actually animated - with no indication you've moused over them or that they are a button.
[*] Another UI issue - no skip buttons? No way to skip over cutscenes.
[*] Lack of customization - why even offer a screen to customize your character when you've got 3 combinations?
[/list]

Overall with those usability issues and the current bugs, I'm going to have to say I can't recommend this. Follow the project, see if they fix things up in a timely manner - but if you didn't already buy it years ago - you're probably better off waiting to see if you can get a better experience.","I backed this on Kickstarter, I played the demo and the Kickstarter beta. Both of which were nice examples of the software that worked fairly nice but were obviously just beta software. The main issue with this game as it stands is it is still that - beta. It's as if absolutely no QA was done to the game before release. No matter how much I dislike ""early access"" or beta title on Steam, I find it surprising Monomyth didn't go this route or at least run a short closed beta to get input from users on functionality and bugs. As it stands the current version is pretty much just the beta with more content and more bugs. The game is riddled with tiny bugs and typos that would have been found by a normal group of testers. It's also riddled with usability issues. [list] [*] The lack of a clear tutorial is confusing - and piecing together how you're supposed to go about things using peepr is a PITA. [*] The UI is stale and unintuitive. Very few of the buttons in the UI you need to press are actually animated - with no indication you've moused over them or that they are a button. [*] Another UI issue - no skip buttons? No way to skip over cutscenes. [*] Lack of customization - why even offer a screen to customize your character when you've got 3 combinations? [/list] Overall with those usability issues and the current bugs, I'm going to have to say I can't recommend this. Follow the project, see if they fix things up in a timely manner - but if you didn't already buy it years ago - you're probably better off waiting to see if you can get a better experience.",False,2018-08-28T23:59:38+00:00,2018-08-28T23:59:38+00:00,752.0,532.0,0.0,6.0,0.0,0.524224042892456,False,False,False,False,76561198038495684,,19.0,False,False,1574,297,12.533333333333333,8.866666666666667,3-10h,negative
62919635,490930,need-to-know,Need to Know,english,"Honestly, a very fun game. I cared about the characters, and the story had me hooked instantly. I personally think it's too pricey for what you get. There are a few minor glitches that will require you to quit and re-enter the game, and they happened enough for it to be a minor annoyance, but only a minor annoyance. The game lacks polish and despite the game making it seem like your choices will matter, they don't. I wouldn't recommend purchasing this game unless it was on sale, in all honesty. I had fun, but not enough fun to justify a $15 price tag. But seriously, if you find this game on sale, buy it.

2021 Revision: The game was updated about a year ago, and it seems to have fixed a myriad of bugs, but I still don't think this game's price is justifiable.
2021 Revision 2: The bugs are definitely gone, but again, price is too high. But definitely give this a shot if you get it on sale.
--Pros--
*Excellent story
*Nice music (2021 Revision: The music is absolutely frickin' banging. Love it.
*Good UI
*Glitches are usually minor (little to no glitches as of 2021)
---Cons---
*Low replayability value
*Gameplay is fun but repetitive (2021 Revision: It could be seen as repetitive, but it's not an issue for me.)
*Price tag is too high for what you get (2021 Revision: This is the main contributing factor towards me not recommending the game. $14.99 is just too high. A $9.99 to $11.99 price range would be great.)
*Slightly frequent but minor glitches (No longer an issue as of 2021)
*Some glitches require rebooting the game (No longer an issue as of 2021)
*Lacks polish (No longer an issue as of 2021)
*Confusing at times","Honestly, a very fun game. I cared about the characters, and the story had me hooked instantly. I personally think it's too pricey for what you get. There are a few minor glitches that will require you to quit and re-enter the game, and they happened enough for it to be a minor annoyance, but only a minor annoyance. The game lacks polish and despite the game making it seem like your choices will matter, they don't. I wouldn't recommend purchasing this game unless it was on sale, in all honesty. I had fun, but not enough fun to justify a $15 price tag. But seriously, if you find this game on sale, buy it. 2021 Revision: The game was updated about a year ago, and it seems to have fixed a myriad of bugs, but I still don't think this game's price is justifiable. 2021 Revision 2: The bugs are definitely gone, but again, price is too high. But definitely give this a shot if you get it on sale. --Pros-- *Excellent story *Nice music (2021 Revision: The music is absolutely frickin' banging. Love it. *Good UI *Glitches are usually minor (little to no glitches as of 2021) ---Cons--- *Low replayability value *Gameplay is fun but repetitive (2021 Revision: It could be seen as repetitive, but it's not an issue for me.) *Price tag is too high for what you get (2021 Revision: This is the main contributing factor towards me not recommending the game. $14.99 is just too high. A $9.99 to $11.99 price range would be great.) *Slightly frequent but minor glitches (No longer an issue as of 2021) *Some glitches require rebooting the game (No longer an issue as of 2021) *Lacks polish (No longer an issue as of 2021) *Confusing at times",False,2020-02-03T16:20:15+00:00,2021-05-26T00:07:22+00:00,5881.0,1075.0,0.0,1.0,0.0,0.5220588445663452,True,False,False,False,76561198969474224,,84.0,False,False,1637,297,98.01666666666667,17.916666666666668,10h+,negative
70071852,490930,need-to-know,Need to Know,english,"I got this game because I really loved Orwell and found it to be a thought provoking and thrilling story experience. This game, although comparable in premise, is definitely unique in its gameplay and purpose--you get prompted to ""participate"" (I say this loosely because your dialogue options are limited) in text/phone conversations as well as chats with your coworkers, and you can do ""off the record"" work from home. Like Papers, Please, more surveillance options open up as you play and there is an underlying plot. But I do have some issues with the mechanics of the game; as I mentioned before, dialogue options are very limited, and you're required to pursue certain paths in the story (you can't chose *not* to work for specific groups. You have to take all opportunities or you get a game over, which is kind of annoying). There's also some bugs and small annoying ""Features""... The instructions/tutorials/exposition text all automatically progress (no ""click to continue"") so you can easily miss out on instructions or text. Sometimes the tutorial messages will get stuck and stop proceeding even though you've done what they've asked. Then it won't continue until you've gone ahead and figured out the tutorial section on your own. The game could use some more polish, but isn't unplayable and is fun enough.","I got this game because I really loved Orwell and found it to be a thought provoking and thrilling story experience. This game, although comparable in premise, is definitely unique in its gameplay and purpose--you get prompted to ""participate"" (I say this loosely because your dialogue options are limited) in text/phone conversations as well as chats with your coworkers, and you can do ""off the record"" work from home. Like Papers, Please, more surveillance options open up as you play and there is an underlying plot. But I do have some issues with the mechanics of the game; as I mentioned before, dialogue options are very limited, and you're required to pursue certain paths in the story (you can't chose *not* to work for specific groups. You have to take all opportunities or you get a game over, which is kind of annoying). There's also some bugs and small annoying ""Features""... The instructions/tutorials/exposition text all automatically progress (no ""click to continue"") so you can easily miss out on instructions or text. Sometimes the tutorial messages will get stuck and stop proceeding even though you've done what they've asked. Then it won't continue until you've gone ahead and figured out the tutorial section on your own. The game could use some more polish, but isn't unplayable and is fun enough.",True,2020-05-31T01:22:56+00:00,2020-05-31T01:22:56+00:00,527.0,126.0,0.0,3.0,0.0,0.548872172832489,True,False,False,False,76561198058947105,,35.0,False,False,1320,219,8.783333333333333,2.1,1-3h,positive
44452368,490930,need-to-know,Need to Know,english,"There's a very good game here, somewhat hidden under a clunky UI. Once you get past some of the unclear instructions, the gameplay is straightforward and can be very enjoyable. You just have to work out the logic behind some of the decisions you're required to make, and that can take one or two do-overs.

I've waited for this game for two years, as have many other people, and I'm choosing to give the devs the benefit of the doubt. Clearly this game is a labour of love and with some tweaks could become a whole lot of fun.

UPDATE 1.02: Just as an addition, the post-launch work that the devs have put in shows that they *are* listening to the community. They are not just fixing bugs but also taking the advice of players to make improvements to gameplay and the UI. This is really good to see.","There's a very good game here, somewhat hidden under a clunky UI. Once you get past some of the unclear instructions, the gameplay is straightforward and can be very enjoyable. You just have to work out the logic behind some of the decisions you're required to make, and that can take one or two do-overs. I've waited for this game for two years, as have many other people, and I'm choosing to give the devs the benefit of the doubt. Clearly this game is a labour of love and with some tweaks could become a whole lot of fun. UPDATE 1.02: Just as an addition, the post-launch work that the devs have put in shows that they *are* listening to the community. They are not just fixing bugs but also taking the advice of players to make improvements to gameplay and the UI. This is really good to see.",True,2018-08-29T21:49:19+00:00,2018-08-31T15:18:28+00:00,1331.0,500.0,0.0,11.0,0.0,0.5722143054008484,False,False,False,False,76561198028319383,,3.0,False,False,797,149,22.183333333333334,8.333333333333334,3-10h,positive
54992266,490930,need-to-know,Need to Know,english,"I backed this game on Kickstarter 3 or 4 years ago and forgot about it till now. For 15 dollars (I paid 12), this game has been worth every penny. I really enjoyed the progression of security rankings and the data and power that came along with them. I also liked the ironic naming of the Department of Liberty. The little news headlines were interesting to read and paralleled our society in a way that made me think ""Could this be us someday?"" 

I don't know if your overall play style affects the endgame but I chose to play as a ruthless arm of the state just to see how far I could take my power. In the end, I chose to [spoiler] become the new director of the all powerful DoL and take down Charles Douglas. [/spoiler] However, in real life I found myself disgusted at the choices I ""had"" to make in the name of security and personal gain. Just knowing that I was violating privacy AND potentially ruining lives was quite the experience. The people I betrayed and killed felt real and conflicting. But alas, [strike] control [/strike] ... I mean security above all else, no?

The game can be played all through a mouse. A couple times my CODEX world-map background refused to pop up until I clicked it or tried to scroll. The biometric data was a little graphically glitchy. A few times I was confused at new task assignment types but I figured it out. Overall, a polished game with little complaints especially for how affordable it is. 

It felt rewarding to see Clearance Level 1, Rank = 1st. The soundtrack was [b] beautiful, [/b] truly well composed. The game made me feel conflict and emotion which is indicative of an excellent work of media/art/etc. If you are interested in surveillance, politics, culture, RPG's, or conflict this game is for you. After my play-through, I can't help to reflect on our own society and how much this game may or may not be representative of our current (and future) society. Excellent job Monomyth Games, kudos for this excellent game!","I backed this game on Kickstarter 3 or 4 years ago and forgot about it till now. For 15 dollars (I paid 12), this game has been worth every penny. I really enjoyed the progression of security rankings and the data and power that came along with them. I also liked the ironic naming of the Department of Liberty. The little news headlines were interesting to read and paralleled our society in a way that made me think ""Could this be us someday?"" I don't know if your overall play style affects the endgame but I chose to play as a ruthless arm of the state just to see how far I could take my power. In the end, I chose to [spoiler] become the new director of the all powerful DoL and take down Charles Douglas. [/spoiler] However, in real life I found myself disgusted at the choices I ""had"" to make in the name of security and personal gain. Just knowing that I was violating privacy AND potentially ruining lives was quite the experience. The people I betrayed and killed felt real and conflicting. But alas, [strike] control [/strike] ... I mean security above all else, no? The game can be played all through a mouse. A couple times my CODEX world-map background refused to pop up until I clicked it or tried to scroll. The biometric data was a little graphically glitchy. A few times I was confused at new task assignment types but I figured it out. Overall, a polished game with little complaints especially for how affordable it is. It felt rewarding to see Clearance Level 1, Rank = 1st. The soundtrack was [b] beautiful, [/b] truly well composed. The game made me feel conflict and emotion which is indicative of an excellent work of media/art/etc. If you are interested in surveillance, politics, culture, RPG's, or conflict this game is for you. After my play-through, I can't help to reflect on our own society and how much this game may or may not be representative of our current (and future) society. Excellent job Monomyth Games, kudos for this excellent game!",True,2019-09-06T20:03:23+00:00,2019-09-06T20:06:04+00:00,1818.0,1419.0,0.0,2.0,0.0,0.5331374406814575,False,False,False,False,76561198062587679,,2.0,False,False,1977,355,30.3,23.65,10h+,positive
44453855,490930,need-to-know,Need to Know,english,"The game in its current state is pretty confusing to get started with. It would definitely benefit from a tutorial or even a basic overview of the features the UI has to offer.

The introductory mission is also pretty confusing, in the end you just have to open the profile, analyze whatever name your character tells you to find and move on to their dot on the map. The game expects you to figure this out without any visual clues.

I can not recommend the game at this moment, I'm enjoying it so far. But for people less prone to just try clicking on anything until something sticks, it's too confusing to get started. All of this could be solved with a short tutorial, just a quick overview of how to handle the map and showcasing what each tool does. Although I guess government tools not being well-documented kinda fits.","The game in its current state is pretty confusing to get started with. It would definitely benefit from a tutorial or even a basic overview of the features the UI has to offer. The introductory mission is also pretty confusing, in the end you just have to open the profile, analyze whatever name your character tells you to find and move on to their dot on the map. The game expects you to figure this out without any visual clues. I can not recommend the game at this moment, I'm enjoying it so far. But for people less prone to just try clicking on anything until something sticks, it's too confusing to get started. All of this could be solved with a short tutorial, just a quick overview of how to handle the map and showcasing what each tool does. Although I guess government tools not being well-documented kinda fits.",False,2018-08-29T23:38:22+00:00,2018-08-29T23:55:18+00:00,54.0,54.0,0.0,1.0,0.0,0.5,False,False,False,False,76561198012052330,,3.0,False,False,824,150,0.9,0.9,0-1h,negative
44765010,490930,need-to-know,Need to Know,english,"This game has potential to be very good but confusing UI and unclear mission objectives makes it a no-go for me. After 1,5 hour of constantly asking myself ""What was wrong this time?"" ""What I did wrong?"" ""What do they want me to do?"" ""Why it's not working"" ""How to do this and that"" I gave up. Just for the record I finished both Orwell and Papers Please and never had these problems in those games.

Edited: And why can't you just make normal save/load function is beyond me","This game has potential to be very good but confusing UI and unclear mission objectives makes it a no-go for me. After 1,5 hour of constantly asking myself ""What was wrong this time?"" ""What I did wrong?"" ""What do they want me to do?"" ""Why it's not working"" ""How to do this and that"" I gave up. Just for the record I finished both Orwell and Papers Please and never had these problems in those games. Edited: And why can't you just make normal save/load function is beyond me",False,2018-09-16T12:22:30+00:00,2018-09-16T12:32:02+00:00,103.0,103.0,0.0,4.0,0.0,0.5029311180114746,True,False,False,False,76561198006756264,,714.0,False,False,474,89,1.7166666666666666,1.7166666666666666,1-3h,negative
44500920,490930,need-to-know,Need to Know,english,"The game description says: ""You must spy on people’s deepest secrets, pick apart their private lives, and determine how dangerous they are. You can also resist these suffocating privacy invasions by aiding underground groups in leaking data to the media. Or, you can just use all of that juicy classified information for your own personal gain. Your call.""

I took this statement literally, and after my first major 'choice', I was told I failed and the game returned to the menu screen.

Now don't get me wrong. I have no problem with fail conditions in games, or even perma-death consquences to actions, but this fail condition was so illogical that it is [i]exceptionally[/i] unique amongst my experiences with video games and choice-driven RPGs. It went like this:

[spoiler]Civilian privacy protection group (TripWire) asks me to sell classified data to them instead of to an internal operative within the department itself. When they ask, I refuse.

Nevermind what you tell them, the game adds them to your buyer list anyway and assigns them a relationship meter. 

When I don't sell data to them the very first time I have the opportunity, and the relationship meter reaches 0, I get this text at the game-over screen:

""TripWire became dissatisfied with your lack of assistance and notified the Department. You have been arrested for treason.""

Arrested for treason....for [i]not[/i] selling classified government data to an outside group.[/spoiler]

Choice is expressly offered in the game description, but the choices are pointless when they merely determine [i]if[/i] you can continue instead of [i]how[/i] you continue.

Couple this with a lot of bugs, lack of tutorial and cluttered, clunky UI, and I simply can't recommend it in it's current state.

The game shows promise, but it needs polishing.


","The game description says: ""You must spy on people’s deepest secrets, pick apart their private lives, and determine how dangerous they are. You can also resist these suffocating privacy invasions by aiding underground groups in leaking data to the media. Or, you can just use all of that juicy classified information for your own personal gain. Your call."" I took this statement literally, and after my first major 'choice', I was told I failed and the game returned to the menu screen. Now don't get me wrong. I have no problem with fail conditions in games, or even perma-death consquences to actions, but this fail condition was so illogical that it is [i]exceptionally[/i] unique amongst my experiences with video games and choice-driven RPGs. It went like this: [spoiler]Civilian privacy protection group (TripWire) asks me to sell classified data to them instead of to an internal operative within the department itself. When they ask, I refuse. Nevermind what you tell them, the game adds them to your buyer list anyway and assigns them a relationship meter. When I don't sell data to them the very first time I have the opportunity, and the relationship meter reaches 0, I get this text at the game-over screen: ""TripWire became dissatisfied with your lack of assistance and notified the Department. You have been arrested for treason."" Arrested for treason....for [i]not[/i] selling classified government data to an outside group.[/spoiler] Choice is expressly offered in the game description, but the choices are pointless when they merely determine [i]if[/i] you can continue instead of [i]how[/i] you continue. Couple this with a lot of bugs, lack of tutorial and cluttered, clunky UI, and I simply can't recommend it in it's current state. The game shows promise, but it needs polishing.",False,2018-09-01T04:33:21+00:00,2018-09-01T04:33:21+00:00,252.0,252.0,0.0,168.0,5.0,0.9124804735183716,False,False,False,False,76561198036002183,,9.0,False,False,1800,292,4.2,4.2,3-10h,negative
70900790,490930,need-to-know,Need to Know,english,"I really wanted to like this game. I saw Jon from MATN on Youtube try it and it looked liked my kind of thing. While I really like the premise, how it looks and some of the missions, unfortunately the experience has been frustrating. Mostly small things, but many small things which add up to an overall frustrating experience.

My general frustrations have been:
- Cluttered screen, especially when using a laptop when the screen is smaller.
- Evidence not demonstrating what the rules require but marked as missed when not chosen. (E.g. Evidence of someone telling a suspect to buy shares, when the rule says suspect must have bought shares. These are not the same thing, but the game considers them to be.)
- Moving background makes selecting the small dots difficult and no option to turn the movement off.
- You can choose incorrect evidence yet the immediate feedback says something which suggests it was in fact correct.
- Some rules weren't fully explained either in tutorial or in Peepr so got confused especially in the beginning.
- No way to re-evaluate a suspect once you've made a decision even if the day hasn't ended.
- No way to replay a day or restart unless you log out.
- Strongbox missions are sometimes very long winded and so get fed up quickly as the strongbox only seems to allow as much evidence as you can fit on the screen without scrolling. When on a 13inch macbook it fills up too quickly.

I think this game has a lot of promise, but it needs working on before I will consider recommending it.","I really wanted to like this game. I saw Jon from MATN on Youtube try it and it looked liked my kind of thing. While I really like the premise, how it looks and some of the missions, unfortunately the experience has been frustrating. Mostly small things, but many small things which add up to an overall frustrating experience. My general frustrations have been: - Cluttered screen, especially when using a laptop when the screen is smaller. - Evidence not demonstrating what the rules require but marked as missed when not chosen. (E.g. Evidence of someone telling a suspect to buy shares, when the rule says suspect must have bought shares. These are not the same thing, but the game considers them to be.) - Moving background makes selecting the small dots difficult and no option to turn the movement off. - You can choose incorrect evidence yet the immediate feedback says something which suggests it was in fact correct. - Some rules weren't fully explained either in tutorial or in Peepr so got confused especially in the beginning. - No way to re-evaluate a suspect once you've made a decision even if the day hasn't ended. - No way to replay a day or restart unless you log out. - Strongbox missions are sometimes very long winded and so get fed up quickly as the strongbox only seems to allow as much evidence as you can fit on the screen without scrolling. When on a 13inch macbook it fills up too quickly. I think this game has a lot of promise, but it needs working on before I will consider recommending it.",False,2020-06-16T19:52:53+00:00,2020-06-16T19:52:53+00:00,875.0,873.0,0.0,2.0,0.0,0.5410362482070923,True,False,False,False,76561198037607099,,25.0,False,False,1521,273,14.583333333333334,14.55,10h+,negative
44432228,490930,need-to-know,Need to Know,english,"So far, this game looks super promising. I too failed the initiation, but I simply took it again as there is a save point, and read the rules a little more.

The whole interface is nicely done, and the interlinking story is intriguing. The game definitely needs more of a tutorial though, to open with. There are 4 tools that you can use, and if I'm honest, I'm not sure really what any of them do or when is the correct time to use them. The points explaining them, after I found them, didn't offer much help. 

The missions, too, whilst well written and pretty self-explanitory, don't offer much in the way of what tools to use, for instance. 

Having said all that, I'm really excited for the future of this game. It looks like further into the game there are some really original challenges. I've only played a few hours into the game, but I'll revisit it soon and see if I can get to grips with it.

Potentially, an awesome game.","So far, this game looks super promising. I too failed the initiation, but I simply took it again as there is a save point, and read the rules a little more. The whole interface is nicely done, and the interlinking story is intriguing. The game definitely needs more of a tutorial though, to open with. There are 4 tools that you can use, and if I'm honest, I'm not sure really what any of them do or when is the correct time to use them. The points explaining them, after I found them, didn't offer much help. The missions, too, whilst well written and pretty self-explanitory, don't offer much in the way of what tools to use, for instance. Having said all that, I'm really excited for the future of this game. It looks like further into the game there are some really original challenges. I've only played a few hours into the game, but I'll revisit it soon and see if I can get to grips with it. Potentially, an awesome game.",True,2018-08-28T21:06:35+00:00,2018-08-28T21:06:35+00:00,179.0,104.0,0.0,5.0,0.0,0.49904489517211914,True,False,False,False,76561198013793824,,3.0,False,False,928,173,2.9833333333333334,1.7333333333333334,1-3h,positive
44498468,490930,need-to-know,Need to Know,english,"Writing this on release + 3 : it took a hot minute to get used to the UI which, as almost all other reviews mention, has a confusing flow and unintuitive button areas. After that, it's a great game. Strong comparisons to be made with Orwell of course, but so far I think I prefer Need To Know. There's buckets more narrative and the actual process of doing things is less of just a steps puzzle and more involved and interesting.

I was an early bird kickstarter backer and I've been waiting for Need To Know for a good long while. After a few hours of light play, I'm happy with the game so far. A little polish on the UX in the form of better interaction cues and guides and it'll go from fun with a rocky start to an excellent experience.","Writing this on release + 3 : it took a hot minute to get used to the UI which, as almost all other reviews mention, has a confusing flow and unintuitive button areas. After that, it's a great game. Strong comparisons to be made with Orwell of course, but so far I think I prefer Need To Know. There's buckets more narrative and the actual process of doing things is less of just a steps puzzle and more involved and interesting. I was an early bird kickstarter backer and I've been waiting for Need To Know for a good long while. After a few hours of light play, I'm happy with the game so far. A little polish on the UX in the form of better interaction cues and guides and it'll go from fun with a rocky start to an excellent experience.",True,2018-09-01T00:55:21+00:00,2018-09-01T00:55:21+00:00,615.0,489.0,0.0,1.0,0.0,0.523809552192688,False,False,False,False,76561197999969399,,25.0,False,False,740,143,10.25,8.15,3-10h,positive
44433545,490930,need-to-know,Need to Know,english,"I feel the game is quite a bit of fun but some of the negative reviews are correct in pointing out that instructions are sometimes less than clear.

On your first day of ""work"" (after getting hired) the mission briefing doesn't really explain specifically what you need to do.  I played the alpha and beta of this game and I can tell you that they actually did a better job of explaining this, not sure why they altered it.  Also they changed the assignment ""rules"" screen which used to be divided between suspicious people and suspicious data, now it just lists everything in a single list.  I personally liked it the old way but that may just be a subjective thing.

For those who are confused here are a few pointers to get you started:

1. On each suspects profile open their evidence which will be their web browsing history and/or their phone records.

2. If you find one of the names or websites in the assignment rules in those sections you need to:
   a) right click and select blacksheep tool
   b) select the relevant data (name or website)
   c) select the rule it relates to in the rules page
   d) mark the suspect as a ""Threat"" using the lightning (powers) button

3. If you find no evidence matching the rules, just click the powers button and select ""Safe"".

I don't know why the devs thought it would be a good idea to leave the above (or similar) instructions out of their game as it is bound to put people off, so yeah, I can understand some of the negatives so far.  But personally, I'm marking this as ""recommended"" because I'm enjoying it and I can say from playing the beta that the story gets more interesting as you get further into it.

Having said that, I really do hope the devs sort out this point of making things clearer to first time users.","I feel the game is quite a bit of fun but some of the negative reviews are correct in pointing out that instructions are sometimes less than clear. On your first day of ""work"" (after getting hired) the mission briefing doesn't really explain specifically what you need to do. I played the alpha and beta of this game and I can tell you that they actually did a better job of explaining this, not sure why they altered it. Also they changed the assignment ""rules"" screen which used to be divided between suspicious people and suspicious data, now it just lists everything in a single list. I personally liked it the old way but that may just be a subjective thing. For those who are confused here are a few pointers to get you started: 1. On each suspects profile open their evidence which will be their web browsing history and/or their phone records. 2. If you find one of the names or websites in the assignment rules in those sections you need to: a) right click and select blacksheep tool b) select the relevant data (name or website) c) select the rule it relates to in the rules page d) mark the suspect as a ""Threat"" using the lightning (powers) button 3. If you find no evidence matching the rules, just click the powers button and select ""Safe"". I don't know why the devs thought it would be a good idea to leave the above (or similar) instructions out of their game as it is bound to put people off, so yeah, I can understand some of the negatives so far. But personally, I'm marking this as ""recommended"" because I'm enjoying it and I can say from playing the beta that the story gets more interesting as you get further into it. Having said that, I really do hope the devs sort out this point of making things clearer to first time users.",True,2018-08-28T22:51:17+00:00,2018-08-28T23:04:07+00:00,5758.0,1298.0,0.0,6.0,0.0,0.5088768601417542,False,False,False,False,76561198000006421,,14.0,False,False,1750,324,95.96666666666667,21.633333333333333,10h+,positive
66177587,490930,need-to-know,Need to Know,english,"I love the concept, and am not upset that I paid money for something that really did try, but played it under an hour and will never touch it again.  The opening timeline, which is unskippable, takes FOREVER.  The instructions in the tutorial, by contrast, are almost non-existent and I wasn't able to bring them back up.  Way too much time spent on really uninspired dialogues, not enough on the actual game.  I just can't recommend this, but I hope the company learns from their mistakes.

Note: you can skip the opening with the skip to first day option, but that also means skipping the tutorial, which I did want to go back to.","I love the concept, and am not upset that I paid money for something that really did try, but played it under an hour and will never touch it again. The opening timeline, which is unskippable, takes FOREVER. The instructions in the tutorial, by contrast, are almost non-existent and I wasn't able to bring them back up. Way too much time spent on really uninspired dialogues, not enough on the actual game. I just can't recommend this, but I hope the company learns from their mistakes. Note: you can skip the opening with the skip to first day option, but that also means skipping the tutorial, which I did want to go back to.",False,2020-03-30T16:32:26+00:00,2020-03-30T16:32:26+00:00,50.0,50.0,0.0,5.0,0.0,0.5955246686935425,True,False,False,False,76561198006517017,,73.0,False,False,627,114,0.8333333333333334,0.8333333333333334,0-1h,negative
44519694,490930,need-to-know,Need to Know,english,"Rubbish!  Backed this game on kickstarter and waited a long time for it. Did anyone actually test this game?  No clear instructions on what you need to do.  You want me to report suspects that match certain criteria..... Well I do that but I still get 5 wrong.  Which ones!?!?!? What a mess.  Point and click, point and click.  No game here at all.  Save yourself the money and buy something like papers please or uplink.  Very dissappointed.","Rubbish! Backed this game on kickstarter and waited a long time for it. Did anyone actually test this game? No clear instructions on what you need to do. You want me to report suspects that match certain criteria..... Well I do that but I still get 5 wrong. Which ones!?!?!? What a mess. Point and click, point and click. No game here at all. Save yourself the money and buy something like papers please or uplink. Very dissappointed.",False,2018-09-02T00:39:16+00:00,2018-09-02T00:39:16+00:00,162.0,145.0,0.0,5.0,0.0,0.5359233617782593,False,False,False,False,76561197971028361,,4.0,False,False,434,78,2.7,2.4166666666666665,1-3h,negative
44436301,490930,need-to-know,Need to Know,english,"-Slow loading 
-Tons of typos
-No tutorial for anything, except the very first thing you do in the game, and it tells you to do the wrong thing
-The audio options also seem to be broken. Music and sounds get super loud after the volume is lowered
-Constant annoying pop-ups, just show me what happens to the suspects on one page
-That scroll bar on the review page is either broken or badly implemented
-At random points, you get messages but the notifications disappear so fast, you're left wondering why the game isn't advancing
-Gives you access to stuff you can't use super early on, like the Assay tool and all of the ""Help"" stuff when you click on the pyramid icon thing
-Randomly clicking on the ""Pyramid"" icon because it's in the way of the screen
-No point to the money as far as I've seen except for using it on a side-quest early on
-Not sure if the Rialto app works. Sold some stuff to one person but the other person doesn't buy?
-The UI is super cluttered- Too many huge windows for unnecessary things and the important things are blocked by other things that can be made way smaller","-Slow loading -Tons of typos -No tutorial for anything, except the very first thing you do in the game, and it tells you to do the wrong thing -The audio options also seem to be broken. Music and sounds get super loud after the volume is lowered -Constant annoying pop-ups, just show me what happens to the suspects on one page -That scroll bar on the review page is either broken or badly implemented -At random points, you get messages but the notifications disappear so fast, you're left wondering why the game isn't advancing -Gives you access to stuff you can't use super early on, like the Assay tool and all of the ""Help"" stuff when you click on the pyramid icon thing -Randomly clicking on the ""Pyramid"" icon because it's in the way of the screen -No point to the money as far as I've seen except for using it on a side-quest early on -Not sure if the Rialto app works. Sold some stuff to one person but the other person doesn't buy? -The UI is super cluttered- Too many huge windows for unnecessary things and the important things are blocked by other things that can be made way smaller",False,2018-08-29T03:13:48+00:00,2018-08-29T03:15:40+00:00,210.0,210.0,0.0,11.0,0.0,0.605334997177124,False,False,False,False,76561198025542322,,18.0,False,False,1096,202,3.5,3.5,3-10h,negative
44433355,490930,need-to-know,Need to Know,english,"After some more work by the DEVS (and they should be credited for working on the game and hearing peoples complaints)

I still can't recommend the game ( and i really wanted it to be a game i recommended)

First , this game still has a problem with the design , it is repetetive and most of the time , all you want to do is just be done with the mission so you can advance the story
When you do have a mission you like you don't actually get to do what you want with the information ( maybe at clearance level 1 , im one clearence level away )
There is a certain set of right or wrong answers , its a game about finding the correct answers not about decision making

Second , This game is still full of confusing instructions and data presentation
I have been playing games on computers for the past 28 years and i have never felt so confused like i did with the instructions on some of this levels 

Their QA department ( If they have one ) has really dropped the ball here , along with the designer

In short

Good idea , not a bad story
Poorly executed in terms of gameplay and intrest
Very repetitive
Does not allow you real decision making , just a game about matching what you see to what is expected in advance and marking it

too bad , i was rooting for it","After some more work by the DEVS (and they should be credited for working on the game and hearing peoples complaints) I still can't recommend the game ( and i really wanted it to be a game i recommended) First , this game still has a problem with the design , it is repetetive and most of the time , all you want to do is just be done with the mission so you can advance the story When you do have a mission you like you don't actually get to do what you want with the information ( maybe at clearance level 1 , im one clearence level away ) There is a certain set of right or wrong answers , its a game about finding the correct answers not about decision making Second , This game is still full of confusing instructions and data presentation I have been playing games on computers for the past 28 years and i have never felt so confused like i did with the instructions on some of this levels Their QA department ( If they have one ) has really dropped the ball here , along with the designer In short Good idea , not a bad story Poorly executed in terms of gameplay and intrest Very repetitive Does not allow you real decision making , just a game about matching what you see to what is expected in advance and marking it too bad , i was rooting for it",False,2018-08-28T22:35:18+00:00,2018-10-18T21:40:40+00:00,6902.0,5026.0,0.0,6.0,0.0,0.5077454447746277,True,False,False,False,76561198061570988,,137.0,False,False,1256,249,115.03333333333333,83.76666666666667,10h+,negative
44475983,490930,need-to-know,Need to Know,english,"I've greatly enjoyed the plot of this game and have seen it becoming more and more interesting with each new mission. 

While I'm pained to say this needs more work for a fantastic premise, I'm afraid it must be said that there persistent need of a toutorial and better introduction of tools. 

For this reason I can understand mixed reception, but with updates I can see the wonderful game beeneth these issues shining through.

Despite feeling a little like I needed to struggle through what I've played so far, I still reccomend this game on it's engaging story and fun if occasionally unclear mechanics.","I've greatly enjoyed the plot of this game and have seen it becoming more and more interesting with each new mission. While I'm pained to say this needs more work for a fantastic premise, I'm afraid it must be said that there persistent need of a toutorial and better introduction of tools. For this reason I can understand mixed reception, but with updates I can see the wonderful game beeneth these issues shining through. Despite feeling a little like I needed to struggle through what I've played so far, I still reccomend this game on it's engaging story and fun if occasionally unclear mechanics.",True,2018-08-30T23:44:34+00:00,2018-08-30T23:44:34+00:00,544.0,164.0,0.0,5.0,0.0,0.5167819857597351,False,False,False,False,76561197999455036,,4.0,False,False,602,104,9.066666666666666,2.7333333333333334,1-3h,positive
126934360,490930,need-to-know,Need to Know,english,"It's an alright entry in the dystopian sim category, but it really has a number of flaws. For one, besides ""Oh no I don't get money today"" there's almost no penalty for failure, and money itself is pretty irrelevant besides buying yourself new toys. There's no consequences! You can leave the org at multiple story points, which ""ends"" the game til you reload it. Most dystopian games make you feel like you have no choice in the matter of your participation, though the data selling portion does give you some of that ""I have to be doing this"" feel. It falls short in communicating clear directions sometimes, too; you get new tools and data given to you but sometimes the instructions get int he way of making accurate assessments.","It's an alright entry in the dystopian sim category, but it really has a number of flaws. For one, besides ""Oh no I don't get money today"" there's almost no penalty for failure, and money itself is pretty irrelevant besides buying yourself new toys. There's no consequences! You can leave the org at multiple story points, which ""ends"" the game til you reload it. Most dystopian games make you feel like you have no choice in the matter of your participation, though the data selling portion does give you some of that ""I have to be doing this"" feel. It falls short in communicating clear directions sometimes, too; you get new tools and data given to you but sometimes the instructions get int he way of making accurate assessments.",True,2022-11-26T02:50:20+00:00,2022-11-26T02:50:20+00:00,538.0,495.0,0.0,0.0,0.0,0.5,True,False,False,False,76561198076888592,,149.0,False,False,733,129,8.966666666666667,8.25,3-10h,positive
44449370,490930,need-to-know,Need to Know,english,"This game is not without it's problems, but for it's price, and the assumption that the problems will be fixed, I personally think it's worth a playthrough, especially if commentary on Orwellian government is something that interests you. Having finished the game once, I'm unsure if there are points of divergence in the story, but I do know there are conditions where
you fail and have to restart, and there are in fact multiple endings.

Pros:
-Engaging storyline.
-Pretty interface, actually makes you feel like you're sitting in an office doing this stuff.
-Simple, easy to follow gameplay, most of the time.
-Lots of different actions you can take make it feel like you're doing different things even though you aren't really.
-The mission where you interrogate the guy was REALLY fun and I wish they had more of those.

Cons:
-Gameplay can be frustrating at times, particularly on a certain mission type where it's unclear which power you are meant to use to Discard/Ignore/NoMatch people, and using the wrong power makes you lose compliance.
-Minor spelling errors littered throughout the game.
-Certain parts (""post-mission missions"") can be really boring, but they are fast and even skippable.
-Certain bugs, but nothing gamebreaking. For instance, there was one case of 3 pieces of evidence having to be linked, but you can only link 2 at once.
-Clarity on which tool to use could be better, but that's more my fault on not paying attention.
-Interface clunky at times.

Overall, I'd say 6.5/10. This game, like I said, is not without it's flaws, but they can be corrected, and if you like the concept and you liked Papers Please, you'll have a fun time with this. The pros do outweigh the cons, though it can be a bit of a slog to get through sometimes and it can be a bit frustrating. At the end of the day, for 15 bucks, it's worth a playthrough.","This game is not without it's problems, but for it's price, and the assumption that the problems will be fixed, I personally think it's worth a playthrough, especially if commentary on Orwellian government is something that interests you. Having finished the game once, I'm unsure if there are points of divergence in the story, but I do know there are conditions where you fail and have to restart, and there are in fact multiple endings. Pros: -Engaging storyline. -Pretty interface, actually makes you feel like you're sitting in an office doing this stuff. -Simple, easy to follow gameplay, most of the time. -Lots of different actions you can take make it feel like you're doing different things even though you aren't really. -The mission where you interrogate the guy was REALLY fun and I wish they had more of those. Cons: -Gameplay can be frustrating at times, particularly on a certain mission type where it's unclear which power you are meant to use to Discard/Ignore/NoMatch people, and using the wrong power makes you lose compliance. -Minor spelling errors littered throughout the game. -Certain parts (""post-mission missions"") can be really boring, but they are fast and even skippable. -Certain bugs, but nothing gamebreaking. For instance, there was one case of 3 pieces of evidence having to be linked, but you can only link 2 at once. -Clarity on which tool to use could be better, but that's more my fault on not paying attention. -Interface clunky at times. Overall, I'd say 6.5/10. This game, like I said, is not without it's flaws, but they can be corrected, and if you like the concept and you liked Papers Please, you'll have a fun time with this. The pros do outweigh the cons, though it can be a bit of a slog to get through sometimes and it can be a bit frustrating. At the end of the day, for 15 bucks, it's worth a playthrough.",True,2018-08-29T18:52:05+00:00,2018-08-29T18:53:15+00:00,1037.0,1037.0,0.0,0.0,0.0,0.5,True,False,False,False,76561198034977203,,7.0,False,False,1857,323,17.283333333333335,17.283333333333335,10h+,positive
44431224,490930,need-to-know,Need to Know,english,"Bought this game because it was interesting and played it but the controls for this game do not respond well.

There is no real tutorial, and I am actually stuck because there is not indicator where to proceed after the email at the lunch table.

It feels like no QA was done either because the intro repeated twice, going through the history of the Dept of Liberty and the train bit. In addition, I found out if you press escape you can interrupt the music and nothing happens.","Bought this game because it was interesting and played it but the controls for this game do not respond well. There is no real tutorial, and I am actually stuck because there is not indicator where to proceed after the email at the lunch table. It feels like no QA was done either because the intro repeated twice, going through the history of the Dept of Liberty and the train bit. In addition, I found out if you press escape you can interrupt the music and nothing happens.",False,2018-08-28T20:00:28+00:00,2018-08-28T20:00:28+00:00,22.0,22.0,0.0,9.0,0.0,0.46788933873176575,True,False,False,False,76561198038641174,,14.0,False,False,476,88,0.36666666666666664,0.36666666666666664,0-1h,negative
44432376,490930,need-to-know,Need to Know,english,"I feel like a some bug finding needs to happen with this game. The intro repeated twice randomly, messages will disapear quickly, and the sliders on the sound options don't do anything to name a few. There is no tutorial so the game is very confusing. Even on the missions the instructions are not clear and I was confused on what exactly to do.","I feel like a some bug finding needs to happen with this game. The intro repeated twice randomly, messages will disapear quickly, and the sliders on the sound options don't do anything to name a few. There is no tutorial so the game is very confusing. Even on the missions the instructions are not clear and I was confused on what exactly to do.",False,2018-08-28T21:17:22+00:00,2018-08-28T21:17:22+00:00,60.0,60.0,0.0,3.0,0.0,0.5042592883110046,True,False,False,False,76561198077176216,,2.0,False,False,345,64,1.0,1.0,1-3h,negative
44503684,490930,need-to-know,Need to Know,english,"I really liked the concept and really wanted to like the game, but it's just not there yet, my main issues are

Lack of meaningful decisions, like fallout 4 dialogue options  that all lead to the same place
Lack of tutorial for some aspects leading to situations of a fail state where you know the right answer, just not the arbitrary way they want it recorded. 
Lack of explaining what needs to be done, twice I failed a new section to sell data as it wasn't clear that a new area existed.
Unskippable sections. This means replay is you fail if boring and repetitive. Maybe an hour or 2 of grinding to get to the same place
Not being able to play my way. I should have more freedom who I side with and why, including not to work for someone 


Game has a lot of potential, I love the concept and the setting, but the gameplay just falls short. 

Hopefully there are some changes and I'll come back in a few weeks and try again, and update this review. 
","I really liked the concept and really wanted to like the game, but it's just not there yet, my main issues are Lack of meaningful decisions, like fallout 4 dialogue options that all lead to the same place Lack of tutorial for some aspects leading to situations of a fail state where you know the right answer, just not the arbitrary way they want it recorded. Lack of explaining what needs to be done, twice I failed a new section to sell data as it wasn't clear that a new area existed. Unskippable sections. This means replay is you fail if boring and repetitive. Maybe an hour or 2 of grinding to get to the same place Not being able to play my way. I should have more freedom who I side with and why, including not to work for someone Game has a lot of potential, I love the concept and the setting, but the gameplay just falls short. Hopefully there are some changes and I'll come back in a few weeks and try again, and update this review.",False,2018-09-01T08:24:46+00:00,2018-09-01T08:24:46+00:00,407.0,377.0,0.0,4.0,0.0,0.5045816898345947,True,False,False,False,76561198118510581,,1.0,False,False,944,180,6.783333333333333,6.283333333333333,3-10h,negative
44447252,490930,need-to-know,Need to Know,english,"The game feels fun at first, admittingly I am a fan of ""Papers, Please"" style gameplay with the whole advancing memorization concept. However, the main difference between what makes Papers, Please great and Need To Know kinda shit is the complete lack of tutorial and information. 

It's not immediately obvious what any of the tools do at the start and it's not obvious what the data selling feature even is (I may have missed an important piece of text but if something is so integral to advancing the game it'd be a good idea to teach it well) You slowly piece together what the main tool you need to use is as the others don't even have a function yet, you slowly figure out that the game wants evidence that isn't directly related to the ones they tell you to look for, and you slowly realize that there are major improvements that could be made to make this game playable.

Although I wouldn't recommend it right now, I would still recommend keeping it on your watchlist especially if you're interested in this type of game. It might get better in the future.","The game feels fun at first, admittingly I am a fan of ""Papers, Please"" style gameplay with the whole advancing memorization concept. However, the main difference between what makes Papers, Please great and Need To Know kinda shit is the complete lack of tutorial and information. It's not immediately obvious what any of the tools do at the start and it's not obvious what the data selling feature even is (I may have missed an important piece of text but if something is so integral to advancing the game it'd be a good idea to teach it well) You slowly piece together what the main tool you need to use is as the others don't even have a function yet, you slowly figure out that the game wants evidence that isn't directly related to the ones they tell you to look for, and you slowly realize that there are major improvements that could be made to make this game playable. Although I wouldn't recommend it right now, I would still recommend keeping it on your watchlist especially if you're interested in this type of game. It might get better in the future.",False,2018-08-29T17:03:30+00:00,2018-08-29T17:03:30+00:00,1223.0,1223.0,0.0,3.0,0.0,0.5481191873550415,False,False,False,False,76561198042152593,,5.0,False,False,1062,192,20.383333333333333,20.383333333333333,10h+,negative
44518418,490930,need-to-know,Need to Know,english,"The game had a few, in my opinion minor, flaws at the start but it's still fun. I enjoy the fact that this game actually makes me think and look for little details. I was confused by the lack of tutorial but I managed to figure things out and I am glad to see they have since added one in. The devs are releasing daily fixes and seem to be staying on top of things and actually listening to feedback. 

TL;DR: Game was pretty good; Devs making constant improvents: now game is better.","The game had a few, in my opinion minor, flaws at the start but it's still fun. I enjoy the fact that this game actually makes me think and look for little details. I was confused by the lack of tutorial but I managed to figure things out and I am glad to see they have since added one in. The devs are releasing daily fixes and seem to be staying on top of things and actually listening to feedback. TL;DR: Game was pretty good; Devs making constant improvents: now game is better.",True,2018-09-01T22:55:32+00:00,2018-09-01T22:55:32+00:00,183.0,170.0,0.0,0.0,0.0,0.5,True,False,False,False,76561198035099469,,48.0,False,False,482,93,3.05,2.8333333333333335,1-3h,positive
44437356,490930,need-to-know,Need to Know,english,"Excellent game and an awesome concept. I'll be honest, getting into it, it is a bit confusing as there is a lack of direction and instructions, but once you get the hang of it, its really quite cool. 
Been playing for a while now, no negative experiences yet, hopefully it stays that way.

EDIT.
Over time i've found the ""rules"" or indications for evidence to be quite, how to put it, sh*t. Often causing me to make errors or incorrect power because of the way the game is set up, it can get quite annoying, i still really enjoy the game, but sometimes its just not very intuitive in the way you identify threats","Excellent game and an awesome concept. I'll be honest, getting into it, it is a bit confusing as there is a lack of direction and instructions, but once you get the hang of it, its really quite cool. Been playing for a while now, no negative experiences yet, hopefully it stays that way. EDIT. Over time i've found the ""rules"" or indications for evidence to be quite, how to put it, sh*t. Often causing me to make errors or incorrect power because of the way the game is set up, it can get quite annoying, i still really enjoy the game, but sometimes its just not very intuitive in the way you identify threats",True,2018-08-29T04:54:34+00:00,2018-08-29T05:15:57+00:00,450.0,450.0,0.0,3.0,0.0,0.49615803360939026,False,False,False,False,76561198063028719,,23.0,False,False,610,114,7.5,7.5,3-10h,positive
44774376,490930,need-to-know,Need to Know,english,"Having waited a long time since the Kickstarter ended I was really excited for this game. Then in the first playthrough I failed the Tutorial... which was surprising, I didn't think that was possible to do that. My first game was a mess, particularly due to the scaling of UI and the controls were not very clear. I failed the timed mission and wasn't really getting into the story at all because of frustration. 

Maybe a day or two later update 1.14 came through and it changed everything for the better. I can see everything in the foreground/background, stop the map from spinning the targets out of view and actually focus on the tasks. 
Having reached CL9 things started to actually matter and my character was making the shady deals I'd hoped for from the initial kickstarter description. These choices were a big part of the pull of this game for me. Do I sell Torrent users data to the DoL Agent to buy the Camera Drone, or sell instead to the underground hackers aiming to expose the DoL system? Should I help my sister with her money trouble before she will admit about it to me, what if I don't?

The game is good, better after the first hour definitely. Many people mention Papers, Please and I can see that too. Once you get past CL10 and the missions start to open up a bit it is a much better experience, I'm looking forward to breaking into CL7 very soon.

Also, for now, Monomyth are updating things pretty regularly and making noticable differences to the performance and interface for Need To Know. Its worth a try!","Having waited a long time since the Kickstarter ended I was really excited for this game. Then in the first playthrough I failed the Tutorial... which was surprising, I didn't think that was possible to do that. My first game was a mess, particularly due to the scaling of UI and the controls were not very clear. I failed the timed mission and wasn't really getting into the story at all because of frustration. Maybe a day or two later update 1.14 came through and it changed everything for the better. I can see everything in the foreground/background, stop the map from spinning the targets out of view and actually focus on the tasks. Having reached CL9 things started to actually matter and my character was making the shady deals I'd hoped for from the initial kickstarter description. These choices were a big part of the pull of this game for me. Do I sell Torrent users data to the DoL Agent to buy the Camera Drone, or sell instead to the underground hackers aiming to expose the DoL system? Should I help my sister with her money trouble before she will admit about it to me, what if I don't? The game is good, better after the first hour definitely. Many people mention Papers, Please and I can see that too. Once you get past CL10 and the missions start to open up a bit it is a much better experience, I'm looking forward to breaking into CL7 very soon. Also, for now, Monomyth are updating things pretty regularly and making noticable differences to the performance and interface for Need To Know. Its worth a try!",True,2018-09-16T22:51:58+00:00,2018-09-16T22:53:49+00:00,852.0,802.0,0.0,5.0,0.0,0.5267331600189209,False,False,False,False,76561198266122064,,1.0,False,False,1530,277,14.2,13.366666666666667,10h+,positive
145532799,490930,need-to-know,Need to Know,english,"I do not recommend this game, because it is often unclear how to play. For instance: I could not figure out how to flag multiple pieces of evidence, and at the end, this counts against your score. The Rialto app/mechanics of how THAT system works is similarly confusing. It could've been a fun game if it weren't for buggy/confusing mechanics. I usually love this type of game. Disappointing.","I do not recommend this game, because it is often unclear how to play. For instance: I could not figure out how to flag multiple pieces of evidence, and at the end, this counts against your score. The Rialto app/mechanics of how THAT system works is similarly confusing. It could've been a fun game if it weren't for buggy/confusing mechanics. I usually love this type of game. Disappointing.",False,2023-09-02T16:02:40+00:00,2023-09-02T16:02:40+00:00,56.0,56.0,0.0,1.0,0.0,0.4794263541698456,True,False,False,False,76561198844669064,,7.0,False,False,392,68,0.9333333333333333,0.9333333333333333,0-1h,negative
226881511,490930,need-to-know,Need to Know,english,"I backed this way back when and unfortunately it is so clunky to play - it is not clear why some decisions are wrong when you are following prompts. The tutorial is rough, I played for a while and there are new things coming out that still are not clear. It has potential... but needs work still","I backed this way back when and unfortunately it is so clunky to play - it is not clear why some decisions are wrong when you are following prompts. The tutorial is rough, I played for a while and there are new things coming out that still are not clear. It has potential... but needs work still",False,2026-05-31T17:14:58+00:00,2026-05-31T17:14:58+00:00,107.0,107.0,0.0,1.0,0.0,0.5185185670852661,False,False,False,False,76561198117841485,,6.0,False,False,295,57,1.7833333333333334,1.7833333333333334,1-3h,negative
44475043,490930,need-to-know,Need to Know,english,"UI issues, unclear expectations of how to proceed and no tutorial with every game option unlocked far before you need them.
  
I ignored the person blackmailing you into giving them confidental information and nothing happened even at 0/10 trust. 

Your dialog choices can give you a game over both at the start and some way into the game, and the writing is a bit ham-fisted at times.

You're disproportionately penalized for mistakes compared to rewarded for correct observations.

In short: Even two patches in and it's still a frustrating game to play, despite how much I enjoy the concept.","UI issues, unclear expectations of how to proceed and no tutorial with every game option unlocked far before you need them. I ignored the person blackmailing you into giving them confidental information and nothing happened even at 0/10 trust. Your dialog choices can give you a game over both at the start and some way into the game, and the writing is a bit ham-fisted at times. You're disproportionately penalized for mistakes compared to rewarded for correct observations. In short: Even two patches in and it's still a frustrating game to play, despite how much I enjoy the concept.",False,2018-08-30T22:31:08+00:00,2018-08-30T22:31:08+00:00,849.0,416.0,0.0,4.0,0.0,0.5077454447746277,False,False,False,False,76561197995947148,,5.0,False,False,587,99,14.15,6.933333333333334,3-10h,negative
44479471,490930,need-to-know,Need to Know,english,"UPDATE 9/3: The game updating to version 1.05 just erased my 23+ hour savegame. This game is an unmitigated disaster. As they fix one thing, another thing fails.

-------

This game has multiple, significant bugs. It has a limited tutorial (they are fixing this), leaves you unable to successsfully complete some missions without forced errors, and sometimes forces choices on you via bugs. It is borderline unplayable. Also, the nuances necessary to succeed are undefined to the point of frustration- one task called for sorting people into ""match,"" ""no match,"" or ""safe."" Now match is easy, but if you can figure out the difference between ""no match"" and ""safe"" based purely on the words (no real in game direction) then maybe this game is for your psychic mind. For everyone else, its just frustrating.

I really hope to see it improve in the future; as it stands now, its just another kickstarted unpolished game with little QA rolled out 90% ready.","UPDATE 9/3: The game updating to version 1.05 just erased my 23+ hour savegame. This game is an unmitigated disaster. As they fix one thing, another thing fails. ------- This game has multiple, significant bugs. It has a limited tutorial (they are fixing this), leaves you unable to successsfully complete some missions without forced errors, and sometimes forces choices on you via bugs. It is borderline unplayable. Also, the nuances necessary to succeed are undefined to the point of frustration- one task called for sorting people into ""match,"" ""no match,"" or ""safe."" Now match is easy, but if you can figure out the difference between ""no match"" and ""safe"" based purely on the words (no real in game direction) then maybe this game is for your psychic mind. For everyone else, its just frustrating. I really hope to see it improve in the future; as it stands now, its just another kickstarted unpolished game with little QA rolled out 90% ready.",False,2018-08-31T04:43:08+00:00,2018-09-03T15:36:29+00:00,2422.0,1350.0,0.0,7.0,0.0,0.5427578091621399,False,False,False,False,76561198011098289,,13.0,False,False,950,161,40.36666666666667,22.5,10h+,negative
44607749,490930,need-to-know,Need to Know,english,"Many of my initial gripes with the lack of instructions for the game mechanics were resolved within 48 hours. The Dev's are ontop of getting this game into a clean & playable state.

Totally worth your money. The Dev's have been extremley responsive and open with the community regarding changes/patches.",Many of my initial gripes with the lack of instructions for the game mechanics were resolved within 48 hours. The Dev's are ontop of getting this game into a clean & playable state. Totally worth your money. The Dev's have been extremley responsive and open with the community regarding changes/patches.,True,2018-09-07T01:20:23+00:00,2018-09-07T01:20:23+00:00,140.0,108.0,0.0,4.0,0.0,0.5258620381355286,False,False,False,False,76561198021750475,,1.0,False,False,303,50,2.3333333333333335,1.8,1-3h,positive
44512983,490930,need-to-know,Need to Know,english,"They're still working out a few of the kinks, but I've found the game to be quite fun.  There is a steeper learning curve than most games, but on the other hand, I sort of feel like it fits the game layout of the steep learning curve of a new job.

I might re-review it later, but I doubt that I'll ever be dis-recommending it..","They're still working out a few of the kinks, but I've found the game to be quite fun. There is a steeper learning curve than most games, but on the other hand, I sort of feel like it fits the game layout of the steep learning curve of a new job. I might re-review it later, but I doubt that I'll ever be dis-recommending it..",True,2018-09-01T17:16:29+00:00,2018-09-01T17:16:29+00:00,383.0,367.0,0.0,0.0,0.0,0.5,False,False,False,False,76561198027285014,,13.0,False,False,326,65,6.383333333333334,6.116666666666666,3-10h,positive
44642543,490930,need-to-know,Need to Know,english,"I was holding off on reviewing because my FIRST experience was not amazing.  When I noticed there was a patch and saw that they were listening to the community telling them that the gameplay was confusing and there wasn't enough guidance (which is precisely why I wasn't impressed with the game as well) I got pretty excited.

Downloaded the update, and the new system clarified SO many things I didn't understand, and NOW I have a game to get engrossed in on my Saturday night!

Developers:  WELL DONE!  And if you're still listening, not being able to skip the AI interactions for a new character is a poor design decision.  Please give us a fast forward/skip option!","I was holding off on reviewing because my FIRST experience was not amazing. When I noticed there was a patch and saw that they were listening to the community telling them that the gameplay was confusing and there wasn't enough guidance (which is precisely why I wasn't impressed with the game as well) I got pretty excited. Downloaded the update, and the new system clarified SO many things I didn't understand, and NOW I have a game to get engrossed in on my Saturday night! Developers: WELL DONE! And if you're still listening, not being able to skip the AI interactions for a new character is a poor design decision. Please give us a fast forward/skip option!",True,2018-09-09T00:37:54+00:00,2018-09-09T00:46:18+00:00,2896.0,1085.0,0.0,0.0,0.0,0.5,False,False,False,False,76561198032524950,,94.0,False,False,663,117,48.266666666666666,18.083333333333332,10h+,positive
45661379,490930,need-to-know,Need to Know,english,"grrr
one of the most anoying tutorials EVER! a skip button will be very welcomed!
also the delay between pages is kinda big
also it didn\t save my progress in the first day... so i need to take the tutorial AGAINT (with no possibility for skip)...
sorry uninstall!
I might be too harsh with this game and I might get back after some time but until then.... sorry",grrr one of the most anoying tutorials EVER! a skip button will be very welcomed! also the delay between pages is kinda big also it didn\t save my progress in the first day... so i need to take the tutorial AGAINT (with no possibility for skip)... sorry uninstall! I might be too harsh with this game and I might get back after some time but until then.... sorry,False,2018-11-06T21:06:15+00:00,2018-11-06T21:06:15+00:00,301.0,37.0,0.0,1.0,0.0,0.41925907135009766,False,False,False,False,76561198051025525,,107.0,False,False,362,68,5.016666666666667,0.6166666666666667,0-1h,negative
110594954,490930,need-to-know,Need to Know,english,Way too many unclear rules. Tutorial guy talks too fast. Game punishes you for not being able to keep up with all of this.,Way too many unclear rules. Tutorial guy talks too fast. Game punishes you for not being able to keep up with all of this.,False,2022-02-19T23:36:49+00:00,2022-02-19T23:36:49+00:00,92.0,92.0,0.0,0.0,1.0,0.4724409580230713,True,False,False,False,76561198096747533,,10.0,False,False,122,24,1.5333333333333334,1.5333333333333334,1-3h,negative
44478458,490930,need-to-know,Need to Know,english,"I preorderd this game. I am so disapointed with it. It begins with a story which probably has nothing to do with the actual game, and damn Steve keeps winking. There is no 'training' or 'tutorial' to be found, no controlls listed, and once I click on something there is no way to go back. I don;t know what to do with this game. Can I get a refund on my $13 from 2 years ago?","I preorderd this game. I am so disapointed with it. It begins with a story which probably has nothing to do with the actual game, and damn Steve keeps winking. There is no 'training' or 'tutorial' to be found, no controlls listed, and once I click on something there is no way to go back. I don;t know what to do with this game. Can I get a refund on my $13 from 2 years ago?",False,2018-08-31T03:08:52+00:00,2018-08-31T03:08:52+00:00,696.0,222.0,0.0,7.0,1.0,0.5300270318984985,False,False,False,False,76561198067446357,,2.0,False,False,375,76,11.6,3.7,3-10h,negative
44474902,490930,need-to-know,Need to Know,english,"Will probably be good in 6 to 12 months. Currently not woth your time.

Pros:
Compelling Story
Interesting Plot Development
Nice Artwork

Cons:
Unituitive & slow UI
Unclear fail conditions within the first few minutes of starting
Strange save points (It is possible to be stuck in a loop of failure as the savepoint is after a wrong decision, but before the game ends).
Settings menu is basically empty of options.
The entire map constantly pans for no reason making it hard to use.

How to fix quickly: Remove the pointless animation of game elements like buttons and evidence.
Remove the insane pauses between actions.
Give the player more time to play and less time to wait around for boring animations to finish.
Clearly explain how new rules work
PLAYTEST THE GAME A FEW TIMES!

TL;DR: I have been a long time backer of this game but I can't recommend it in its current state. 
","Will probably be good in 6 to 12 months. Currently not woth your time. Pros: Compelling Story Interesting Plot Development Nice Artwork Cons: Unituitive & slow UI Unclear fail conditions within the first few minutes of starting Strange save points (It is possible to be stuck in a loop of failure as the savepoint is after a wrong decision, but before the game ends). Settings menu is basically empty of options. The entire map constantly pans for no reason making it hard to use. How to fix quickly: Remove the pointless animation of game elements like buttons and evidence. Remove the insane pauses between actions. Give the player more time to play and less time to wait around for boring animations to finish. Clearly explain how new rules work PLAYTEST THE GAME A FEW TIMES! TL;DR: I have been a long time backer of this game but I can't recommend it in its current state.",False,2018-08-30T22:20:23+00:00,2018-08-30T22:20:23+00:00,1672.0,651.0,0.0,3.0,0.0,0.5067230463027954,False,False,False,False,76561198080825637,,14.0,False,False,877,155,27.866666666666667,10.85,10h+,negative
98393400,490930,need-to-know,Need to Know,english,"A little confusing to begin with, some things are poorly explained throughout, but a good concept and fun regardless.","A little confusing to begin with, some things are poorly explained throughout, but a good concept and fun regardless.",True,2021-08-28T16:42:19+00:00,2021-08-28T16:42:19+00:00,450.0,335.0,0.0,1.0,0.0,0.5,True,False,False,False,76561198106631282,,3.0,False,False,117,19,7.5,5.583333333333333,3-10h,positive
