review_id,steam_app_id,game_key,game_name,language,review_text_raw,review_text_clean,recommended,created_at,updated_at,playtime_forever_minutes,playtime_at_review_minutes,playtime_last_two_weeks_minutes,votes_up,votes_funny,weighted_vote_score,steam_purchase,received_for_free,written_during_early_access,refunded,author_steam_id,author_num_games_owned,author_num_reviews,is_empty,is_very_short,review_length_chars,review_length_words,playtime_forever_hours,playtime_at_review_hours,playtime_segment,overall_sentiment
124410486,1925970,simulacra-3,SIMULACRA 3,english,"After enjoying the first two games, I thought I was in for a treat.

Compared to Simulacra 2, there are less characters and the ones present lack personality and development.

The bland story feels removed from its predecessors and could have easily been its own new entry instead of a third game in the series. Here, it feels like the Simulacra was tacked on at the end for marketing purposes.

The interactive video segment (yes, singular, there is only ONE segment) suffers from technical issues. The audio mixing is very different in volume and the videos cut abruptly between the ""interactive"" parts and the video parts. At first I thought I didn't understand the puzzle correctly. But no. There is no puzzle. It's so mind-numbingly simple it's disappointing. It makes this whole segment feel like a test, an experiment, NOT a fully fledged feature.

As for the ""Follow the trail"" feature on the city map? It is used twice in the whole game. Once at the very beginning to serve as a tutorial, then once at the very end.

Simulacra 3 is a husk. It feels boring, uninspired, empty and soulless. An extreme disappointment.","After enjoying the first two games, I thought I was in for a treat. Compared to Simulacra 2, there are less characters and the ones present lack personality and development. The bland story feels removed from its predecessors and could have easily been its own new entry instead of a third game in the series. Here, it feels like the Simulacra was tacked on at the end for marketing purposes. The interactive video segment (yes, singular, there is only ONE segment) suffers from technical issues. The audio mixing is very different in volume and the videos cut abruptly between the ""interactive"" parts and the video parts. At first I thought I didn't understand the puzzle correctly. But no. There is no puzzle. It's so mind-numbingly simple it's disappointing. It makes this whole segment feel like a test, an experiment, NOT a fully fledged feature. As for the ""Follow the trail"" feature on the city map? It is used twice in the whole game. Once at the very beginning to serve as a tutorial, then once at the very end. Simulacra 3 is a husk. It feels boring, uninspired, empty and soulless. An extreme disappointment.",False,2022-10-26T10:13:53+00:00,2022-10-26T10:29:16+00:00,257.0,257.0,0.0,89.0,1.0,0.8711864948272705,True,False,False,False,76561198012484680,,7.0,False,False,1119,194,4.283333333333333,4.283333333333333,3-10h,negative
124558945,1925970,simulacra-3,SIMULACRA 3,english,"in my opinion, the first simulacra was the best in terms of the horror element, this game didn't really have horror at all, just tense moments.. i was expecting more horror, but maybe that was just me. anyway, it didnt feel like a simulacra game, was expecting way more tbh. i thought i was going to get so much more considering the first two games.. in conclusion it just felt incomplete in a way? it didn't leave me with an impression like the first two games did.","in my opinion, the first simulacra was the best in terms of the horror element, this game didn't really have horror at all, just tense moments.. i was expecting more horror, but maybe that was just me. anyway, it didnt feel like a simulacra game, was expecting way more tbh. i thought i was going to get so much more considering the first two games.. in conclusion it just felt incomplete in a way? it didn't leave me with an impression like the first two games did.",False,2022-10-29T01:00:16+00:00,2022-10-29T01:00:16+00:00,182.0,182.0,0.0,36.0,0.0,0.7758067846298218,True,False,False,False,76561198970581953,,12.0,False,False,466,87,3.033333333333333,3.033333333333333,3-10h,negative
124407712,1925970,simulacra-3,SIMULACRA 3,english,"The game feels unfinished. 

I went into this game with high hopes. Starts off like 1 and 2, you get a phone under weird circumstances. 
This one however is different. There is a lot of mechanics they teach you along the way. That they just use 1 time. There is a perfect sequence to use the trace mechanic, instead they chose to use a ""Dark Mode"" mechanic out of no where, that had no tutorial. (this took me 30 minutes to figure out) 

The phone experience is just weird on 3. No real personality to the phone. Even after you unlock the texts, feels bland, doesn't feel like a phone that any human had used ever. 

The story is fine, build up is weird and the pacing is odd. 

I would give it a try, but 3 is just not as suspenseful as the first 2 entries in the series.","The game feels unfinished. I went into this game with high hopes. Starts off like 1 and 2, you get a phone under weird circumstances. This one however is different. There is a lot of mechanics they teach you along the way. That they just use 1 time. There is a perfect sequence to use the trace mechanic, instead they chose to use a ""Dark Mode"" mechanic out of no where, that had no tutorial. (this took me 30 minutes to figure out) The phone experience is just weird on 3. No real personality to the phone. Even after you unlock the texts, feels bland, doesn't feel like a phone that any human had used ever. The story is fine, build up is weird and the pacing is odd. I would give it a try, but 3 is just not as suspenseful as the first 2 entries in the series.",False,2022-10-26T08:40:35+00:00,2022-10-26T08:40:35+00:00,365.0,365.0,0.0,20.0,0.0,0.7250461578369141,True,False,False,False,76561197991776328,,8.0,False,False,763,150,6.083333333333333,6.083333333333333,3-10h,negative
178165509,1925970,simulacra-3,SIMULACRA 3,english,Previous games are more creepy than this. Only two jumpscares? Seriously?,Previous games are more creepy than this. Only two jumpscares? Seriously?,False,2024-11-01T14:21:08+00:00,2024-11-01T14:21:08+00:00,347.0,347.0,0.0,20.0,2.0,0.6355255842208862,True,False,False,False,76561198847955826,,10.0,False,False,73,11,5.783333333333333,5.783333333333333,3-10h,negative
177283716,1925970,simulacra-3,SIMULACRA 3,english,"The game is broken, full of bugs sometimes it's impossible to play it at all! What's wrong with the story? I went through the previous parts of Simulacra and they were much scarier than the third part! All that atmosphere is just gone! I don't recommend it! 2\10","The game is broken, full of bugs sometimes it's impossible to play it at all! What's wrong with the story? I went through the previous parts of Simulacra and they were much scarier than the third part! All that atmosphere is just gone! I don't recommend it! 2\10",False,2024-10-18T18:17:33+00:00,2024-10-18T18:17:33+00:00,147.0,147.0,0.0,19.0,0.0,0.7242609858512878,True,False,False,False,76561198856584129,,157.0,False,False,262,48,2.45,2.45,1-3h,negative
147835735,1925970,simulacra-3,SIMULACRA 3,english,"I am stupid. I love the simulacra series I really do, I saw it had bad reviews and I though eh they are normally reviewed pretty badly but it scratched an itch that no other games do. But what the f*** was that. That was not a simulacra game. That was a mess of cheap horror. [spoiler] Like wtf was the 3D model of the Beldam, why was she shiny!?! The death scenes of characters, seeing the goofy ah face of the Beldam. It looked awful.  And why did I become the security guard from while looking at Pauls house?! Like springtrap luring s***[/spoiler]

I didnt feel any tension at all during the game , nor did I care about the characters. Like they could die and I would feel fine. [spoiler] I suppose they could of and Paul did, but I'm such an epic gamer and saved everyone in an 'tense' battle against the simulacra, by giving Ruby moral support. I didnt even get to talk to the simulacra :(. I guess I learnt if my friends get possessed I will tell them to have a cup of tea and have a hot bath. [/spoiler]

The game also never  caught my attention, half the time I just got my 3DS out and started playing my silly little fashion game while I listen to those damn tapes. It was boring. 

I honestly have wasted my money. I have learnt my lesson I suppose. I will now sulk about this for a few weeks while I reminisce about the money that used to be in my bank.","I am stupid. I love the simulacra series I really do, I saw it had bad reviews and I though eh they are normally reviewed pretty badly but it scratched an itch that no other games do. But what the f*** was that. That was not a simulacra game. That was a mess of cheap horror. [spoiler] Like wtf was the 3D model of the Beldam, why was she shiny!?! The death scenes of characters, seeing the goofy ah face of the Beldam. It looked awful. And why did I become the security guard from while looking at Pauls house?! Like springtrap luring s***[/spoiler] I didnt feel any tension at all during the game , nor did I care about the characters. Like they could die and I would feel fine. [spoiler] I suppose they could of and Paul did, but I'm such an epic gamer and saved everyone in an 'tense' battle against the simulacra, by giving Ruby moral support. I didnt even get to talk to the simulacra :(. I guess I learnt if my friends get possessed I will tell them to have a cup of tea and have a hot bath. [/spoiler] The game also never caught my attention, half the time I just got my 3DS out and started playing my silly little fashion game while I listen to those damn tapes. It was boring. I honestly have wasted my money. I have learnt my lesson I suppose. I will now sulk about this for a few weeks while I reminisce about the money that used to be in my bank.",False,2023-10-08T00:13:45+00:00,2023-10-08T00:13:45+00:00,327.0,327.0,0.0,15.0,0.0,0.685604453086853,True,False,False,False,76561199062203108,,23.0,False,False,1359,266,5.45,5.45,3-10h,negative
127113246,1925970,simulacra-3,SIMULACRA 3,english,"Should you play this game?

Have you played the prequels?
No -> Then this game might be fun to try
Yes -> You will be disappointed. 

Let me Break it down:

Horror Elements: Not existent. But it do have tense moments, which makes you feel that there is some kind of adrenaline rushing through your body at some points. But the feeling that this is a horror game is non-existent, you feel the horror story, but the gameplay lack horror elements like the prequels.

Story: The story is very rich. But feels very non-completed and lacking of small details. It feels more of a rushed job, than actually been going into depth with how the story unfolds for you. It's like you only get shown the top of the iceberg.

Gameplay: if you have played the prequels you are familiar with he puzzles of the game series. This third game, deviates completely from the hard puzzles, and it feels like a game made for Teenagers. The Game feels a lot like it tries to be more user friendly which makes the game feel lacking and not hard or challenging, as it used to be. 
There is still positive aspects of the gameplay as how you progress and play, yet it lacks what makes the game worth, the challenging puzzles and horror elements.
I also do not understand why you get all this help to solve the puzzles. - It is unnecessary, and makes the experience feel lacking. The help is more forced than chosen by the player.

Conclusion: For new players the game might feel decent.The price is high comparing with the games depth and experience.
Do i regret buying it? Yes. - It fails to make me feel scared or challenged as i have experienced with the prequals.","Should you play this game? Have you played the prequels? No -> Then this game might be fun to try Yes -> You will be disappointed. Let me Break it down: Horror Elements: Not existent. But it do have tense moments, which makes you feel that there is some kind of adrenaline rushing through your body at some points. But the feeling that this is a horror game is non-existent, you feel the horror story, but the gameplay lack horror elements like the prequels. Story: The story is very rich. But feels very non-completed and lacking of small details. It feels more of a rushed job, than actually been going into depth with how the story unfolds for you. It's like you only get shown the top of the iceberg. Gameplay: if you have played the prequels you are familiar with he puzzles of the game series. This third game, deviates completely from the hard puzzles, and it feels like a game made for Teenagers. The Game feels a lot like it tries to be more user friendly which makes the game feel lacking and not hard or challenging, as it used to be. There is still positive aspects of the gameplay as how you progress and play, yet it lacks what makes the game worth, the challenging puzzles and horror elements. I also do not understand why you get all this help to solve the puzzles. - It is unnecessary, and makes the experience feel lacking. The help is more forced than chosen by the player. Conclusion: For new players the game might feel decent.The price is high comparing with the games depth and experience. Do i regret buying it? Yes. - It fails to make me feel scared or challenged as i have experienced with the prequals.",False,2022-11-26T22:36:18+00:00,2022-11-26T22:41:16+00:00,443.0,443.0,0.0,15.0,1.0,0.6254093647003174,True,False,False,False,76561198026466154,,18.0,False,False,1629,299,7.383333333333334,7.383333333333334,3-10h,negative
128994670,1925970,simulacra-3,SIMULACRA 3,english,"this is probably the worst game out of the 3 installments of the Simulacra series. it had potential to be a great game, however the story line was hard to keep up with because of how boring it was. the best game of the whole series is probably the first one, so if you're gonna play one, let that be the one.","this is probably the worst game out of the 3 installments of the Simulacra series. it had potential to be a great game, however the story line was hard to keep up with because of how boring it was. the best game of the whole series is probably the first one, so if you're gonna play one, let that be the one.",False,2022-12-22T00:23:46+00:00,2022-12-22T00:23:46+00:00,323.0,221.0,0.0,15.0,0.0,0.6147647500038147,True,False,False,False,76561199096773786,,17.0,False,False,308,62,5.383333333333334,3.683333333333333,3-10h,negative
132032150,1925970,simulacra-3,SIMULACRA 3,english,"After Simulacra 1 and 2 this was such a disappointing downgrade. All of the jank none of the fun. Bad characters, no direction bored for 3 hours 2/10","After Simulacra 1 and 2 this was such a disappointing downgrade. All of the jank none of the fun. Bad characters, no direction bored for 3 hours 2/10",False,2023-02-01T23:58:02+00:00,2023-02-01T23:58:02+00:00,204.0,204.0,0.0,14.0,0.0,0.6264703869819641,True,False,False,False,76561198154768083,,183.0,False,False,149,28,3.4,3.4,3-10h,negative
131378338,1925970,simulacra-3,SIMULACRA 3,english,"Massive downgrade from the previous 2 games. Little horror, even less puzzles. Highly disrecommend","Massive downgrade from the previous 2 games. Little horror, even less puzzles. Highly disrecommend",False,2023-01-23T02:18:43+00:00,2023-01-23T02:18:43+00:00,336.0,336.0,0.0,14.0,1.0,0.5666106939315796,True,False,False,False,76561197999590156,,25.0,False,False,98,14,5.6,5.6,3-10h,negative
124477549,1925970,simulacra-3,SIMULACRA 3,english,"A major downgrade from the first 2 games. Paul's phone has no personality whatever. Atlas is just a bad app compared to what we've seen in the previous 2 games, like Spark, Kimera, and Jabbr. Those games had fleshed out personalities and were funny (especially Rex in S2). This game was bland and boring. Kaigan needs to go back to making games about love-to-hate influencers.","A major downgrade from the first 2 games. Paul's phone has no personality whatever. Atlas is just a bad app compared to what we've seen in the previous 2 games, like Spark, Kimera, and Jabbr. Those games had fleshed out personalities and were funny (especially Rex in S2). This game was bland and boring. Kaigan needs to go back to making games about love-to-hate influencers.",False,2022-10-27T17:01:58+00:00,2022-10-27T17:02:24+00:00,393.0,393.0,0.0,13.0,0.0,0.6653033494949341,True,False,False,False,76561198256476662,,29.0,False,False,376,65,6.55,6.55,3-10h,negative
203114680,1925970,simulacra-3,SIMULACRA 3,english,"[Review after completing 100% of current content]

This is a game marred by a clear disconnect between what narrative the audience expects, and what the creators want to tell. The original horror executed its concept well with its meta elements that weren't present in this new experience turned ""deep narrative"" about the gentrification of a small community. Remembering its roots, I could count the amount of horror moments in Simulacra 3 with a single-fingered hand. Rook-your character-crumpling like paper could certainly be seen as horror, with his flimsy attempts to push consequences on those around him.

The puzzles felt immature and insulting at best, while tedious and hintless at worst. These ranging from reading two posts on their limited feed to tracing paths that were directly communicated; a confusing case with reviews mentioning the need to ""pay close attention."" Surprises in narrative were few and far between, boiling down to the Simulacra coming in like a disappointing WWE wrestler that you wished wasn't part of the new arc. Pushed by ""Big Horror"" in an otherwise new space.

The mixed art form in the single truly interactive camera segment was exciting, teasing more diverse gameplay segments. Pity. That was all. Truly, a pity, with the acting of Ruby and Paul being a joy to see, reminding me of passionate youth theatre. It fell quickly back to its trudging phone interface that felt like a nightmare for subsequent playthroughs. Getting all the ending cards felt like a punishment rather than a reward.

Please purge your mind of previous entries if you're going to give this a go, and be ready to spend more time reading meaningless social feeds to fish for info used in two more obtuse puzzles. Keep in mind, this remains the most expensive entry in the series.","[Review after completing 100% of current content] This is a game marred by a clear disconnect between what narrative the audience expects, and what the creators want to tell. The original horror executed its concept well with its meta elements that weren't present in this new experience turned ""deep narrative"" about the gentrification of a small community. Remembering its roots, I could count the amount of horror moments in Simulacra 3 with a single-fingered hand. Rook-your character-crumpling like paper could certainly be seen as horror, with his flimsy attempts to push consequences on those around him. The puzzles felt immature and insulting at best, while tedious and hintless at worst. These ranging from reading two posts on their limited feed to tracing paths that were directly communicated; a confusing case with reviews mentioning the need to ""pay close attention."" Surprises in narrative were few and far between, boiling down to the Simulacra coming in like a disappointing WWE wrestler that you wished wasn't part of the new arc. Pushed by ""Big Horror"" in an otherwise new space. The mixed art form in the single truly interactive camera segment was exciting, teasing more diverse gameplay segments. Pity. That was all. Truly, a pity, with the acting of Ruby and Paul being a joy to see, reminding me of passionate youth theatre. It fell quickly back to its trudging phone interface that felt like a nightmare for subsequent playthroughs. Getting all the ending cards felt like a punishment rather than a reward. Please purge your mind of previous entries if you're going to give this a go, and be ready to spend more time reading meaningless social feeds to fish for info used in two more obtuse puzzles. Keep in mind, this remains the most expensive entry in the series.",False,2025-08-29T14:21:04+00:00,2025-08-29T16:05:38+00:00,598.0,598.0,0.0,12.0,0.0,0.6824238300323486,True,False,False,False,76561198012744583,,20.0,False,False,1792,298,9.966666666666667,9.966666666666667,3-10h,negative
186180999,1925970,simulacra-3,SIMULACRA 3,english,"Boring to death, too much yapping and too little action. Also the acting is ass.
The first game was interesting but now please stop it here, let this be the last one, thanks.","Boring to death, too much yapping and too little action. Also the acting is ass. The first game was interesting but now please stop it here, let this be the last one, thanks.",False,2025-01-22T21:28:59+00:00,2025-01-22T21:28:59+00:00,267.0,267.0,0.0,12.0,4.0,0.5975039005279541,False,False,False,False,76561198380620060,,22.0,False,False,174,33,4.45,4.45,3-10h,negative
127077192,1925970,simulacra-3,SIMULACRA 3,english,The Downfall of SIMULACRA series.,The Downfall of SIMULACRA series.,False,2022-11-26T18:21:14+00:00,2022-11-26T18:21:14+00:00,628.0,628.0,0.0,11.0,2.0,0.5644901394844055,False,False,False,False,76561198035786353,,56.0,False,False,33,5,10.466666666666667,10.466666666666667,10h+,negative
131008964,1925970,simulacra-3,SIMULACRA 3,english,"As an avid enjoyer of previous entries in the series, I was excited to learn that Simulacra has a third game in its mainline series... but there are reasons why this game has largely flown under the radar. 

Spoilers incoming. 

[spoiler]While an interesting concept, the struggle against the Beldam is significantly less compelling than the simulacra we've seen previously. Characters are unlikable - Ruby is a terrible partner and your options with her feel very linear throughout the experience. The new gameplay elements are a mixed bag: while home security footage segment is cool, the map mechanic was deeply frustrating. None of the missing people you're trying to save are particularly interesting or developed; even Paul (the protagonist). The town in ""danger"" is literally asking for it for the vast majority of the game. The ending felt abrupt and rushed; the final confrontation with The Beldam lacked the gravitas that previous boss encounters do for the series. To be blunt, I would MUCH rather replay the one with fla-pee bird than replay this game... which says a lot cause I HATED fla-pee bird. [/spoiler]


In many ways, this entry lacks the charm and mystery that makes previous games in this franchise enjoyable.  Overall, I was left disappointed and wanting more from the ending I received - unfortunately, I am not compelled by enough the experience to return to it in search of other endings. I rate it [b]no more[/b] than two stars out of five.","As an avid enjoyer of previous entries in the series, I was excited to learn that Simulacra has a third game in its mainline series... but there are reasons why this game has largely flown under the radar. Spoilers incoming. [spoiler]While an interesting concept, the struggle against the Beldam is significantly less compelling than the simulacra we've seen previously. Characters are unlikable - Ruby is a terrible partner and your options with her feel very linear throughout the experience. The new gameplay elements are a mixed bag: while home security footage segment is cool, the map mechanic was deeply frustrating. None of the missing people you're trying to save are particularly interesting or developed; even Paul (the protagonist). The town in ""danger"" is literally asking for it for the vast majority of the game. The ending felt abrupt and rushed; the final confrontation with The Beldam lacked the gravitas that previous boss encounters do for the series. To be blunt, I would MUCH rather replay the one with fla-pee bird than replay this game... which says a lot cause I HATED fla-pee bird. [/spoiler] In many ways, this entry lacks the charm and mystery that makes previous games in this franchise enjoyable. Overall, I was left disappointed and wanting more from the ending I received - unfortunately, I am not compelled by enough the experience to return to it in search of other endings. I rate it [b]no more[/b] than two stars out of five.",False,2023-01-17T03:36:40+00:00,2023-01-17T03:40:28+00:00,276.0,276.0,0.0,10.0,0.0,0.6110325455665588,True,False,False,False,76561199089702030,,70.0,False,False,1461,245,4.6,4.6,3-10h,negative
130736440,1925970,simulacra-3,SIMULACRA 3,english,"I hated to do it, but was one of the rarest times asking for a refund. Below are quoted reasons as to why included in refund notes. For those of you that were able to get into this and see something more, that's fantastic. I'm a huge fan of this series, but this one for me just wasn't grabbing at all, so many missing components I felt. 

""The predecessors of this series truly shined with their delivery and keeping the whole experience like a hook. This just feels bland, The environment just isnt popping, and where is the creepy ambience? Most disappointing is the lack of guidance or flow of investigating the phone. Even when you were lost on the predecessors, they were always able to generate a flow to keep you on track. This just seemed to lack that entirely. While I regret not giving this game more of a chance, the sad reality was that perhaps I just held the expectations too high for this franchise. This just doesnt meet the standard to me, but best of luck for this team in the future.""","I hated to do it, but was one of the rarest times asking for a refund. Below are quoted reasons as to why included in refund notes. For those of you that were able to get into this and see something more, that's fantastic. I'm a huge fan of this series, but this one for me just wasn't grabbing at all, so many missing components I felt. ""The predecessors of this series truly shined with their delivery and keeping the whole experience like a hook. This just feels bland, The environment just isnt popping, and where is the creepy ambience? Most disappointing is the lack of guidance or flow of investigating the phone. Even when you were lost on the predecessors, they were always able to generate a flow to keep you on track. This just seemed to lack that entirely. While I regret not giving this game more of a chance, the sad reality was that perhaps I just held the expectations too high for this franchise. This just doesnt meet the standard to me, but best of luck for this team in the future.""",False,2023-01-13T03:04:36+00:00,2023-01-13T03:04:36+00:00,38.0,38.0,0.0,9.0,0.0,0.537372887134552,True,False,False,False,76561199039350794,,5.0,False,False,1002,186,0.6333333333333333,0.6333333333333333,0-1h,negative
171012600,1925970,simulacra-3,SIMULACRA 3,english,"There really is tons of potential for the story and gameplay wise.
The puzzles are a bit annoying of jumping between multiple clues without writing anything to remember what you see and connect the dots. The game bugged on me multiple time and had to reset the game 3 times for the option to do anything popped out. 
No scary stuff happened, atmosphere was meh audio was messed up, some parts are really quiet, some parts are really.","There really is tons of potential for the story and gameplay wise. The puzzles are a bit annoying of jumping between multiple clues without writing anything to remember what you see and connect the dots. The game bugged on me multiple time and had to reset the game 3 times for the option to do anything popped out. No scary stuff happened, atmosphere was meh audio was messed up, some parts are really quiet, some parts are really.",False,2024-07-29T07:47:14+00:00,2024-07-29T07:47:14+00:00,214.0,214.0,0.0,8.0,0.0,0.6453900933265686,True,False,False,False,76561198131454027,,17.0,False,False,432,78,3.566666666666667,3.566666666666667,3-10h,negative
204723644,1925970,simulacra-3,SIMULACRA 3,english,"I liked all the Simulacra games I've played so far however, this one bored me to death, like God- all that talking and information, just for what? Nah, not my cup of tea.","I liked all the Simulacra games I've played so far however, this one bored me to death, like God- all that talking and information, just for what? Nah, not my cup of tea.",False,2025-09-19T20:03:43+00:00,2025-09-19T20:03:43+00:00,180.0,180.0,0.0,8.0,0.0,0.6209833025932312,True,False,False,False,76561198151522179,,59.0,False,False,170,33,3.0,3.0,3-10h,negative
124569764,1925970,simulacra-3,SIMULACRA 3,english,compared to the first 2 games the spooky and uneasy feeling is not there and is mostly due to the terrible acting,compared to the first 2 games the spooky and uneasy feeling is not there and is mostly due to the terrible acting,False,2022-10-29T05:24:17+00:00,2022-10-29T05:24:17+00:00,305.0,305.0,0.0,8.0,0.0,0.5816352963447571,True,False,False,False,76561198039785242,,5.0,False,False,113,22,5.083333333333333,5.083333333333333,3-10h,negative
130794478,1925970,simulacra-3,SIMULACRA 3,english,"Honestly don't recommend this game personally. 

Have played all three of the Simulacra games and this one seemed to be the most slow paced and lacking out of all of them. Felt like watching pain dry. 

The little sound this game has is all over the place when it comes to volume levels so be prepared to either barely hearing anything or getting jumpscared every now and then :))",Honestly don't recommend this game personally. Have played all three of the Simulacra games and this one seemed to be the most slow paced and lacking out of all of them. Felt like watching pain dry. The little sound this game has is all over the place when it comes to volume levels so be prepared to either barely hearing anything or getting jumpscared every now and then :)),False,2023-01-14T00:38:08+00:00,2023-01-14T00:38:08+00:00,385.0,385.0,0.0,8.0,0.0,0.542023241519928,True,False,False,False,76561198115916041,,10.0,False,False,376,69,6.416666666666667,6.416666666666667,3-10h,negative
215192044,1925970,simulacra-3,SIMULACRA 3,english,"I love the other Simulacra games, but I waited a while to play this one because it has mixed reviews. I can understand why now and am disappointed...The game feels rushed. It has typos and the dialogue is poor. Gameplay in terms of finding info and doing puzzles is lame/tedious, and there aren't many puzzles at all. Story and characters are underdeveloped. I was also really disappointed to find your choices don't matter that much throughout the game. There are only a few choices that make any difference in dialogue/outcome, which sucks for a game where 90% of the gameplay is choosing dialogue options. I replayed to get all endings and achievements, but we're talking minor changes between outcomes that make replaying the game basically pointless. Overall, not much actually happens to make the game worth your time. Just skip it if you're a fan of the previous games.","I love the other Simulacra games, but I waited a while to play this one because it has mixed reviews. I can understand why now and am disappointed...The game feels rushed. It has typos and the dialogue is poor. Gameplay in terms of finding info and doing puzzles is lame/tedious, and there aren't many puzzles at all. Story and characters are underdeveloped. I was also really disappointed to find your choices don't matter that much throughout the game. There are only a few choices that make any difference in dialogue/outcome, which sucks for a game where 90% of the gameplay is choosing dialogue options. I replayed to get all endings and achievements, but we're talking minor changes between outcomes that make replaying the game basically pointless. Overall, not much actually happens to make the game worth your time. Just skip it if you're a fan of the previous games.",False,2026-01-05T03:45:44+00:00,2026-01-05T03:50:41+00:00,594.0,476.0,0.0,7.0,0.0,0.6057684421539307,True,False,False,False,76561198071253753,,63.0,False,False,876,149,9.9,7.933333333333334,3-10h,negative
141049593,1925970,simulacra-3,SIMULACRA 3,english,"I really wanted to like this game, I really did. 

I loved the previous Simulacra titles, I loved what they did, how they tackled topics of online life from a very different perspective, I loved the variety of characters and the decisions you got to make about them. And mostly, it was just incredibly fun stalking through someone's phone, through social media, seeing other people react to things in realtime, it wasn't 100% convincing, but it made all of it feel a lot more real. And I loved the feeling of danger when getting in contact and confronting the Entities yourself, it was engaging and scary and amazing storytelling.

All of this is gone here.

Let's start with the concept, the previous titles revolved around some current digital topics, online dating, influencers or predatory games. This game mostly drops the digital. It's a ghost story in a town followed through a Maps-App. There's so many topics that could've fit amazingly - NFT's, VR, AR, even Covid and being forced to be home (which admittedly does come up but in a shallow and meaningless way). But we got a Maps-App and a town-mystery, with themes of power, government, community and the interaction of urban myth and history. This too could potentially have been something interesting, but no. 

The story is maybe the most okay part about this game, the town myth is set up nicely, but quite basic, there are some interesting twists and misdirections, and I loved the part about how all of the events started [spoiler]Amy is just a really cool and interesting character[/spoiler]. But many parts absolutely do not work. Some are really forced like [spoiler]when we have to decieve the poor receptionist and cost her her job because Ruby didn't tell us what she was going to do[/spoiler] and the story also doesn't get nearly enough breathing room to work. Especially because you have to work with different characters and convince them of things, yet you've barely interacted before. It doesn't feel like you're participating in a story but playing a bad puzzle game.

The characters are okay-ish, the one you're interacting most with is Ruby and she's written as though you're meant to form a connection, but I just didn't, I didn't feel that much for her or care that much about her, so the emotional core that's built around her just doesn't work. There are some other characters I liked a lot more like [spoiler]Persephone / Damien and Carin[/spoiler] they're fun interacting with and they have personality, but they're also barely there. And even them are just lame compared to the fun interactions with Murillo or unhinged rants of Aria in Simulacra 2, who just felt like real people, with their own desires, hopes, dreams and delusions.

The horror / scary parts are just completely gone. It's so sad, the previous parts could pull you in so much, through the phone glitching or asking invasive or interesting questions, and create a real sense of dread, but here you don't ever feel in danger, because you never are. How would you feel in danger if the Beldam works by [spoiler]ppl seeing graffiti that wasn't there before, or encountering that eye symbol[/spoiler] which are mostly just tied to the real world. Nothing is i.e. indicating you've forgotten time, like that could've been a great point of tension, like a glitch followed by Ruby calling you and asking where you've been the last days. But nothing interesting or scary happens to you. I'd say the most tense sequence was [spoiler]getting Ruby out of Paul's House[/spoiler] but even there you weren't under time pressure, you didn't have to account for it moving, it wasn't challenging at all. Like [spoiler]electronics drew in the Beldam, her phone could've slowly drawn the Beldam towards her unless you activated something else[/spoiler]. And the Beldam itself isn't scary either. The previous Simulacra were always abstract, unfathomable, which made them scary and interesting, but giving the Beldam a bad CGI form didn't do the ""horror"" any favors. 

The mechanics in the game and the puzzles were also just lame. Most of it is very bland and unoriginal and the Atlas app (maps) is probably the worst of all. It's such a hacked together mess that doesn't make sense as a piece of software, especially the tracking function, and the hints in that function just make everything a lot worse. Like [spoiler]Thomas favorite place gives you the hint with the coffee order. At first I thought, hey there's this dude rating the Beldam locations, maybe I have to bring that in order? Nope. It says something about chronology, maybe I have to sort the ratings by the date posted? Nope. Oh it says something about a specific order in the description, I saw the post like that (@leftOnRead) might it be the places from which this account posted in order? Nope. What I didn't know was that I wasn't far enough and didn't have the grind, park and bus stop on the map yet.[/spoiler] I wasted so much time because of the hint system trying to solve something I couldn't yet.

The previous titles made you feel smart for figuring stuff out, piecing it together, hacking into things, especially because you had a ""real phone"", from another person, where you just had to circumvent things, but this game does the horrible mistake of dropping all pretenses. It's not a phone from a person missing, it's a puzzle box by a nerd who doesn't wanna give you straightforward information. There's nothing personal in there. NOTHING. No photos, no chats, everything is locked in his fun juiced up Atlas version. You don't try to outsmart technology to gather hidden intel, you have to get around the tedious roadblocks put in place by the informant - why, exactly? At first it's framed like he only had time to send the phone, but then WHY did he make the effort of hiding everything in these tedious puzzles? Especially when he wanted the information to get out and Ruby able to act. The ""social media"" (everything you get is the social page on the Atlas app) is sadly also incredibly sparse. There's a few posts you can go through, but where in S2 these mattered and you got to know more about the characters and some characters you would later interact with, here in S3 they barely matter at all. They're not engaging to read through, nor interesting discusssions, they're just lame filler. All of the fun of peeking into someone else's life is gone.

I want to have a small aside about presentation, I guess it was produced under Covid and therefore limited and basically all of it is made with greenscreen and really bad integration. The lighting doesn't match properly, the greenscreen is badly keyed and the acting is okay at best, but these are all things I could've forgiven for an interesting, scary, fun, engaging story. They try to do a lot of 3D stuff where the previous games stuck with 2D effects that worked a lot better, because they don't have the budget to do the 3D right.

Then let's finally come to the ending. Navigating the situation was very confusing. [spoiler]You basically have to talk Ruby down to her senses but I had no idea which answers and which reactions meant what. Sometimes she breaks out in this red demonic voice, but it's unclear if that is supposed to be the entity taking more or getting less control.[/spoiler] I had no idea what was going on and even thought I had failed just to discover I actually got the best ending. All of it is then quickly wrapped up, but it fails to leave anything behind about its themes. Everything is magically fine, or everything is incredibly doomed, it's just as empty as the myth of the Beldam itself. It's really sad to see a series I held in very high regard fall off so steeply.","I really wanted to like this game, I really did. I loved the previous Simulacra titles, I loved what they did, how they tackled topics of online life from a very different perspective, I loved the variety of characters and the decisions you got to make about them. And mostly, it was just incredibly fun stalking through someone's phone, through social media, seeing other people react to things in realtime, it wasn't 100% convincing, but it made all of it feel a lot more real. And I loved the feeling of danger when getting in contact and confronting the Entities yourself, it was engaging and scary and amazing storytelling. All of this is gone here. Let's start with the concept, the previous titles revolved around some current digital topics, online dating, influencers or predatory games. This game mostly drops the digital. It's a ghost story in a town followed through a Maps-App. There's so many topics that could've fit amazingly - NFT's, VR, AR, even Covid and being forced to be home (which admittedly does come up but in a shallow and meaningless way). But we got a Maps-App and a town-mystery, with themes of power, government, community and the interaction of urban myth and history. This too could potentially have been something interesting, but no. The story is maybe the most okay part about this game, the town myth is set up nicely, but quite basic, there are some interesting twists and misdirections, and I loved the part about how all of the events started [spoiler]Amy is just a really cool and interesting character[/spoiler]. But many parts absolutely do not work. Some are really forced like [spoiler]when we have to decieve the poor receptionist and cost her her job because Ruby didn't tell us what she was going to do[/spoiler] and the story also doesn't get nearly enough breathing room to work. Especially because you have to work with different characters and convince them of things, yet you've barely interacted before. It doesn't feel like you're participating in a story but playing a bad puzzle game. The characters are okay-ish, the one you're interacting most with is Ruby and she's written as though you're meant to form a connection, but I just didn't, I didn't feel that much for her or care that much about her, so the emotional core that's built around her just doesn't work. There are some other characters I liked a lot more like [spoiler]Persephone / Damien and Carin[/spoiler] they're fun interacting with and they have personality, but they're also barely there. And even them are just lame compared to the fun interactions with Murillo or unhinged rants of Aria in Simulacra 2, who just felt like real people, with their own desires, hopes, dreams and delusions. The horror / scary parts are just completely gone. It's so sad, the previous parts could pull you in so much, through the phone glitching or asking invasive or interesting questions, and create a real sense of dread, but here you don't ever feel in danger, because you never are. How would you feel in danger if the Beldam works by [spoiler]ppl seeing graffiti that wasn't there before, or encountering that eye symbol[/spoiler] which are mostly just tied to the real world. Nothing is i.e. indicating you've forgotten time, like that could've been a great point of tension, like a glitch followed by Ruby calling you and asking where you've been the last days. But nothing interesting or scary happens to you. I'd say the most tense sequence was [spoiler]getting Ruby out of Paul's House[/spoiler] but even there you weren't under time pressure, you didn't have to account for it moving, it wasn't challenging at all. Like [spoiler]electronics drew in the Beldam, her phone could've slowly drawn the Beldam towards her unless you activated something else[/spoiler]. And the Beldam itself isn't scary either. The previous Simulacra were always abstract, unfathomable, which made them scary and interesting, but giving the Beldam a bad CGI form didn't do the ""horror"" any favors. The mechanics in the game and the puzzles were also just lame. Most of it is very bland and unoriginal and the Atlas app (maps) is probably the worst of all. It's such a hacked together mess that doesn't make sense as a piece of software, especially the tracking function, and the hints in that function just make everything a lot worse. Like [spoiler]Thomas favorite place gives you the hint with the coffee order. At first I thought, hey there's this dude rating the Beldam locations, maybe I have to bring that in order? Nope. It says something about chronology, maybe I have to sort the ratings by the date posted? Nope. Oh it says something about a specific order in the description, I saw the post like that (@leftOnRead) might it be the places from which this account posted in order? Nope. What I didn't know was that I wasn't far enough and didn't have the grind, park and bus stop on the map yet.[/spoiler] I wasted so much time because of the hint system trying to solve something I couldn't yet. The previous titles made you feel smart for figuring stuff out, piecing it together, hacking into things, especially because you had a ""real phone"", from another person, where you just had to circumvent things, but this game does the horrible mistake of dropping all pretenses. It's not a phone from a person missing, it's a puzzle box by a nerd who doesn't wanna give you straightforward information. There's nothing personal in there. NOTHING. No photos, no chats, everything is locked in his fun juiced up Atlas version. You don't try to outsmart technology to gather hidden intel, you have to get around the tedious roadblocks put in place by the informant - why, exactly? At first it's framed like he only had time to send the phone, but then WHY did he make the effort of hiding everything in these tedious puzzles? Especially when he wanted the information to get out and Ruby able to act. The ""social media"" (everything you get is the social page on the Atlas app) is sadly also incredibly sparse. There's a few posts you can go through, but where in S2 these mattered and you got to know more about the characters and some characters you would later interact with, here in S3 they barely matter at all. They're not engaging to read through, nor interesting discusssions, they're just lame filler. All of the fun of peeking into someone else's life is gone. I want to have a small aside about presentation, I guess it was produced under Covid and therefore limited and basically all of it is made with greenscreen and really bad integration. The lighting doesn't match properly, the greenscreen is badly keyed and the acting is okay at best, but these are all things I could've forgiven for an interesting, scary, fun, engaging story. They try to do a lot of 3D stuff where the previous games stuck with 2D effects that worked a lot better, because they don't have the budget to do the 3D right. Then let's finally come to the ending. Navigating the situation was very confusing. [spoiler]You basically have to talk Ruby down to her senses but I had no idea which answers and which reactions meant what. Sometimes she breaks out in this red demonic voice, but it's unclear if that is supposed to be the entity taking more or getting less control.[/spoiler] I had no idea what was going on and even thought I had failed just to discover I actually got the best ending. All of it is then quickly wrapped up, but it fails to leave anything behind about its themes. Everything is magically fine, or everything is incredibly doomed, it's just as empty as the myth of the Beldam itself. It's really sad to see a series I held in very high regard fall off so steeply.",False,2023-07-01T13:11:45+00:00,2023-07-01T13:11:45+00:00,689.0,689.0,0.0,7.0,0.0,0.6028881072998047,True,False,False,False,76561198201958362,,15.0,False,False,7672,1330,11.483333333333333,11.483333333333333,10h+,negative
124452871,1925970,simulacra-3,SIMULACRA 3,english,"Loved the first two games and was very excited to start the third. The prospect of a new setting---getting away from depraved online influencers and into a rural area---seemed neat. And we might even be working against a new threat, be it a new mutation of the Simulacra or perhaps a different monster altogether. 

In the previous two games, you get engaged right away.
 
Game 1 starts with the phone glitching out, emitting eerie sounds the second you touch it. Then, as though haunted, it forcibly opens one video among a dozen corrupted files, showing a brief yet shocking video that teases the main mystery: what happened to Anna and is this phone haunted? The video is fragmented and ambiguous but the victim’s distress is very clear. Her final words? “Don’t come looking for me.” Its immediately intriguing. 

In the second game you're a junior detective at the local precinct. It starts with a meeting between you and the chief, where he confides to you the existence of a secret division within the police department, one which handles unnatural phenomena. He hands you stolen evidence: a phone, from the recently deceased Maya, who's strange death frightened the PD regulars into closing her case prematurely. In light of their unwillingness to discover the truth, the chief tasks you personally with spelunking through the phone to unearth clues. He needs your help because he's an older fellow who's not technologically inclined, while you're the young whippersnapper who's hip with the youths and does the iphones. 

Right away there's a sense of urgency. The department is looking for the stolen evidence, you’re breaking the rules just by having this conversation with the chief, and this secret division desperately needs to furnish some results or risk being shut down by the higher ups. And it’s all up to you.

Like the first installment, there’s some spooky phone glitches which show us something is terribly wrong but doesn’t show us exactly what, baiting the mystery.

To help you along, the chief sets you up with cutting edge, AI based software to help you log clues, disseminate evidence, remote hack the victim’s laptop and restore corrupted files. It was developed to help law enforcement conduct investigations which, in our modern world, are increasingly linked to social technology and personal communications. So it’s at least believable. And it imparts a cool-factor, being given access to exclusive, law enforcement tech.

In game three, you’re just some indistinguishable f*ck from the neighborhood watch group. You’re met with a normal phone and some flat, uninteresting dialogue from Ruby, who decides that the best gambit to enlist your assistance is to belittle you, calling you out as the office coffee b*tch and saying “you might know me, I’m the one who’s always ordering the double tall macchiato” or whatever. As if to imply that you, you loathsome, lowly creature, are so far beneath her station that you could only recognize her by the coffees she sends you to fetch like the obedient mud worm you are.

Then, after nailing down just how useless you are, she inexplicably puts her entire case in your hands. And by “inexplicably,” I mean there’s no reason whatsoever for her to need you or trust you at all. She just heedlessly unloads her project—a project that could very easily get her fired—onto you, who she has just thoroughly disrespected.

You get another scanning tool but unlike the WARDEN app from Simulacra 2, this one feels… shoehorned. It was made by some b*tchless basement dweller named Paul, who looks and acts like a sock puppet, who’s tied his unusual app to the GPS. For reasons.

Like its predecessors, you still get to see a creepy video but its overly long and boring. And entirely too blatant. You get to see the cheesy shadow monster, what’s called “the Beldam” (a dumber name I could not fathom) without any preamble or creativity or teasing. Not only that but you stumble across it like it’s just another YouTube video in the shuffle queue. No spooky glitch, no nameless entity forcing you to look at it. Just.. “oh hey neat.”

Somehow, despite the obviousness of the monster video, when you send it to Ruby she instantly decides to go for a stroll in the very same haunted hallway, alone. Which was so unbelievably obtuse it completely shattered any immersion I’d forced myself to conjure just to make it this far.

To make matters even less interesting, everyone in town already seems to know about the Beldam. It’s on their social media, it’s in their photo reels, one @$$hole even talks about seeing its shape in his latte foam. Seriously, wtf? So there’s nothing special about you discovering its existence. Instead of engaging your morbid curiosity and imagination, it just makes you feel like you’re reading hokey bullcrap about bigfoot in a lowbrow tabloid. 

The real nail in this games’ coffin is: instead of giving us one victim to focus on, who’s distress we can directly witness and care about, we’re hit with a list of missing randos who’s peril is entirely unknown to us. They’re just “missing” y’know… kind of like the plot. 

The only threat it draws our attention to, is that a comically greedy mayor wants to pave over the local farmers market and build a mall. 
Wow. 
Call in the national guard. 
Nothing gets me quaking in my boots like the threat of a shopping mall. 

And even then, it’s just plain text. No video, no room for interpretation or imagination. They just black-and-white spell it out for you. “MaYOr bAd, mAke fARmErs sAD.”

This game completely lacks any of the inspiration and vision that made the prequels special. Feels like a cheap cash grab.

Uninstalled.","Loved the first two games and was very excited to start the third. The prospect of a new setting---getting away from depraved online influencers and into a rural area---seemed neat. And we might even be working against a new threat, be it a new mutation of the Simulacra or perhaps a different monster altogether. In the previous two games, you get engaged right away. Game 1 starts with the phone glitching out, emitting eerie sounds the second you touch it. Then, as though haunted, it forcibly opens one video among a dozen corrupted files, showing a brief yet shocking video that teases the main mystery: what happened to Anna and is this phone haunted? The video is fragmented and ambiguous but the victim’s distress is very clear. Her final words? “Don’t come looking for me.” Its immediately intriguing. In the second game you're a junior detective at the local precinct. It starts with a meeting between you and the chief, where he confides to you the existence of a secret division within the police department, one which handles unnatural phenomena. He hands you stolen evidence: a phone, from the recently deceased Maya, who's strange death frightened the PD regulars into closing her case prematurely. In light of their unwillingness to discover the truth, the chief tasks you personally with spelunking through the phone to unearth clues. He needs your help because he's an older fellow who's not technologically inclined, while you're the young whippersnapper who's hip with the youths and does the iphones. Right away there's a sense of urgency. The department is looking for the stolen evidence, you’re breaking the rules just by having this conversation with the chief, and this secret division desperately needs to furnish some results or risk being shut down by the higher ups. And it’s all up to you. Like the first installment, there’s some spooky phone glitches which show us something is terribly wrong but doesn’t show us exactly what, baiting the mystery. To help you along, the chief sets you up with cutting edge, AI based software to help you log clues, disseminate evidence, remote hack the victim’s laptop and restore corrupted files. It was developed to help law enforcement conduct investigations which, in our modern world, are increasingly linked to social technology and personal communications. So it’s at least believable. And it imparts a cool-factor, being given access to exclusive, law enforcement tech. In game three, you’re just some indistinguishable f*ck from the neighborhood watch group. You’re met with a normal phone and some flat, uninteresting dialogue from Ruby, who decides that the best gambit to enlist your assistance is to belittle you, calling you out as the office coffee b*tch and saying “you might know me, I’m the one who’s always ordering the double tall macchiato” or whatever. As if to imply that you, you loathsome, lowly creature, are so far beneath her station that you could only recognize her by the coffees she sends you to fetch like the obedient mud worm you are. Then, after nailing down just how useless you are, she inexplicably puts her entire case in your hands. And by “inexplicably,” I mean there’s no reason whatsoever for her to need you or trust you at all. She just heedlessly unloads her project—a project that could very easily get her fired—onto you, who she has just thoroughly disrespected. You get another scanning tool but unlike the WARDEN app from Simulacra 2, this one feels… shoehorned. It was made by some b*tchless basement dweller named Paul, who looks and acts like a sock puppet, who’s tied his unusual app to the GPS. For reasons. Like its predecessors, you still get to see a creepy video but its overly long and boring. And entirely too blatant. You get to see the cheesy shadow monster, what’s called “the Beldam” (a dumber name I could not fathom) without any preamble or creativity or teasing. Not only that but you stumble across it like it’s just another YouTube video in the shuffle queue. No spooky glitch, no nameless entity forcing you to look at it. Just.. “oh hey neat.” Somehow, despite the obviousness of the monster video, when you send it to Ruby she instantly decides to go for a stroll in the very same haunted hallway, alone. Which was so unbelievably obtuse it completely shattered any immersion I’d forced myself to conjure just to make it this far. To make matters even less interesting, everyone in town already seems to know about the Beldam. It’s on their social media, it’s in their photo reels, one @$$hole even talks about seeing its shape in his latte foam. Seriously, wtf? So there’s nothing special about you discovering its existence. Instead of engaging your morbid curiosity and imagination, it just makes you feel like you’re reading hokey bullcrap about bigfoot in a lowbrow tabloid. The real nail in this games’ coffin is: instead of giving us one victim to focus on, who’s distress we can directly witness and care about, we’re hit with a list of missing randos who’s peril is entirely unknown to us. They’re just “missing” y’know… kind of like the plot. The only threat it draws our attention to, is that a comically greedy mayor wants to pave over the local farmers market and build a mall. Wow. Call in the national guard. Nothing gets me quaking in my boots like the threat of a shopping mall. And even then, it’s just plain text. No video, no room for interpretation or imagination. They just black-and-white spell it out for you. “MaYOr bAd, mAke fARmErs sAD.” This game completely lacks any of the inspiration and vision that made the prequels special. Feels like a cheap cash grab. Uninstalled.",False,2022-10-27T05:27:12+00:00,2022-10-27T23:05:25+00:00,79.0,79.0,0.0,7.0,0.0,0.5960963368415833,True,False,False,False,76561198176893705,,23.0,False,False,5642,958,1.3166666666666667,1.3166666666666667,1-3h,negative
208698496,1925970,simulacra-3,SIMULACRA 3,english,"The worst one of all three, there are only a few choices that matter in this game because after you pick something you get the option you didin't pick right after. The characters are not nearly as interesting or funny as the other games and there is no connection between them. You end up replaying the game thrice for 100% completion but in the meantime you just press dialogue options at random and because you only need to get to a certain point it all works out. There is no New game + like the first one so you will have to wait for everyone to type, although luckily they shortened that time a lot. There is only one real jumpscare in the game and it's not very scary at all.","The worst one of all three, there are only a few choices that matter in this game because after you pick something you get the option you didin't pick right after. The characters are not nearly as interesting or funny as the other games and there is no connection between them. You end up replaying the game thrice for 100% completion but in the meantime you just press dialogue options at random and because you only need to get to a certain point it all works out. There is no New game + like the first one so you will have to wait for everyone to type, although luckily they shortened that time a lot. There is only one real jumpscare in the game and it's not very scary at all.",False,2025-11-08T08:56:09+00:00,2025-11-08T08:56:09+00:00,725.0,725.0,0.0,7.0,0.0,0.5592746138572693,True,False,False,False,76561198367110851,,50.0,False,False,681,131,12.083333333333334,12.083333333333334,10h+,negative
124712632,1925970,simulacra-3,SIMULACRA 3,english,"Completely uninspired dud. The 1st 2 games were great, this one sucks. It's empty and devoid of any fun. There's literally zero direction. Super empty and boring. I'm not sure how this company create 2 gems, then this clunker. Avoid at all costs. Awful.","Completely uninspired dud. The 1st 2 games were great, this one sucks. It's empty and devoid of any fun. There's literally zero direction. Super empty and boring. I'm not sure how this company create 2 gems, then this clunker. Avoid at all costs. Awful.",False,2022-10-31T11:07:53+00:00,2022-10-31T11:07:53+00:00,61.0,61.0,0.0,6.0,0.0,0.596219003200531,True,False,False,False,76561198292066698,,292.0,False,False,253,44,1.0166666666666666,1.0166666666666666,1-3h,negative
144425301,1925970,simulacra-3,SIMULACRA 3,english,"This one takes itself far too seriously while having the weakest story of the three. The novelty and tightness of part 1 are absent which wouldn't be so bad, but gone also are the goofy charms of the cast and various interactions of part 2. Simulacra 3 is stripped down to be a relatively joyless and linear experience.

Thematically, and there is really no nice way to say this, but this game is like a JHorror movie trying to pass its setting off as being in small town America despite it having the least (as in none) American cast and a very clearly JHorror inspired villain. The story would have been much better served if it were just set in Malaysia and based on some kind of Malaysian folklore. It's hard to take the American small town setting seriously when Old MacDonald's farm has the kind of international phone number you might expect in Hong Kong and literally every single character has a different accent from various parts of the globe. Stick to the bundle that has the first two.","This one takes itself far too seriously while having the weakest story of the three. The novelty and tightness of part 1 are absent which wouldn't be so bad, but gone also are the goofy charms of the cast and various interactions of part 2. Simulacra 3 is stripped down to be a relatively joyless and linear experience. Thematically, and there is really no nice way to say this, but this game is like a JHorror movie trying to pass its setting off as being in small town America despite it having the least (as in none) American cast and a very clearly JHorror inspired villain. The story would have been much better served if it were just set in Malaysia and based on some kind of Malaysian folklore. It's hard to take the American small town setting seriously when Old MacDonald's farm has the kind of international phone number you might expect in Hong Kong and literally every single character has a different accent from various parts of the globe. Stick to the bundle that has the first two.",False,2023-08-17T17:34:25+00:00,2023-08-17T17:34:25+00:00,425.0,425.0,0.0,6.0,0.0,0.5850497484207153,True,False,False,False,76561198930171439,,77.0,False,False,997,180,7.083333333333333,7.083333333333333,3-10h,negative
124626427,1925970,simulacra-3,SIMULACRA 3,english,"I decided to Stream the Simulacra Franchise on my Twitch channel and I loved the first two. So when I found out this was being released I jumped at the chance to purchase and again stream my gameplay. I was so excited to all the jump scares and reactions I would endure while playing this game. Disappointment is a HUGE understatement!! No jump scares and was long and had tedious drawn out dialogue. The concept of the town being haunted by some revengeful witch spirit sounds awesome....but for a different game. It didn't grasp me like the other two games did, which is a shame as I like the franchise. I so wanted to like this game but I got so bored playing it. No reference to the other games, no characters being brought up. Would have cool if we got to speak to Detective Murilo or even Greg Summers through Paul's contacts or something since they had dealt with the Simulacra. I wanted to be scared and this game didn't give me that :,( :,(","I decided to Stream the Simulacra Franchise on my Twitch channel and I loved the first two. So when I found out this was being released I jumped at the chance to purchase and again stream my gameplay. I was so excited to all the jump scares and reactions I would endure while playing this game. Disappointment is a HUGE understatement!! No jump scares and was long and had tedious drawn out dialogue. The concept of the town being haunted by some revengeful witch spirit sounds awesome....but for a different game. It didn't grasp me like the other two games did, which is a shame as I like the franchise. I so wanted to like this game but I got so bored playing it. No reference to the other games, no characters being brought up. Would have cool if we got to speak to Detective Murilo or even Greg Summers through Paul's contacts or something since they had dealt with the Simulacra. I wanted to be scared and this game didn't give me that :,( :,(",False,2022-10-30T01:00:30+00:00,2022-10-30T01:00:30+00:00,368.0,368.0,0.0,6.0,1.0,0.5634074807167053,True,False,False,False,76561198377080039,,22.0,False,False,949,176,6.133333333333334,6.133333333333334,3-10h,negative
127030445,1925970,simulacra-3,SIMULACRA 3,english,"This is a very big stepdown from the previous 2 games. This not the worst i've ever played, but its just meh.
I did expect much much from it.","This is a very big stepdown from the previous 2 games. This not the worst i've ever played, but its just meh. I did expect much much from it.",False,2022-11-26T14:00:08+00:00,2022-11-26T14:00:08+00:00,319.0,319.0,0.0,6.0,0.0,0.5579793453216553,True,False,False,False,76561197980737386,,59.0,False,False,141,29,5.316666666666666,5.316666666666666,3-10h,negative
125334462,1925970,simulacra-3,SIMULACRA 3,english,"If a piece of poo was a video game. words cannot express how immensely excruciating this game is to play. there is one scare at the beginning and then the rest of the game is talking to the blandest, most uninteresting characters imaginable who send 8 paragraphs of mind numbing blabber at a time. the mystery is completely boring and there is less than no chance you will care about solving it. do not buy this game unless you want to torture yourself or someone you hate. it's just pitiful","If a piece of poo was a video game. words cannot express how immensely excruciating this game is to play. there is one scare at the beginning and then the rest of the game is talking to the blandest, most uninteresting characters imaginable who send 8 paragraphs of mind numbing blabber at a time. the mystery is completely boring and there is less than no chance you will care about solving it. do not buy this game unless you want to torture yourself or someone you hate. it's just pitiful",False,2022-11-12T06:05:41+00:00,2022-11-12T19:27:18+00:00,214.0,214.0,0.0,6.0,3.0,0.527034342288971,True,False,False,False,76561198000939652,,5.0,False,False,491,90,3.566666666666667,3.566666666666667,3-10h,negative
183441961,1925970,simulacra-3,SIMULACRA 3,english,wtf did i play,wtf did i play,False,2024-12-23T02:34:14+00:00,2024-12-23T02:34:14+00:00,209.0,209.0,0.0,6.0,6.0,0.5258241295814514,True,False,False,False,76561198406897405,,109.0,False,True,14,4,3.4833333333333334,3.4833333333333334,3-10h,negative
150056187,1925970,simulacra-3,SIMULACRA 3,english,"I must say, as a big Simulacra fan, this title left me disappointed. 
Simulacra 1, pipe dreams, and 2 were all perfect, 10 out of 10, although I can't really say sure about this one. 
I did like how websites looks, yeah, they did improve a lot on it and it is now more interactive, but the story itself is kinda meh. 
To start of, you don't even have many characters to talk to, SIM 1 and 2 had many contacts you can talk with, although the case obviously isn't the same with Pipe Dreams, but even that felt more rich, SIM 3 still felt the emptiest.
What about the ending? While it was true that they worked on CGI and making the scene look more appealing, still feels more boring than the predecessors.
The point of Simulacra is to fight against an artificial enemy that shapes reality and replaces our bodies, pretending to be them? This? [spoiler]This is more of an urban story of a scary ghost haunting the town, what's to ""futuristic"" about this? The title doesn't match the context.[/spoiler]

So should you buy this game? Even for a hardcore fan, I can't really say for sure, the story is quite boring and doesn't have connection with its predecessors. But if you just wanna buy it for collection and completing the Simulacra saga, go on, spend those 6 bucks, atleast the list is bigger.","I must say, as a big Simulacra fan, this title left me disappointed. Simulacra 1, pipe dreams, and 2 were all perfect, 10 out of 10, although I can't really say sure about this one. I did like how websites looks, yeah, they did improve a lot on it and it is now more interactive, but the story itself is kinda meh. To start of, you don't even have many characters to talk to, SIM 1 and 2 had many contacts you can talk with, although the case obviously isn't the same with Pipe Dreams, but even that felt more rich, SIM 3 still felt the emptiest. What about the ending? While it was true that they worked on CGI and making the scene look more appealing, still feels more boring than the predecessors. The point of Simulacra is to fight against an artificial enemy that shapes reality and replaces our bodies, pretending to be them? This? [spoiler]This is more of an urban story of a scary ghost haunting the town, what's to ""futuristic"" about this? The title doesn't match the context.[/spoiler] So should you buy this game? Even for a hardcore fan, I can't really say for sure, the story is quite boring and doesn't have connection with its predecessors. But if you just wanna buy it for collection and completing the Simulacra saga, go on, spend those 6 bucks, atleast the list is bigger.",False,2023-11-13T11:11:38+00:00,2023-11-13T11:11:38+00:00,301.0,301.0,0.0,5.0,0.0,0.576263427734375,False,True,False,False,76561198442548725,,72.0,False,False,1290,236,5.016666666666667,5.016666666666667,3-10h,negative
185998340,1925970,simulacra-3,SIMULACRA 3,english,"In the context of the rest of the series, this game feels lazy and rushed. The scenes featuring choices have horrible CG—while the previous games in the series didn't have great CG, it was at least passable; here, it's downright terrible. There are also awkward, jarring cuts after selecting choices during some character dialogue scenes. The ending is particularly disappointing, as it simply dumps exposition in text rather than showcasing the events through actual filmed or designed sequences like the first two games did. Overall, I’d recommend skipping this one. While the story itself isn’t bad, the execution is lacking in almost every way.","In the context of the rest of the series, this game feels lazy and rushed. The scenes featuring choices have horrible CG—while the previous games in the series didn't have great CG, it was at least passable; here, it's downright terrible. There are also awkward, jarring cuts after selecting choices during some character dialogue scenes. The ending is particularly disappointing, as it simply dumps exposition in text rather than showcasing the events through actual filmed or designed sequences like the first two games did. Overall, I’d recommend skipping this one. While the story itself isn’t bad, the execution is lacking in almost every way.",False,2025-01-20T06:22:58+00:00,2025-01-20T06:22:58+00:00,196.0,196.0,0.0,5.0,0.0,0.5660640001296997,True,False,False,False,76561198045869371,,71.0,False,False,648,104,3.2666666666666666,3.2666666666666666,3-10h,negative
206797892,1925970,simulacra-3,SIMULACRA 3,english,"This game is disappointing. At least the first two games allow the chat prompt to be instant and some extent, skip FMW/cutscenes (well Simulacra 1 did). This one does not even give you the option to speed up the game after completing it. Even the cutscene/FMV were too long, winded and boring. A truly let down game and I refuse to play it again to get all the achievements. It is a huge downgrade from the first two. Either implement skippable option and instant chat function, otherwise, this game is just going to be daunting for people to play. 

","This game is disappointing. At least the first two games allow the chat prompt to be instant and some extent, skip FMW/cutscenes (well Simulacra 1 did). This one does not even give you the option to speed up the game after completing it. Even the cutscene/FMV were too long, winded and boring. A truly let down game and I refuse to play it again to get all the achievements. It is a huge downgrade from the first two. Either implement skippable option and instant chat function, otherwise, this game is just going to be daunting for people to play.",False,2025-10-15T17:31:05+00:00,2025-10-15T17:31:05+00:00,350.0,350.0,0.0,5.0,0.0,0.5648624300956726,True,False,False,False,76561198112727556,,10.0,False,False,548,99,5.833333333333333,5.833333333333333,3-10h,negative
124731940,1925970,simulacra-3,SIMULACRA 3,english,"There's not much to say about it. Compared to previous games, the third installment is simply bad; like - really really bad. Once again, the personality of the phone received a severe downgrade, lacking those ""small touches"" to the UI, additional content and fillers, even more than Simulacra 2, making the device feel bland. 

Characters. What can I say... they're just boring and there's so little of them. Except Paul (who is a filthy excuse of a main protagonist), there's really just Ruby who is often irritating, badly written and feels like yet another unimportant character 'cause she lacks true personality and proper development, just like Paul.

The story... was just weird. I really don't understand why the developers chose such an odd concept for this type of game. Simulacra used to be a series about infested apps, often showing them from a bad angle, revealing their negative impact on human life. This time, we get some ghost which haunts an entire town for no particular reason. Just why. It feels so wrong when compared to the concept of all previous games.

The ending of the game was yet another dissapointment. In my case, it ended... just like that, unexpectedly. Like if it was some kind of a demo or something, an unfinished game. 

There's so much wrong with Simulacra 3. It's badly written, with an odd concept and weird story, lazy design and game mechanics. It just feels like an unfinished game that shouldn't have been released in the first place. Previous games, especially Simulacra 1, are better in all aspects. This installment is some kind of a misunderstanding, a literal joke. If I wasn't a fan of the series, I probably wouldn't even finish this game. It's a pure dissapointment. No matter how hard I try, I can't say anything good about it. I simply don't recommend it. 

","There's not much to say about it. Compared to previous games, the third installment is simply bad; like - really really bad. Once again, the personality of the phone received a severe downgrade, lacking those ""small touches"" to the UI, additional content and fillers, even more than Simulacra 2, making the device feel bland. Characters. What can I say... they're just boring and there's so little of them. Except Paul (who is a filthy excuse of a main protagonist), there's really just Ruby who is often irritating, badly written and feels like yet another unimportant character 'cause she lacks true personality and proper development, just like Paul. The story... was just weird. I really don't understand why the developers chose such an odd concept for this type of game. Simulacra used to be a series about infested apps, often showing them from a bad angle, revealing their negative impact on human life. This time, we get some ghost which haunts an entire town for no particular reason. Just why. It feels so wrong when compared to the concept of all previous games. The ending of the game was yet another dissapointment. In my case, it ended... just like that, unexpectedly. Like if it was some kind of a demo or something, an unfinished game. There's so much wrong with Simulacra 3. It's badly written, with an odd concept and weird story, lazy design and game mechanics. It just feels like an unfinished game that shouldn't have been released in the first place. Previous games, especially Simulacra 1, are better in all aspects. This installment is some kind of a misunderstanding, a literal joke. If I wasn't a fan of the series, I probably wouldn't even finish this game. It's a pure dissapointment. No matter how hard I try, I can't say anything good about it. I simply don't recommend it.",False,2022-10-31T18:13:40+00:00,2022-10-31T18:13:40+00:00,320.0,297.0,0.0,5.0,0.0,0.5527894496917725,True,False,False,False,76561198165781240,,23.0,False,False,1804,310,5.333333333333333,4.95,3-10h,negative
149561932,1925970,simulacra-3,SIMULACRA 3,english,"I really enjoyed simulacra 1, pipe dreams, and 2 was honestly really cool. But this isn't it. My biggest peeve with this franchise is that it NEVER continues any kind of overarching story, theres never a bigger picture, they always seem to act like there will be but it never happens. The end of Sim 2 made me think this game would be on a large grand scale, a climax involving the simulacras, but it just fell short and the entire game was predictable. I got the best ending on my first try and it was extremely easy to keep everybody alive, and the other games were difficult to get the best ending. I liked that about the other games, it added mystery and replayability. But this game I got the best outcome on my first attempt without any prior knowledge about anything and that is very disappointing to me and makes me have no desire to really go through it all again. The second game was great because it took me at least a few attempts to get the best ending and I remember being genuinely stumped as to what was going on or whodunnit, but I never felt that with this game. Nothing was a mystery to me, I could see everything coming from a mile away. And there was nothing scary either, just a couple cheap scenes with the phones background and that's it. The first two games the background changes throughout and it makes you feel unsettled and its cool to see, but this game just felt... lazy. It feels like the bare minimum and I was really hoping it would be better, but the reason I didn't want to play this game stood true. I feel like i wasted my time with it, but I do hope if they make another game in this franchise, it's better. I really would like to enjoy the series again, but right now, its just repetitive, nothing new happens, its just the exact same situation in each game and nothing in this world they are creating changes. It doesn't feel like the simulacrums are an actual problem, just a minor inconvenience once in a blue moon. I hope the devs read reviews because I saw a lot of people with similar opinions to mine and I would love to see a sim 4 where something new finally develops in this world their building instead of just same shit different day.","I really enjoyed simulacra 1, pipe dreams, and 2 was honestly really cool. But this isn't it. My biggest peeve with this franchise is that it NEVER continues any kind of overarching story, theres never a bigger picture, they always seem to act like there will be but it never happens. The end of Sim 2 made me think this game would be on a large grand scale, a climax involving the simulacras, but it just fell short and the entire game was predictable. I got the best ending on my first try and it was extremely easy to keep everybody alive, and the other games were difficult to get the best ending. I liked that about the other games, it added mystery and replayability. But this game I got the best outcome on my first attempt without any prior knowledge about anything and that is very disappointing to me and makes me have no desire to really go through it all again. The second game was great because it took me at least a few attempts to get the best ending and I remember being genuinely stumped as to what was going on or whodunnit, but I never felt that with this game. Nothing was a mystery to me, I could see everything coming from a mile away. And there was nothing scary either, just a couple cheap scenes with the phones background and that's it. The first two games the background changes throughout and it makes you feel unsettled and its cool to see, but this game just felt... lazy. It feels like the bare minimum and I was really hoping it would be better, but the reason I didn't want to play this game stood true. I feel like i wasted my time with it, but I do hope if they make another game in this franchise, it's better. I really would like to enjoy the series again, but right now, its just repetitive, nothing new happens, its just the exact same situation in each game and nothing in this world they are creating changes. It doesn't feel like the simulacrums are an actual problem, just a minor inconvenience once in a blue moon. I hope the devs read reviews because I saw a lot of people with similar opinions to mine and I would love to see a sim 4 where something new finally develops in this world their building instead of just same shit different day.",False,2023-11-05T03:54:51+00:00,2023-11-05T03:54:51+00:00,449.0,449.0,0.0,4.0,1.0,0.5674586296081543,True,False,False,False,76561198314095103,,6.0,False,False,2186,411,7.483333333333333,7.483333333333333,3-10h,negative
202617382,1925970,simulacra-3,SIMULACRA 3,english,"Simulacra 1 and 2 were pretty decent games. The first game was amazing, while the second was still decent, but not as good.

My main complaint with the second one is that the actual horror element was severely lacking. With that being said, Simulacra 3 takes a nosedive in terms of horror. This game is actually closer to a detective game than it is a horror game.

The puzzles were fun, but I got this game because it was meant to be a horror game. I was mistaken.

If you played the first two and were hoping this one was at all like the first Simulacra, then I'm sorry, but It's not even close. With that in mind, I can't say I would recommend this game to either new or even base players.","Simulacra 1 and 2 were pretty decent games. The first game was amazing, while the second was still decent, but not as good. My main complaint with the second one is that the actual horror element was severely lacking. With that being said, Simulacra 3 takes a nosedive in terms of horror. This game is actually closer to a detective game than it is a horror game. The puzzles were fun, but I got this game because it was meant to be a horror game. I was mistaken. If you played the first two and were hoping this one was at all like the first Simulacra, then I'm sorry, but It's not even close. With that in mind, I can't say I would recommend this game to either new or even base players.",False,2025-08-22T00:27:54+00:00,2025-08-22T00:27:54+00:00,581.0,581.0,0.0,4.0,0.0,0.5656884908676147,True,False,False,False,76561199042284351,,84.0,False,False,689,133,9.683333333333334,9.683333333333334,3-10h,negative
124626938,1925970,simulacra-3,SIMULACRA 3,english,The writing of the dialogue and story in my opinion feels so much worse compared to the first and second installments of the series.,The writing of the dialogue and story in my opinion feels so much worse compared to the first and second installments of the series.,False,2022-10-30T01:14:49+00:00,2022-10-30T01:14:49+00:00,207.0,207.0,0.0,4.0,0.0,0.5395513772964478,True,False,False,False,76561199013403219,,6.0,False,False,132,24,3.45,3.45,3-10h,negative
124788655,1925970,simulacra-3,SIMULACRA 3,english,"Even with only 3 hours this game feels like it drags on forever. New characters are introduced way late into the game so you don't give a crap about them, and the ones they do use are just one dimensional exposition dumps with nothing interesting behind them. Unlocking new information on the phone wasn't rewarding, and some of the puzzles were way too tedious, looking for a single spec of information in a sea of nothing. I played this with a group and we were all angry when we figured out a puzzle, they just don't work.

Worst part is, this fails as a horror game as well. The scawy ghost is shown to you constantly so there's no fear of the unknown. The repetition of the symbol isn't scary, it's just goofy. The best part of the game is when the background freaked out and that was the only thing with any interest. It lasts a whole 15 seconds. Every video is just a nothing burger with the person 'seeing something in the distance.' Think paranormal activity 2 levels of boring surveillance. 

It fails at horror, fails at a compelling story, no interesting character, and no fun puzzles. It's just nothing. Just play the other 2 games. They ain't perfect, but better than this by a landslide.","Even with only 3 hours this game feels like it drags on forever. New characters are introduced way late into the game so you don't give a crap about them, and the ones they do use are just one dimensional exposition dumps with nothing interesting behind them. Unlocking new information on the phone wasn't rewarding, and some of the puzzles were way too tedious, looking for a single spec of information in a sea of nothing. I played this with a group and we were all angry when we figured out a puzzle, they just don't work. Worst part is, this fails as a horror game as well. The scawy ghost is shown to you constantly so there's no fear of the unknown. The repetition of the symbol isn't scary, it's just goofy. The best part of the game is when the background freaked out and that was the only thing with any interest. It lasts a whole 15 seconds. Every video is just a nothing burger with the person 'seeing something in the distance.' Think paranormal activity 2 levels of boring surveillance. It fails at horror, fails at a compelling story, no interesting character, and no fun puzzles. It's just nothing. Just play the other 2 games. They ain't perfect, but better than this by a landslide.",False,2022-11-01T18:32:48+00:00,2022-12-26T18:21:25+00:00,191.0,191.0,0.0,4.0,0.0,0.5387097001075745,True,False,False,False,76561198343716467,,74.0,False,False,1199,218,3.183333333333333,3.183333333333333,3-10h,negative
125398158,1925970,simulacra-3,SIMULACRA 3,english,"This game is OVERWHELMING mediocre. If you want a good phone horror type experience play simulacra 1 and Sarah is missing. Simulacra 1 was the first game in this 4 game series and the only one of them to perfect the found phone horror gameplay. In sim 2 & 3 they add this scan button that makes it so you don’t have to actually investigate but instead just scroll till you see that blue button pop up. In a game like simulacra a game about INVESTIGATING characters are pretty important aspect of these games. The first game is the only game that had good and lovable characters. In fact Simulacra 3 doesn’t have characters that you even talk to! There is 1.
1 CHARACTER. Ruby. Sure you talk to other people along the way but nothing more than a few sentences. When you look back at Simulacra 1 you had Taylor, Greg and Ashley. On top of that you had the video logs from Anna as you progress. Also Simulacra 3 is just straight up not a horror game. There is ONE jump scare. And it is this goofy ass 3D jump scare right at the beginning of the game. That is it. Sure the pictures of the bedlam on the social media app can be creepy but nothing like we had in sim 1. Looking back at sim 1 think about the Taylor jump scare or when the phone resets or when alurner fucks with the apps right after that. In conclusion this game was a huge disappointment. I played this on my steam deck and encountered 2 huge glitches that forced me to quite out of the game and go back in. One revealing major spoilers for the end of the game.  The Simulacra series peaked at the first game. If your a new comer looking to get into the series I recommend you play the first game maybe the second and pretend 3 doesn’t exist.","This game is OVERWHELMING mediocre. If you want a good phone horror type experience play simulacra 1 and Sarah is missing. Simulacra 1 was the first game in this 4 game series and the only one of them to perfect the found phone horror gameplay. In sim 2 & 3 they add this scan button that makes it so you don’t have to actually investigate but instead just scroll till you see that blue button pop up. In a game like simulacra a game about INVESTIGATING characters are pretty important aspect of these games. The first game is the only game that had good and lovable characters. In fact Simulacra 3 doesn’t have characters that you even talk to! There is 1. 1 CHARACTER. Ruby. Sure you talk to other people along the way but nothing more than a few sentences. When you look back at Simulacra 1 you had Taylor, Greg and Ashley. On top of that you had the video logs from Anna as you progress. Also Simulacra 3 is just straight up not a horror game. There is ONE jump scare. And it is this goofy ass 3D jump scare right at the beginning of the game. That is it. Sure the pictures of the bedlam on the social media app can be creepy but nothing like we had in sim 1. Looking back at sim 1 think about the Taylor jump scare or when the phone resets or when alurner fucks with the apps right after that. In conclusion this game was a huge disappointment. I played this on my steam deck and encountered 2 huge glitches that forced me to quite out of the game and go back in. One revealing major spoilers for the end of the game. The Simulacra series peaked at the first game. If your a new comer looking to get into the series I recommend you play the first game maybe the second and pretend 3 doesn’t exist.",False,2022-11-13T08:22:10+00:00,2022-11-13T08:22:10+00:00,435.0,435.0,0.0,4.0,0.0,0.528171956539154,True,False,False,False,76561199042158817,,13.0,False,False,1702,328,7.25,7.25,3-10h,negative
185368108,1925970,simulacra-3,SIMULACRA 3,english,pretty bad,pretty bad,False,2025-01-11T17:43:51+00:00,2025-01-11T17:43:51+00:00,197.0,197.0,0.0,4.0,1.0,0.4770227372646332,True,False,False,False,76561198284785902,,280.0,False,True,10,2,3.283333333333333,3.283333333333333,3-10h,negative
124421159,1925970,simulacra-3,SIMULACRA 3,english,"I wish there was a neutral option for reviewing, but I am leaning towards not recommending it.

If you see this and never played a game in the Simulacra series before, play SIMULACRA 1&2, even SIMULACRA: Pipe Dreams, they are WAY better.

This one just felt really empty to me. Just a shell of what a good SIMULACRA entry would be like.","I wish there was a neutral option for reviewing, but I am leaning towards not recommending it. If you see this and never played a game in the Simulacra series before, play SIMULACRA 1&2, even SIMULACRA: Pipe Dreams, they are WAY better. This one just felt really empty to me. Just a shell of what a good SIMULACRA entry would be like.",False,2022-10-26T14:57:39+00:00,2022-10-26T14:57:39+00:00,289.0,289.0,0.0,3.0,0.0,0.5672574043273926,True,False,False,False,76561197991584768,,39.0,False,False,334,62,4.816666666666666,4.816666666666666,3-10h,negative
142951811,1925970,simulacra-3,SIMULACRA 3,english,"Personally, I think this is a massive downgrade from all of the games in the Simulacra series. Simulacra 1, 2, Pipe Dreams and even Sara is Missing were all better than this. They all had interesting characters that you could actually feel for unlike the ones in this game which are just poorly written imo. I also don't get how we went from arguably the best game in the franchise (Simulacra 2) to a game like this. It just wasn't as scary as the previous games and the gameplay/story was so dull. The mystery isn't that compelling either and it doesn't even feel like we're dealing with a simulacrum. The interface of the phone is not nice to look at too and I do get that its based in some small town and whatever. The Atlas app was a nice concept though.

Overall, I wouldn't really recommend it to someone but its still somewhat playable for people who have played the earlier games in the franchise, just an extremely disappointing successor to Simulacra 2 I would have to say.","Personally, I think this is a massive downgrade from all of the games in the Simulacra series. Simulacra 1, 2, Pipe Dreams and even Sara is Missing were all better than this. They all had interesting characters that you could actually feel for unlike the ones in this game which are just poorly written imo. I also don't get how we went from arguably the best game in the franchise (Simulacra 2) to a game like this. It just wasn't as scary as the previous games and the gameplay/story was so dull. The mystery isn't that compelling either and it doesn't even feel like we're dealing with a simulacrum. The interface of the phone is not nice to look at too and I do get that its based in some small town and whatever. The Atlas app was a nice concept though. Overall, I wouldn't really recommend it to someone but its still somewhat playable for people who have played the earlier games in the franchise, just an extremely disappointing successor to Simulacra 2 I would have to say.",False,2023-07-28T12:31:05+00:00,2023-07-28T12:31:05+00:00,392.0,392.0,0.0,3.0,0.0,0.5479035973548889,True,False,False,False,76561199201314222,,2.0,False,False,982,179,6.533333333333333,6.533333333333333,3-10h,negative
148690818,1925970,simulacra-3,SIMULACRA 3,english,"I liked the start but it kind of became a bit underwhelming at the end
ended a bit abruptly for my taste i guess? I like the new UI and sounds though
and the premise of this simulacra compared to the others is realy unique and i liked that
cant really reccomend it though",I liked the start but it kind of became a bit underwhelming at the end ended a bit abruptly for my taste i guess? I like the new UI and sounds though and the premise of this simulacra compared to the others is realy unique and i liked that cant really reccomend it though,False,2023-10-22T18:56:30+00:00,2023-10-22T18:56:30+00:00,550.0,294.0,0.0,3.0,0.0,0.5449620485305786,True,False,False,False,76561198195380635,,16.0,False,False,271,54,9.166666666666666,4.9,3-10h,negative
199657927,1925970,simulacra-3,SIMULACRA 3,english,"Simulacra 3 is fun enough. It has an okay story, okay visuals, acting is fine, and certain parts are engaging. [spoiler] The video call in Paul's was a neat part of the game![/spoiler] However, this is definitely the worst of the three. The other two never felt like a slog to me. There is just *so* much useless reading in this game. Every other story step you complete unlocks like 20 new things to read, yet only a handful actually have evidence attached to them. The feeling of making progress is immediately washed away when you get flooded by all the popups on the top of the screen. Something about the formula in this one just doesn't quite feel the same as the other games.

My biggest gripe is with the absence of the checkpoint and fast forward features. Just... why? This is kind of the tipping point as far as my rating of this game. Do you just expect people play it once? You have multiple endings, you go out of your way to describe the ending, and you even have a dedicated button for endings on the main menu. Why should it be so painful to go back through everything I just read and discovered at the same speed?","Simulacra 3 is fun enough. It has an okay story, okay visuals, acting is fine, and certain parts are engaging. [spoiler] The video call in Paul's was a neat part of the game![/spoiler] However, this is definitely the worst of the three. The other two never felt like a slog to me. There is just *so* much useless reading in this game. Every other story step you complete unlocks like 20 new things to read, yet only a handful actually have evidence attached to them. The feeling of making progress is immediately washed away when you get flooded by all the popups on the top of the screen. Something about the formula in this one just doesn't quite feel the same as the other games. My biggest gripe is with the absence of the checkpoint and fast forward features. Just... why? This is kind of the tipping point as far as my rating of this game. Do you just expect people play it once? You have multiple endings, you go out of your way to describe the ending, and you even have a dedicated button for endings on the main menu. Why should it be so painful to go back through everything I just read and discovered at the same speed?",False,2025-07-12T23:15:25+00:00,2025-07-12T23:15:25+00:00,525.0,254.0,0.0,3.0,0.0,0.5362116694450378,True,False,False,False,76561198044263931,,9.0,False,False,1130,211,8.75,4.233333333333333,3-10h,negative
125530764,1925970,simulacra-3,SIMULACRA 3,english,"Was expecting some horror, instead I got pretty much a boring book. Dissapointing, since the previous games were good.","Was expecting some horror, instead I got pretty much a boring book. Dissapointing, since the previous games were good.",False,2022-11-15T17:06:27+00:00,2022-11-15T17:06:27+00:00,260.0,260.0,0.0,3.0,0.0,0.5292887091636658,True,False,False,False,76561198862877149,,3.0,False,False,118,19,4.333333333333333,4.333333333333333,3-10h,negative
157917800,1925970,simulacra-3,SIMULACRA 3,english,"the first three games where a lot better then this part, there where some fun parts in the game like the house cam part and the atlas puzzels but thats it, i also find the vidios very low quality compared to the first three games.","the first three games where a lot better then this part, there where some fun parts in the game like the house cam part and the atlas puzzels but thats it, i also find the vidios very low quality compared to the first three games.",False,2024-02-09T11:32:08+00:00,2024-02-09T11:32:08+00:00,487.0,487.0,0.0,3.0,0.0,0.5289855003356934,True,False,False,False,76561199090771805,,33.0,False,False,230,45,8.116666666666667,8.116666666666667,3-10h,negative
125544652,1925970,simulacra-3,SIMULACRA 3,english,"Was sadly disappointed with this one - I'm a massive fan of the series, but this just didn't grab me.  

This one felt less polished, and also lacked the same sense of horror / dread / suspense that came across in the earlier titles.  The characters were less compelling and felt less real, the story is very much on rails and you can't do much ahead of when you're meant to.  The puzzles are barely puzzles, and some of the novel new formats they tried with interactive video etc just didn't feel interesting, along with the audio not being well mixed.  

The previous titles felt much more like you'd actually found a real phone and were investigating based on the tools available on it.  A lot of the useful stuff you could do with IRIS previously is gone, and now when you're looking at something relevant a large icon appears which you have to hold down, so there's no chance of glossing over relevant info.  This was more of an interactive story with some minor choice elements rather than a detective puzzle and there's no real sense of horror.  

Even the phone simulation elements felt less compelling, even than Sara Is Missing, the precursor / prototype game.  The effort that went into the fake social media app ecosystem in SIMULACRA 2 made the word feel much more real, and I just didn't get the same with the apps in this.  It feels like less effort was made with linkages and quality of content too - the websites aren't particularly navigable, and the bits that are puzzles are made glaringly obvious by the icon interaction mechanic, as well as just looking like puzzles rather than supposed websites.  

If you loved the rest of the series it's maybe worth a look, but otherwise I'd probably not bother.  I'll likely check back in if they make more, because I genuinely loved SIM, and the first two SIMULACRA games, but doubt I'll be revisiting this one for the alternative endings etc.  

I wonder if the core ""simulacra"" concept has worn out - I'd love something else like Sara Is Missing, where you're still investigating a paranormal story through a found device, but without necessarily fitting into the lore they've been looking to build in this series.","Was sadly disappointed with this one - I'm a massive fan of the series, but this just didn't grab me. This one felt less polished, and also lacked the same sense of horror / dread / suspense that came across in the earlier titles. The characters were less compelling and felt less real, the story is very much on rails and you can't do much ahead of when you're meant to. The puzzles are barely puzzles, and some of the novel new formats they tried with interactive video etc just didn't feel interesting, along with the audio not being well mixed. The previous titles felt much more like you'd actually found a real phone and were investigating based on the tools available on it. A lot of the useful stuff you could do with IRIS previously is gone, and now when you're looking at something relevant a large icon appears which you have to hold down, so there's no chance of glossing over relevant info. This was more of an interactive story with some minor choice elements rather than a detective puzzle and there's no real sense of horror. Even the phone simulation elements felt less compelling, even than Sara Is Missing, the precursor / prototype game. The effort that went into the fake social media app ecosystem in SIMULACRA 2 made the word feel much more real, and I just didn't get the same with the apps in this. It feels like less effort was made with linkages and quality of content too - the websites aren't particularly navigable, and the bits that are puzzles are made glaringly obvious by the icon interaction mechanic, as well as just looking like puzzles rather than supposed websites. If you loved the rest of the series it's maybe worth a look, but otherwise I'd probably not bother. I'll likely check back in if they make more, because I genuinely loved SIM, and the first two SIMULACRA games, but doubt I'll be revisiting this one for the alternative endings etc. I wonder if the core ""simulacra"" concept has worn out - I'd love something else like Sara Is Missing, where you're still investigating a paranormal story through a found device, but without necessarily fitting into the lore they've been looking to build in this series.",False,2022-11-15T22:49:08+00:00,2022-11-15T22:49:08+00:00,357.0,357.0,0.0,3.0,0.0,0.5273818373680115,True,False,False,False,76561198010074465,,12.0,False,False,2156,382,5.95,5.95,3-10h,negative
124608061,1925970,simulacra-3,SIMULACRA 3,english,I was very enthusiastic for this game because I was super invested in simulacra 1 and 2 but honestly I wasn't even able to finish this one in a single session. I enjoyed the part in the house which is probably the best part but I did not like the Atlas system because it feels too out-of-place and weird for an app to exist and kind of breaks the immersion. I also liked the influencer subtext more in the first two games; I wasn't really invested in simulacra 3's characters.,I was very enthusiastic for this game because I was super invested in simulacra 1 and 2 but honestly I wasn't even able to finish this one in a single session. I enjoyed the part in the house which is probably the best part but I did not like the Atlas system because it feels too out-of-place and weird for an app to exist and kind of breaks the immersion. I also liked the influencer subtext more in the first two games; I wasn't really invested in simulacra 3's characters.,False,2022-10-29T18:39:10+00:00,2022-10-29T18:39:10+00:00,342.0,342.0,0.0,3.0,0.0,0.5260087847709656,True,False,False,False,76561198063080053,,11.0,False,False,476,90,5.7,5.7,3-10h,negative
124821205,1925970,simulacra-3,SIMULACRA 3,english,mid,mid,False,2022-11-02T10:11:22+00:00,2022-11-02T10:11:22+00:00,463.0,463.0,0.0,3.0,0.0,0.523809552192688,True,False,False,False,76561198060480598,,15.0,False,True,3,1,7.716666666666667,7.716666666666667,3-10h,negative
125150576,1925970,simulacra-3,SIMULACRA 3,english,"At the start I was really enjoying the game and I especially liked the moment at the house with the Beldam, it had a real FNAF feel to it and it was quite fun.

But the game doesn't really make sense, why is everything locked behind a needlessly complicated program like Atlas? Paul had all the information to solve the problem and he send it to someone for help... behind a puzzle? Why? It makes no sense.

It also doesn't really feel like it is a Simulacra, it is more of a demon or something like that, it doesn't really fit in the series.

The ad from the Mistress of the Night has copyrighted music behind it and my youtube channel now as a copyright claim on it -_-"".

The puzzle from the password to get the prototype is bugged and I can't even finish the game. I know that I used the correct password because I got frustrated and looked it up, but it doesn't do anything and now I am forever stuck and can't even finish the game.

The game had potential, but it just doesn't live up to it, it's truly a shame.","At the start I was really enjoying the game and I especially liked the moment at the house with the Beldam, it had a real FNAF feel to it and it was quite fun. But the game doesn't really make sense, why is everything locked behind a needlessly complicated program like Atlas? Paul had all the information to solve the problem and he send it to someone for help... behind a puzzle? Why? It makes no sense. It also doesn't really feel like it is a Simulacra, it is more of a demon or something like that, it doesn't really fit in the series. The ad from the Mistress of the Night has copyrighted music behind it and my youtube channel now as a copyright claim on it -_-"". The puzzle from the password to get the prototype is bugged and I can't even finish the game. I know that I used the correct password because I got frustrated and looked it up, but it doesn't do anything and now I am forever stuck and can't even finish the game. The game had potential, but it just doesn't live up to it, it's truly a shame.",False,2022-11-08T12:59:00+00:00,2022-11-08T12:59:00+00:00,416.0,416.0,0.0,3.0,0.0,0.523809552192688,True,False,False,False,76561198151785683,,1.0,False,False,1012,196,6.933333333333334,6.933333333333334,3-10h,negative
